,background,question,model,explanation,acc,background_recall,ques_recall,bleu4,bleu1,meteor,rouge1,rouge2,rougeL,rougeLsum,bertscore_f1,model_size
6,"A 27-year-old primigravid woman comes to the physician for her first prenatal visit 10 weeks after a home pregnancy test was positive. She feels well, and her pregnancy has been uncomplicated. She previously used an oral contraceptive but discontinued it 3 months ago. She has no history of sexually transmitted diseases. She is sexually active in a monogamous relationship with a male partner who is the father. She has had five lifetime sexual partners. She has a pet cat. Examination shows a uterus consistent in size with a 10-week gestation. Testing for which of the following infectious conditions is the most appropriate recommendation for this patient?",Testing for which of the following infectious conditions is the most appropriate recommendation for this patient?,0.5B-Qwen25,"The patient's history suggests that she may have been exposed to human immunodeficiency virus (HIV) through unprotected sex, given her previous use of an oral contraceptive and the presence of a pet cat. Given these factors, testing for HIV would be the most appropriate initial step in managing her pregnancy. - HIV: This condition can cause severe health issues including Acquired Immunodeficiency Syndrome (AIDS), which can lead to various complications during pregnancy. - Bacterial Vaginosis (BV): While BV can affect fertility, it typically does not occur in women without other risk factors such as multiple sexual partners or exposure to sexually transmitted infections like HIV. - Cytomegalovirus (CMV): CMV infection is common in pregnant women and can sometimes lead to fetal malformations if left untreated. However, it is less likely to cause significant harm compared to HIV. - Epstein-Barr Virus (EBV): EBV is associated with certain types of cancers and can cause lymphadenopathy, but it is generally not considered a primary concern for pregnancy unless there are specific clinical manifestations. - Human Papillomavirus (HPV): HPV is primarily associated with cervical cancer and can cause genital warts, but it is not typically linked to serious reproductive health issues in non-pregnant women. Given the patient's history of HIV and the potential risks associated with her current situation, testing for HIV is the most prudent initial step in managing her pregnancy.",True,0.21,0.5,0.0,0.0344,0.23,0.0988,0.0332,0.0658,0.0658,0.4882,0.5
23,"A 16-year-old boy is brought to the emergency department because of a 6-hour history of severe right-sided scrotal pain. He has not had penile discharge, fever, abdominal pain, vomiting, or diarrhea. He has no history of similar pain or any trauma to the region. He is sexually active with one female partner and uses condoms inconsistently. Vital signs are within normal limits. Abdominal examination shows no abnormalities. Genitourinary examination shows moderate edema and diffuse tenderness to palpation of the right scrotum; there is mild erythema. Lifting the right testicle does not relieve the pain. The left testicle is lower than the right testicle. Cremasteric reflex is present on the left and absent on the right. Which of the following is the most likely diagnosis?",Which of the following is the most likely diagnosis?,0.5B-Qwen25,"Testicular torsion is a condition where the spermatic cord (the bundle of nerves that runs from the testicle through the abdomen) twists around the vas deferens (a type of tube that carries sperm out of the testicles). This twisting can cause severe pain in the scrotum, which may be mistaken for other conditions like epididymitis or appendicitis. In this case, the patient presents with symptoms consistent with testicular torsion: - Abdominal Examination: Mild erythema and tenderness to palpate the right scrotum. - Genitourinary Examination: Moderate edema and diffuse tenderness to palpate the right scrotum. - Lifting the Right Testicle Does Not Relieve Pain: This suggests that the issue might be related to the testicle rather than the scrotum itself. - Left Testicle Lower Than Right Testicle: This indicates that the problem is located in the testicle rather than the scrotum. Given these clinical findings, the most likely diagnosis is testicular torsion. It's important to note that while testicular torsion can occur at any age, it is more common in young males who have undergone minor trauma or have a family history of testicular issues. However, given the specific presentation described, testicular torsion stands out as the most probable diagnosis among the options provided.",True,0.36,1.0,0.0045,0.0308,0.1415,0.0766,0.0386,0.067,0.067,0.4446,0.5
24,"A 64-year-old man comes to the clinic because of a 2-week history of severe pain and generalized muscle weakness. He has hypercholesteremia and hypertension. Three months ago, he had a myocardial infarction. At that time, he began atorvastatin therapy. Other medications are clopidogrel, lisinopril, and amiodarone. He is 178 cm (5 ft 10 in) tall and weighs 82 kg (180 lb); BMI is 26 kg/m² Pulse is 80/min and blood pressure is 125/67 mm Hg. Muscle strength is 4/5 on abduction of the shoulders and flexion of the hips. Deep tendon reflexes are 2+ throughout. No other abnormalities are noted. Measurement of which of the following is the most appropriate initial step in diagnosis?",Measurement of which of the following is the most appropriate initial step in diagnosis?,0.5B-Qwen25,"In this scenario, the patient presents with symptoms consistent with myocardial infarction, including severe pain and generalized muscle weakness. Given these clinical features, it is crucial to rule out acute coronary syndrome (ACS), which can cause similar symptoms. However, the presence of high cholesterol levels suggests an underlying risk for cardiovascular disease, particularly given the patient's age and history of hypertension and hypercholesteremia. - Option A: Erythrocyte sedimentation rate (ESR): - This test measures inflammation but does not specifically correlate with myocardial infarction. - Option B: Serum ALT activity: - Elevated serum ALT levels can be indicative of liver damage, which could be related to chronic hepatitis or cirrhosis, but they do not directly correlate with myocardial infarction. - Option C: Serum calcium concentration: - While calcium levels can be elevated in some conditions like kidney stones or certain cancers, they are not typically associated with myocardial infarction. - Option D: Serum C-reactive protein (CRP): - CRP is often elevated in inflammatory conditions such as myocarditis, but it is not specific to myocardial infarction. - Option E: Serum creatine kinase activity: - Creatine kinase (CK) is a marker of cardiac injury and is elevated in many types of heart failure, including those caused by myocardial infarction. It is also increased in patients with acute coronary syndromes due to the release of enzymes from damaged myocardium into the bloodstream. Given the patient's history of myocardial infarction, the elevated CK level would suggest a potential acute myocardial infarction, making it the most appropriate initial step in diagnosis. Therefore, serum creatine kinase activity is the best choice among the options provided.",True,0.16,0.33,0.013,0.0386,0.271,0.0873,0.0513,0.08,0.08,0.4447,0.5
42,"A 32-year-old woman is brought to the emergency department immediately after being involved in a motor vehicle collision. She was the unrestrained driver. On arrival, she says she has severe pain in her right groin. On examination, any movement of the right hip produces pain. An x-ray of the pelvis shows a completely displaced fracture of the femoral neck. In addition to intravenous morphine, which of the following is the most appropriate management?","In addition to intravenous morphine, which of the following is the most appropriate management?",0.5B-Qwen25,"In this scenario, the patient presents with severe pain in the right groin area, indicating a potential pelvic fracture that requires immediate intervention. The key points to consider include: 1. Pelvic Fracture: A complete displacement of the femoral neck suggests a significant pelvic injury. 2. Immediate Management: Given the severity of the injury, immediate surgical intervention is necessary to stabilize the pelvis and prevent further complications. Option B (Closed Reduction followed by Traction): - This approach is not appropriate because it does not address the underlying issue of a pelvic fracture but rather focuses on immobilizing the injured area for traction purposes. Option C (Hip Spica Hinge Brace): - While this may be used as an adjunctive treatment, it is not specifically designed to manage a pelvic fracture. It would likely exacerbate the situation rather than alleviate it. Option D (Limited Weight Bearing with Use of Crutches): - This is also inappropriate because it does not address the core issue of a pelvic fracture. Using crutches while bedridden can worsen the condition due to increased pressure on the affected area. Option E (Operative Reduction and Internal Fixation): - This is the most appropriate course of action. Pelvic fractures often require surgical stabilization to ensure proper alignment and healing. The use of a hip spica hinge brace might help maintain the correct position during surgery, but it is not directly related to managing the pelvic fracture itself. Therefore, the most suitable management strategy for this patient is to undergo operative reduction and internal fixation, which will allow for proper alignment of the pelvis and prevent further complications such as infection or dislocation.",True,0.21,0.33,0.0033,0.0358,0.1636,0.0712,0.0287,0.0641,0.0641,0.4549,0.5
56,"A 1-hour-old male newborn is examined in the hospital nursery. He was born at term to a 22-year-old woman, gravida 1, para 1, with HIV infection. The mother took antiretroviral therapy throughout her pregnancy, and her HIV viral load was consistently <1000 copies/mL. She received intravenous zidovudine (AZT) during labor. The patient’s Apgar scores were 8 and 9 at 1 and 5 minutes, respectively. He is at the 50th percentile for length, weight, and head circumference. He appears well. Examination shows no abnormalities. In addition to administration of the hepatitis B vaccine, which of the following is the most appropriate pharmacotherapy for this newborn?","In addition to administration of the hepatitis B vaccine, which of the following is the most appropriate pharmacotherapy for this newborn?",0.5B-Qwen25,"For a 1-hour-old male newborn who has been diagnosed with HIV infection and is undergoing treatment, the most appropriate pharmacotherapy would be: Option E: Zidovudine (AZT) Zidovudine (AZT) is the first-line antiviral medication used to treat acquired immunodeficiency syndrome (AIDS). It is effective against HIV and other viruses that cause AIDS. Given the infant's age, the presence of HIV, and the need for ongoing treatment, AZT is the most suitable choice. ### Why Option E Is Correct: 1. Effective Treatment: AZT is highly effective in treating HIV, especially when combined with other antiretroviral drugs. 2. Safety: It is generally considered safe for use in infants under 6 months old due to its low risk of causing severe side effects. 3. Regulation: AZT is approved for use in infants under 1 year of age in many countries, including China. 4. Clinical Experience: Studies have shown that AZT can effectively reduce viral loads and improve outcomes in infants with HIV. ### Why Other Options Are Incorrect: - Option A: Lopinavir-Ritonavir and Trimethoprim-Sulfamethoxazole - While these combinations are often used in combination with AZT, they may not be as effective in treating HIV in infants compared to AZT alone. They also carry significant risks associated with drug interactions and potential nephrotoxicity. - Option B: Lopinavir-ritonavir - This combination is less commonly used than AZT but still available. However, it carries similar risks and should be used cautiously in infants. - Option C: Penicillin - Penicillin is an antibiotic typically used for infections caused by bacteria, not viruses. It is not indicated for treating HIV in infants. - Option D: Trimethoprim-sulfamethoxazole - This combination is also less common and carries significant risks. It is not recommended for use in infants. In conclusion, given the infant's age, the presence of HIV, and the need for ongoing treatment, AZT remains the most appropriate and safest option for managing this newborn's condition.",True,0.12,0.2,0.0027,0.043,0.2113,0.0893,0.0299,0.0714,0.0714,0.4798,0.5
65,"A 3-week-old boy is brought to the physician by his mother because of a 5-day history of yellow eyes and skin and white stools. Pregnancy and delivery were uncomplicated. The patient's temperature is 37.1°C (98.8°F), pulse is 160/min, respirations are 40/min, and blood pressure is 85/50 mm Hg. Examination shows diffuse jaundice. Cardiopulmonary examination shows no abnormalities. The abdomen is nontender. The liver edge is palpated 4 cm below the right costal margin. The spleen tip is palpated 3 cm below the left costal margin. Laboratory studies show: Leukocyte count: 10,000/mm³ Serum Bilirubin, total: 16 mg/dL Direct: 12 mg/dL AST: 800 U/L ALT: 500 U/L Amylase: 100 U/L Which of the following is the most appropriate next step in diagnosis?","Laboratory studies show: Leukocyte count: 10,000/mm³ Serum Bilirubin, total: 16 mg/dL Direct: 12 mg/dL AST: 800 U/L ALT: 500 U/L Amylase: 100 U/L Which of the following is the most appropriate next step in diagnosis?",0.5B-Qwen25,"Given the patient's symptoms, including jaundice, hepatosplenomegaly, and elevated bilirubin levels, the most appropriate initial diagnostic step would be ultrasonography of the abdomen. This imaging modality allows for visualization of the liver, spleen, and other abdominal structures that may be contributing to the jaundice. Here’s a more detailed explanation: 1. Jaundice: Jaundice is characterized by an increase in the level of unconjugated bilirubin in the bloodstream due to impaired hepatic clearance. In this case, the patient has diffuse jaundice, which suggests a significant amount of unconjugated bilirubin circulating in the blood. 2. Hepatobiliary System: The presence of jaundice can indicate a problem with the liver, such as hepatitis or biliary obstruction. Ultrasound can help identify any structural abnormalities or lesions within the liver, which could explain the increased bilirubin levels. 3. Spleen: The spleen is often enlarged in cases of hemolytic diseases like hemolytic uremic syndrome (HUS). It can also be involved in conditions like splenic infarction or splenic rupture, leading to the observed hepatosplenomegaly. 4. Liver Edema: Elevated bilirubin levels can sometimes be associated with liver edema, especially if there is a direct cause of the jaundice, such as liver failure or cirrhosis. While other imaging techniques like CT scans or MRI might be useful in certain scenarios, they typically require additional tests or follow-up procedures before definitive diagnosis can be made. Therefore, ultrasound of the abdomen is the most straightforward and effective initial diagnostic tool for this patient.",True,0.13,0.23,0.0,0.0542,0.205,0.0842,0.0283,0.0561,0.0561,0.459,0.5
67,A 27-year-old primigravid woman at 41 weeks' gestation is admitted to the hospital for induction of labor. She has received cervical ripening agents and is now receiving oxytocin. The cervix is 9 cm dilated and 100% effaced; the vertex is at 0 station. Fetal monitoring shows contractions every 3 minutes and a reassuring heart rate. She requests pain medication. Which of the following is the most likely adverse effect of an intravenous opioid in this patient?,Which of the following is the most likely adverse effect of an intravenous opioid in this patient?,0.5B-Qwen25,"In this scenario, the patient is undergoing induction of labor using oxytocin and cervical ripening agents. The key indicators that suggest potential complications include: 1. Fetal Monitoring: The patient's fetal heart rate (FHR) is described as ""reassuring,"" which is generally considered normal. However, the fact that contractions occur every 3 minutes suggests that there may be some variability in the intensity of the contractions, possibly due to the use of oxytocin. 2. Cervical Ripping: The patient's cervix is 9 cm dilated and 100% effaced, indicating that the cervix is fully dilated but not yet fully open. This is consistent with the expected outcome of full cervical dilation during labor induction. 3. Oxytocin Administration: The patient is receiving oxytocin, which is typically used to facilitate the delivery process. Oxytocin can cause various effects on the mother and baby, including increased uterine contractions, which might lead to maternal distress if not managed appropriately. 4. Contractions Every 3 Minutes: The frequency of these contractions is within the range typical for labor induction, suggesting that they are being well-controlled and not causing significant discomfort. 5. Pain Medication Requested: The patient is requesting pain medication, which could potentially exacerbate the condition if administered too quickly or inappropriately. Given these factors, it is highly unlikely that the patient would experience neonatal respiratory depression. Instead, the most probable adverse effect is maternal fever, as the presence of contractions every 3 minutes and a reassuring heart rate indicate that the fetus is progressing normally without any signs of distress. Therefore, the most likely adverse effect of an intravenous opioid in this patient is [E] Neonatal Respiratory Depression.",True,0.55,1.0,0.029,0.0479,0.3486,0.1107,0.0836,0.1107,0.1107,0.4847,0.5
88,"Three days after an operation for uterine cancer, a hospitalized 67-year-old woman develops edema of the right lower extremity. Doppler ultrasonography shows a deep venous thrombosis (DVT). Review of the patient's record indicates that no DVT prophylaxis was initiated perioperatively. Which of the following is the best approach to prevent a similar adverse event in the future?",Which of the following is the best approach to prevent a similar adverse event in the future?,0.5B-Qwen25,"Developing an institutional policy with standardized orders for DVT prophylaxis is crucial for preventing such events from occurring again. This policy should include clear guidelines on when and how to initiate and monitor DVT prophylaxis, as well as specific protocols for monitoring and managing any potential complications related to DVT. Option A is incorrect because it suggests conducting a nursing in-service regarding DVT prophylaxis, which is not necessary given the current situation described. The patient has already developed symptoms of DVT, so initiating prophylactic measures would be premature. Option C is incorrect because encouraging early ambulation during the postoperative period can help reduce the risk of DVT, but it doesn't address the issue of ongoing prophylaxis initiation. Option D is incorrect because prescribing low-molecular-weight heparin for all postoperative patients is unnecessary and may lead to inappropriate use of anticoagulants, which could increase the risk of bleeding complications. Option B is correct because developing an institutional policy with standardized orders for DVT prophylaxis aligns with best practices in healthcare management. It ensures that all relevant personnel are aware of the appropriate procedures for initiating and monitoring DVT prophylaxis, thereby reducing the likelihood of similar adverse events in the future.",True,0.09,1.0,0.0,0.0566,0.3573,0.1187,0.0369,0.1005,0.1005,0.5357,0.5
98,"A 55-year-old man comes to the emergency department because of a 6-hour history of diffuse abdominal pain and subjective fever. His most recent bowel movement 4 hours ago was loose but not bloody. He reports no chills or urinary symptoms. Medical history is remarkable for gastroesophageal reflux disease and alcoholic cirrhosis. Medications are furosemide, spironolactone, lactulose, and pantoprazole. The patient appears uncomfortable. Temperature is 37.8°C (100.0°F), pulse is 88/min, respirations are 14/min, and blood pressure is 104/66 mm Hg. Physical examination shows conjunctival icterus and abdominal distention. Bowel sounds are normal. There is moderate diffuse abdominal tenderness with mild guarding but no rebound tenderness. Results of laboratory studies are shown: Serum ALT: 70 U/L AST: 85 U/L Alkaline phosphatase: 66 U/L Total bilirubin: 3.5 mg/dL Creatinine: 0.6 mg/dL Blood Hematocrit: 39% Hemoglobin: 13.0 g/dL Leukocyte count: 11,300/mm³ Platelet count: 66,000/mm³ Partial thromboplastin time: 39 seconds Prothrombin time: 17.2 seconds Abdominal paracentesis is done, and analysis of the ascitic fluid shows a segmented neutrophil cell count of 288 cells/mm³. Results of blood and ascitic fluid cultures are pending. Which of the following is the most appropriate pharmacotherapy at this time?",Which of the following is the most appropriate pharmacotherapy at this time?,0.5B-Qwen25,"To determine the most appropriate pharmacotherapy for this patient, we need to consider several factors including the patient's medical history, current medications, and the results of the laboratory tests. 1. Medical History: The patient has a history of gastroesophageal reflux disease (GERD) and alcoholic cirrhosis, which suggests that he may be at risk for complications from these conditions. Additionally, he has been experiencing persistent abdominal pain and fever, indicating potential infection. 2. Current Medications: The patient is on furosemide, spironolactone, lactulose, and pantoprazole, all of which are used to manage GERD and liver function. These drugs can contribute to the development of infections if not properly managed. 3. Laboratory Studies: The patient's serum ALT, AST, ALP, total bilirubin, creatinine, hemoglobin, and platelets are within normal ranges. However, the presence of a segmented neutrophil count in the ascitic fluid suggests an infection, particularly given the patient's history of cirrhosis and GERD. Given these considerations: - Option A: Cefotaxime - This antibiotic is typically used for infections caused by Gram-negative bacteria, such as those associated with urinary tract infections or respiratory tract infections. It would not be appropriate for a patient with a history of GERD and liver disease. - Option B: Clindamycin - This antibiotic is effective against gram-positive bacteria and is often used for infections caused by such organisms. While it could potentially be considered for a bacterial infection, it might not be necessary due to the patient's history of GERD and liver disease. - Option C: Metronidazole - This medication is primarily used for infections caused by anaerobic bacteria, such as those found in the intestines. Given the patient's history of GERD and liver disease, metronidazole might be less likely to be relevant compared to other options. - Option D: Oxacillin - This is another broad-spectrum antibiotic commonly used for infections. While it might be considered for a bacterial infection, its use in this context is less likely due to the patient's history of liver disease. - Option E: Vancomycin - This is a strong antimicrobial agent specifically designed for infections caused by methicillin-resistant Staphylococcus aureus (MRSA). Although it is effective against some types of bacteria, it is not typically used for infections caused by Gram-negative bacteria like those seen in this patient's case. - Option F: No pharmacotherapy is indicated at this time - This option aligns well with the patient's condition, where there is evidence of an infection despite the absence of specific pathogens. Since the patient is already on antacid therapy and has a segmentally elevated neutrophil count, antibiotics are unlikely to be needed unless there is a specific indication for them. Therefore, based on the patient's history, current medications, and the findings from the laboratory tests, Metronidazole is the most appropriate choice for treating this patient's infection.",True,0.23,1.0,0.0038,0.0189,0.1443,0.0461,0.0295,0.0377,0.0377,0.4192,0.5
115,"A 27-year-old primigravid woman comes to the physician for her first prenatal visit 10 weeks after a home pregnancy test was positive. She feels well, and her pregnancy has been uncomplicated. She previously used an oral contraceptive but discontinued it 3 months ago. She has no history of sexually transmitted diseases. She is sexually active in a monogamous relationship with a male partner who is the father. She has had five lifetime sexual partners. She has a pet cat. Examination shows a uterus consistent in size with a 10-week gestation. Testing for which of the following infectious conditions is the most appropriate recommendation for this patient?",Testing for which of the following infectious conditions is the most appropriate recommendation for this patient?,1.5B-Qwen25,"HIV (Human Immunodeficiency Virus) is the most appropriate recommendation for this patient due to several reasons: 1. Sexual activity: The patient is sexually active with a male partner, making HIV transmission possible. 2. Monogamy: While she is monogamous with her partner, the risk of exposure increases if they have other sexual partners. 3. Multiple sexual partners: Having five lifetime sexual partners significantly increases the likelihood of contracting HIV through unprotected sex. 4. Current age: At 27 years old, the patient falls into the high-risk category for HIV infection, especially given her recent discontinuation of birth control pills, which can affect immune function. 5. Uncomplicated pregnancy: Although the pregnancy itself is uncomplicated, the patient's overall health status makes her more susceptible to HIV-related complications. Options A, B, C, and E are less relevant or inappropriate recommendations based on the information provided: - Bacterial vaginosis: This condition is common and usually not associated with increased HIV risk. - Cytomegalovirus (CMV): CMV is generally not considered a significant concern during early pregnancy unless there is evidence of maternal immunosuppression. - Epstein-Barr virus (EBV): EBV typically causes symptoms like mono rather than being a major public health issue related to pregnancy. - Human Papillomavirus (HPV): HPV is also not directly linked to pregnancy outcomes; however, certain types of HPV can cause genital warts or cervical cancer, which may be relevant depending on the patient's reproductive history. Given these considerations, HIV testing is crucial for this patient to ensure early detection and management of any potential infections that could impact both her current pregnancy and future fertility.",True,0.16,0.5,0.0163,0.0388,0.2595,0.0932,0.0505,0.0573,0.0573,0.5139,1.5
132,"A 16-year-old boy is brought to the emergency department because of a 6-hour history of severe right-sided scrotal pain. He has not had penile discharge, fever, abdominal pain, vomiting, or diarrhea. He has no history of similar pain or any trauma to the region. He is sexually active with one female partner and uses condoms inconsistently. Vital signs are within normal limits. Abdominal examination shows no abnormalities. Genitourinary examination shows moderate edema and diffuse tenderness to palpation of the right scrotum; there is mild erythema. Lifting the right testicle does not relieve the pain. The left testicle is lower than the right testicle. Cremasteric reflex is present on the left and absent on the right. Which of the following is the most likely diagnosis?",Which of the following is the most likely diagnosis?,1.5B-Qwen25,"Testicular torsion occurs when the spermatic cord that carries blood supply to the testicle becomes twisted, cutting off its blood flow. This condition can cause sudden, severe pain in the affected testicle, often described as ""crushing"" or ""knotting."" The symptoms typically include sudden onset of pain, swelling, and bruising around the testicle. In addition to acute pain, other symptoms may include nausea, vomiting, and fever if the torsion leads to an infection. In this case, the patient presents with severe right-sided scrotal pain lasting for 6 hours, which fits the presentation of testicular torsion. The presence of cremasteric reflex (present on the left side) and absence of the reflex on the right side further supports this diagnosis. Additionally, the patient's sexual activity and use of condoms suggest a higher risk of torsion due to the increased likelihood of twisting during physical exertion. Options A, C, D, E, F do not fit the clinical presentation: - Epididymitis: While it can cause pain, it usually involves both sides and is associated with systemic symptoms like fever. - Testicular tumor: Although possible, it would be more concerning given the young age and lack of other typical symptoms. - Torsion of the appendix testis: This is extremely rare and would present differently with specific imaging findings. - Urinary tract infection: Typically causes flank pain and hematuria, not unilateral scrotal pain. - Varicocele: While it can cause discomfort, it generally affects both sides symmetrically and is asymptomatic unless symptomatic.",True,0.27,0.0,0.0,0.0174,0.1058,0.048,0.0081,0.04,0.04,0.4328,1.5
133,"A 64-year-old man comes to the clinic because of a 2-week history of severe pain and generalized muscle weakness. He has hypercholesteremia and hypertension. Three months ago, he had a myocardial infarction. At that time, he began atorvastatin therapy. Other medications are clopidogrel, lisinopril, and amiodarone. He is 178 cm (5 ft 10 in) tall and weighs 82 kg (180 lb); BMI is 26 kg/m² Pulse is 80/min and blood pressure is 125/67 mm Hg. Muscle strength is 4/5 on abduction of the shoulders and flexion of the hips. Deep tendon reflexes are 2+ throughout. No other abnormalities are noted. Measurement of which of the following is the most appropriate initial step in diagnosis?",Measurement of which of the following is the most appropriate initial step in diagnosis?,1.5B-Qwen25,"Creatine kinase (CK) is an enzyme found primarily in skeletal muscles, heart tissue, and brain cells. It becomes elevated when there is damage to these tissues due to various causes such as trauma, ischemia, or disease. In this case, the patient presents with severe pain, generalized muscle weakness, and a history of myocardial infarction, all of which suggest potential muscle injury or necrosis. Serum CK levels can be used to assess muscle damage and help differentiate between different types of muscle disorders. Elevated CK levels are commonly seen in conditions like rhabdomyolysis, which occurs when muscle fibers break down and release their contents into the bloodstream. This condition can result from various factors including physical exertion, drug toxicity, metabolic disorders, infections, and certain medical procedures. In addition to CK, other tests might also be considered depending on clinical suspicion and available resources: - Erythrocyte sedimentation rate (ESR): Can indicate inflammation but may not specifically point to muscle involvement. - Serum ALT activity: Could be elevated if liver function is affected, but it's less specific for muscle issues compared to CK. - Serum calcium concentration: Might be relevant if muscle weakness is accompanied by neuromuscular symptoms or if there's concern about bone health. - Serum C-reactive protein (CRP): Useful for assessing systemic inflammation but does not directly correlate with muscle damage. Given the patient's presentation of muscle weakness and recent myocardial infarction, serum CK activity would be the most appropriate initial step in diagnosing the underlying cause of his symptoms.",True,0.12,0.33,0.0106,0.0383,0.2405,0.0837,0.046,0.0837,0.0837,0.4691,1.5
151,"A 32-year-old woman is brought to the emergency department immediately after being involved in a motor vehicle collision. She was the unrestrained driver. On arrival, she says she has severe pain in her right groin. On examination, any movement of the right hip produces pain. An x-ray of the pelvis shows a completely displaced fracture of the femoral neck. In addition to intravenous morphine, which of the following is the most appropriate management?","In addition to intravenous morphine, which of the following is the most appropriate management?",1.5B-Qwen25,"In this scenario, the patient presents with a completely displaced fracture of the femoral neck due to a motor vehicle collision where she was the unrestrained driver. The severity of the injury suggests that conservative treatment options may not be sufficient to stabilize the femur adequately. Here's an analysis of each option: A. Bed rest - While bed rest can help reduce swelling and prevent further damage, it does not address the displacement of the femoral neck fracture. This would likely result in continued instability and potential complications such as avascular necrosis (death of bone tissue due to lack of blood supply). B. Closed reduction followed by traction - Traction alone for a femoral neck fracture is generally not recommended because it can lead to increased stress on the fracture site, potentially worsening the displacement. Additionally, closed reduction techniques often require surgical intervention to achieve proper alignment without causing additional trauma. C. Hip spica hinge brace - A hip spica brace provides external support but cannot internally realign the fractured femur. It also limits mobility unnecessarily, which could exacerbate the condition if used improperly. D. Limited weight bearing with use of crutches - Weight-bearing restrictions are necessary to protect the healing area from excessive force, but they do not address the displacement of the femoral neck fracture. They also limit functional recovery too early. E. Operative reduction and internal fixation - Given the complete displacement of the femoral neck fracture, surgical intervention is essential. Open reduction and internal fixation (ORIF) involves making an incision to expose the fracture, repositioning the bones, and securing them with metal plates and screws. This method allows for precise alignment and stabilization, reducing the risk of nonunion or recurrent dislocation. Postoperative immobilization using a hip spica cast or brace helps maintain stability while allowing adequate healing time. Therefore, the most appropriate management for this patient is operative reduction and internal fixation.",True,0.29,0.33,0.0029,0.0312,0.2029,0.0612,0.0246,0.0612,0.0612,0.4551,1.5
165,"A 1-hour-old male newborn is examined in the hospital nursery. He was born at term to a 22-year-old woman, gravida 1, para 1, with HIV infection. The mother took antiretroviral therapy throughout her pregnancy, and her HIV viral load was consistently <1000 copies/mL. She received intravenous zidovudine (AZT) during labor. The patient’s Apgar scores were 8 and 9 at 1 and 5 minutes, respectively. He is at the 50th percentile for length, weight, and head circumference. He appears well. Examination shows no abnormalities. In addition to administration of the hepatitis B vaccine, which of the following is the most appropriate pharmacotherapy for this newborn?","In addition to administration of the hepatitis B vaccine, which of the following is the most appropriate pharmacotherapy for this newborn?",1.5B-Qwen25,"Zidovudine (AZT), also known as stavudine, is an antiretroviral medication used to treat HIV infection. It works by inhibiting the reverse transcriptase enzyme, which is essential for the replication of retroviruses like HIV. In this case, since the infant's mother had consistent low levels of HIV virus (<1000 copies/mL) during pregnancy and she received antiretroviral therapy, it suggests that the mother may have been able to control the maternal HIV infection effectively. However, there is still a risk of transmission from the mother to the child through breastfeeding or other routes if not managed properly. Given that the infant has not yet developed immunity against HIV due to its age, prophylactic treatment with AZT would be indicated to prevent vertical transmission of the virus. This is particularly important because the infant's Apgar scores were good, suggesting overall health, but the presence of HIV could still pose a significant risk. Options to consider: A. Lopinavir-ritonavir and trimethoprim-sulfamethoxazole - These drugs are typically used for treating bacterial infections and do not address the need for preventing HIV transmission. B. Lopinavir-ritonavir only - While these drugs can help manage HIV, they alone cannot prevent transmission. C. Penicillin - This antibiotic is commonly used to treat bacterial infections and does not address the need for preventing HIV transmission. D. Trimethoprim-sulfamethoxazole only - Like lopinavir-ritonavir, this drug treats bacterial infections and does not address the need for preventing HIV transmission. E. Zidovudine (AZT) - This is the most appropriate choice given the high-risk situation described, especially considering the infant's young age and potential for vertical transmission. Therefore, administering AZT prophylactically would be the most effective measure to protect the infant from acquiring HIV from the mother.",True,0.27,0.2,0.0031,0.0467,0.1429,0.0912,0.0262,0.0717,0.0717,0.4595,1.5
174,"A 3-week-old boy is brought to the physician by his mother because of a 5-day history of yellow eyes and skin and white stools. Pregnancy and delivery were uncomplicated. The patient's temperature is 37.1°C (98.8°F), pulse is 160/min, respirations are 40/min, and blood pressure is 85/50 mm Hg. Examination shows diffuse jaundice. Cardiopulmonary examination shows no abnormalities. The abdomen is nontender. The liver edge is palpated 4 cm below the right costal margin. The spleen tip is palpated 3 cm below the left costal margin. Laboratory studies show: Leukocyte count: 10,000/mm³ Serum Bilirubin, total: 16 mg/dL Direct: 12 mg/dL AST: 800 U/L ALT: 500 U/L Amylase: 100 U/L Which of the following is the most appropriate next step in diagnosis?","Laboratory studies show: Leukocyte count: 10,000/mm³ Serum Bilirubin, total: 16 mg/dL Direct: 12 mg/dL AST: 800 U/L ALT: 500 U/L Amylase: 100 U/L Which of the following is the most appropriate next step in diagnosis?",1.5B-Qwen25,"Ultrasonography of the abdomen is the most appropriate next step in diagnosing this case. Here’s why: 1. Abdominal Distension: The patient has diffuse jaundice, which suggests hepatomegaly (enlarged liver). This could be due to various causes such as obstructive jaundice from biliary obstruction, hepatocellular jaundice, or other conditions affecting the liver and bile ducts. 2. Liver Enlargement: The presence of an enlarged liver at the level of the right costal margin indicates hepatomegaly, which is often associated with liver disease. Ultrasound can help visualize the size, shape, and echogenicity of the liver, aiding in the differential diagnosis between different types of liver diseases. 3. Spleen Enlargement: The spleen tip being palpable 3 cm below the left costal margin also points towards possible splenic enlargement, which might indicate conditions like hemolytic anemia, sickle cell disease, or certain infections. 4. Diagnostic Accuracy: While air-contrast enema, upper gastrointestinal series, colonoscopy, and esophagogastroduodenoscopy have their own indications, they do not specifically address the issues related to the liver and spleen that are highlighted here. In contrast, ultrasonography provides real-time imaging without radiation exposure, making it ideal for evaluating abdominal organs. 5. Preventive Measures: Early detection through ultrasound helps in managing potential complications more effectively. For instance, if there is evidence of biliary obstruction, early intervention may prevent further deterioration of liver function. In conclusion, given the clinical presentation and the need to evaluate the liver and spleen for any underlying pathology, ultrasonography stands out as the most suitable initial diagnostic modality.",True,0.32,0.15,0.0139,0.0584,0.2088,0.0753,0.0483,0.0685,0.0685,0.4665,1.5
176,A 27-year-old primigravid woman at 41 weeks' gestation is admitted to the hospital for induction of labor. She has received cervical ripening agents and is now receiving oxytocin. The cervix is 9 cm dilated and 100% effaced; the vertex is at 0 station. Fetal monitoring shows contractions every 3 minutes and a reassuring heart rate. She requests pain medication. Which of the following is the most likely adverse effect of an intravenous opioid in this patient?,Which of the following is the most likely adverse effect of an intravenous opioid in this patient?,1.5B-Qwen25,"An intravenous opioid can lead to neonatal respiratory depression as it affects the central nervous system (CNS) of both the mother and the fetus. Opioids have a depressant effect on the respiratory center in the brainstem, which can result in decreased respiratory drive and potentially lead to apnea or bradypnea in the newborn. This can be particularly concerning during pregnancy because the fetus's lungs are not fully developed until late in gestation, making them more susceptible to respiratory compromise from maternal opioids. While other options like maternal fever (A), maternal tachycardia (B), and neonatal acidosis (C) might occur due to various factors including the use of opioids, they are less directly related to the specific mechanism of action of opioids in pregnant women compared to their impact on fetal respiration. Neonatal arrhythmias (D) could also theoretically occur but are generally considered rare complications associated with opioid administration in pregnancy.",True,0.05,0.33,0.0,0.0473,0.2376,0.1317,0.0242,0.0838,0.0838,0.5151,1.5
197,"Three days after an operation for uterine cancer, a hospitalized 67-year-old woman develops edema of the right lower extremity. Doppler ultrasonography shows a deep venous thrombosis (DVT). Review of the patient's record indicates that no DVT prophylaxis was initiated perioperatively. Which of the following is the best approach to prevent a similar adverse event in the future?",Which of the following is the best approach to prevent a similar adverse event in the future?,1.5B-Qwen25,"Option B is the best approach to prevent a similar adverse event in the future due to several reasons: 1. Standardized Orders for DVT Prophylaxis: Implementing standardized orders ensures consistency across different healthcare providers and facilities. This helps ensure that all patients receive appropriate DVT prophylaxis, reducing the risk of missed interventions. 2. Institutional Policy Development: Developing an institutional policy with standardized orders provides a clear framework for care. It includes specific guidelines on when and how to administer DVT prophylaxis, which can be easily communicated to staff and consistently followed. 3. Preventive Measures: A well-defined policy allows for proactive measures to be taken before any potential issues arise. For example, it could include reminders for nurses to check for signs of DVT at regular intervals, ensuring timely initiation of prophylactic measures if necessary. 4. Educational In-services: While conducting in-services is important, they alone do not guarantee consistent implementation. Standardized orders help enforce these educational efforts more effectively. 5. Encouraging Early Ambulation: Although encouraging early ambulation is beneficial, it should be part of a broader strategy rather than the sole solution. Ensuring proper DVT prophylaxis is crucial, as it directly addresses the underlying cause of the problem. 6. Low-Molecular-Weight Heparin Prescription: While prescribing low-molecular-weight heparin might seem like a preventive measure, it may not always be effective or practical depending on the patient's condition and other medical needs. Additionally, its use requires careful monitoring and adherence to protocols. In conclusion, developing an institutional policy with standardized orders for DVT prophylaxis is the most comprehensive and effective approach to preventing such adverse events in the future. It ensures consistency, compliance, and systematic management of DVT prevention strategies.",True,0.18,1.0,0.0321,0.0476,0.2761,0.1063,0.087,0.0864,0.0864,0.5,1.5
207,"A 55-year-old man comes to the emergency department because of a 6-hour history of diffuse abdominal pain and subjective fever. His most recent bowel movement 4 hours ago was loose but not bloody. He reports no chills or urinary symptoms. Medical history is remarkable for gastroesophageal reflux disease and alcoholic cirrhosis. Medications are furosemide, spironolactone, lactulose, and pantoprazole. The patient appears uncomfortable. Temperature is 37.8°C (100.0°F), pulse is 88/min, respirations are 14/min, and blood pressure is 104/66 mm Hg. Physical examination shows conjunctival icterus and abdominal distention. Bowel sounds are normal. There is moderate diffuse abdominal tenderness with mild guarding but no rebound tenderness. Results of laboratory studies are shown: Serum ALT: 70 U/L AST: 85 U/L Alkaline phosphatase: 66 U/L Total bilirubin: 3.5 mg/dL Creatinine: 0.6 mg/dL Blood Hematocrit: 39% Hemoglobin: 13.0 g/dL Leukocyte count: 11,300/mm³ Platelet count: 66,000/mm³ Partial thromboplastin time: 39 seconds Prothrombin time: 17.2 seconds Abdominal paracentesis is done, and analysis of the ascitic fluid shows a segmented neutrophil cell count of 288 cells/mm³. Results of blood and ascitic fluid cultures are pending. Which of the following is the most appropriate pharmacotherapy at this time?",Which of the following is the most appropriate pharmacotherapy at this time?,1.5B-Qwen25,"In this scenario, the patient presents with acute abdomen, which suggests an infection as the underlying cause. Given his medical history of alcoholic cirrhosis and gastroesophageal reflux disease, he may be predisposed to developing complications such as hepatic encephalopathy or other infectious processes. The clinical presentation includes diffuse abdominal pain, fever, and signs of sepsis (moderate diffuse abdominal tenderness, mild guarding, and no rebound tenderness). Additionally, the presence of leukocytosis (11,300/mm³) and elevated liver enzymes (ALT: 70 U/L, AST: 85 U/L) further support the diagnosis of an infectious process. Given these factors, cefotaxime is the most appropriate choice among the options provided. It is a broad-spectrum cephalosporin that can effectively treat various bacterial infections, including those caused by gram-negative bacteria, which are common in patients with chronic liver diseases like cirrhosis. Cefotaxime has been shown to have good efficacy against many pathogens commonly associated with severe infections in immunocompromised hosts, making it a suitable first-line antibiotic treatment for suspected nosocomial infections. Options B, C, D, E, and F are less appropriate choices for several reasons: - Clindamycin is typically used for anaerobic infections or Clostridium difficile colitis. - Metronidazole is effective for anaerobic infections but is often reserved for specific conditions like trichomoniasis or certain types of vaginal infections. - Oxacillin is a narrow-spectrum penicillin that is generally less effective against Gram-negative organisms compared to broader spectrum antibiotics like cefotaxime. - Vancomycin is primarily used for methicillin-resistant Staphylococcus aureus (MRSA) infections and other Gram-positive bacterial infections resistant to beta-lactams. - No pharmacotherapy is indicated at this time is incorrect given the clinical presentation and need for prompt antimicrobial therapy to address potential systemic infection.",True,0.21,1.0,0.0032,0.0312,0.1979,0.0751,0.0344,0.0751,0.0751,0.4794,1.5
224,"A 27-year-old primigravid woman comes to the physician for her first prenatal visit 10 weeks after a home pregnancy test was positive. She feels well, and her pregnancy has been uncomplicated. She previously used an oral contraceptive but discontinued it 3 months ago. She has no history of sexually transmitted diseases. She is sexually active in a monogamous relationship with a male partner who is the father. She has had five lifetime sexual partners. She has a pet cat. Examination shows a uterus consistent in size with a 10-week gestation. Testing for which of the following infectious conditions is the most appropriate recommendation for this patient?",Testing for which of the following infectious conditions is the most appropriate recommendation for this patient?,3B-Qwen25,"For a 27-year-old primigravid woman who is sexually active and has a history of multiple sexual partners, the most appropriate recommendation for infectious conditions testing would be HIV (Option D). Here's why: 1. HIV: Given that she has had multiple sexual partners, the risk of contracting HIV increases. The World Health Organization recommends HIV screening for all pregnant women as part of routine prenatal care. This is especially important given her history of multiple sexual partners. 2. Bacterial Vaginosis (BV) (Option A): While BV can cause complications during pregnancy, it is not typically recommended as a routine prenatal test unless there are specific symptoms or signs of infection. It is more commonly diagnosed based on clinical presentation rather than as a preventive measure. 3. Cytomegalovirus (CMV) (Option B): CMV is a common viral infection that can affect fetuses, particularly if contracted during pregnancy. However, it is less likely to be a primary concern compared to HIV, especially given her history of multiple sexual partners. Routine screening for CMV is not standard practice in prenatal care. 4. Epstein-Barr Virus (EBV) (Option C): EBV is a herpesvirus that can cause mononucleosis. It is generally not considered a significant risk factor for pregnancy complications unless there is a history of severe disease. Routine screening for EBV is not typically recommended in prenatal care. 5. Human Papillomavirus (HPV) (Option E): HPV is a sexually transmitted infection that can lead to cervical cancer. While it is important to screen for cervical cancer during pregnancy, routine HPV screening is not a standard part of prenatal care. If there are concerns about cervical health, further evaluation may be warranted. In summary, given the patient's history of multiple sexual partners, the most appropriate recommendation for this patient is to screen for HIV. This aligns with current guidelines and best practices in prenatal care.",True,0.21,0.75,0.0111,0.0358,0.2334,0.0859,0.0432,0.0798,0.0798,0.4888,3.0
241,"A 16-year-old boy is brought to the emergency department because of a 6-hour history of severe right-sided scrotal pain. He has not had penile discharge, fever, abdominal pain, vomiting, or diarrhea. He has no history of similar pain or any trauma to the region. He is sexually active with one female partner and uses condoms inconsistently. Vital signs are within normal limits. Abdominal examination shows no abnormalities. Genitourinary examination shows moderate edema and diffuse tenderness to palpation of the right scrotum; there is mild erythema. Lifting the right testicle does not relieve the pain. The left testicle is lower than the right testicle. Cremasteric reflex is present on the left and absent on the right. Which of the following is the most likely diagnosis?",Which of the following is the most likely diagnosis?,3B-Qwen25,"Testicular torsion is the most likely diagnosis in this scenario. Here's why: - Testicular torsion is characterized by sudden onset of severe unilateral scrotal pain, often described as ""the worst pain I've ever experienced."" It typically occurs without preceding symptoms like trauma or infection. - The patient’s presentation includes severe pain that does not improve with lifting the testicle, which is a key feature of testicular torsion. - The absence of fever, abdominal pain, and other systemic symptoms further supports this diagnosis. - The presence of cremasteric reflex on the left side (which indicates normal testicular function) and its absence on the right side (indicating possible torsion) is another important finding. Let's briefly discuss why the other options are less likely: - Epididymitis: This condition usually presents with a history of urinary tract infection, such as urethritis or prostatitis, and may be associated with fever and discomfort during urination. There is no mention of these symptoms here. - Testicular tumor: While testicular tumors can cause pain, they are generally slow-growing and do not present with acute, severe pain. Additionally, the absence of other concerning symptoms makes this less likely. - Torsion of the appendix testis: This is extremely rare and typically presents with more specific symptoms related to the testicular appendage, which is not mentioned in the case description. - Urinary tract infection: The patient has no history of urinary symptoms, and the absence of fever and other systemic signs further rules out this possibility. - Varicocele: This condition is characterized by an enlarged vein in the scrotum, which typically causes discomfort but does not present with acute, severe pain. It also does not explain the absence of cremasteric reflex on the affected side. Therefore, based on the clinical presentation and physical findings, testicular torsion is the most probable diagnosis.",True,0.3,1.0,0.0059,0.0204,0.1571,0.0525,0.033,0.0459,0.0459,0.422,3.0
242,"A 64-year-old man comes to the clinic because of a 2-week history of severe pain and generalized muscle weakness. He has hypercholesteremia and hypertension. Three months ago, he had a myocardial infarction. At that time, he began atorvastatin therapy. Other medications are clopidogrel, lisinopril, and amiodarone. He is 178 cm (5 ft 10 in) tall and weighs 82 kg (180 lb); BMI is 26 kg/m² Pulse is 80/min and blood pressure is 125/67 mm Hg. Muscle strength is 4/5 on abduction of the shoulders and flexion of the hips. Deep tendon reflexes are 2+ throughout. No other abnormalities are noted. Measurement of which of the following is the most appropriate initial step in diagnosis?",Measurement of which of the following is the most appropriate initial step in diagnosis?,3B-Qwen25,"Serum creatine kinase (CK) activity is the most appropriate initial step in diagnosing this patient's condition. CK is an enzyme found primarily in skeletal and cardiac muscles. Elevated levels of CK can indicate muscle damage, which is consistent with the patient's symptoms of severe pain and generalized muscle weakness. Here's a detailed breakdown of why the other options are less suitable: A. Erythrocyte sedimentation rate (ESR): While ESR can be elevated in inflammatory conditions, it is not specific for muscle injury. It is more commonly used to assess inflammation in various diseases. B. Serum ALT activity: Alanine transaminase (ALT) is primarily associated with liver function. Although liver disease can cause muscle weakness, it is not typically the first-line test when muscle weakness is suspected. C. Serum calcium concentration: Elevated serum calcium can lead to muscle weakness, but it is not specific to muscle injury. The patient's symptoms do not strongly suggest hypercalcemia, making this less likely to be the initial diagnostic priority. D. Serum C-reactive protein (CRP) concentration: CRP is a marker of inflammation and can be elevated in various conditions, including infections and autoimmune disorders. However, like ESR, it is not specific to muscle injury. In contrast, CK is highly specific for muscle injury. In cases of rhabdomyolysis (a condition where muscle cells break down and release their contents into the bloodstream), CK levels can rise dramatically. This makes it a crucial initial test to identify whether the patient's muscle weakness is due to muscle damage, which could be related to his recent myocardial infarction or other factors such as medication side effects or electrolyte imbalances. Given the patient's history of hypercholesterolemia, hypertension, and recent myocardial infarction, along with the clinical presentation of muscle weakness and pain, CK measurement would be the most appropriate initial diagnostic step. Further tests may include CK isoforms to differentiate between skeletal and cardiac muscle damage, and additional investigations depending on the results and clinical context.",True,0.16,0.67,0.0108,0.0295,0.1777,0.0698,0.0351,0.0581,0.0581,0.4542,3.0
260,"A 32-year-old woman is brought to the emergency department immediately after being involved in a motor vehicle collision. She was the unrestrained driver. On arrival, she says she has severe pain in her right groin. On examination, any movement of the right hip produces pain. An x-ray of the pelvis shows a completely displaced fracture of the femoral neck. In addition to intravenous morphine, which of the following is the most appropriate management?","In addition to intravenous morphine, which of the following is the most appropriate management?",3B-Qwen25,"- Option A (Bed rest): This is not an appropriate initial management for a displaced femoral neck fracture. Bed rest can exacerbate complications such as deep vein thrombosis (DVT) and muscle atrophy, and it does not address the need for stabilization of the fracture. - Option B (Closed reduction followed by traction): Closed reduction is generally not recommended for femoral neck fractures due to the high risk of avascular necrosis (AVN), which occurs when the blood supply to the bone is compromised. Traction is also not typically used for femoral neck fractures because it can lead to further displacement and complications. - Option C (Hip spica hinge brace): While this might be considered for certain types of fractures, it is not suitable for a displaced femoral neck fracture. The femoral neck is a critical area that requires precise alignment and stabilization, which cannot be achieved with a spica brace. Additionally, the femoral neck is prone to complications like AVN if not properly managed. - Option D (Limited weight bearing with use of crutches): This approach is not ideal for a displaced femoral neck fracture. Limiting weight-bearing can increase the risk of nonunion or malunion of the fracture, leading to chronic pain and functional impairment. Moreover, the femoral neck is a weight-bearing area, and allowing weight-bearing without proper stabilization can result in further displacement and complications. - Option E (Operative reduction and internal fixation): This is the most appropriate management for a displaced femoral neck fracture. Surgical intervention is necessary to achieve proper alignment and stabilization of the fracture. Internal fixation methods such as using a cannulated screw or a dynamic hip screw can help maintain the fracture in its optimal position, reducing the risk of complications like AVN and improving the patient's long-term prognosis. Postoperatively, the patient will likely require limited weight-bearing and possibly crutches to prevent further stress on the healing bone.",True,0.21,0.33,0.0057,0.0281,0.1805,0.061,0.0307,0.0549,0.0549,0.447,3.0
274,"A 1-hour-old male newborn is examined in the hospital nursery. He was born at term to a 22-year-old woman, gravida 1, para 1, with HIV infection. The mother took antiretroviral therapy throughout her pregnancy, and her HIV viral load was consistently <1000 copies/mL. She received intravenous zidovudine (AZT) during labor. The patient’s Apgar scores were 8 and 9 at 1 and 5 minutes, respectively. He is at the 50th percentile for length, weight, and head circumference. He appears well. Examination shows no abnormalities. In addition to administration of the hepatitis B vaccine, which of the following is the most appropriate pharmacotherapy for this newborn?","In addition to administration of the hepatitis B vaccine, which of the following is the most appropriate pharmacotherapy for this newborn?",3B-Qwen25,"Zidovudine (AZT) is the most appropriate pharmacotherapy for this newborn. Here's the rationale behind this choice: 1. Antiretroviral Therapy Continuation: Since the mother has been on antiretroviral therapy throughout her pregnancy, it is important to continue these medications for the newborn to prevent transmission of HIV. AZT is one of the drugs commonly used in combination antiretroviral therapy (cART) regimens for pregnant women. 2. Prevention of Mother-to-Child Transmission (PMTCT): While the mother's viral load was consistently below 1000 copies/mL, the newborn still needs prophylactic treatment to further reduce the risk of HIV transmission. AZT is part of the standard PMTCT regimen recommended by the World Health Organization (WHO). 3. Other Options: - Lopinavir-Ritonavir (Kaletra): This drug is typically used as part of a cART regimen but is not usually given as a single agent for PMTCT. It is more commonly used in combination with other antiretrovirals. - Penicillin: This antibiotic is not indicated for preventing HIV transmission. It is used to prevent neonatal sepsis and other bacterial infections, but it does not address HIV prevention. - Trimethoprim-Sulfamethoxazole (Bactrim): This antibiotic is also not specifically indicated for preventing HIV transmission. It is used to treat certain bacterial infections, particularly those caused by pneumococcal bacteria, but it is not part of the standard PMTCT regimen. Therefore, based on the information provided and the standard guidelines for PMTCT, administering Zidovudine (AZT) is the most appropriate pharmacotherapy for this newborn.",True,0.23,0.4,0.018,0.0498,0.2987,0.1073,0.0695,0.1073,0.1073,0.4851,3.0
283,"A 3-week-old boy is brought to the physician by his mother because of a 5-day history of yellow eyes and skin and white stools. Pregnancy and delivery were uncomplicated. The patient's temperature is 37.1°C (98.8°F), pulse is 160/min, respirations are 40/min, and blood pressure is 85/50 mm Hg. Examination shows diffuse jaundice. Cardiopulmonary examination shows no abnormalities. The abdomen is nontender. The liver edge is palpated 4 cm below the right costal margin. The spleen tip is palpated 3 cm below the left costal margin. Laboratory studies show: Leukocyte count: 10,000/mm³ Serum Bilirubin, total: 16 mg/dL Direct: 12 mg/dL AST: 800 U/L ALT: 500 U/L Amylase: 100 U/L Which of the following is the most appropriate next step in diagnosis?","Laboratory studies show: Leukocyte count: 10,000/mm³ Serum Bilirubin, total: 16 mg/dL Direct: 12 mg/dL AST: 800 U/L ALT: 500 U/L Amylase: 100 U/L Which of the following is the most appropriate next step in diagnosis?",3B-Qwen25,"Given the clinical presentation of a 3-week-old infant with jaundice, rapid heart rate, tachypnea, and elevated liver enzymes, the most appropriate next step in diagnosis would be an ultrasonography of the abdomen (Option B). ### Why Other Options Are Incorrect: A. Air-contrast enema - This procedure is typically used for diagnosing conditions like intussusception or other bowel obstructions. Given the infant's age and symptoms, this is not the most immediate or relevant diagnostic tool. C. Upper gastrointestinal series - This test is generally used to evaluate the upper digestive tract, including the esophagus, stomach, and duodenum. It is less likely to be the first-line investigation for jaundice in a neonate unless there is suspicion of a specific condition affecting the upper gastrointestinal tract. D. Colonoscopy - This invasive procedure is usually reserved for older children and adults when other less invasive tests have failed to diagnose the cause of symptoms. For a 3-week-old infant, colonoscopy is not indicated as the initial diagnostic approach. E. Esophagogastroduodenoscopy (EGD) - EGD is a more invasive procedure that involves examining the esophagus, stomach, and duodenum. It is typically performed in older children and adults for specific indications such as suspected peptic ulcers or bleeding. For a 3-week-old infant presenting with jaundice, this is not the most appropriate initial diagnostic tool. ### Why Ultrasound is Appropriate: - Jaundice: Jaundice in infants can be caused by various conditions, including biliary atresia, which is a congenital anomaly of the bile ducts. An ultrasound can help identify any structural abnormalities in the liver and bile ducts. - Liver Function Tests: Elevated liver enzymes (AST and ALT) suggest liver dysfunction. Ultrasound can help assess the size and structure of the liver and detect any masses or other abnormalities that might be causing the elevated enzymes. - Pneumonia: Rapid heart rate and tachypnea could indicate pneumonia, and an ultrasound can help rule out pneumothorax or other lung conditions. - Other Abdominal Conditions: The ultrasound can also help rule out other potential causes of jaundice such as gallstones, cysts, or other abdominal masses. In summary, given the clinical presentation and the need to quickly identify the underlying cause of the infant's symptoms, an ultrasonography of the abdomen is the most appropriate next step in diagnosis.",True,0.16,0.15,0.0115,0.0436,0.2326,0.0625,0.0386,0.0577,0.0577,0.4273,3.0
285,A 27-year-old primigravid woman at 41 weeks' gestation is admitted to the hospital for induction of labor. She has received cervical ripening agents and is now receiving oxytocin. The cervix is 9 cm dilated and 100% effaced; the vertex is at 0 station. Fetal monitoring shows contractions every 3 minutes and a reassuring heart rate. She requests pain medication. Which of the following is the most likely adverse effect of an intravenous opioid in this patient?,Which of the following is the most likely adverse effect of an intravenous opioid in this patient?,3B-Qwen25,"E. Neonatal respiratory depression Intravenous opioids can have significant effects on both the mother and the neonate during labor and delivery. Among the options provided, neonatal respiratory depression is the most likely adverse effect of an intravenous opioid in this patient. Opioids, such as morphine or fentanyl, commonly used for pain management during labor, can cross the placenta and affect the newborn. Neonatal respiratory depression is a well-known risk associated with maternal opioid use, particularly when administered intravenously. This occurs because opioids can depress the central nervous system of the fetus, leading to reduced respiratory drive and potentially causing apnea or bradypnea (slow breathing) in the newborn. While other options like maternal tachycardia (option B) can occur with opioid administration, it is less likely to be the primary concern compared to neonatal respiratory depression. Maternal fever (option A) is not typically a direct result of intravenous opioids but could be a side effect of other medications or conditions. Neonatal acidosis (option C) is not directly caused by maternal opioid use and is more related to other factors such as hypoxia or metabolic disturbances. Neonatal arrhythmias (option D) can occur with various medications, including opioids, but they are less common and specific to neonates than respiratory depression. Therefore, among the given options, neonatal respiratory depression is the most plausible adverse effect of an intravenous opioid in this patient.",True,0.1,1.0,0.0391,0.0579,0.3709,0.1224,0.107,0.1143,0.1143,0.4992,3.0
306,"Three days after an operation for uterine cancer, a hospitalized 67-year-old woman develops edema of the right lower extremity. Doppler ultrasonography shows a deep venous thrombosis (DVT). Review of the patient's record indicates that no DVT prophylaxis was initiated perioperatively. Which of the following is the best approach to prevent a similar adverse event in the future?",Which of the following is the best approach to prevent a similar adverse event in the future?,3B-Qwen25,"- Option A: Conducting a nursing in-service regarding DVT prophylaxis is a good step but it doesn't address the systemic issue of not having a standardized protocol in place. While education can improve practices, it does not ensure consistent application across all cases. - Option B: Developing an institutional policy with standardized orders for DVT prophylaxis is the most comprehensive and effective approach. This ensures that all patients receive appropriate prophylaxis based on evidence-based guidelines, reducing the risk of complications like DVT. It also provides a clear framework for healthcare providers to follow, which can be reviewed and updated as necessary. - Option C: Encouraging early ambulation during the postoperative period is beneficial for overall recovery but does not directly address the specific issue of DVT prevention. Early ambulation helps reduce the risk of other complications such as pulmonary embolism, but it does not specifically target DVT. - Option D: Prescribing low-molecular-weight heparin (LMWH) for all postoperative patients is a reasonable preventive measure, but it is too broad and may not be necessary for every patient. The decision should be individualized based on risk factors and clinical judgment. Not all patients need prophylaxis, and overuse could lead to unnecessary side effects. - Option E: Declaring that no intervention is needed because it is an isolated case and does not occur frequently is incorrect. Even rare events should be considered significant enough to warrant preventive measures. Systemic changes are necessary to prevent recurrence and ensure patient safety. Therefore, the best approach to prevent a similar adverse event in the future is to develop an institutional policy with standardized orders for DVT prophylaxis. This ensures consistency and adherence to evidence-based guidelines, thereby minimizing the risk of DVT in future patients.",True,0.09,1.0,0.0286,0.0472,0.2913,0.1046,0.0789,0.1046,0.1046,0.5118,3.0
316,"A 55-year-old man comes to the emergency department because of a 6-hour history of diffuse abdominal pain and subjective fever. His most recent bowel movement 4 hours ago was loose but not bloody. He reports no chills or urinary symptoms. Medical history is remarkable for gastroesophageal reflux disease and alcoholic cirrhosis. Medications are furosemide, spironolactone, lactulose, and pantoprazole. The patient appears uncomfortable. Temperature is 37.8°C (100.0°F), pulse is 88/min, respirations are 14/min, and blood pressure is 104/66 mm Hg. Physical examination shows conjunctival icterus and abdominal distention. Bowel sounds are normal. There is moderate diffuse abdominal tenderness with mild guarding but no rebound tenderness. Results of laboratory studies are shown: Serum ALT: 70 U/L AST: 85 U/L Alkaline phosphatase: 66 U/L Total bilirubin: 3.5 mg/dL Creatinine: 0.6 mg/dL Blood Hematocrit: 39% Hemoglobin: 13.0 g/dL Leukocyte count: 11,300/mm³ Platelet count: 66,000/mm³ Partial thromboplastin time: 39 seconds Prothrombin time: 17.2 seconds Abdominal paracentesis is done, and analysis of the ascitic fluid shows a segmented neutrophil cell count of 288 cells/mm³. Results of blood and ascitic fluid cultures are pending. Which of the following is the most appropriate pharmacotherapy at this time?",Which of the following is the most appropriate pharmacotherapy at this time?,3B-Qwen25,"Given the clinical presentation and laboratory findings, the most likely diagnosis in this case is spontaneous bacterial peritonitis (SBP) complicating alcoholic cirrhosis. SBP is an infection of the peritoneal cavity that occurs when there is a disruption of the normal peritoneal flora, often due to factors such as liver dysfunction, ascites, and immunosuppression. Here's a detailed breakdown of the options: A. Cefotaxime - This is a broad-spectrum cephalosporin antibiotic that is effective against gram-positive and gram-negative bacteria, which are common causes of SBP. It is a reasonable choice given the need to cover both gram-positive and gram-negative pathogens. B. Clindamycin - While clindamycin is effective against anaerobic bacteria, it is less commonly used for SBP due to its narrow spectrum compared to other antibiotics like cefotaxime. Additionally, the presence of lactulose in the patient's regimen could potentially interfere with the absorption of clindamycin. C. Metronidazole - Metronidazole is primarily used for anaerobic infections, particularly those caused by anaerobic bacteria. However, the patient's condition suggests a mixed infection, including gram-positive bacteria, which makes metronidazole less suitable. D. Oxacillin - This is a penicillin derivative that is effective against methicillin-sensitive Staphylococcus aureus (MSSA). Given the patient's history of alcoholic cirrhosis, there is a risk of developing spontaneous bacterial peritonitis, which can be caused by various gram-positive organisms, including MSSA. However, the patient's elevated alkaline phosphatase and total bilirubin levels suggest liver dysfunction, which may affect the efficacy of penicillins. E. Vancomycin - Vancomycin is a glycopeptide antibiotic that is typically reserved for severe infections caused by methicillin-resistant Staphylococcus aureus (MRSA) or other resistant gram-positive organisms. Given the patient's history and the need to cover a broader range of potential pathogens, vancomycin is not the first-line choice. F. No pharmacotherapy is indicated at this time - This option is incorrect because the patient has a clear indication for antibiotic therapy based on the clinical presentation and laboratory findings. Therefore, cefotaxime is the most appropriate initial pharmacotherapy for this patient, as it provides broad-spectrum coverage and addresses the likely cause of the peritonitis. Further culture results will help guide subsequent treatment if necessary.",True,0.09,1.0,0.0025,0.0252,0.1436,0.059,0.0323,0.0483,0.0483,0.4363,3.0
333,"A 27-year-old primigravid woman comes to the physician for her first prenatal visit 10 weeks after a home pregnancy test was positive. She feels well, and her pregnancy has been uncomplicated. She previously used an oral contraceptive but discontinued it 3 months ago. She has no history of sexually transmitted diseases. She is sexually active in a monogamous relationship with a male partner who is the father. She has had five lifetime sexual partners. She has a pet cat. Examination shows a uterus consistent in size with a 10-week gestation. Testing for which of the following infectious conditions is the most appropriate recommendation for this patient?",Testing for which of the following infectious conditions is the most appropriate recommendation for this patient?,7B-Qwen25,"For a pregnant woman, it is crucial to screen for HIV as early as possible during pregnancy. HIV (Human Immunodeficiency Virus) can be transmitted from an infected mother to her baby during pregnancy, labor, delivery, or breastfeeding. Early detection and treatment can significantly reduce the risk of transmission to the infant. Therefore, routine screening for HIV is recommended for all pregnant women, regardless of their perceived risk factors. Let's examine why the other options are not the most appropriate recommendations: A. Bacterial Vaginosis - While bacterial vaginosis is a common vaginal infection that can affect pregnant women, it is not typically screened for at the initial prenatal visit unless symptoms are present. It is more commonly assessed later in pregnancy if there are signs or symptoms. B. Cytomegalovirus (CMV) - CMV is a viral infection that can cause congenital defects in the fetus. However, routine screening for CMV is not standard practice during the first prenatal visit. It is more relevant to consider if there are specific risk factors or if the patient has symptoms suggestive of CMV infection. C. Epstein-Barr Virus (EBV) - EBV is associated with infectious mononucleosis and is generally not a concern in pregnancy unless the patient presents with symptoms of the illness. Routine screening for EBV is not part of standard prenatal care. E. Human Papillomavirus (HPV) - HPV is a common sexually transmitted infection, but it is not routinely screened for in pregnant women unless there are specific indications such as abnormal cervical cytology results. HPV screening is more relevant for women who have had abnormal Pap tests or are at high risk for cervical cancer. In summary, given the lack of specific risk factors for the other infections mentioned and the importance of early detection and management of HIV to prevent vertical transmission, HIV testing is the most appropriate recommendation for this patient.",True,0.11,0.5,0.0145,0.0345,0.2636,0.0802,0.0497,0.0741,0.0741,0.4911,7.0
350,"A 16-year-old boy is brought to the emergency department because of a 6-hour history of severe right-sided scrotal pain. He has not had penile discharge, fever, abdominal pain, vomiting, or diarrhea. He has no history of similar pain or any trauma to the region. He is sexually active with one female partner and uses condoms inconsistently. Vital signs are within normal limits. Abdominal examination shows no abnormalities. Genitourinary examination shows moderate edema and diffuse tenderness to palpation of the right scrotum; there is mild erythema. Lifting the right testicle does not relieve the pain. The left testicle is lower than the right testicle. Cremasteric reflex is present on the left and absent on the right. Which of the following is the most likely diagnosis?",Which of the following is the most likely diagnosis?,7B-Qwen25,"- Epididymitis (A): This condition involves inflammation of the epididymis, often due to bacterial or viral infections. Symptoms typically include pain in the scrotum, swelling, and sometimes fever. However, the patient's history of inconsistent condom use and the absence of other symptoms like fever make this less likely. - Testicular Torsion (B): This is a medical emergency where the spermatic cord, which provides blood flow to the testicle, twists, cutting off the blood supply. Symptoms include sudden, severe pain in the scrotum, often unilateral, and can be accompanied by nausea and vomiting. The absence of penile discharge, fever, and the presence of edema and tenderness in the right scrotum, along with the cremasteric reflex being absent on the right side, are highly suggestive of testicular torsion. - Testicular Tumor (C): While testicular tumors can cause pain, they usually present with a palpable mass rather than just pain. The absence of a mass and the rapid onset of pain make this less likely. - Torsion of the Appendix Testis (D): This is a rare condition where the appendage of the testicle (appendix testis) twists, causing pain. It is usually associated with a tender, swollen mass in the scrotum. The absence of a palpable mass and the pattern of pain more consistent with testicular torsion make this less likely. - Urinary Tract Infection (E): UTIs can cause lower abdominal pain and discomfort but typically do not cause severe scrotal pain without other urinary symptoms such as dysuria, frequency, or urgency. The absence of these urinary symptoms makes this less likely. - Varicocele (F): This is an enlargement of the veins within the scrotum and typically causes discomfort that worsens with standing and improves with lying down. It is usually asymptomatic or causes dull, aching pain, not the acute, severe pain described here. Given the clinical presentation, the most likely diagnosis is testicular torsion, which requires immediate surgical intervention to prevent testicular necrosis.",True,0.39,1.0,0.0027,0.0184,0.1628,0.0494,0.0248,0.0494,0.0494,0.4085,7.0
351,"A 64-year-old man comes to the clinic because of a 2-week history of severe pain and generalized muscle weakness. He has hypercholesteremia and hypertension. Three months ago, he had a myocardial infarction. At that time, he began atorvastatin therapy. Other medications are clopidogrel, lisinopril, and amiodarone. He is 178 cm (5 ft 10 in) tall and weighs 82 kg (180 lb); BMI is 26 kg/m² Pulse is 80/min and blood pressure is 125/67 mm Hg. Muscle strength is 4/5 on abduction of the shoulders and flexion of the hips. Deep tendon reflexes are 2+ throughout. No other abnormalities are noted. Measurement of which of the following is the most appropriate initial step in diagnosis?",Measurement of which of the following is the most appropriate initial step in diagnosis?,7B-Qwen25,"In this scenario, the patient presents with severe pain and generalized muscle weakness, which could be indicative of rhabdomyolysis, a condition characterized by the breakdown of skeletal muscle tissue leading to the release of myoglobin into the bloodstream. Rhabdomyolysis can be caused by various factors, including statin use, which is relevant given the patient's recent initiation of atorvastatin therapy for hypercholesterolemia. Let's examine each option: A. Erythrocyte sedimentation rate (ESR): This test measures the rate at which red blood cells settle in a tube and is used as an indicator of inflammation. While it can be elevated in conditions associated with muscle damage, it is not specific to muscle injury and can be elevated in many inflammatory and non-inflammatory conditions. Therefore, it is not the most appropriate initial step in diagnosing muscle-related symptoms. B. Serum ALT activity: Alanine transaminase (ALT) is primarily found in liver cells and is often elevated in liver diseases such as hepatitis or cirrhosis. Since the patient's symptoms are more suggestive of muscle involvement rather than liver disease, this test is not the most appropriate initial step. C. Serum calcium concentration: Calcium levels can be abnormal in various conditions, but they are not typically associated with muscle pain and weakness unless there is a specific underlying condition like hypocalcemia or hyperparathyroidism. Given the patient's symptoms, this is not the most likely cause and thus not the best initial diagnostic step. D. Serum C-reactive protein (CRP) concentration: CRP is a marker of inflammation and can be elevated in various inflammatory conditions. However, while it might be useful in ruling out systemic inflammation, it does not specifically indicate muscle damage and is less sensitive for diagnosing rhabdomyolysis compared to serum creatine kinase (CK). E. Serum creatine kinase (CK) activity: CK is an enzyme primarily found in skeletal muscles, heart, and brain. Elevated CK levels are a hallmark of muscle damage and are highly specific for diagnosing rhabdomyolysis. Given the patient's history of recent statin use and current symptoms, measuring CK levels is the most appropriate initial step in diagnosis to rule out rhabdomyolysis.",True,0.09,0.67,0.0128,0.0304,0.2476,0.0654,0.0384,0.0654,0.0654,0.4192,7.0
369,"A 32-year-old woman is brought to the emergency department immediately after being involved in a motor vehicle collision. She was the unrestrained driver. On arrival, she says she has severe pain in her right groin. On examination, any movement of the right hip produces pain. An x-ray of the pelvis shows a completely displaced fracture of the femoral neck. In addition to intravenous morphine, which of the following is the most appropriate management?","In addition to intravenous morphine, which of the following is the most appropriate management?",7B-Qwen25,"- Option A: Bed rest - While bed rest may be part of the initial management to prevent further injury and allow for pain control, it is not sufficient for treating a completely displaced femoral neck fracture. Bed rest alone does not address the need for proper alignment and stabilization of the fracture site. - Option B: Closed reduction followed by traction - This approach might be considered in some cases, but it is generally less favorable for a completely displaced femoral neck fracture due to the high risk of re-displacement and potential complications such as avascular necrosis. Additionally, closed reduction can be challenging and may not achieve the necessary stability for healing. - Option C: Hip spica hinge brace - This is an older method that was used before the advent of modern surgical techniques. It involves immobilizing the hip and leg in a cast or brace, which can be uncomfortable and may not provide the necessary stability for a completely displaced fracture. Moreover, it can lead to complications such as pressure sores and limited mobility. - Option D: Limited weight bearing with use of crutches - This is not appropriate for a completely displaced femoral neck fracture. Weight-bearing can exacerbate the displacement and lead to nonunion or malunion of the fracture, potentially resulting in long-term disability. - Option E: Operative reduction and internal fixation - This is the most appropriate management for a completely displaced femoral neck fracture. Operative reduction allows for precise alignment of the fracture fragments, and internal fixation (such as using a hip screw or other devices) provides the necessary stability to allow for proper healing. This method has been shown to have better outcomes in terms of pain relief, functional recovery, and prevention of complications like avascular necrosis compared to non-surgical methods.",True,0.29,0.33,0.0062,0.0307,0.1928,0.0654,0.0329,0.0654,0.0654,0.4599,7.0
383,"A 1-hour-old male newborn is examined in the hospital nursery. He was born at term to a 22-year-old woman, gravida 1, para 1, with HIV infection. The mother took antiretroviral therapy throughout her pregnancy, and her HIV viral load was consistently <1000 copies/mL. She received intravenous zidovudine (AZT) during labor. The patient’s Apgar scores were 8 and 9 at 1 and 5 minutes, respectively. He is at the 50th percentile for length, weight, and head circumference. He appears well. Examination shows no abnormalities. In addition to administration of the hepatitis B vaccine, which of the following is the most appropriate pharmacotherapy for this newborn?","In addition to administration of the hepatitis B vaccine, which of the following is the most appropriate pharmacotherapy for this newborn?",7B-Qwen25,"Given the scenario, the newborn is at risk for perinatal transmission of HIV due to the mother's HIV infection, despite receiving antiretroviral therapy during pregnancy and labor. The most appropriate pharmacotherapy for this newborn is continuation of zidovudine (AZT) prophylaxis. A. Lopinavir-ritonavir and trimethoprim-sulfamethoxazole - This combination is not typically used as initial prophylaxis for HIV-exposed infants. Lopinavir-ritonavir is an antiretroviral used in treatment regimens for HIV, but it is not indicated as a prophylactic agent for newborns. Trimethoprim-sulfamethoxazole is used to prevent Pneumocystis jirovecii pneumonia (PCP) in HIV-infected individuals, but it is not the primary prophylactic agent for HIV-exposed infants. B. Lopinavir-ritonavir only - While lopinavir-ritonavir is an antiretroviral used in HIV treatment, it is not recommended as a prophylactic agent for newborns exposed to HIV. It is more commonly used in combination with other antiretrovirals for treating HIV infection. C. Penicillin - Penicillin is used for the prevention and treatment of bacterial infections, such as Group B Streptococcus (GBS), but it is not indicated for prophylaxis against HIV transmission in newborns. D. Trimethoprim-sulfamethoxazole only - As mentioned earlier, while this medication can be used to prevent PCP in HIV-infected individuals, it is not the primary prophylactic agent for HIV-exposed infants. E. Zidovudine (AZT) - This is the correct answer. Zidovudine is the standard prophylactic agent for preventing perinatal HIV transmission in newborns. The infant should receive oral zidovudine for 6 weeks after birth, in addition to the hepatitis B vaccine, to reduce the risk of acquiring HIV from the mother. This regimen has been shown to significantly decrease the risk of HIV transmission from mother to child.",True,0.23,0.6,0.0165,0.0588,0.3255,0.1208,0.0811,0.0671,0.0671,0.4778,7.0
392,"A 3-week-old boy is brought to the physician by his mother because of a 5-day history of yellow eyes and skin and white stools. Pregnancy and delivery were uncomplicated. The patient's temperature is 37.1°C (98.8°F), pulse is 160/min, respirations are 40/min, and blood pressure is 85/50 mm Hg. Examination shows diffuse jaundice. Cardiopulmonary examination shows no abnormalities. The abdomen is nontender. The liver edge is palpated 4 cm below the right costal margin. The spleen tip is palpated 3 cm below the left costal margin. Laboratory studies show: Leukocyte count: 10,000/mm³ Serum Bilirubin, total: 16 mg/dL Direct: 12 mg/dL AST: 800 U/L ALT: 500 U/L Amylase: 100 U/L Which of the following is the most appropriate next step in diagnosis?","Laboratory studies show: Leukocyte count: 10,000/mm³ Serum Bilirubin, total: 16 mg/dL Direct: 12 mg/dL AST: 800 U/L ALT: 500 U/L Amylase: 100 U/L Which of the following is the most appropriate next step in diagnosis?",7B-Qwen25,"Given the clinical presentation of a 3-week-old infant with jaundice, elevated liver enzymes (AST and ALT), and hepatosplenomegaly, the most appropriate next step in diagnosis would be an ultrasonography of the abdomen. Here’s why this is the best choice and why the other options are less suitable: Ultrasonography of the abdomen (Option B): - Relevance: This imaging modality can help identify structural abnormalities in the liver, gallbladder, bile ducts, and pancreas, which could explain the jaundice and elevated liver enzymes. - Non-invasive: It is a non-invasive, safe, and widely used method for evaluating abdominal organs in infants. - Cost-effective: It is relatively inexpensive compared to other imaging modalities like CT scans or MRIs. - Suitable for infants: It does not require sedation in most cases, making it suitable for young infants who might not tolerate other procedures well. Air-contrast enema (Option A): - Indications: This procedure is typically used to diagnose and evaluate congenital malformations of the lower gastrointestinal tract, such as Hirschsprung disease. - Irrelevant: Given the liver and spleen findings, this test is not relevant to the current clinical scenario. Upper gastrointestinal series (Option C): - Indications: This test is used to evaluate the esophagus, stomach, and small intestine for conditions like reflux, ulcers, or strictures. - Irrelevant: The focus here is on liver function and jaundice, not upper gastrointestinal issues. Colonoscopy (Option D): - Indications: This procedure is used to visualize the colon and rectum, often for inflammatory bowel disease, polyps, or cancer. - Irrelevant: There is no indication of colonic pathology based on the presented symptoms and signs. Esophagogastroduodenoscopy (Option E): - Indications: This procedure is used to visualize the esophagus, stomach, and duodenum, often for conditions like reflux, ulcers, or tumors. - Irrelevant: Similar to the upper gastrointestinal series, there is no indication of upper gastrointestinal pathology in this case. In conclusion, ultrasonography of the abdomen is the most appropriate next step in diagnosing the underlying cause of the infant's jaundice, elevated liver enzymes, and hepatosplenomegaly.",True,0.19,0.15,0.0124,0.0493,0.2191,0.0705,0.0436,0.065,0.065,0.4525,7.0
394,A 27-year-old primigravid woman at 41 weeks' gestation is admitted to the hospital for induction of labor. She has received cervical ripening agents and is now receiving oxytocin. The cervix is 9 cm dilated and 100% effaced; the vertex is at 0 station. Fetal monitoring shows contractions every 3 minutes and a reassuring heart rate. She requests pain medication. Which of the following is the most likely adverse effect of an intravenous opioid in this patient?,Which of the following is the most likely adverse effect of an intravenous opioid in this patient?,7B-Qwen25,"Intravenous opioids are commonly used to manage pain during labor, but they can have significant effects on both the mother and the fetus. Let's examine each option: A. Maternal fever - Intravenous opioids do not typically cause maternal fever. Fever in labor is more commonly associated with infection or other medical conditions rather than the use of opioids. B. Maternal tachycardia - Opioids generally do not cause tachycardia (an abnormally fast heart rate). In fact, they can sometimes have a depressant effect on the cardiovascular system, leading to bradycardia (a slow heart rate) in some cases. C. Neonatal acidosis - While opioids can cross the placenta and affect fetal metabolism, neonatal acidosis is not a primary concern from their use. Acidosis is more often related to other factors such as fetal distress, meconium aspiration, or umbilical cord issues. D. Neonatal arrhythmia - Arrhythmias (abnormal heart rhythms) are not a common or direct result of neonatal exposure to maternal opioids. However, if the mother experiences bradycardia due to the opioid, it could potentially affect the fetus, but this is not the primary concern. E. Neonatal respiratory depression - This is the most likely adverse effect of intravenous opioids in this scenario. Opioids can cross the placenta and affect the fetal respiratory center, leading to decreased respiratory drive in the newborn. This can manifest as apnea or hypoventilation after birth, which is a critical concern that requires close monitoring and intervention. Therefore, among the given options, neonatal respiratory depression is the most likely adverse effect of an intravenous opioid in this patient.",True,0.15,0.67,0.0339,0.0503,0.3681,0.1172,0.0886,0.1099,0.1099,0.4912,7.0
415,"Three days after an operation for uterine cancer, a hospitalized 67-year-old woman develops edema of the right lower extremity. Doppler ultrasonography shows a deep venous thrombosis (DVT). Review of the patient's record indicates that no DVT prophylaxis was initiated perioperatively. Which of the following is the best approach to prevent a similar adverse event in the future?",Which of the following is the best approach to prevent a similar adverse event in the future?,7B-Qwen25,"A. Conduct a nursing in-service regarding DVT prophylaxis - While educating staff about DVT prevention is important, it may not be sufficient on its own to ensure consistent implementation of prophylactic measures. It addresses awareness but lacks the structured approach needed to ensure compliance across all patients. B. Develop an institutional policy with standardized orders for DVT prophylaxis - This is the most comprehensive approach as it establishes clear guidelines and protocols that healthcare providers must follow. Standardized orders ensure that DVT prophylaxis is consistently administered to appropriate patients, reducing the risk of missed opportunities for prevention. C. Encourage early ambulation during the postoperative period - Early mobilization is beneficial for preventing DVT, but it should be part of a broader strategy rather than the sole preventive measure. It is less effective without other interventions like pharmacological prophylaxis. D. Prescribe low-molecular-weight heparin for all postoperative patients - While this is a specific and effective method of DVT prophylaxis, it is too broad and may not be suitable for all patients due to potential contraindications or other health considerations. A more tailored approach based on clinical guidelines and patient-specific factors would be preferable. E. No intervention indicated because this is an isolated case and does not occur frequently - This option is incorrect because even if DVTs do not occur frequently, they can still have serious consequences. Addressing the issue through systemic changes can help prevent future occurrences and improve overall patient safety. In conclusion, developing an institutional policy with standardized orders for DVT prophylaxis is the best approach as it ensures consistent application of evidence-based practices across all relevant cases, thereby minimizing the risk of similar adverse events.",True,0.09,1.0,0.0034,0.0432,0.2913,0.0949,0.0273,0.061,0.061,0.5036,7.0
425,"A 55-year-old man comes to the emergency department because of a 6-hour history of diffuse abdominal pain and subjective fever. His most recent bowel movement 4 hours ago was loose but not bloody. He reports no chills or urinary symptoms. Medical history is remarkable for gastroesophageal reflux disease and alcoholic cirrhosis. Medications are furosemide, spironolactone, lactulose, and pantoprazole. The patient appears uncomfortable. Temperature is 37.8°C (100.0°F), pulse is 88/min, respirations are 14/min, and blood pressure is 104/66 mm Hg. Physical examination shows conjunctival icterus and abdominal distention. Bowel sounds are normal. There is moderate diffuse abdominal tenderness with mild guarding but no rebound tenderness. Results of laboratory studies are shown: Serum ALT: 70 U/L AST: 85 U/L Alkaline phosphatase: 66 U/L Total bilirubin: 3.5 mg/dL Creatinine: 0.6 mg/dL Blood Hematocrit: 39% Hemoglobin: 13.0 g/dL Leukocyte count: 11,300/mm³ Platelet count: 66,000/mm³ Partial thromboplastin time: 39 seconds Prothrombin time: 17.2 seconds Abdominal paracentesis is done, and analysis of the ascitic fluid shows a segmented neutrophil cell count of 288 cells/mm³. Results of blood and ascitic fluid cultures are pending. Which of the following is the most appropriate pharmacotherapy at this time?",Which of the following is the most appropriate pharmacotherapy at this time?,7B-Qwen25,"Given the patient's history of alcoholic cirrhosis, the presentation of diffuse abdominal pain, fever, and elevated liver enzymes, along with the findings from the physical examination and laboratory studies, the most likely diagnosis is spontaneous bacterial peritonitis (SBP). SBP is a common complication in patients with cirrhosis and ascites, particularly those with a history of infection or recent gastrointestinal bleeding. Option A: Cefotaxime - Cefotaxime is a third-generation cephalosporin that is effective against a wide range of gram-positive and gram-negative bacteria, including many enteric pathogens commonly associated with SBP. It is often used as empirical therapy in cases of suspected SBP due to its broad spectrum of activity and safety profile in patients with liver disease. Option B: Clindamycin - Clindamycin is an antibiotic active against anaerobic bacteria and some gram-positive organisms. While it can be used in certain cases of SBP, especially if there is a high suspicion of anaerobic involvement, it is less commonly chosen as first-line empiric therapy compared to cefotaxime. Option C: Metronidazole - Metronidazole is primarily active against anaerobic bacteria and protozoa. It is often used in combination with other antibiotics in cases where anaerobic coverage is necessary, but it is not typically the first choice for empiric treatment of SBP. Option D: Oxacillin - Oxacillin is a penicillin derivative that is effective against many gram-positive bacteria, including Staphylococcus aureus. However, it is not typically used as first-line therapy for SBP due to its narrower spectrum of activity compared to cefotaxime. Option E: Vancomycin - Vancomycin is a glycopeptide antibiotic used against gram-positive bacteria, including methicillin-resistant Staphylococcus aureus (MRSA). It is not typically the first choice for empiric treatment of SBP unless there is a specific indication such as MRSA colonization or infection. Option F: No pharmacotherapy is indicated at this time - This option is incorrect because the patient's clinical presentation and laboratory findings strongly suggest SBP, which requires prompt antibiotic therapy to prevent complications such as sepsis and hepatorenal syndrome. In conclusion, based on the clinical scenario and the need for prompt treatment of SBP, cefotaxime is the most appropriate choice among the given options.",True,0.12,1.0,0.0026,0.0255,0.1444,0.0596,0.0272,0.0434,0.0434,0.4502,7.0
442,"A 27-year-old primigravid woman comes to the physician for her first prenatal visit 10 weeks after a home pregnancy test was positive. She feels well, and her pregnancy has been uncomplicated. She previously used an oral contraceptive but discontinued it 3 months ago. She has no history of sexually transmitted diseases. She is sexually active in a monogamous relationship with a male partner who is the father. She has had five lifetime sexual partners. She has a pet cat. Examination shows a uterus consistent in size with a 10-week gestation. Testing for which of the following infectious conditions is the most appropriate recommendation for this patient?",Testing for which of the following infectious conditions is the most appropriate recommendation for this patient?,14B-Qwen25,"Given the context of a pregnant woman's first prenatal visit, several infectious conditions need to be considered due to their potential impact on both maternal health and fetal development. Here’s a breakdown of why HIV (option D) is the most appropriate condition to test for: - HIV: This is a critical infection to screen for during pregnancy because it can be transmitted from mother to child during pregnancy, labor, delivery, or breastfeeding. Early detection allows for timely intervention, such as antiretroviral therapy, which significantly reduces the risk of transmission to the baby. Given that the patient has had multiple sexual partners in the past, she may be at higher risk for HIV, even though she is currently in a monogamous relationship. Routine screening for HIV is recommended for all pregnant women regardless of perceived risk. - Bacterial Vaginosis (BV): While BV is common during pregnancy and can cause complications like preterm birth, it is not typically screened for in the absence of symptoms such as abnormal discharge or odor. The patient does not report any symptoms, making routine screening less urgent compared to HIV. - Cytomegalovirus (CMV): CMV is a common viral infection that can affect fetuses if the mother contracts it during pregnancy. However, routine screening for CMV is not standard practice unless there are specific indications such as signs of congenital infection in the fetus or a history of previous miscarriages or stillbirths related to CMV. Since the patient has no such history, routine CMV testing is not indicated. - Epstein-Barr Virus (EBV): EBV causes infectious mononucleosis, but it is generally not associated with significant risks to the fetus unless the primary infection occurs during pregnancy. There is no indication of recent EBV infection in the patient's history, so routine screening is not necessary. - Human Papillomavirus (HPV): HPV is a common sexually transmitted infection that can lead to cervical cancer and other health issues. While HPV vaccination is important, routine screening for HPV during pregnancy is not standard practice unless there are specific concerns about cervical abnormalities. The patient's history does not suggest a need for HPV screening at this time. In summary, given the patient's history and the importance of early detection and treatment to prevent mother-to-child transmission, HIV screening is the most appropriate recommendation for this patient.",True,0.26,0.75,0.0117,0.0325,0.2471,0.0748,0.0401,0.0648,0.0648,0.4925,14.0
459,"A 16-year-old boy is brought to the emergency department because of a 6-hour history of severe right-sided scrotal pain. He has not had penile discharge, fever, abdominal pain, vomiting, or diarrhea. He has no history of similar pain or any trauma to the region. He is sexually active with one female partner and uses condoms inconsistently. Vital signs are within normal limits. Abdominal examination shows no abnormalities. Genitourinary examination shows moderate edema and diffuse tenderness to palpation of the right scrotum; there is mild erythema. Lifting the right testicle does not relieve the pain. The left testicle is lower than the right testicle. Cremasteric reflex is present on the left and absent on the right. Which of the following is the most likely diagnosis?",Which of the following is the most likely diagnosis?,14B-Qwen25,"- Testicular Torsion (Option B): This condition is characterized by sudden, severe pain in the scrotum, often accompanied by swelling and redness. The pain does not improve when the testicle is lifted, which is consistent with the patient's presentation. Additionally, the absence of the cremasteric reflex on the affected side is a key indicator of testicular torsion. The asymmetry in testicle position (the left testicle being lower than the right) can also be seen in torsion as blood flow to the affected testicle decreases, causing it to rise due to reduced weight. Given the acute onset and the specific physical findings, this is the most likely diagnosis. - Epididymitis (Option A): While epididymitis can cause scrotal pain, it typically presents with more gradual onset and is often associated with urinary symptoms such as dysuria (painful urination). It usually involves the epididymis rather than the testicle itself, and the pain may be relieved by lifting the testicle. The patient’s lack of urinary symptoms and the absence of the cremasteric reflex make this less likely. - Testicular Tumor (Option C): Testicular tumors generally present with a painless mass in the testicle and do not typically cause acute pain. The patient's history of acute onset pain and the presence of pain on palpation suggest an inflammatory or mechanical issue rather than a neoplastic process. - Torsion of the Appendix Testis (Option D): This condition causes localized pain and swelling at the upper pole of the testicle but is usually less severe and does not involve the entire testicle. The pain is often described as sharp and intermittent, and the cremasteric reflex is usually preserved. The patient's symptoms are more widespread and severe, making this less likely. - Urinary Tract Infection (UTI) (Option E): UTIs typically present with symptoms like dysuria, frequency, and urgency, along with possible systemic symptoms like fever. The patient's lack of these symptoms and the specific nature of his pain point away from a UTI. - Varicocele (Option F): A varicocele is a collection of enlarged veins in the scrotum, usually asymptomatic or presenting with a dull ache. It is not associated with acute pain or the absence of the cremasteric reflex. The patient's symptoms are inconsistent with a varicocele. Given the clinical presentation, the most likely diagnosis is testicular torsion, which requires urgent surgical intervention to preserve the testicle.",True,0.21,1.0,0.0045,0.0156,0.1261,0.0401,0.0252,0.0401,0.0401,0.3742,14.0
460,"A 64-year-old man comes to the clinic because of a 2-week history of severe pain and generalized muscle weakness. He has hypercholesteremia and hypertension. Three months ago, he had a myocardial infarction. At that time, he began atorvastatin therapy. Other medications are clopidogrel, lisinopril, and amiodarone. He is 178 cm (5 ft 10 in) tall and weighs 82 kg (180 lb); BMI is 26 kg/m² Pulse is 80/min and blood pressure is 125/67 mm Hg. Muscle strength is 4/5 on abduction of the shoulders and flexion of the hips. Deep tendon reflexes are 2+ throughout. No other abnormalities are noted. Measurement of which of the following is the most appropriate initial step in diagnosis?",Measurement of which of the following is the most appropriate initial step in diagnosis?,14B-Qwen25,"Given the patient's symptoms of severe pain and generalized muscle weakness, along with his recent history of statin use (atorvastatin), the most likely diagnosis is statin-induced myopathy. Statins can cause muscle-related side effects ranging from mild myalgias to more serious conditions like rhabdomyolysis, characterized by significant muscle breakdown leading to elevated levels of creatine kinase (CK). Option A (Erythrocyte sedimentation rate): This test measures inflammation but does not specifically relate to muscle damage or myopathy. It would be less relevant in this context compared to CK levels. Option B (Serum ALT activity): ALT is an enzyme primarily found in liver cells. Elevated ALT levels typically indicate liver injury rather than muscle damage. Therefore, it is not the most appropriate initial test for diagnosing muscle-related issues. Option C (Serum calcium concentration): While important for overall health, serum calcium levels do not directly reflect muscle function or damage. They are not specific indicators of myopathy or muscle injury. Option D (Serum C-reactive protein concentration): Like the erythrocyte sedimentation rate, CRP is a marker of systemic inflammation. Although it may be elevated in cases of muscle injury due to secondary inflammatory responses, it is not as specific or sensitive as measuring CK for muscle damage. Option E (Serum creatine kinase activity): Creatine kinase (CK) is an enzyme found predominantly in muscle tissue. When muscle cells are damaged, CK leaks into the bloodstream, causing elevated serum levels. This makes CK measurement the most direct and specific test for assessing muscle damage and diagnosing myopathy, especially in the context of statin use. Therefore, measuring serum CK activity is the most appropriate initial step in diagnosing the patient's condition.",True,0.09,1.0,0.0126,0.0344,0.2373,0.0819,0.0412,0.0683,0.0683,0.4179,14.0
478,"A 32-year-old woman is brought to the emergency department immediately after being involved in a motor vehicle collision. She was the unrestrained driver. On arrival, she says she has severe pain in her right groin. On examination, any movement of the right hip produces pain. An x-ray of the pelvis shows a completely displaced fracture of the femoral neck. In addition to intravenous morphine, which of the following is the most appropriate management?","In addition to intravenous morphine, which of the following is the most appropriate management?",14B-Qwen25,"In the case of a completely displaced fracture of the femoral neck in an adult patient, operative reduction and internal fixation (ORIF) is typically the most appropriate management. This approach aims to restore the normal anatomy and biomechanics of the hip joint, which is crucial for maintaining function and preventing complications such as avascular necrosis (AVN) of the femoral head, nonunion, and post-traumatic arthritis. Option A (Bed rest): While bed rest may be necessary initially to manage pain and prevent further injury, it is not a definitive treatment for a displaced femoral neck fracture. Prolonged immobilization without surgical intervention can lead to complications like deep vein thrombosis (DVT), pulmonary embolism, and muscle atrophy. Option B (Closed reduction followed by traction): Closed reduction is generally not recommended for displaced femoral neck fractures in adults due to the high risk of failure and the potential for increased complications, including AVN. Traction alone does not address the displacement and instability of the fracture. Option C (Hip spica hinge brace): A hip spica brace is used primarily for pediatric patients with certain types of hip fractures. It is not suitable for adults with a displaced femoral neck fracture because it cannot adequately stabilize the fracture site and may increase the risk of AVN. Option D (Limited weight bearing with use of crutches): Weight-bearing restrictions are often part of the postoperative care plan after ORIF but are not sufficient as a standalone treatment for a displaced femoral neck fracture. Attempting to bear weight on an unstable, displaced fracture can worsen the injury and increase the risk of complications. Therefore, the most appropriate initial management for this patient would be operative reduction and internal fixation, followed by appropriate postoperative care and rehabilitation.",True,0.29,0.33,0.0031,0.0337,0.1567,0.0662,0.0267,0.0662,0.0662,0.4575,14.0
492,"A 1-hour-old male newborn is examined in the hospital nursery. He was born at term to a 22-year-old woman, gravida 1, para 1, with HIV infection. The mother took antiretroviral therapy throughout her pregnancy, and her HIV viral load was consistently <1000 copies/mL. She received intravenous zidovudine (AZT) during labor. The patient’s Apgar scores were 8 and 9 at 1 and 5 minutes, respectively. He is at the 50th percentile for length, weight, and head circumference. He appears well. Examination shows no abnormalities. In addition to administration of the hepatitis B vaccine, which of the following is the most appropriate pharmacotherapy for this newborn?","In addition to administration of the hepatitis B vaccine, which of the following is the most appropriate pharmacotherapy for this newborn?",14B-Qwen25,"Given the context that the newborn was exposed to HIV in utero and the mother's HIV status, the primary concern is the prevention of perinatal transmission of HIV. The newborn should receive prophylactic antiretroviral therapy to reduce the risk of HIV acquisition. Option A (Lopinavir-ritonavir and trimethoprim-sulfamethoxazole): While lopinavir-ritonavir is an antiretroviral drug used in the treatment of HIV, it is not typically used as first-line prophylaxis for neonates exposed to HIV. Trimethoprim-sulfamethoxazole is an antibiotic used primarily for prophylaxis against Pneumocystis jirovecii pneumonia in immunocompromised patients, not as an HIV prophylactic for newborns. Option B (Lopinavir-ritonavir only): As mentioned above, lopinavir-ritonavir is not the standard first-line prophylactic agent for HIV-exposed infants. It is more commonly used in combination with other drugs for treatment rather than prophylaxis. Option C (Penicillin): This is an antibiotic used for bacterial infections and has no role in preventing HIV transmission. Option D (Trimethoprim-sulfamethoxazole only): Similar to option A, trimethoprim-sulfamethoxazole is not used for HIV prophylaxis in newborns but rather for preventing opportunistic infections in those already diagnosed with HIV. Option E (Zidovudine (AZT)): Zidovudine is the recommended prophylactic antiretroviral medication for HIV-exposed newborns. The mother received AZT intravenously during labor, and the newborn should continue to receive AZT orally to prevent HIV transmission. According to the Centers for Disease Control and Prevention (CDC), a 6-week course of AZT is recommended for HIV-exposed infants whose mothers have HIV or whose HIV status is unknown. Therefore, the most appropriate pharmacotherapy for this newborn is Zidovudine (AZT).",True,0.19,0.2,0.0138,0.0512,0.2945,0.1049,0.0493,0.0979,0.0979,0.459,14.0
501,"A 3-week-old boy is brought to the physician by his mother because of a 5-day history of yellow eyes and skin and white stools. Pregnancy and delivery were uncomplicated. The patient's temperature is 37.1°C (98.8°F), pulse is 160/min, respirations are 40/min, and blood pressure is 85/50 mm Hg. Examination shows diffuse jaundice. Cardiopulmonary examination shows no abnormalities. The abdomen is nontender. The liver edge is palpated 4 cm below the right costal margin. The spleen tip is palpated 3 cm below the left costal margin. Laboratory studies show: Leukocyte count: 10,000/mm³ Serum Bilirubin, total: 16 mg/dL Direct: 12 mg/dL AST: 800 U/L ALT: 500 U/L Amylase: 100 U/L Which of the following is the most appropriate next step in diagnosis?","Laboratory studies show: Leukocyte count: 10,000/mm³ Serum Bilirubin, total: 16 mg/dL Direct: 12 mg/dL AST: 800 U/L ALT: 500 U/L Amylase: 100 U/L Which of the following is the most appropriate next step in diagnosis?",14B-Qwen25,"Given the clinical presentation of a 3-week-old infant with jaundice, elevated liver enzymes, and hepatomegaly, the most likely diagnosis is neonatal hepatitis or biliary atresia. These conditions require prompt investigation to prevent irreversible liver damage. Option A (Air-contrast enema) is used primarily for diagnosing intussusception, which is not indicated by the symptoms described here. Option C (Upper gastrointestinal series) is typically used to evaluate the esophagus, stomach, and duodenum for structural abnormalities but does not provide information about liver function or biliary obstruction. Option D (Colonoscopy) is not relevant in this case as it focuses on the colon and rectum, areas that are not implicated based on the clinical presentation. Option E (Esophagogastroduodenoscopy) can be useful for direct visualization of the upper gastrointestinal tract but does not address the primary concern of liver dysfunction or biliary obstruction. Option B (Ultrasonography of the abdomen) is the most appropriate next step. It allows for the evaluation of liver size, texture, and presence of bile duct dilation, which are critical findings in distinguishing between neonatal hepatitis and biliary atresia. Additionally, ultrasonography can help identify other potential causes of liver dysfunction such as choledochal cysts or vascular anomalies. Given the urgency of the situation, an abdominal ultrasound is the preferred initial imaging modality to guide further management.",True,0.13,0.23,0.0123,0.0445,0.2186,0.093,0.0469,0.0775,0.0775,0.4614,14.0
503,A 27-year-old primigravid woman at 41 weeks' gestation is admitted to the hospital for induction of labor. She has received cervical ripening agents and is now receiving oxytocin. The cervix is 9 cm dilated and 100% effaced; the vertex is at 0 station. Fetal monitoring shows contractions every 3 minutes and a reassuring heart rate. She requests pain medication. Which of the following is the most likely adverse effect of an intravenous opioid in this patient?,Which of the following is the most likely adverse effect of an intravenous opioid in this patient?,14B-Qwen25,"Intravenous opioids administered to a laboring mother can cross the placenta and affect the fetus. Among the options provided, neonatal respiratory depression (option E) is the most likely adverse effect of an intravenous opioid in this patient. Opioids can suppress the newborn's respiratory drive, leading to decreased respiration rates and potentially hypoxia if not managed properly. - Option A (Maternal fever): While opioids can cause side effects such as nausea, vomiting, and itching, they do not typically cause maternal fever. - Option B (Maternal tachycardia): Opioids generally have a sedative effect on the cardiovascular system, which may lead to bradycardia rather than tachycardia in the mother. - Option C (Neonatal acidosis): Although opioids can affect fetal heart rate patterns, leading to variable decelerations that might be associated with acidosis, the direct cause of acidosis is not a primary adverse effect of opioids. - Option D (Neonatal arrhythmia): Opioids are not known to directly cause neonatal arrhythmias. - Option E (Neonatal respiratory depression): This is the most significant concern with the use of opioids during labor, as it can lead to difficulty breathing in the newborn, necessitating immediate intervention such as suctioning and possibly positive pressure ventilation. Therefore, the most likely adverse effect of an intravenous opioid in this patient is neonatal respiratory depression.",True,0.0,1.0,0.0405,0.06,0.4026,0.1416,0.1071,0.1327,0.1327,0.5014,14.0
524,"Three days after an operation for uterine cancer, a hospitalized 67-year-old woman develops edema of the right lower extremity. Doppler ultrasonography shows a deep venous thrombosis (DVT). Review of the patient's record indicates that no DVT prophylaxis was initiated perioperatively. Which of the following is the best approach to prevent a similar adverse event in the future?",Which of the following is the best approach to prevent a similar adverse event in the future?,14B-Qwen25,"Option A: Conducting a nursing in-service regarding DVT prophylaxis is a good educational initiative but may not be sufficient on its own to ensure consistent application of DVT prevention measures across all patients. While education is important, it needs to be paired with clear policies and standardized procedures to ensure compliance. Option B: Developing an institutional policy with standardized orders for DVT prophylaxis is the most comprehensive approach. It ensures that all healthcare providers are aware of the necessary steps to prevent DVT and can follow a set protocol without ambiguity. This approach addresses systemic issues and helps prevent such adverse events from occurring in other patients. Option C: Encouraging early ambulation during the postoperative period is beneficial for overall recovery and can help reduce the risk of DVT, but it is not a complete solution. Patients who are unable to walk due to their condition or surgery still require additional preventive measures. Option D: Prescribing low-molecular-weight heparin for all postoperative patients could be effective, but it should be part of a broader strategy that includes assessing individual patient risks and contraindications. Not all patients may need anticoagulant therapy, and some may have conditions that make such treatment inappropriate. Option E: Stating that no intervention is needed because this is an isolated case is incorrect. Preventable adverse events like DVTs can have serious consequences and should be addressed proactively to improve patient safety and outcomes. Ignoring the issue would not prevent similar occurrences in the future.",True,0.09,0.67,0.0,0.0487,0.2601,0.0977,0.0379,0.0827,0.0827,0.5273,14.0
534,"A 55-year-old man comes to the emergency department because of a 6-hour history of diffuse abdominal pain and subjective fever. His most recent bowel movement 4 hours ago was loose but not bloody. He reports no chills or urinary symptoms. Medical history is remarkable for gastroesophageal reflux disease and alcoholic cirrhosis. Medications are furosemide, spironolactone, lactulose, and pantoprazole. The patient appears uncomfortable. Temperature is 37.8°C (100.0°F), pulse is 88/min, respirations are 14/min, and blood pressure is 104/66 mm Hg. Physical examination shows conjunctival icterus and abdominal distention. Bowel sounds are normal. There is moderate diffuse abdominal tenderness with mild guarding but no rebound tenderness. Results of laboratory studies are shown: Serum ALT: 70 U/L AST: 85 U/L Alkaline phosphatase: 66 U/L Total bilirubin: 3.5 mg/dL Creatinine: 0.6 mg/dL Blood Hematocrit: 39% Hemoglobin: 13.0 g/dL Leukocyte count: 11,300/mm³ Platelet count: 66,000/mm³ Partial thromboplastin time: 39 seconds Prothrombin time: 17.2 seconds Abdominal paracentesis is done, and analysis of the ascitic fluid shows a segmented neutrophil cell count of 288 cells/mm³. Results of blood and ascitic fluid cultures are pending. Which of the following is the most appropriate pharmacotherapy at this time?",Which of the following is the most appropriate pharmacotherapy at this time?,14B-Qwen25,"Given the patient's presentation with diffuse abdominal pain, fever, and findings consistent with spontaneous bacterial peritonitis (SBP) based on the elevated white blood cell count in the ascitic fluid (288 cells/mm³), the most appropriate initial antibiotic therapy is cefotaxime. SBP is a serious complication of cirrhosis and ascites, often presenting with fever, abdominal pain, and changes in mental status, though not all patients will have these classic signs. The diagnosis is supported by an ascitic fluid polymorphonuclear leukocyte (PMN) count greater than 250 cells/mm³, which this patient has. - Option A (Cefotaxime): This is the correct choice as it provides broad-spectrum coverage against the common gram-negative bacteria that cause SBP, such as Escherichia coli, Klebsiella pneumoniae, and Enterobacter species. It also covers some gram-positive organisms, making it suitable for empiric treatment while awaiting culture results. - Option B (Clindamycin): While clindamycin can be used for certain infections, it does not cover the typical pathogens associated with SBP and is generally not recommended as first-line therapy for this condition. - Option C (Metronidazole): Although metronidazole is effective against anaerobic bacteria, it does not provide adequate coverage for the aerobic gram-negative rods that are the primary cause of SBP. - Option D (Oxacillin): Oxacillin is primarily used for methicillin-sensitive Staphylococcus aureus (MSSA) infections and does not cover the gram-negative bacteria typically responsible for SBP. - Option E (Vancomycin): Vancomycin is used for treating MRSA and other gram-positive infections but does not provide adequate coverage for the gram-negative bacteria that are the usual culprits in SBP. - Option F (No pharmacotherapy is indicated at this time): Given the clinical suspicion of SBP and the laboratory evidence supporting this diagnosis, initiating appropriate antibiotic therapy is crucial to prevent complications and improve outcomes. Therefore, the immediate initiation of cefotaxime is the most appropriate pharmacotherapy in this scenario.",True,0.11,1.0,0.0056,0.0279,0.2161,0.0687,0.0377,0.0562,0.0562,0.4536,14.0
551,"A 27-year-old primigravid woman comes to the physician for her first prenatal visit 10 weeks after a home pregnancy test was positive. She feels well, and her pregnancy has been uncomplicated. She previously used an oral contraceptive but discontinued it 3 months ago. She has no history of sexually transmitted diseases. She is sexually active in a monogamous relationship with a male partner who is the father. She has had five lifetime sexual partners. She has a pet cat. Examination shows a uterus consistent in size with a 10-week gestation. Testing for which of the following infectious conditions is the most appropriate recommendation for this patient?",Testing for which of the following infectious conditions is the most appropriate recommendation for this patient?,32B-Qwen25,"For a pregnant woman, especially during the first prenatal visit, screening for HIV is crucial. The Centers for Disease Control and Prevention (CDC) recommends that all pregnant women be tested for HIV as part of routine prenatal care, regardless of their perceived risk. This is because early detection and treatment can significantly reduce the risk of mother-to-child transmission of HIV, which can have severe consequences for the infant. A. Bacterial vaginosis: While bacterial vaginosis can be a concern during pregnancy, it is not typically screened for at the first prenatal visit unless there are symptoms or risk factors present. It is more commonly addressed if the patient presents with symptoms such as abnormal vaginal discharge. B. Cytomegalovirus (CMV): CMV is a common virus that can be transmitted to the fetus, but routine screening for CMV is not typically recommended in the absence of symptoms or specific risk factors. The focus is more on prevention and education about avoiding exposure to the virus. C. Epstein-Barr virus (EBV): EBV is the virus that causes mononucleosis, and while it can be present in pregnant women, routine screening is not recommended. Most people are exposed to EBV during childhood or adolescence, and it rarely causes complications in pregnancy. D. HIV: As mentioned, HIV screening is a standard recommendation for all pregnant women. Early detection allows for antiretroviral therapy to be initiated, which can significantly reduce the risk of transmitting HIV to the baby. E. Human papillomavirus (HPV): HPV is a common sexually transmitted infection, but routine screening for HPV during pregnancy is not typically recommended. The focus is more on managing any cervical abnormalities that may be detected through routine Pap smear testing, which is not usually performed during the first trimester of pregnancy. Given the patient's history of having had five lifetime sexual partners, it is important to screen for HIV to ensure the health of both the mother and the unborn child.",True,0.16,0.0,0.0,0.0246,0.1262,0.0706,0.0118,0.0588,0.0588,0.4707,32.0
568,"A 16-year-old boy is brought to the emergency department because of a 6-hour history of severe right-sided scrotal pain. He has not had penile discharge, fever, abdominal pain, vomiting, or diarrhea. He has no history of similar pain or any trauma to the region. He is sexually active with one female partner and uses condoms inconsistently. Vital signs are within normal limits. Abdominal examination shows no abnormalities. Genitourinary examination shows moderate edema and diffuse tenderness to palpation of the right scrotum; there is mild erythema. Lifting the right testicle does not relieve the pain. The left testicle is lower than the right testicle. Cremasteric reflex is present on the left and absent on the right. Which of the following is the most likely diagnosis?",Which of the following is the most likely diagnosis?,32B-Qwen25,"- Testicular torsion is characterized by sudden, severe pain in the scrotum, often without a history of trauma. The absence of cremasteric reflex on the affected side, as seen in this case, is a key diagnostic sign. The elevated position of the testicle and the lack of pain relief upon lifting the testicle (Prehn's sign) are also indicative of torsion. The patient's age (adolescent) and the acute onset of pain are consistent with testicular torsion, which is a urological emergency requiring prompt surgical intervention to prevent testicular loss. - Epididymitis (Option A) typically presents with gradual onset of pain, often associated with urinary symptoms, fever, and a history of sexually transmitted infections. The presence of a urinary tract infection or sexually transmitted disease would be more likely in this case if the patient had symptoms such as penile discharge, fever, or urinary symptoms, which are not present here. - Testicular tumor (Option C) usually presents with a painless mass in the scrotum and is not associated with the acute onset of severe pain or the absence of cremasteric reflex. - Torsion of the appendix testis (Option D) can cause acute scrotal pain but is usually less severe and more common in younger children. It often resolves spontaneously and is not associated with the absence of cremasteric reflex. - Urinary tract infection (Option E) would typically present with urinary symptoms such as dysuria, frequency, or urgency, and possibly fever, which are not present in this case. - Varicocele (Option F) is a dilated vein in the scrotum, usually asymptomatic or causing a dull ache, and is not associated with the acute onset of severe pain or the absence of cremasteric reflex.",True,0.33,0.0,0.0,0.0155,0.0845,0.0421,0.0071,0.0351,0.0351,0.4036,32.0
569,"A 64-year-old man comes to the clinic because of a 2-week history of severe pain and generalized muscle weakness. He has hypercholesteremia and hypertension. Three months ago, he had a myocardial infarction. At that time, he began atorvastatin therapy. Other medications are clopidogrel, lisinopril, and amiodarone. He is 178 cm (5 ft 10 in) tall and weighs 82 kg (180 lb); BMI is 26 kg/m² Pulse is 80/min and blood pressure is 125/67 mm Hg. Muscle strength is 4/5 on abduction of the shoulders and flexion of the hips. Deep tendon reflexes are 2+ throughout. No other abnormalities are noted. Measurement of which of the following is the most appropriate initial step in diagnosis?",Measurement of which of the following is the most appropriate initial step in diagnosis?,32B-Qwen25,"The patient presents with a 2-week history of severe pain and generalized muscle weakness, which could be indicative of a myopathy. Given the patient's recent myocardial infarction and the initiation of atorvastatin therapy, statin-induced myopathy should be considered as a potential diagnosis. Statins are known to cause myopathy, which can range from mild muscle aches to severe rhabdomyolysis. The most specific and sensitive marker for muscle damage is the serum creatine kinase (CK) activity. Elevated CK levels can confirm the presence of muscle damage and help in diagnosing statin-induced myopathy. A. Erythrocyte sedimentation rate (ESR) - While ESR can be elevated in inflammatory conditions, it is not specific to muscle damage and would not be the most appropriate initial test in this scenario. B. Serum ALT activity - Elevated ALT levels can indicate liver damage, but they are not specific to muscle damage and would not be the most appropriate initial test for diagnosing myopathy. C. Serum calcium concentration - Abnormal serum calcium levels can be associated with various conditions, including muscle weakness, but they are not specific to myopathy and would not be the most appropriate initial test in this case. D. Serum C-reactive protein (CRP) concentration - CRP is a marker of inflammation and can be elevated in various inflammatory conditions, but it is not specific to muscle damage and would not be the most appropriate initial test for diagnosing myopathy. E. Serum creatine kinase activity - This is the most appropriate initial test as it directly measures muscle damage and can help in diagnosing statin-induced myopathy. Elevated CK levels would support the diagnosis and guide further management, including potential discontinuation or adjustment of atorvastatin therapy.",True,0.16,0.67,0.0065,0.0354,0.206,0.0751,0.0275,0.0751,0.0751,0.4248,32.0
587,"A 32-year-old woman is brought to the emergency department immediately after being involved in a motor vehicle collision. She was the unrestrained driver. On arrival, she says she has severe pain in her right groin. On examination, any movement of the right hip produces pain. An x-ray of the pelvis shows a completely displaced fracture of the femoral neck. In addition to intravenous morphine, which of the following is the most appropriate management?","In addition to intravenous morphine, which of the following is the most appropriate management?",32B-Qwen25,"A completely displaced fracture of the femoral neck in a 32-year-old patient is a serious condition that typically requires surgical intervention. Here's why each option is correct or incorrect: A. Bed rest - This is not an appropriate management for a completely displaced femoral neck fracture. Bed rest alone would not address the displacement and could lead to complications such as avascular necrosis, nonunion, or malunion of the fracture. B. Closed reduction followed by traction - While closed reduction might be considered for certain types of fractures, a completely displaced femoral neck fracture is unlikely to be successfully reduced without surgery. Traction alone would not be sufficient to maintain the reduction and stabilize the fracture. C. Hip spica hinge brace - This type of brace is more commonly used for fractures in pediatric patients or for certain types of fractures in adults where the bone is not completely displaced. It would not be effective for a completely displaced femoral neck fracture in an adult. D. Limited weight bearing with use of crutches - This approach is not suitable for a completely displaced femoral neck fracture. The displacement indicates that the bone is not in proper alignment, and allowing any weight-bearing could worsen the displacement and lead to further complications. E. Operative reduction and internal fixation - This is the most appropriate management for a completely displaced femoral neck fracture. Surgery allows for the precise realignment of the bone and the use of internal fixation devices (such as screws) to stabilize the fracture. This approach is necessary to restore the anatomy, prevent complications such as avascular necrosis, and allow for proper healing and recovery.",True,0.29,0.33,0.0067,0.0299,0.1811,0.0629,0.0352,0.0629,0.0629,0.4587,32.0
601,"A 1-hour-old male newborn is examined in the hospital nursery. He was born at term to a 22-year-old woman, gravida 1, para 1, with HIV infection. The mother took antiretroviral therapy throughout her pregnancy, and her HIV viral load was consistently <1000 copies/mL. She received intravenous zidovudine (AZT) during labor. The patient’s Apgar scores were 8 and 9 at 1 and 5 minutes, respectively. He is at the 50th percentile for length, weight, and head circumference. He appears well. Examination shows no abnormalities. In addition to administration of the hepatitis B vaccine, which of the following is the most appropriate pharmacotherapy for this newborn?","In addition to administration of the hepatitis B vaccine, which of the following is the most appropriate pharmacotherapy for this newborn?",32B-Qwen25,"Given the scenario, the newborn is at risk for HIV infection due to the mother's HIV status. The mother's antiretroviral therapy during pregnancy and intravenous zidovudine (AZT) during labor are measures to reduce the risk of mother-to-child transmission of HIV. However, despite these preventive measures, the newborn still requires post-exposure prophylaxis to further reduce the risk of infection. - Option A: Lopinavir-ritonavir and trimethoprim-sulfamethoxazole - This combination is not the first-line treatment for neonatal prophylaxis against HIV. Lopinavir-ritonavir is a protease inhibitor used in the treatment of HIV, but it is not typically used as a prophylactic agent in newborns. Trimethoprim-sulfamethoxazole is used for the prevention of opportunistic infections in HIV-positive individuals, not as a prophylactic against HIV infection itself. - Option B: Lopinavir-ritonavir only - As mentioned, lopinavir-ritonavir is not the first-line prophylactic agent for newborns at risk of HIV infection. It is used in the treatment of HIV, not as a prophylactic. - Option C: Penicillin - Penicillin is an antibiotic used to treat bacterial infections and is not effective against HIV. It is not used for HIV prophylaxis in newborns. - Option D: Trimethoprim-sulfamethoxazole only - Trimethoprim-sulfamethoxazole is used to prevent opportunistic infections in HIV-positive individuals, but it is not used as a prophylactic against HIV infection itself. - Option E: Zidovudine (AZT) - Zidovudine (AZT) is the correct answer. It is the standard of care for neonatal prophylaxis against HIV. The newborn should receive oral AZT for 6 weeks to reduce the risk of HIV infection. This is based on the mother's HIV status and the need to provide additional protection to the newborn, despite the mother's antiretroviral therapy during pregnancy and labor.",True,0.23,0.0,0.0,0.0353,0.1434,0.0782,0.0066,0.0717,0.0717,0.4128,32.0
610,"A 3-week-old boy is brought to the physician by his mother because of a 5-day history of yellow eyes and skin and white stools. Pregnancy and delivery were uncomplicated. The patient's temperature is 37.1°C (98.8°F), pulse is 160/min, respirations are 40/min, and blood pressure is 85/50 mm Hg. Examination shows diffuse jaundice. Cardiopulmonary examination shows no abnormalities. The abdomen is nontender. The liver edge is palpated 4 cm below the right costal margin. The spleen tip is palpated 3 cm below the left costal margin. Laboratory studies show: Leukocyte count: 10,000/mm³ Serum Bilirubin, total: 16 mg/dL Direct: 12 mg/dL AST: 800 U/L ALT: 500 U/L Amylase: 100 U/L Which of the following is the most appropriate next step in diagnosis?","Laboratory studies show: Leukocyte count: 10,000/mm³ Serum Bilirubin, total: 16 mg/dL Direct: 12 mg/dL AST: 800 U/L ALT: 500 U/L Amylase: 100 U/L Which of the following is the most appropriate next step in diagnosis?",32B-Qwen25,"The clinical presentation of a 3-week-old boy with jaundice, white stools, and an enlarged liver and spleen suggests a biliary obstruction, which is a common cause of neonatal jaundice. The elevated direct bilirubin, AST, and ALT levels further support this suspicion, indicating liver dysfunction and possible biliary pathology. - Option A: Air-contrast enema - This procedure is typically used to diagnose conditions such as intussusception or Hirschsprung's disease, which are not indicated by the patient's symptoms and laboratory findings. It is not a primary diagnostic tool for biliary obstruction or liver pathology. - Option B: Ultrasonography of the abdomen - This is the most appropriate next step. Ultrasonography is non-invasive, does not involve radiation, and is highly effective in evaluating the liver, gallbladder, and bile ducts. It can help identify the cause of biliary obstruction, such as biliary atresia, choledochal cysts, or other structural abnormalities. - Option C: Upper gastrointestinal series - This is not indicated for the diagnosis of biliary obstruction or liver pathology. It is more relevant for evaluating the esophagus, stomach, and small intestine for structural abnormalities or motility disorders. - Option D: Colonoscopy - This procedure is not indicated for the diagnosis of biliary obstruction or liver pathology. It is used to evaluate the colon and rectum for structural abnormalities, inflammation, or malignancy. - Option E: Esophagogastroduodenoscopy (EGD) - This procedure is used to evaluate the esophagus, stomach, and duodenum. It is not indicated for the diagnosis of biliary obstruction or liver pathology. Given the clinical presentation and laboratory findings, ultrasonography of the abdomen is the most appropriate next step to diagnose the underlying cause of the biliary obstruction and liver dysfunction.",True,0.23,0.23,0.0095,0.0563,0.2374,0.1019,0.0385,0.0892,0.0892,0.4713,32.0
612,A 27-year-old primigravid woman at 41 weeks' gestation is admitted to the hospital for induction of labor. She has received cervical ripening agents and is now receiving oxytocin. The cervix is 9 cm dilated and 100% effaced; the vertex is at 0 station. Fetal monitoring shows contractions every 3 minutes and a reassuring heart rate. She requests pain medication. Which of the following is the most likely adverse effect of an intravenous opioid in this patient?,Which of the following is the most likely adverse effect of an intravenous opioid in this patient?,32B-Qwen25,"- E. Neonatal respiratory depression: This is the most likely adverse effect of an intravenous opioid in this patient. Opioids, such as fentanyl or morphine, can cross the placenta and affect the fetal respiratory center, leading to respiratory depression in the newborn. This is a well-known risk associated with the use of opioids during labor and delivery. - A. Maternal fever: While maternal fever can occur in labor, it is not a direct adverse effect of intravenous opioids. Maternal fever can be due to various causes, including infection, but it is not typically associated with opioid use. - B. Maternal tachycardia: Opioids generally do not cause tachycardia; instead, they can lead to bradycardia or have minimal effect on heart rate. Tachycardia is more commonly associated with other medications or conditions such as anxiety or pain. - C. Neonatal acidosis: Neonatal acidosis can occur due to various factors, including hypoxia, but it is not a direct adverse effect of intravenous opioids. While opioids can indirectly affect fetal acid-base balance by causing respiratory depression, the primary concern is respiratory depression itself. - D. Neonatal arrhythmia: Neonatal arrhythmia is not a typical adverse effect of intravenous opioids. Opioids do not directly cause arrhythmias in the newborn. The primary concern with opioids is their impact on the respiratory system. Therefore, the most likely adverse effect of an intravenous opioid in this patient is neonatal respiratory depression.",True,0.1,1.0,0.0379,0.0562,0.3716,0.122,0.0984,0.122,0.122,0.4605,32.0
633,"Three days after an operation for uterine cancer, a hospitalized 67-year-old woman develops edema of the right lower extremity. Doppler ultrasonography shows a deep venous thrombosis (DVT). Review of the patient's record indicates that no DVT prophylaxis was initiated perioperatively. Which of the following is the best approach to prevent a similar adverse event in the future?",Which of the following is the best approach to prevent a similar adverse event in the future?,32B-Qwen25,"A. Conducting a nursing in-service regarding DVT prophylaxis is a good educational step, but it may not be sufficient to ensure consistent and effective prophylaxis across all patients and staff. Education alone does not guarantee adherence to best practices. B. Developing an institutional policy with standardized orders for DVT prophylaxis is the best approach. This ensures that all patients, regardless of their specific care team, receive appropriate prophylaxis based on their risk factors. Standardized orders can be integrated into the electronic health record system, making it easier for healthcare providers to follow and reducing the likelihood of human error. C. Encouraging early ambulation during the postoperative period is beneficial and can help reduce the risk of DVT, but it is not a comprehensive solution. While ambulation is a component of DVT prophylaxis, it should be combined with other measures such as pharmacological prophylaxis to be most effective. D. Prescribing low-molecular-weight heparin for all postoperative patients is a broad approach that may not be appropriate for all patients due to potential contraindications or individual risk factors. A standardized policy would allow for tailored prophylaxis based on patient-specific risk factors and contraindications. E. The statement that no intervention is indicated because this is an isolated case and does not occur frequently is incorrect. DVT is a significant complication that can occur in postoperative patients, especially those undergoing major surgery like uterine cancer surgery. Ignoring this event could lead to future preventable complications. Therefore, a proactive approach to prevent such events is necessary.",True,0.18,0.33,0.0037,0.0471,0.2326,0.0959,0.0372,0.0664,0.0664,0.5136,32.0
643,"A 55-year-old man comes to the emergency department because of a 6-hour history of diffuse abdominal pain and subjective fever. His most recent bowel movement 4 hours ago was loose but not bloody. He reports no chills or urinary symptoms. Medical history is remarkable for gastroesophageal reflux disease and alcoholic cirrhosis. Medications are furosemide, spironolactone, lactulose, and pantoprazole. The patient appears uncomfortable. Temperature is 37.8°C (100.0°F), pulse is 88/min, respirations are 14/min, and blood pressure is 104/66 mm Hg. Physical examination shows conjunctival icterus and abdominal distention. Bowel sounds are normal. There is moderate diffuse abdominal tenderness with mild guarding but no rebound tenderness. Results of laboratory studies are shown: Serum ALT: 70 U/L AST: 85 U/L Alkaline phosphatase: 66 U/L Total bilirubin: 3.5 mg/dL Creatinine: 0.6 mg/dL Blood Hematocrit: 39% Hemoglobin: 13.0 g/dL Leukocyte count: 11,300/mm³ Platelet count: 66,000/mm³ Partial thromboplastin time: 39 seconds Prothrombin time: 17.2 seconds Abdominal paracentesis is done, and analysis of the ascitic fluid shows a segmented neutrophil cell count of 288 cells/mm³. Results of blood and ascitic fluid cultures are pending. Which of the following is the most appropriate pharmacotherapy at this time?",Which of the following is the most appropriate pharmacotherapy at this time?,32B-Qwen25,"The patient's presentation, including abdominal pain, fever, and laboratory findings, suggests a diagnosis of spontaneous bacterial peritonitis (SBP), which is a common complication in patients with cirrhosis and ascites. The ascitic fluid analysis showing a neutrophil count of 288 cells/mm³ supports this diagnosis, as a count of 250 cells/mm³ or more is typically used to diagnose SBP. Given the patient's history of alcoholic cirrhosis and the presence of ascites, the most appropriate initial pharmacotherapy is a broad-spectrum antibiotic that can cover the common pathogens associated with SBP, which are typically gram-negative bacilli, such as Escherichia coli. - Cefotaxime (Option A): This is a third-generation cephalosporin that has good activity against gram-negative bacilli, making it a suitable choice for the empirical treatment of SBP. It is effective against the most common causative organisms of SBP and is administered intravenously, which is appropriate for a patient in the emergency department. - Clindamycin (Option B): This antibiotic is primarily used for anaerobic infections and some gram-positive bacteria. It is not the first-line treatment for SBP, which is predominantly caused by gram-negative bacteria. - Metronidazole (Option C): This is an antibiotic used primarily for anaerobic infections and certain protozoal infections. While it can be used in combination with other antibiotics for SBP, it is not the primary choice for initial monotherapy. - Oxacillin (Option D): This antibiotic is used for treating infections caused by gram-positive bacteria, particularly Staphylococcus aureus. It is not effective against the gram-negative bacteria that are the primary cause of SBP. - Vancomycin (Option E): This is an antibiotic used for severe infections caused by gram-positive bacteria, particularly methicillin-resistant Staphylococcus aureus (MRSA). It is not indicated for the treatment of SBP, which is primarily caused by gram-negative bacteria. - No pharmacotherapy is indicated at this time (Option F): This is incorrect because the patient's clinical presentation and laboratory findings strongly suggest SBP, which requires prompt antibiotic therapy to prevent complications and improve outcomes. Therefore, the most appropriate pharmacotherapy at this time is Cefotaxime, given its efficacy against the likely causative organisms of SBP and its suitability for intravenous administration in an emergency setting.",True,0.19,1.0,0.0098,0.0243,0.2047,0.0587,0.0322,0.0587,0.0587,0.4406,32.0
660,"A 27-year-old primigravid woman comes to the physician for her first prenatal visit 10 weeks after a home pregnancy test was positive. She feels well, and her pregnancy has been uncomplicated. She previously used an oral contraceptive but discontinued it 3 months ago. She has no history of sexually transmitted diseases. She is sexually active in a monogamous relationship with a male partner who is the father. She has had five lifetime sexual partners. She has a pet cat. Examination shows a uterus consistent in size with a 10-week gestation. Testing for which of the following infectious conditions is the most appropriate recommendation for this patient?",Testing for which of the following infectious conditions is the most appropriate recommendation for this patient?,72B-Qwen25,"In prenatal care, screening for certain infectious diseases is a standard practice to ensure the health of both the mother and the fetus. The options provided include several infectious conditions, but the most appropriate recommendation for this patient, based on current guidelines and the information provided, is HIV testing. 1. HIV (Human Immunodeficiency Virus): - Correct: HIV testing is a routine part of prenatal care. Early detection of HIV can significantly improve outcomes for both the mother and the fetus. Antiretroviral therapy can be initiated to reduce the risk of mother-to-child transmission, and other preventive measures can be taken to ensure a healthy pregnancy and delivery. Given that the patient is sexually active and has had multiple lifetime sexual partners, HIV testing is particularly important. 2. Bacterial Vaginosis: - Incorrect: While bacterial vaginosis (BV) is a common condition during pregnancy and can be associated with complications such as preterm labor, it is not typically included in the initial routine prenatal screening unless the patient has symptoms or a history of BV. The patient in this case feels well and has had an uncomplicated pregnancy, so routine testing for BV is not the most appropriate recommendation at this visit. 3. Cytomegalovirus (CMV): - Incorrect: CMV is a common viral infection, but routine screening for CMV in pregnant women is not typically recommended unless the patient has specific risk factors or symptoms. The patient in this case has no history of sexually transmitted diseases and feels well, so CMV testing is not a priority. 4. Epstein-Barr Virus (EBV): - Incorrect: EBV, which causes mononucleosis, is not a routine part of prenatal screening. While EBV can be transmitted to the fetus, the risk of severe complications is low, and there are no specific interventions to prevent or treat congenital EBV infection. Therefore, EBV testing is not a standard recommendation for a healthy, asymptomatic pregnant woman. 5. Human Papillomavirus (HPV): - Incorrect: HPV is a common sexually transmitted infection, and while it can cause genital warts and is associated with cervical cancer, routine HPV testing is not typically part of prenatal care. Cervical cancer screening (Pap smear) is usually recommended during pregnancy, but HPV testing is not a standard part of the initial prenatal visit unless there are specific concerns or a history of abnormal Pap smears. In summary, HIV testing is the most appropriate recommendation for this patient due to its importance in prenatal care and the potential benefits of early detection and treatment.",True,0.26,1.0,0.0106,0.0295,0.224,0.0706,0.0473,0.0612,0.0612,0.4692,72.0
677,"A 16-year-old boy is brought to the emergency department because of a 6-hour history of severe right-sided scrotal pain. He has not had penile discharge, fever, abdominal pain, vomiting, or diarrhea. He has no history of similar pain or any trauma to the region. He is sexually active with one female partner and uses condoms inconsistently. Vital signs are within normal limits. Abdominal examination shows no abnormalities. Genitourinary examination shows moderate edema and diffuse tenderness to palpation of the right scrotum; there is mild erythema. Lifting the right testicle does not relieve the pain. The left testicle is lower than the right testicle. Cremasteric reflex is present on the left and absent on the right. Which of the following is the most likely diagnosis?",Which of the following is the most likely diagnosis?,72B-Qwen25,"The clinical presentation of this 16-year-old boy strongly suggests testicular torsion. Here's a detailed explanation of why this is the most likely diagnosis and why the other options are less likely: - Testicular Torsion (B): This condition occurs when the spermatic cord, which provides blood flow to the testicle, twists and cuts off the blood supply. The key features in this case include: - Severe, sudden onset of scrotal pain: The pain started 6 hours ago and is severe. - Edema and diffuse tenderness: The right scrotum is swollen and tender. - Mild erythema: There is some redness, which can be present in torsion. - Lifting the testicle does not relieve pain: This is a negative Prehn's sign, which is more indicative of torsion. - Cremasteric reflex is absent on the right side: The cremasteric reflex is often absent in testicular torsion because the testicle is not being elevated by the cremaster muscle due to the twisted cord. - No fever, abdominal pain, vomiting, or diarrhea: These symptoms are not typically associated with torsion. - Epididymitis (A): This is an inflammation of the epididymis, often caused by a bacterial infection. It is more common in sexually active males and can be associated with: - Penile discharge: Not present in this case. - Fever: Not present in this case. - Gradual onset of pain: The pain in epididymitis is usually more gradual and not as severe as in torsion. - Positive Prehn's sign: Lifting the testicle often relieves pain in epididymitis, which is not the case here. - Testicular Tumor (C): Tumors are usually painless and present with a mass. They do not typically cause sudden, severe pain or the signs seen in this case. - Torsion of the Appendix Testis (D): This is a less severe condition where the appendix testis, a small, vestigial structure, twists. It can cause: - Sudden pain: But it is usually less severe than in testicular torsion. - Blue dot sign: A small, blue, tender nodule may be visible on the scrotum, which is not mentioned in this case. - Positive Prehn's sign: Lifting the testicle often relieves pain, which is not the case here. - Urinary Tract Infection (E): UTIs can cause pain, but it is usually associated with: - Fever: Not present in this case. - Urinary symptoms: Such as dysuria, frequency, or urgency, which are not mentioned. - No scrotal findings: UTIs do not typically cause scrotal swelling or tenderness. - Varicocele (F): This is a dilation of the veins in the scrotum, usually asymptomatic and more common on the left side. It does not cause sudden, severe pain or the findings seen in this case. Given the clinical presentation and the absence of other symptoms, testicular torsion is the most likely diagnosis and requires immediate surgical intervention to prevent testicular loss.",True,0.36,1.0,0.0036,0.0125,0.126,0.0346,0.0217,0.0346,0.0346,0.3562,72.0
678,"A 64-year-old man comes to the clinic because of a 2-week history of severe pain and generalized muscle weakness. He has hypercholesteremia and hypertension. Three months ago, he had a myocardial infarction. At that time, he began atorvastatin therapy. Other medications are clopidogrel, lisinopril, and amiodarone. He is 178 cm (5 ft 10 in) tall and weighs 82 kg (180 lb); BMI is 26 kg/m² Pulse is 80/min and blood pressure is 125/67 mm Hg. Muscle strength is 4/5 on abduction of the shoulders and flexion of the hips. Deep tendon reflexes are 2+ throughout. No other abnormalities are noted. Measurement of which of the following is the most appropriate initial step in diagnosis?",Measurement of which of the following is the most appropriate initial step in diagnosis?,72B-Qwen25,"The patient's presentation of severe pain and generalized muscle weakness, along with a recent history of atorvastatin therapy, suggests a possible statin-induced myopathy. Statin-induced myopathy is a known side effect of statin therapy, which can range from mild muscle aches to more severe conditions like rhabdomyolysis. The key diagnostic marker for muscle damage is serum creatine kinase (CK) activity. Elevated CK levels indicate muscle breakdown and are a sensitive indicator of myopathy. - Option A: Erythrocyte sedimentation rate (ESR) - While ESR can be elevated in inflammatory conditions, it is not specific to muscle damage and is not the first-line test for diagnosing myopathy. It is more useful in conditions like polymyalgia rheumatica or temporal arteritis, where inflammation is a primary concern. - Option B: Serum ALT activity - Alanine aminotransferase (ALT) is primarily a liver enzyme and is used to assess liver function. While atorvastatin can cause liver enzyme elevations, muscle weakness and pain are not typically associated with liver issues. Therefore, measuring ALT is not the most appropriate initial step in this case. - Option C: Serum calcium concentration - Serum calcium levels are important in assessing conditions like hyperparathyroidism or hypoparathyroidism, which can cause muscle weakness. However, the patient's symptoms and medication history point more strongly towards a myopathy, making this test less relevant as an initial step. - Option D: Serum C-reactive protein (CRP) concentration - CRP is a marker of inflammation and can be elevated in various inflammatory conditions. However, like ESR, it is not specific to muscle damage and is not the best initial test for diagnosing myopathy. - Option E: Serum creatine kinase (CK) activity - This is the most appropriate initial step in diagnosis. Elevated CK levels are a hallmark of muscle damage and are particularly relevant in the context of statin-induced myopathy. If CK levels are significantly elevated, it would support the diagnosis and guide further management, such as adjusting or discontinuing the statin therapy. Given the patient's symptoms and medication history, measuring serum creatine kinase activity is the most appropriate initial step to diagnose and manage the suspected myopathy.",True,0.09,0.67,0.0127,0.0303,0.1986,0.0665,0.039,0.0665,0.0665,0.4082,72.0
696,"A 32-year-old woman is brought to the emergency department immediately after being involved in a motor vehicle collision. She was the unrestrained driver. On arrival, she says she has severe pain in her right groin. On examination, any movement of the right hip produces pain. An x-ray of the pelvis shows a completely displaced fracture of the femoral neck. In addition to intravenous morphine, which of the following is the most appropriate management?","In addition to intravenous morphine, which of the following is the most appropriate management?",72B-Qwen25,"In the case of a 32-year-old woman with a completely displaced fracture of the femoral neck following a motor vehicle collision, the most appropriate management is operative reduction and internal fixation. Here's why each option is correct or incorrect: A. Bed rest - This is not an appropriate management for a displaced femoral neck fracture. Bed rest alone does not address the displacement and can lead to complications such as nonunion, avascular necrosis, and deep vein thrombosis (DVT). B. Closed reduction followed by traction - While closed reduction can be attempted in some fractures, it is generally not the preferred method for a completely displaced femoral neck fracture. The risk of inadequate reduction and subsequent complications (such as avascular necrosis) is high. Additionally, traction is not a definitive treatment and is often used as a temporary measure before surgical intervention. C. Hip spica hinge brace - This is not a suitable treatment for a displaced femoral neck fracture. A hip spica brace is more commonly used for certain types of pelvic fractures or in pediatric patients with certain hip conditions. It does not provide the necessary stabilization and alignment required for a displaced femoral neck fracture. D. Limited weight bearing with use of crutches - This is not an appropriate management for a displaced femoral neck fracture. Limited weight bearing can be part of the postoperative rehabilitation, but it does not address the displacement and instability of the fracture. It is not a definitive treatment and can lead to complications such as nonunion and avascular necrosis. E. Operative reduction and internal fixation - This is the most appropriate management for a completely displaced femoral neck fracture. Surgical intervention is necessary to realign the fracture and stabilize it with internal fixation (such as screws or a plate). This approach provides the best chance for proper healing and reduces the risk of complications such as nonunion and avascular necrosis. Operative reduction and internal fixation are standard treatments for displaced femoral neck fractures, especially in younger patients who have a higher demand for functional recovery and a lower risk of complications from surgery.",True,0.29,0.33,0.0052,0.0284,0.1618,0.0552,0.0278,0.0497,0.0497,0.4542,72.0
710,"A 1-hour-old male newborn is examined in the hospital nursery. He was born at term to a 22-year-old woman, gravida 1, para 1, with HIV infection. The mother took antiretroviral therapy throughout her pregnancy, and her HIV viral load was consistently <1000 copies/mL. She received intravenous zidovudine (AZT) during labor. The patient’s Apgar scores were 8 and 9 at 1 and 5 minutes, respectively. He is at the 50th percentile for length, weight, and head circumference. He appears well. Examination shows no abnormalities. In addition to administration of the hepatitis B vaccine, which of the following is the most appropriate pharmacotherapy for this newborn?","In addition to administration of the hepatitis B vaccine, which of the following is the most appropriate pharmacotherapy for this newborn?",72B-Qwen25,"In the context of a newborn born to an HIV-positive mother, the primary concern is the prevention of mother-to-child transmission (MTCT) of HIV. The mother in this case has been on antiretroviral therapy (ART) throughout her pregnancy, and her viral load was consistently <1000 copies/mL, which is a good indicator of effective viral suppression. Additionally, she received intravenous zidovudine (AZT) during labor, which is a standard prophylactic measure to reduce the risk of HIV transmission during delivery. For the newborn, the most appropriate pharmacotherapy is zidovudine (AZT). Here’s why each option is correct or incorrect: - E. Zidovudine (AZT): This is the correct answer. AZT is the recommended prophylactic treatment for newborns born to HIV-positive mothers. It is given to the newborn to further reduce the risk of HIV transmission. The typical regimen is 2 mg/kg every 12 hours, starting within 6-12 hours of birth and continuing for 6 weeks. - A. Lopinavir-ritonavir and trimethoprim-sulfamethoxazole: This combination is not appropriate for a newborn in this scenario. Lopinavir-ritonavir is a protease inhibitor used in combination ART for HIV, but it is not typically used as prophylaxis in newborns. Trimethoprim-sulfamethoxazole is used to prevent Pneumocystis jirovecii pneumonia (PCP) in HIV-infected individuals, but it is not indicated for newborns in the first few weeks of life, especially when the mother’s viral load is well-controlled. - B. Lopinavir-ritonavir only: This is incorrect for the same reasons as option A. Lopinavir-ritonavir is not used as prophylaxis in newborns and is more appropriate for treating HIV in older children and adults. - C. Penicillin: This is incorrect. Penicillin is an antibiotic used to treat bacterial infections, not to prevent HIV transmission. It has no role in the prophylaxis of HIV in newborns. - D. Trimethoprim-sulfamethoxazole only: This is incorrect. As mentioned earlier, trimethoprim-sulfamethoxazole is used to prevent PCP in HIV-infected individuals, but it is not indicated for newborns in the first few weeks of life, especially when the mother’s viral load is well-controlled. In summary, the most appropriate pharmacotherapy for this newborn is zidovudine (AZT) to prevent mother-to-child transmission of HIV.",True,0.31,0.2,0.0098,0.0414,0.2505,0.0831,0.0366,0.0779,0.0779,0.4346,72.0
719,"A 3-week-old boy is brought to the physician by his mother because of a 5-day history of yellow eyes and skin and white stools. Pregnancy and delivery were uncomplicated. The patient's temperature is 37.1°C (98.8°F), pulse is 160/min, respirations are 40/min, and blood pressure is 85/50 mm Hg. Examination shows diffuse jaundice. Cardiopulmonary examination shows no abnormalities. The abdomen is nontender. The liver edge is palpated 4 cm below the right costal margin. The spleen tip is palpated 3 cm below the left costal margin. Laboratory studies show: Leukocyte count: 10,000/mm³ Serum Bilirubin, total: 16 mg/dL Direct: 12 mg/dL AST: 800 U/L ALT: 500 U/L Amylase: 100 U/L Which of the following is the most appropriate next step in diagnosis?","Laboratory studies show: Leukocyte count: 10,000/mm³ Serum Bilirubin, total: 16 mg/dL Direct: 12 mg/dL AST: 800 U/L ALT: 500 U/L Amylase: 100 U/L Which of the following is the most appropriate next step in diagnosis?",72B-Qwen25,"The clinical presentation of this 3-week-old boy, including jaundice, white stools, and hepatosplenomegaly, along with the laboratory findings of elevated direct bilirubin and liver enzymes, strongly suggests a biliary obstruction, such as biliary atresia. Biliary atresia is a serious condition in which the bile ducts inside and outside the liver are scarred and blocked, leading to bile accumulation in the liver and subsequent liver damage. Option B: Ultrasonography of the abdomen is the most appropriate next step in diagnosis. An abdominal ultrasound is a non-invasive, readily available imaging modality that can help identify the presence of biliary atresia by evaluating the bile ducts, liver, and gallbladder. It can also help rule out other causes of jaundice, such as choledochal cysts or gallbladder agenesis. Option A: Air-contrast enema is typically used to diagnose intussusception, a condition where one part of the intestine slides into another, causing obstruction. This is not relevant to the current clinical presentation of biliary obstruction. Option C: Upper gastrointestinal series is used to evaluate the esophagus, stomach, and small intestine for structural abnormalities or obstructions. It is not useful in diagnosing biliary obstruction. Option D: Colonoscopy is used to examine the large intestine and rectum for inflammatory, infectious, or neoplastic conditions. It is not indicated in this case, as the primary concern is biliary obstruction. Option E: Esophagogastroduodenoscopy (EGD) is used to evaluate the esophagus, stomach, and duodenum for conditions such as peptic ulcers, inflammation, or tumors. It is not relevant to the diagnosis of biliary obstruction. Therefore, the most appropriate next step in diagnosis is an abdominal ultrasound to evaluate the biliary system and liver.",True,0.13,0.23,0.016,0.0508,0.2545,0.0889,0.0511,0.0825,0.0825,0.4784,72.0
721,A 27-year-old primigravid woman at 41 weeks' gestation is admitted to the hospital for induction of labor. She has received cervical ripening agents and is now receiving oxytocin. The cervix is 9 cm dilated and 100% effaced; the vertex is at 0 station. Fetal monitoring shows contractions every 3 minutes and a reassuring heart rate. She requests pain medication. Which of the following is the most likely adverse effect of an intravenous opioid in this patient?,Which of the following is the most likely adverse effect of an intravenous opioid in this patient?,72B-Qwen25,"In the context of a 27-year-old primigravid woman at 41 weeks' gestation who is in the active phase of labor and requesting pain medication, the administration of an intravenous opioid is a common practice to manage labor pain. However, opioids can have several adverse effects, and the most significant concern in this scenario is the potential for neonatal respiratory depression. - E. Neonatal respiratory depression: This is the most likely adverse effect of intravenous opioids in a laboring woman. Opioids can cross the placenta and affect the newborn, leading to depressed respiratory function. This is particularly concerning when the medication is given close to delivery, as the effects can be immediate and potentially severe. - A. Maternal fever: While maternal fever can occur during labor, it is not a common adverse effect of intravenous opioids. Fever in labor is more often associated with other factors, such as infection (e.g., chorioamnionitis). - B. Maternal tachycardia: Opioids can cause a slight increase in heart rate, but this is not a major concern and is generally not a significant adverse effect in the context of labor. Tachycardia is more commonly associated with other conditions, such as anxiety or infection. - C. Neonatal acidosis: Neonatal acidosis can occur in the context of labor, particularly if there are complications such as fetal distress or prolonged labor. However, it is not a direct adverse effect of intravenous opioids. Opioids do not typically cause acidosis in the newborn. - D. Neonatal arrhythmia: Neonatal arrhythmias are rare and not a common adverse effect of intravenous opioids. Arrhythmias in the newborn are more often associated with other underlying conditions or complications. Therefore, the most likely adverse effect of an intravenous opioid in this patient is neonatal respiratory depression, making E the correct answer.",True,0.3,1.0,0.0297,0.0441,0.316,0.0971,0.0782,0.0971,0.0971,0.4948,72.0
742,"Three days after an operation for uterine cancer, a hospitalized 67-year-old woman develops edema of the right lower extremity. Doppler ultrasonography shows a deep venous thrombosis (DVT). Review of the patient's record indicates that no DVT prophylaxis was initiated perioperatively. Which of the following is the best approach to prevent a similar adverse event in the future?",Which of the following is the best approach to prevent a similar adverse event in the future?,72B-Qwen25,"B. Develop an institutional policy with standardized orders for DVT prophylaxis: This is the best approach because it addresses the systemic issue of DVT prophylaxis in a comprehensive and consistent manner. An institutional policy ensures that all patients at risk for DVT receive appropriate prophylaxis, reducing the likelihood of similar adverse events. Standardized orders can be integrated into the electronic health record (EHR) system, making it easier for healthcare providers to follow and reducing the risk of oversight. A. Conduct a nursing in-service regarding DVT prophylaxis: While educating the nursing staff is important, it is not as effective as a comprehensive institutional policy. In-service training can help improve knowledge and awareness, but it does not guarantee that the information will be consistently applied or that all staff will retain the information over time. C. Encourage early ambulation during the postoperative period: Early ambulation is a component of DVT prophylaxis and is beneficial, but it is not sufficient on its own. Some patients may not be able to ambulate early due to their condition or the nature of their surgery. Therefore, a more comprehensive approach that includes pharmacological and mechanical prophylaxis is necessary. D. Prescribe low-molecular-weight heparin for all postoperative patients: This approach is too broad and may not be appropriate for all patients. Not all postoperative patients are at the same risk for DVT, and some may have contraindications to anticoagulation. A more tailored approach, based on individual risk factors, is more appropriate. E. No intervention indicated because this is an isolated case and does not occur frequently: This is the least appropriate option. Even if this case is isolated, it highlights a potential gap in the system that could lead to more cases in the future. Proactive measures to prevent DVT are essential, especially in high-risk populations such as postoperative patients.",True,0.09,1.0,0.003,0.0413,0.2535,0.0864,0.0435,0.0617,0.0617,0.5115,72.0
752,"A 55-year-old man comes to the emergency department because of a 6-hour history of diffuse abdominal pain and subjective fever. His most recent bowel movement 4 hours ago was loose but not bloody. He reports no chills or urinary symptoms. Medical history is remarkable for gastroesophageal reflux disease and alcoholic cirrhosis. Medications are furosemide, spironolactone, lactulose, and pantoprazole. The patient appears uncomfortable. Temperature is 37.8°C (100.0°F), pulse is 88/min, respirations are 14/min, and blood pressure is 104/66 mm Hg. Physical examination shows conjunctival icterus and abdominal distention. Bowel sounds are normal. There is moderate diffuse abdominal tenderness with mild guarding but no rebound tenderness. Results of laboratory studies are shown: Serum ALT: 70 U/L AST: 85 U/L Alkaline phosphatase: 66 U/L Total bilirubin: 3.5 mg/dL Creatinine: 0.6 mg/dL Blood Hematocrit: 39% Hemoglobin: 13.0 g/dL Leukocyte count: 11,300/mm³ Platelet count: 66,000/mm³ Partial thromboplastin time: 39 seconds Prothrombin time: 17.2 seconds Abdominal paracentesis is done, and analysis of the ascitic fluid shows a segmented neutrophil cell count of 288 cells/mm³. Results of blood and ascitic fluid cultures are pending. Which of the following is the most appropriate pharmacotherapy at this time?",Which of the following is the most appropriate pharmacotherapy at this time?,72B-Qwen25,"The patient's presentation, including a history of alcoholic cirrhosis, diffuse abdominal pain, fever, and the presence of ascites with a neutrophil count of 288 cells/mm³, strongly suggests spontaneous bacterial peritonitis (SBP). SBP is a common complication in patients with cirrhosis and ascites, and it is typically caused by gram-negative aerobic bacteria, such as Escherichia coli, Klebsiella pneumoniae, and Enterobacter species. Option A: Cefotaxime - Correct: Cefotaxime is a third-generation cephalosporin that is highly effective against gram-negative bacteria, which are the most common pathogens in SBP. It is the first-line treatment for SBP due to its broad-spectrum activity, good penetration into ascitic fluid, and low risk of nephrotoxicity. Given the patient's clinical presentation and the high likelihood of SBP, cefotaxime is the most appropriate choice. Option B: Clindamycin - Incorrect: Clindamycin is primarily effective against anaerobic bacteria and some gram-positive bacteria. It is not effective against the gram-negative bacteria that are most commonly associated with SBP. Therefore, it is not the appropriate choice for this patient. Option C: Metronidazole - Incorrect: Metronidazole is effective against anaerobic bacteria but not against the gram-negative aerobic bacteria that are the primary cause of SBP. It is not the appropriate choice for this patient. Option D: Oxacillin - Incorrect: Oxacillin is a penicillin derivative that is primarily effective against gram-positive bacteria, particularly methicillin-sensitive Staphylococcus aureus (MSSA). It is not effective against the gram-negative bacteria that are most commonly associated with SBP. Therefore, it is not the appropriate choice for this patient. Option E: Vancomycin - Incorrect: Vancomycin is a glycopeptide antibiotic that is effective against gram-positive bacteria, particularly methicillin-resistant Staphylococcus aureus (MRSA). It is not effective against the gram-negative bacteria that are most commonly associated with SBP. Therefore, it is not the appropriate choice for this patient. Option F: No pharmacotherapy is indicated at this time - Incorrect: Given the high likelihood of SBP based on the patient's clinical presentation and the ascitic fluid analysis, empirical antibiotic therapy is indicated to prevent complications and improve outcomes. Delaying treatment could lead to severe complications, including sepsis and multi-organ failure. In summary, cefotaxime is the most appropriate pharmacotherapy for this patient with suspected spontaneous bacterial peritonitis.",True,0.14,1.0,0.0048,0.0239,0.1904,0.0573,0.0314,0.0573,0.0573,0.4277,72.0
