,background,question,model,explanation,acc,background_recall,ques_recall,bleu4,bleu1,meteor,rouge1,rouge2,rougeL,rougeLsum,bertscore_f1,model_size
15,"A 10-year-old boy with a traumatic brain injury sustained during infancy is examined in the nursing care facility where he resides because he has had no urine output during the past 24 hours. During the past 4 days, he has had decreasing urine output, intermittent fever, rhinorrhea, and cough. As a result of his brain injury, the patient has severe developmental delay and a seizure disorder. He is fed orally, but he is nonverbal and nonambulatory. Medications are levetiracetam, docusate, and multivitamins. The patient is 131 cm (4 ft 2 in; 10th percentile) tall and weighs 26 kg (57 lb; 10th percentile). BMI is 14 kg/m² (10th percentile). Vital signs are temperature 38.8°C (101.8°F), pulse 80/min, respirations 25/min, and blood pressure 110/80 mm Hg. Pulse oximetry on room air shows an oxygen saturation of 95%. The patient appears thin. He is awake and is not in apparent distress. He is responsive to touch. Auscultation of the lungs discloses scattered coarse crackles and rhonchi but good air entry and normal work of breathing. Results of laboratory studies are shown: Serum Blood Urea nitrogen 78 mg/dL Creatinine 3.2 mg/dL Na+ 131 mEq/L K+ 5.6 mEq/L Cl− 88 mEq/L HCO³ −16 mEq/L Urine Specific gravity 1.030 (N=1.003–1.029) Creatinine 90 mg/dL Na+ 8 mEq/L Hematocrit 37% Hemoglobin 12.5 g/dL WBC 12,000/mm3 Neutrophils, segmented 60% Lymphocytes 40% Platelet count 250,000/mm3 Which of the following is the most likely cause of this patient's altered kidney function?","5 g/dL WBC 12,000/mm3 Neutrophils, segmented 60% Lymphocytes 40% Platelet count 250,000/mm3 Which of the following is the most likely cause of this patient's altered kidney function?",0.5B-Qwen25,"The patient exhibits symptoms consistent with a neurogenic bladder, which can be caused by several factors: 1. Neurological Complications: A 10-year-old child with a traumatic brain injury who has developed severe developmental delay and seizures could have neurological complications such as hydrocephalus due to retained cerebrospinal fluid, which can lead to increased urinary tract obstruction and decreased renal function. 2. Urinary Tract Infection (UTI): Although the patient does not have a UTI currently, chronic infections can contribute to urinary tract obstruction if the infection persists. This can affect the kidney's ability to filter waste products from the bloodstream. 3. Acute Renal Failure: Severe developmental delay may impair kidney function, leading to acute renal failure, especially if there is reduced glomerular filtration rate due to the brain injury. This condition can also lead to decreased kidney function. 4. Medication-Related Interstitial Nephritis: While not directly related to urinary function, medication side effects or interactions can sometimes lead to reduced kidney function, particularly in cases where medications like levetiracetam, docusate, and multivitamins are being administered. Given these points, the most likely cause of the patient's altered kidney function is neurogenic bladder, which can result from neurological conditions affecting urinary detrusor muscle function or the development of new neural pathways for controlling urination. Therefore, the most appropriate answer is ""D. Neurogenic bladder.""",False,0.07,0.18,0.012,0.0512,0.259,0.1172,0.0709,0.1016,0.1016,0.4752,0.5
26,"A 32-year-old woman comes to the emergency department because of a 3-day history of fatigue and postural light- headedness. She also reports nausea with one episode of vomiting this morning and adds that her stools and urine have been darker than usual lately. Medical history is significant for stage III-B Hodgkin lymphoma. She started the first cycle of chemotherapy 8 days ago. Additional medications include ferrous gluconate, hydrocodone, and prochlorperazine. She is currently receiving 0.9% saline at 75 mL/hr. Vital signs today are temperature 37.5°C (99.5°F), pulse 76/min supine and 80/min standing, respirations 16/min, and blood pressure 125/65 mm Hg supine and 120/60 mm Hg standing. Pulse oximetry on room air shows an oxygen saturation of 94%. Lungs are clear to auscultation. Cardiac examination discloses a soft systolic murmur at the left upper sternal border. There is no hepatosplenomegaly or tenderness on abdominal examination. Rectal examination discloses no masses. Stool is black and test for occult blood is negative. Results of laboratory studies are shown: Blood Urine Hematocrit 24% Specific gravity 1.032 (N=1.010–1.025) WBC 2400/mm3 Bilirubin Negative Platelet count 78,000/mm3 RBC Negative Which of the following is the most likely explanation for the patient's current condition?","025) WBC 2400/mm3 Bilirubin Negative Platelet count 78,000/mm3 RBC Negative Which of the following is the most likely explanation for the patient's current condition?",0.5B-Qwen25,"The patient's symptoms—fatigue, postural light-headedness, nausea, darkened stools and urine—are consistent with a diagnosis of hemolytic anemia, which occurs when there is an imbalance in red blood cell production leading to reduced levels of normal hemoglobin in the bloodstream. Why Each Option Is Correct: - Option A (Adverse effect of medications): While some medications can cause side effects like fatigue, it’s less common for medication-induced anemia to present exclusively as fatigue and other nonspecific symptoms. - Option B (Bone marrow metastases): This is a serious medical condition where bone marrow cells spread from another site to the central nervous system. It typically presents with neurological symptoms such as numbness, tingling, or weakness, but not necessarily fatigue or darkened stools. - Option C (Gastrointestinal bleeding): While gastrointestinal bleeding can lead to fatigue due to decreased hemoglobin levels, it doesn’t specifically correlate with the specific symptoms described here. - Option D (Hemodilution): This refers to the dilution of blood volume through vomiting and diarrhea. However, it does not explain the presence of darkened stools or the specific symptoms described. Given the patient's clinical presentation and the available information about their medications, including ferrous gluconate and hydrocodone, it's more likely that the hemolytic anemia is responsible for these symptoms rather than any direct interaction between medications and hematological conditions.",False,0.13,0.0,0.0,0.0402,0.1403,0.0884,0.0162,0.0643,0.0643,0.4582,0.5
49,"A 45-year-old man comes to the office for a follow-up examination 2 days after he was seen in the emergency department for a generalized tonic-clonic seizure. He was prescribed chlordiazepoxide upon being discharged but did not fill the prescription. The patient says that this was his third seizure in the past 2 years; prior to that he had no history of seizures. Medical history is also remarkable for a 10-year history of daily ingestion of two six-packs of beer. He has not had any alcoholic beverages for the past 5 days. He takes no medications. The patient says that his seizures usually occur after he abstains from alcohol for a period of time. Vital signs are normal. Physical examination shows scattered spider angiomata on his chest and abdomen. Liver is enlarged, smooth, and nontender. CT scan of the head with contrast done in the emergency department 2 days ago showed no abnormalities. Which of the following is the most appropriate next step?",Which of the following is the most appropriate next step?,0.5B-Qwen25,"This scenario involves evaluating a patient who has experienced several seizures despite avoiding alcohol consumption over the previous 10 years. Given the patient's history of chronic alcoholism (with only one recent episode) and the presence of spider angiomas (a characteristic sign of liver disease), it is crucial to rule out potential underlying causes. Option B (MRI of the brain) is the most appropriate initial step because: 1. Diagnostic Value: Magnetic resonance imaging (MRI) can detect subtle changes in the brain that might be missed by plain X-rays or CT scans. 2. Risk of Confusion: A non-invasive test that doesn't require sedation or anesthesia can help differentiate between benign conditions like liver disease and more serious neurological issues. 3. Prevalent in Patients with Chronic Alcohol Use: While MRI can be used to diagnose various brain diseases, especially those associated with long-term alcohol use, it is less commonly used for acute presentations such as seizures due to its limited sensitivity compared to other tests. Options A (Lumbar puncture for examination of cerebrospinal fluid) and D (Sleep-deprived electroencephalography) may be considered if the patient presents with symptoms suggestive of a metabolic disorder (like epilepsy) rather than a brain pathology. However, these tests are generally reserved for specific cases where there is clear evidence of brain pathology. Option C (Repeat CT scan of the head in 1 week) could be considered initially but would likely miss the underlying cause of the seizures. Given the patient's history of alcoholism and chronicity, repeat testing would be premature without further investigation. Therefore, the MRI of the brain remains the most appropriate initial diagnostic procedure given the patient's history of alcohol abuse and the presence of spider angiomas.",False,0.21,1.0,0.0032,0.0219,0.1261,0.047,0.027,0.047,0.047,0.4444,0.5
65,"A 41-year-old woman comes to the emergency department because of a 3-day history of fever and a 2-day history of worsening flank pain with frequent and painful urination. She describes the pain as constant and says it worsens when she coughs or lies on her right side. She rates the pain as a 5 on a 10-point scale; ibuprofen has provided moderate relief of her pain. She also reports intermittent nausea but has not had vomiting or change in bowel habits. Medical history is significant for several uncomplicated urinary tract infections, most recently 8 months ago. Each infection resolved with antibiotic therapy. She currently takes no medications aside from her recent use of ibuprofen. She is sexually active with one male partner and uses condoms regularly. Vital signs are temperature 39.4°C (103.0°F), pulse 76/min, respirations 20/min, and blood pressure 128/74 mm Hg. Auscultation of the chest discloses normal S1 and S2. Abdomen is soft with normal bowel sounds. There is guarding on the right lateral side and tenderness to compression over the right costophrenic angle. Results of laboratory studies are shown: Serum: Urea nitrogen 18 mg/dL Creatinine 0.9 mg/dL Blood: Hemoglobin 12.8 g/dL WBC 20,000/mm3 Neutrophils, segmented 80% Lymphocytes 15% Eosinophils 2% Monocytes 3% Urine: Specific gravity 1.015 (N=1.003–1.029) Protein Negative Occult blood Negative Leukocyte esterase Positive WBC Too numerous to count Casts Occasional Urine and blood cultures are obtained and sent for analysis. Antibiotic therapy is initiated. Which of the following is the most appropriate next step?",Which of the following is the most appropriate next step?,0.5B-Qwen25,"Given that the patient has multiple urinary tract infections (UTIs) and there is a history of recurrent UTIs, echocardiography is the most appropriate next step. This imaging modality can help assess the structural integrity of the heart, including the valves and heart chambers, which may be affected by previous infections. Additionally, echocardiography can detect any complications related to the UTIs, such as heart failure, valvular disease, or perforation of the urethra, all of which could require surgical intervention. The other options are less suitable: - A. Cystoscopy: While this examination might be necessary if there's an immediate need for treatment, it's typically used for diagnostic purposes rather than monitoring or guiding treatment. - C. MRI of the abdomen: Although useful for detecting organ damage secondary to UTIs, it is more invasive than echocardiography and would likely cause discomfort and delay diagnosis. - D. Renal ultrasound: This test is primarily used to evaluate kidney function and is unlikely to provide definitive information about urinary tract infections unless combined with additional tests. Therefore, echocardiography is the best choice given the patient's history and current condition.",False,0.04,1.0,0.0145,0.0381,0.2681,0.0933,0.0628,0.0725,0.0725,0.4819,0.5
74,"A 37-year-old man comes to the emergency department because he has felt nauseated and light-headed for the past hour. Medical history is significant for esophageal varices secondary to alcohol-related cirrhosis and ascites treated with spironolactone. He drinks eight to ten alcoholic beverages daily. While you are obtaining additional history, the patient vomits a large volume of bright red blood and becomes difficult to arouse. Vital signs are temperature 36.0°C (96.8°F), pulse 110/min, respirations 12/min, and blood pressure 90/50 mm Hg. Following initiation of intravenous fluids, which of the following is the most appropriate immediate management?","Following initiation of intravenous fluids, which of the following is the most appropriate immediate management?",0.5B-Qwen25,"This scenario involves a patient experiencing severe bleeding from the esophagus due to the presence of ascites associated with liver cirrhosis and alcohol-induced varices. The symptoms described—nausea, light-headedness, vomiting bright red blood, difficulty in arousing—are indicative of hematemesis (vomiting blood). Given these clinical presentations, the most appropriate immediate management would be to perform an esophageal tube placement. This procedure allows for direct visualization of the esophagus and can effectively manage hematemesis by ensuring that any retained blood is expelled through the esophageal cannula. Here's a brief overview of why the other options are not as suitable: A. Transjugular intrahepatic portal vein shunting (TIPV): This is primarily used for hemostasis in cases where there is a obstruction within the hepatic veins but does not address the source of bleeding. B. Intravenous vasopressin therapy: This is generally reserved for severe hemorrhage caused by shock rather than bleeding from the esophagus itself. C. Endotracheal intubation: This is not indicated for esophageal bleeds and could potentially lead to complications such as airway obstruction or aspiration into the lungs. D. Upper endoscopy: This procedure is typically reserved for esophageal variceal rupture and is not necessary given the nature of the bleeding (hematemesis) without prior esophageal damage. Therefore, the use of an esophageal tube for balloon tamponade is the most appropriate initial intervention to address the patient's condition and prevent further complications.",False,0.16,0.33,0.0119,0.0392,0.2357,0.081,0.049,0.0648,0.0648,0.5036,0.5
77,"A 40-year-old woman, gravida 2 para 2, comes to the office because of bulging veins in her legs that have slowly become more visible since she first noticed them 2 years ago. She says they seem to worsen when she stands for long periods of time, but she reports no associated pain. She is concerned that this problem may be life-threatening. Medical history is otherwise unremarkable and she takes no medications. Both of her pregnancies resulted in uncomplicated vaginal deliveries at 40 weeks' gestation. BMI is 23 kg/m². Vital signs are normal. Physical examination discloses compressible veins in both lower extremities below the knees that are worse on the left. The remainder of the examination discloses no abnormalities. Which of the following is the most appropriate next step?",Which of the following is the most appropriate next step?,0.5B-Qwen25,"Given the patient's symptoms, which include bulging veins in the legs that worsen when standing, this could potentially indicate deep vein thrombosis (DVT). DVT can lead to pulmonary embolism if not treated promptly. Therefore, it would be prudent to consider warfarin therapy as an appropriate next step. Warfarin is commonly used to prevent blood clots from forming, especially in individuals at higher risk due to age, pregnancy, or certain medical conditions like atrial fibrillation. It helps maintain the proper balance between anticoagulation and other clotting factors in the body. While compression stockings might help manage leg swelling, their primary role isn't directly related to preventing DVT; rather, they focus on reducing swelling and improving circulation. Venography is generally performed after surgery or trauma to visualize blood vessels and detect blockages. While it provides valuable information about blood flow, it doesn't address the specific issue of venous problems without further diagnostic tests. Venous duplex ultrasound offers high-resolution imaging of veins, particularly useful for detecting small, localized blockages or even smaller air bubbles within veins. However, it's not typically used to treat DVT unless specifically ordered by a healthcare provider. Therefore, based on the patient's clinical presentation and the need to address potential DVT risks, warfarin therapy is the most appropriate initial step.",False,0.11,1.0,0.0042,0.0335,0.2415,0.0793,0.0444,0.0705,0.0705,0.4689,0.5
102,"A 12-year-old girl with type 1 diabetes mellitus is brought to the emergency department by her parents because of a 2-day history of nausea, vomiting, and decreased oral intake. Medications are insulin glargine and insulin aspart. She decreased her insulin dose at the onset of symptoms but her condition has since worsened and she now is unable to consume solids or liquids without subsequent vomiting. She reports feeling dizzy on standing. Medical history is otherwise unremarkable. She is at the 50th percentile for height, weight, and BMI. Vital signs are temperature 37.8°C (100.1°F), pulse 118/min, respirations 27/min, and blood pressure 85/47 mm Hg. Pulse oximetry on room air shows an oxygen saturation of 99%. Physical examination discloses dry mucous membranes, delayed capillary refill time, and poor skin turgor. Palpation of the abdomen discloses diffuse tenderness with no rebound or guarding. The remainder of the physical examination discloses no abnormalities. Results of laboratory studies obtained on arrival are shown: Serum Urea nitrogen - 28 mg/dL Creatinine - 1.2 mg/dL Na⁺ - 126 mEq/L K⁺ - 4.3 mEq/L Cl⁻ - 95 mEq/L HCO3⁻ - 9 mEq/L Glucose - 563 mg/dL Arterial blood gas values on room air HCO3⁻ 10 mEq/L Partial Pressure of Oxygen - 98 mm Hg Partial Pressure of Carbon Dioxide - 22 mm Hg pH - 7.20 Boluses of intravenous 0.9% saline are administered and an infusion of insulin is initiated. Three hours later the patient becomes somnolent and develops a headache. She has had one episode of emesis and one episode of incontinence. Her urine output has been 30 mL/h. Results of follow-up serum laboratory studies are shown: Urea nitrogen - 24 mg/dL Creatinine - 1.1 mg/dL Na⁺ - 127 mEq/L K⁺ - 3.7 mEq/L Cl⁻ - 98 mEq/L HCO3⁻ - 11 mEq/L Glucose - 287 mg/dL Which of the following is the most appropriate intravenous pharmacotherapy?",7 mEq/L Cl⁻ - 98 mEq/L HCO3⁻ - 11 mEq/L Glucose - 287 mg/dL Which of the following is the most appropriate intravenous pharmacotherapy?,0.5B-Qwen25,"The patient's current condition requires urgent intervention due to severe dehydration, electrolyte imbalances, and respiratory distress. Given these circumstances, intravenous therapy should be administered immediately to address both fluid overload and metabolic acidosis. - Option A (Bicarbonate): While bicarbonate can help correct metabolic alkalosis, it may not be sufficient to manage the patient's severe dehydration and hypotonic state. In this case, additional supportive measures such as intravenous glucose administration would likely be more effective. - Option B (Dexamethasone): Dexamethasone is indicated for acute stress-related conditions like trauma or infection. It does not directly address the patient's underlying metabolic issues or manage dehydration effectively. - Option C (50% Dextrose): This is the most appropriate choice. Administering 50% dextrose boluses will rapidly increase blood volume, reduce水肿( edema ), and improve overall fluid balance. Additionally, it provides essential electrolytes that can counteract the acidosis caused by the kidneys. - Option D (Furosemide): Furosemide is used to treat edema and renal failure but is not typically indicated for managing dehydration alone. Its use here might exacerbate rather than alleviate the patient’s symptoms. - Option E (Mannitol): Mannitol is used to maintain osmotic equilibrium and reduce swelling but is primarily used for diuretic treatment and not for treating dehydration specifically. Therefore, the most appropriate intravenous pharmacotherapy for this patient is Option C (50% Dextrose).",False,0.04,0.12,0.0116,0.0382,0.2078,0.0658,0.0415,0.0658,0.0658,0.4385,0.5
112,"A 20-year-old woman comes to the office because of a 2-day history of nasal congestion, runny nose, and nonproductive cough that has made it difficult for her to sleep. She has not had fever. Her brother with whom she resides also has similar symptoms. The patient's medical history is significant for mild persistent asthma for which she takes inhaled fluticasone- salmeterol twice daily and albuterol as needed. She has been using her albuterol more frequently during the past 2 days without much effect. During this time, her peak expiratory flow rates have been 70% to 80% of her baseline. Vital signs today are temperature 37.2°C (99.0°F), pulse 70/min, respirations 20/min, and blood pressure 110/70 mm Hg. Physical examination discloses inflamed nasal mucosa with clear discharge. The posterior oral pharynx is erythematous. Auscultation of the lungs discloses rare expiratory wheezes. Which of the following is the most appropriate pharmacotherapy for this patient's cough?",Which of the following is the most appropriate pharmacotherapy for this patient's cough?,0.5B-Qwen25,"Guaifenesin is an effective bronchodilator used to relieve coughing caused by inflammation of the airways. It works by relaxing smooth muscles in the airways, leading to decreased mucus production and improved airflow. This medication would be appropriate for managing the patient's symptoms, including nasal congestion, runny nose, and non-productive cough, given her underlying condition of mild persistent asthma. Here’s a more detailed rationale: 1. Patient History: The patient has a history of mild persistent asthma and uses inhaled fluticasone-salmeterol twice daily. These medications are commonly prescribed to treat asthma and can help manage symptoms such as coughing due to inflammation. 2. Clinical Presentation: The patient describes having nasal congestion, runny nose, and non-productive cough, indicating potential bronchospasm and respiratory distress. 3. Pharmacological Considerations: - Codeine: While potentially useful for treating pain, it does not directly address bronchial constriction. - Diphenhydramine: Although often used for allergic reactions, it doesn't specifically target bronchial spasms. - Guaifenesin: Specifically designed to relax bronchial smooth muscle, it is ideal for patients experiencing severe coughing due to bronchial spasms or inflammation. 4. Other Options: - Ipratropium Bromide: This is typically used for asthma control but may not directly address bronchial constriction. - Prednisone: While beneficial for managing inflammation, it primarily affects corticosteroids and may not be suitable for acute bronchospastic conditions like those described here. Given the patient's history and current symptoms, guaifenesin stands out as the most appropriate choice for relieving the patient's symptoms effectively.",False,0.24,0.5,0.0,0.0323,0.203,0.0856,0.0314,0.07,0.07,0.4775,0.5
137,"A 10-year-old boy with a traumatic brain injury sustained during infancy is examined in the nursing care facility where he resides because he has had no urine output during the past 24 hours. During the past 4 days, he has had decreasing urine output, intermittent fever, rhinorrhea, and cough. As a result of his brain injury, the patient has severe developmental delay and a seizure disorder. He is fed orally, but he is nonverbal and nonambulatory. Medications are levetiracetam, docusate, and multivitamins. The patient is 131 cm (4 ft 2 in; 10th percentile) tall and weighs 26 kg (57 lb; 10th percentile). BMI is 14 kg/m² (10th percentile). Vital signs are temperature 38.8°C (101.8°F), pulse 80/min, respirations 25/min, and blood pressure 110/80 mm Hg. Pulse oximetry on room air shows an oxygen saturation of 95%. The patient appears thin. He is awake and is not in apparent distress. He is responsive to touch. Auscultation of the lungs discloses scattered coarse crackles and rhonchi but good air entry and normal work of breathing. Results of laboratory studies are shown: Serum Blood Urea nitrogen 78 mg/dL Creatinine 3.2 mg/dL Na+ 131 mEq/L K+ 5.6 mEq/L Cl− 88 mEq/L HCO³ −16 mEq/L Urine Specific gravity 1.030 (N=1.003–1.029) Creatinine 90 mg/dL Na+ 8 mEq/L Hematocrit 37% Hemoglobin 12.5 g/dL WBC 12,000/mm3 Neutrophils, segmented 60% Lymphocytes 40% Platelet count 250,000/mm3 Which of the following is the most likely cause of this patient's altered kidney function?","5 g/dL WBC 12,000/mm3 Neutrophils, segmented 60% Lymphocytes 40% Platelet count 250,000/mm3 Which of the following is the most likely cause of this patient's altered kidney function?",1.5B-Qwen25,"Medication-related interstitial nephritis is a condition that can occur when certain medications, such as anticonvulsants like levetiracetam, interact negatively with the kidneys. In this case, the patient is taking levetiracetam for his seizure disorder, which could potentially lead to medication-induced renal toxicity if it interferes with the normal functioning of the kidneys. Here’s how we can determine that this is the most likely cause: 1. Acute Tubular Necrosis (ATN): This occurs due to acute damage to the tubules of the kidney, often caused by ischemia or obstruction. It typically presents with decreased urine output, edema, and electrolyte imbalances. However, the patient does not have significant edema or electrolyte abnormalities mentioned in the provided information. 2. Decreased Intravascular Volume: While dehydration can affect kidney function, the patient's weight loss and low hematocrit suggest more than just fluid status issues. Dehydration alone would not explain the specific changes in serum creatinine levels seen here. 3. Neurogenic Bladder: Although the patient is non-ambulatory, neurogenic bladder is usually associated with urinary retention rather than decreased urine output. Additionally, the presence of other symptoms like fever and rhinorrhea suggests a systemic issue beyond simple bladder dysfunction. 4. Pyelonephritis: This is inflammation of the kidneys and ureters, often caused by bacterial infection. Symptoms include fever, flank pain, and increased white blood cell count. The patient's symptoms do not align well with pyelonephritis. 5. Medication-Related Interstitial Nephritis: This condition involves direct damage to the kidney tissue from medications. Levetiracetam is known to occasionally cause this side effect, leading to changes in kidney function parameters like serum creatinine and urine specific gravity. The patient's history of seizures and use of levetiracetam supports this possibility. Given these considerations, medication-related interstitial nephritis stands out as the most plausible cause based on the clinical presentation and available information.",False,0.12,0.18,0.0059,0.0439,0.1839,0.0944,0.0415,0.0826,0.0826,0.4565,1.5
148,"A 32-year-old woman comes to the emergency department because of a 3-day history of fatigue and postural light- headedness. She also reports nausea with one episode of vomiting this morning and adds that her stools and urine have been darker than usual lately. Medical history is significant for stage III-B Hodgkin lymphoma. She started the first cycle of chemotherapy 8 days ago. Additional medications include ferrous gluconate, hydrocodone, and prochlorperazine. She is currently receiving 0.9% saline at 75 mL/hr. Vital signs today are temperature 37.5°C (99.5°F), pulse 76/min supine and 80/min standing, respirations 16/min, and blood pressure 125/65 mm Hg supine and 120/60 mm Hg standing. Pulse oximetry on room air shows an oxygen saturation of 94%. Lungs are clear to auscultation. Cardiac examination discloses a soft systolic murmur at the left upper sternal border. There is no hepatosplenomegaly or tenderness on abdominal examination. Rectal examination discloses no masses. Stool is black and test for occult blood is negative. Results of laboratory studies are shown: Blood Urine Hematocrit 24% Specific gravity 1.032 (N=1.010–1.025) WBC 2400/mm3 Bilirubin Negative Platelet count 78,000/mm3 RBC Negative Which of the following is the most likely explanation for the patient's current condition?","025) WBC 2400/mm3 Bilirubin Negative Platelet count 78,000/mm3 RBC Negative Which of the following is the most likely explanation for the patient's current condition?",1.5B-Qwen25,"Hemolysis refers to the destruction of red blood cells, which can lead to hemoglobinuria (dark-colored urine due to increased levels of hemoglobin in the urine). In this case, the patient has darkened stools and urine, indicating potential gastrointestinal bleeding. The presence of dark stool suggests upper gastrointestinal bleeding, while the dark urine could be from lower gastrointestinal bleeding. Given the patient's medical history of Hodgkin lymphoma and recent chemotherapy, it is important to consider the possibility of hematologic complications such as hemolysis. The patient's elevated white blood cell count (WBC 2400/mm³) and platelet count (78,000/mm³) suggest possible bone marrow involvement, which could contribute to the hemolysis. While other conditions like adverse effects of medications, bone marrow metastases, and hemodilution can cause similar symptoms, they do not explain the specific combination of findings described here. The dark urine and stool strongly indicate gastrointestinal bleeding, making hemolysis the most likely explanation among the given options.",False,0.09,0.22,0.0056,0.0889,0.3328,0.1818,0.0973,0.1497,0.1497,0.5509,1.5
171,"A 45-year-old man comes to the office for a follow-up examination 2 days after he was seen in the emergency department for a generalized tonic-clonic seizure. He was prescribed chlordiazepoxide upon being discharged but did not fill the prescription. The patient says that this was his third seizure in the past 2 years; prior to that he had no history of seizures. Medical history is also remarkable for a 10-year history of daily ingestion of two six-packs of beer. He has not had any alcoholic beverages for the past 5 days. He takes no medications. The patient says that his seizures usually occur after he abstains from alcohol for a period of time. Vital signs are normal. Physical examination shows scattered spider angiomata on his chest and abdomen. Liver is enlarged, smooth, and nontender. CT scan of the head with contrast done in the emergency department 2 days ago showed no abnormalities. Which of the following is the most appropriate next step?",Which of the following is the most appropriate next step?,1.5B-Qwen25,"Lumbar puncture (LP) is the most appropriate next step because it can help diagnose potential causes of seizures such as infections, demyelinating diseases, or other central nervous system disorders. Given the patient's history of heavy alcohol consumption over an extended period, there is a higher likelihood of developing neurodegenerative conditions like chronic alcohol-related encephalopathy or Wernicke-Korsakoff syndrome, which could present with seizures. Additionally, the presence of liver enlargement suggests possible hepatic encephalopathy, another condition that may cause seizures due to metabolic disturbances. Options Analysis: A. Lumbar puncture for examination of cerebrospinal fluid - This is the most logical choice given the patient's symptoms and medical history. It helps identify infectious agents, demyelinating processes, or other neurological issues contributing to the seizures. B. MRI of the brain - While useful for imaging structural changes, an MRI alone would be less likely to detect subtle findings indicative of ongoing seizures compared to a lumbar puncture. C. Repeat CT scan of the head in 1 week - Although repeat imaging might be considered if initial results were inconclusive, a new LP would still be more definitive in diagnosing underlying causes of seizures. D. Sleep-deprived electroencephalography - This test is typically used to assess sleep patterns and epilepsy activity during sleep, rather than directly diagnosing seizures themselves. It does not provide information about the cause of the seizures. E. No further evaluation is necessary - This option is incorrect because the patient's history and current presentation suggest a need for diagnostic testing to rule out serious underlying conditions causing seizures.",False,0.21,1.0,0.0106,0.0281,0.2169,0.0674,0.0453,0.0449,0.0449,0.4615,1.5
187,"A 41-year-old woman comes to the emergency department because of a 3-day history of fever and a 2-day history of worsening flank pain with frequent and painful urination. She describes the pain as constant and says it worsens when she coughs or lies on her right side. She rates the pain as a 5 on a 10-point scale; ibuprofen has provided moderate relief of her pain. She also reports intermittent nausea but has not had vomiting or change in bowel habits. Medical history is significant for several uncomplicated urinary tract infections, most recently 8 months ago. Each infection resolved with antibiotic therapy. She currently takes no medications aside from her recent use of ibuprofen. She is sexually active with one male partner and uses condoms regularly. Vital signs are temperature 39.4°C (103.0°F), pulse 76/min, respirations 20/min, and blood pressure 128/74 mm Hg. Auscultation of the chest discloses normal S1 and S2. Abdomen is soft with normal bowel sounds. There is guarding on the right lateral side and tenderness to compression over the right costophrenic angle. Results of laboratory studies are shown: Serum: Urea nitrogen 18 mg/dL Creatinine 0.9 mg/dL Blood: Hemoglobin 12.8 g/dL WBC 20,000/mm3 Neutrophils, segmented 80% Lymphocytes 15% Eosinophils 2% Monocytes 3% Urine: Specific gravity 1.015 (N=1.003–1.029) Protein Negative Occult blood Negative Leukocyte esterase Positive WBC Too numerous to count Casts Occasional Urine and blood cultures are obtained and sent for analysis. Antibiotic therapy is initiated. Which of the following is the most appropriate next step?",Which of the following is the most appropriate next step?,1.5B-Qwen25,"Renal ultrasonography is the most appropriate next step in this scenario due to the patient's presenting symptoms of flank pain, fever, and elevated white blood cell count, which suggest an acute pyelonephritis. This imaging modality provides detailed images of the kidneys, ureters, bladder, and surrounding structures, allowing for assessment of kidney size, shape, and presence of any structural abnormalities such as hydronephrosis or abscesses that could be causing the flank pain and fever. Additionally, renal ultrasonography can help identify other potential causes of flank pain, such as kidney stones or tumors, which may require further investigation. Options Analysis: A. Cystoscopy - While useful for diagnosing bladder issues, cystoscopy is typically reserved for patients who have failed conservative management or have specific indications like suspected bladder cancer. B. Echocardiography - Although echocardiography can assess cardiac function, it is not indicated for evaluating renal disease based on the given clinical presentation. C. MRI of the abdomen - Magnetic resonance imaging is generally used for soft tissue imaging and does not offer the same level of detail as ultrasound for assessing the kidneys and surrounding structures. D. Renal ultrasonography - This is the most appropriate initial diagnostic test as it directly addresses the need to evaluate the kidneys for possible infection, obstruction, or other underlying conditions leading to flank pain and elevated white blood cells. E. No additional study is indicated - This option is incorrect because the combination of symptoms and laboratory findings strongly suggests a diagnosis of acute pyelonephritis, necessitating further evaluation through imaging techniques like renal ultrasonography.",False,0.06,1.0,0.0105,0.0278,0.1943,0.0684,0.046,0.0532,0.0532,0.4435,1.5
196,"A 37-year-old man comes to the emergency department because he has felt nauseated and light-headed for the past hour. Medical history is significant for esophageal varices secondary to alcohol-related cirrhosis and ascites treated with spironolactone. He drinks eight to ten alcoholic beverages daily. While you are obtaining additional history, the patient vomits a large volume of bright red blood and becomes difficult to arouse. Vital signs are temperature 36.0°C (96.8°F), pulse 110/min, respirations 12/min, and blood pressure 90/50 mm Hg. Following initiation of intravenous fluids, which of the following is the most appropriate immediate management?","Following initiation of intravenous fluids, which of the following is the most appropriate immediate management?",1.5B-Qwen25,"Upper endoscopy is the most appropriate immediate management in this scenario due to several critical factors: 1. Vomiting Blood: The patient's presentation suggests active bleeding from the gastrointestinal tract, specifically the esophagus, stomach, or duodenum. Upper endoscopy allows direct visualization of the bleeding site, enabling prompt diagnosis and treatment. 2. Severity of Bleeding: Given the patient's hemodynamic instability (hypotension) and the presence of bright red blood, it indicates severe hemorrhage that requires urgent intervention. Endoscopic techniques can control bleeding more effectively than other methods available at the time. 3. Risk of Further Bleeding: Without immediate intervention, the risk of further bleeding increases significantly. Immediate assessment through endoscopy helps prevent potential complications such as shock, sepsis, or even death. 4. Prevention of Complications: Early identification and treatment of bleeding can help prevent complications like perforation, abscess formation, or secondary infection. Options Analysis: - A. Transjugular Intrahepatic Porta Vein Shunt (TIPS): This procedure is typically used for patients with refractory portal hypertension who have developed complications such as hepatic encephalopathy or spontaneous bacterial peritonitis. It is not indicated for acute bleeding. - B. Intravenous Vasopressin Therapy: While useful in managing hypovolemic shock, it does not address the source of bleeding directly. Its use should be considered after identifying the bleeding site via endoscopy. - C. Endotracheal Intubation: Although necessary if respiratory compromise occurs, it is not the first-line management for acute bleeding unless there is evidence of impending airway obstruction. - E. Inserting an Esophageal Tube for Balloon Tamponade: This technique involves placing a balloon into the esophagus to compress the bleeding vessels. However, it may not be effective in controlling massive bleeding and could lead to further complications. In conclusion, given the severity of the patient's condition and the need for rapid intervention, performing an upper endoscopy is the most appropriate initial step to identify and treat the source of the bleeding.",False,0.08,0.33,0.0083,0.0275,0.1627,0.0613,0.037,0.0491,0.0491,0.4887,1.5
199,"A 40-year-old woman, gravida 2 para 2, comes to the office because of bulging veins in her legs that have slowly become more visible since she first noticed them 2 years ago. She says they seem to worsen when she stands for long periods of time, but she reports no associated pain. She is concerned that this problem may be life-threatening. Medical history is otherwise unremarkable and she takes no medications. Both of her pregnancies resulted in uncomplicated vaginal deliveries at 40 weeks' gestation. BMI is 23 kg/m². Vital signs are normal. Physical examination discloses compressible veins in both lower extremities below the knees that are worse on the left. The remainder of the examination discloses no abnormalities. Which of the following is the most appropriate next step?",Which of the following is the most appropriate next step?,1.5B-Qwen25,"Venous duplex ultrasonography (VDUS) is the most appropriate next step for evaluating the patient's leg varicose veins. This non-invasive imaging technique provides high-resolution images of the venous system, allowing for accurate assessment of vein diameter, blood flow velocity, and any potential complications such as thrombosis or incompetence. It is particularly useful for diagnosing deep vein insufficiency, which can lead to chronic venous disease and other serious conditions like phlebitis or deep vein thrombosis. While compression stockings (Option A) can help manage symptoms and improve circulation, they do not diagnose underlying vascular issues. Surgical ligation (Option B), venography (Option C), and warfarin therapy (Option E) are typically reserved for more severe cases or those requiring definitive treatment options after initial evaluation has been completed. In this case, the patient's symptoms suggest a mild form of chronic venous insufficiency rather than a life-threatening condition. Therefore, a comprehensive evaluation using VDUS would be the most appropriate next step to determine the extent of the varicosity and rule out any serious underlying causes.",False,0.04,1.0,0.0156,0.041,0.2799,0.0978,0.0659,0.087,0.087,0.4721,1.5
224,"A 12-year-old girl with type 1 diabetes mellitus is brought to the emergency department by her parents because of a 2-day history of nausea, vomiting, and decreased oral intake. Medications are insulin glargine and insulin aspart. She decreased her insulin dose at the onset of symptoms but her condition has since worsened and she now is unable to consume solids or liquids without subsequent vomiting. She reports feeling dizzy on standing. Medical history is otherwise unremarkable. She is at the 50th percentile for height, weight, and BMI. Vital signs are temperature 37.8°C (100.1°F), pulse 118/min, respirations 27/min, and blood pressure 85/47 mm Hg. Pulse oximetry on room air shows an oxygen saturation of 99%. Physical examination discloses dry mucous membranes, delayed capillary refill time, and poor skin turgor. Palpation of the abdomen discloses diffuse tenderness with no rebound or guarding. The remainder of the physical examination discloses no abnormalities. Results of laboratory studies obtained on arrival are shown: Serum Urea nitrogen - 28 mg/dL Creatinine - 1.2 mg/dL Na⁺ - 126 mEq/L K⁺ - 4.3 mEq/L Cl⁻ - 95 mEq/L HCO3⁻ - 9 mEq/L Glucose - 563 mg/dL Arterial blood gas values on room air HCO3⁻ 10 mEq/L Partial Pressure of Oxygen - 98 mm Hg Partial Pressure of Carbon Dioxide - 22 mm Hg pH - 7.20 Boluses of intravenous 0.9% saline are administered and an infusion of insulin is initiated. Three hours later the patient becomes somnolent and develops a headache. She has had one episode of emesis and one episode of incontinence. Her urine output has been 30 mL/h. Results of follow-up serum laboratory studies are shown: Urea nitrogen - 24 mg/dL Creatinine - 1.1 mg/dL Na⁺ - 127 mEq/L K⁺ - 3.7 mEq/L Cl⁻ - 98 mEq/L HCO3⁻ - 11 mEq/L Glucose - 287 mg/dL Which of the following is the most appropriate intravenous pharmacotherapy?",7 mEq/L Cl⁻ - 98 mEq/L HCO3⁻ - 11 mEq/L Glucose - 287 mg/dL Which of the following is the most appropriate intravenous pharmacotherapy?,1.5B-Qwen25,"In this scenario, the patient's metabolic acidosis is severe, with a high level of bicarbonate (HCO₃⁻) of 9 mEq/L, which indicates that the body is actively trying to compensate for the acidosis. This suggests that the patient may have developed respiratory alkalosis due to the administration of intravenous fluids and insulin, leading to increased exhalation of carbon dioxide and retention of hydrogen ions. Given the severity of the acidosis and the need to correct it rapidly, bicarbonate therapy would be the most appropriate choice. Bicarbonate helps to restore normal plasma bicarbonate levels, thereby correcting the metabolic acidosis. In this case, administering bicarbonate along with other supportive measures such as fluid resuscitation and insulin therapy will help to stabilize the patient's acid-base balance and improve their overall condition. Options Analysis: - Option B (Dexamethasone): While corticosteroids can be used to counteract the effects of excessive glucagon release from the pancreas during hypoglycemia, they do not directly address the underlying acid-base imbalance. - Option C (50% Dextrose): Dextrose is typically used to treat hypoglycemia rather than to correct metabolic acidosis. - Option D (Furosemide): Furosemide is primarily used to manage fluid overload and electrolyte imbalances, not to correct metabolic acidosis. - Option E (Mannitol): Mannitol is used to reduce cerebral edema and is not indicated for treating metabolic acidosis. Therefore, the combination of intravenous bicarbonate and other supportive treatments is the most appropriate intravenous pharmacotherapy in this situation.",False,0.08,0.5,0.0111,0.0511,0.2433,0.084,0.0538,0.084,0.084,0.5051,1.5
234,"A 20-year-old woman comes to the office because of a 2-day history of nasal congestion, runny nose, and nonproductive cough that has made it difficult for her to sleep. She has not had fever. Her brother with whom she resides also has similar symptoms. The patient's medical history is significant for mild persistent asthma for which she takes inhaled fluticasone- salmeterol twice daily and albuterol as needed. She has been using her albuterol more frequently during the past 2 days without much effect. During this time, her peak expiratory flow rates have been 70% to 80% of her baseline. Vital signs today are temperature 37.2°C (99.0°F), pulse 70/min, respirations 20/min, and blood pressure 110/70 mm Hg. Physical examination discloses inflamed nasal mucosa with clear discharge. The posterior oral pharynx is erythematous. Auscultation of the lungs discloses rare expiratory wheezes. Which of the following is the most appropriate pharmacotherapy for this patient's cough?",Which of the following is the most appropriate pharmacotherapy for this patient's cough?,1.5B-Qwen25,"Guaifenesin is the most appropriate pharmacotherapy for this patient's cough. This medication acts as an expectorant, helping to loosen and remove mucus from the respiratory tract. In this case, the patient's symptoms suggest a viral upper respiratory infection, such as the common cold, which typically causes productive coughing due to inflammation and increased mucus production. Option A - Codeine: While codeine can be used to suppress coughs, its use should be avoided in patients who cannot tolerate other medications or have certain underlying conditions like liver disease. It would not be the first choice for treating a viral infection. Option B - Diphenhydramine: This antihistamine can help reduce sneezing and itching but does not address the underlying cause of the cough, making it less effective than Guaifenesin for symptomatic relief. Option D - Ipratropium bromide: This bronchodilator relaxes the muscles around the airways, reducing airflow obstruction caused by inflammation. However, it is primarily indicated for chronic obstructive pulmonary diseases (COPD) rather than acute infections like a cold. Option E - Prednisone: Although corticosteroids can be beneficial for managing severe inflammatory responses, they are generally not recommended for viral infections unless there is evidence of secondary bacterial involvement. They may worsen side effects associated with viral infections, such as fatigue and weight gain. In conclusion, Guaifenesin stands out as the most suitable treatment for this patient's cough, addressing both the symptom of mucus accumulation and potential underlying inflammation without contributing to any adverse effects typical of these treatments in viral infections.",False,0.03,1.0,0.0217,0.0394,0.2904,0.0989,0.0766,0.0837,0.0837,0.5168,1.5
259,"A 10-year-old boy with a traumatic brain injury sustained during infancy is examined in the nursing care facility where he resides because he has had no urine output during the past 24 hours. During the past 4 days, he has had decreasing urine output, intermittent fever, rhinorrhea, and cough. As a result of his brain injury, the patient has severe developmental delay and a seizure disorder. He is fed orally, but he is nonverbal and nonambulatory. Medications are levetiracetam, docusate, and multivitamins. The patient is 131 cm (4 ft 2 in; 10th percentile) tall and weighs 26 kg (57 lb; 10th percentile). BMI is 14 kg/m² (10th percentile). Vital signs are temperature 38.8°C (101.8°F), pulse 80/min, respirations 25/min, and blood pressure 110/80 mm Hg. Pulse oximetry on room air shows an oxygen saturation of 95%. The patient appears thin. He is awake and is not in apparent distress. He is responsive to touch. Auscultation of the lungs discloses scattered coarse crackles and rhonchi but good air entry and normal work of breathing. Results of laboratory studies are shown: Serum Blood Urea nitrogen 78 mg/dL Creatinine 3.2 mg/dL Na+ 131 mEq/L K+ 5.6 mEq/L Cl− 88 mEq/L HCO³ −16 mEq/L Urine Specific gravity 1.030 (N=1.003–1.029) Creatinine 90 mg/dL Na+ 8 mEq/L Hematocrit 37% Hemoglobin 12.5 g/dL WBC 12,000/mm3 Neutrophils, segmented 60% Lymphocytes 40% Platelet count 250,000/mm3 Which of the following is the most likely cause of this patient's altered kidney function?","5 g/dL WBC 12,000/mm3 Neutrophils, segmented 60% Lymphocytes 40% Platelet count 250,000/mm3 Which of the following is the most likely cause of this patient's altered kidney function?",3B-Qwen25,"Neurogenic bladder is the most likely cause of this patient's altered kidney function. Given the patient's history of a traumatic brain injury sustained during infancy, which resulted in severe developmental delay and a seizure disorder, it is reasonable to suspect that the neurogenic bladder could be contributing to the renal dysfunction. - Acute Tubular Necrosis (ATN): While ATN can occur due to various causes such as sepsis, ischemia, or nephrotoxic medications, the clinical presentation and laboratory findings do not strongly suggest ATN. The presence of pyuria (abnormal white blood cells in the urine) would be more indicative of ATN. - Decreased Intravascular Volume: This condition typically presents with decreased urine output, but the patient’s serum creatinine and blood urea nitrogen levels are elevated, suggesting significant renal impairment rather than just a decrease in intravascular volume. - Medication-Related Interstitial Nephritis: Although some medications can cause interstitial nephritis, the patient's current medications (levetiracetam, docusate, and multivitamins) do not directly suggest this as the cause. Additionally, the patient's renal function is already compromised, making this less likely. - Pyelonephritis: While pyelonephritis can cause renal impairment, the patient's symptoms (fever, rhinorrhea, cough) are more consistent with a respiratory infection rather than a urinary tract infection. Furthermore, the patient's renal function is more indicative of a systemic issue rather than a localized infection. - Neurogenic Bladder: Given the patient's history of a traumatic brain injury leading to developmental delay and seizure disorder, neurogenic bladder is a plausible cause of the renal impairment. Neurogenic bladder can lead to urinary retention, which can cause back pressure in the kidneys, leading to impaired kidney function. The patient's inability to void and the presence of urinary tract symptoms (rhinorrhea, cough) suggest a possible neurogenic bladder issue. The patient's altered kidney function, along with the presence of neurogenic bladder symptoms, makes neurogenic bladder the most likely cause of the renal impairment.",False,0.19,0.18,0.0223,0.0388,0.2314,0.0857,0.069,0.0686,0.0686,0.4437,3.0
270,"A 32-year-old woman comes to the emergency department because of a 3-day history of fatigue and postural light- headedness. She also reports nausea with one episode of vomiting this morning and adds that her stools and urine have been darker than usual lately. Medical history is significant for stage III-B Hodgkin lymphoma. She started the first cycle of chemotherapy 8 days ago. Additional medications include ferrous gluconate, hydrocodone, and prochlorperazine. She is currently receiving 0.9% saline at 75 mL/hr. Vital signs today are temperature 37.5°C (99.5°F), pulse 76/min supine and 80/min standing, respirations 16/min, and blood pressure 125/65 mm Hg supine and 120/60 mm Hg standing. Pulse oximetry on room air shows an oxygen saturation of 94%. Lungs are clear to auscultation. Cardiac examination discloses a soft systolic murmur at the left upper sternal border. There is no hepatosplenomegaly or tenderness on abdominal examination. Rectal examination discloses no masses. Stool is black and test for occult blood is negative. Results of laboratory studies are shown: Blood Urine Hematocrit 24% Specific gravity 1.032 (N=1.010–1.025) WBC 2400/mm3 Bilirubin Negative Platelet count 78,000/mm3 RBC Negative Which of the following is the most likely explanation for the patient's current condition?","025) WBC 2400/mm3 Bilirubin Negative Platelet count 78,000/mm3 RBC Negative Which of the following is the most likely explanation for the patient's current condition?",3B-Qwen25,"The patient's condition can be explained by hemodilution, which is the dilution of blood due to excessive fluid intake or loss of plasma volume. This is the most likely explanation given the patient's symptoms and laboratory findings. 1. Hemodilution: The patient's hematocrit level is 24%, which is significantly lower than normal (typically around 40-50%). This indicates that there has been a substantial dilution of her blood, possibly due to excessive fluid intake or loss of plasma volume. Her blood urea nitrogen (BUN) and creatinine levels would typically be elevated in cases of hemodilution, but these were not mentioned in the provided data. However, the hematocrit level alone is a strong indicator of hemodilution. 2. Adverse Effect of Medications: While the patient is taking ferrous gluconate (iron supplement) and prochlorperazine (anti-nausea medication), there is no specific mention of adverse effects from these medications that could explain the current condition. Hydrocodone (painkiller) does not typically cause such hematological changes. 3. Bone Marrow Metastases: Although Hodgkin lymphoma can lead to bone marrow involvement, the hematological parameters do not suggest bone marrow metastases. The low hematocrit and platelet count are more consistent with hemodilution rather than bone marrow infiltration. 4. Gastrointestinal Blood Loss: The patient’s stool being black and the occult blood test being negative suggest no gastrointestinal bleeding. Additionally, the absence of hepatosplenomegaly or tenderness on abdominal examination further rules out gastrointestinal issues. 5. Hemolytic Anemia: While hemolytic anemia can cause low hematocrit, it usually presents with other symptoms like jaundice, dark urine, and often splenomegaly. The patient's liver function tests and bilirubin levels are not mentioned, so we cannot definitively rule out hemolytic anemia based on the available information. Given the patient's recent chemotherapy and the presence of hemodilution as indicated by the hematocrit level, the most plausible explanation for her current condition is hemodilution.",False,0.24,0.33,0.0057,0.0394,0.2464,0.1062,0.0534,0.0708,0.0708,0.478,3.0
293,"A 45-year-old man comes to the office for a follow-up examination 2 days after he was seen in the emergency department for a generalized tonic-clonic seizure. He was prescribed chlordiazepoxide upon being discharged but did not fill the prescription. The patient says that this was his third seizure in the past 2 years; prior to that he had no history of seizures. Medical history is also remarkable for a 10-year history of daily ingestion of two six-packs of beer. He has not had any alcoholic beverages for the past 5 days. He takes no medications. The patient says that his seizures usually occur after he abstains from alcohol for a period of time. Vital signs are normal. Physical examination shows scattered spider angiomata on his chest and abdomen. Liver is enlarged, smooth, and nontender. CT scan of the head with contrast done in the emergency department 2 days ago showed no abnormalities. Which of the following is the most appropriate next step?",Which of the following is the most appropriate next step?,3B-Qwen25,"Given the patient's history of recurrent seizures, particularly noting that they occur after periods of abstinence from alcohol, it is important to consider the possibility of chronic alcohol withdrawal syndrome (CAWS) as a potential cause of these seizures. The physical examination findings, including scattered spider angiomata on the chest and abdomen, are consistent with liver damage due to alcohol abuse, which is a common finding in CAWS. Option A (Lumbar puncture for examination of cerebrospinal fluid) is not typically indicated unless there is suspicion of an underlying neurological disorder that would require immediate intervention, such as increased intracranial pressure or infection. Since the CT scan of the head with contrast did not show abnormalities, this option seems less likely to be the most appropriate next step. Option B (MRI of the brain) is more comprehensive than a CT scan and can provide better resolution for detecting subtle changes in the brain tissue, which might be missed by a CT scan. Given the patient's history of alcohol use and the recurrence of seizures, an MRI could help rule out other causes of recurrent seizures, such as structural brain lesions or metabolic disorders. Option C (Repeat CT scan of the head in 1 week) is not recommended because the initial CT scan was normal, and the patient's symptoms have recurred. Repeated imaging may not provide new information and could be unnecessary. Option D (Sleep-deprived electroencephalography) is not typically used for routine follow-up of patients with recurrent seizures. It is more commonly employed in cases where the diagnosis is unclear or when there is a need to assess seizure activity under specific conditions. Option E (No further evaluation is necessary) is not the most appropriate choice given the patient's history and the recurrence of seizures despite abstinence from alcohol. Further evaluation is needed to determine the underlying cause of the seizures. Therefore, the most appropriate next step is an MRI of the brain, which can help in evaluating the brain structure and identifying any potential causes of recurrent seizures, especially in light of the patient's history of alcohol use and the recurrence of seizures.",False,0.37,1.0,0.0052,0.0205,0.1677,0.0489,0.0273,0.0489,0.0489,0.439,3.0
308,"A 41-year-old woman comes to the emergency department because of a 3-day history of fever and a 2-day history of worsening flank pain with frequent and painful urination. She describes the pain as constant and says it worsens when she coughs or lies on her right side. She rates the pain as a 5 on a 10-point scale; ibuprofen has provided moderate relief of her pain. She also reports intermittent nausea but has not had vomiting or change in bowel habits. Medical history is significant for several uncomplicated urinary tract infections, most recently 8 months ago. Each infection resolved with antibiotic therapy. She currently takes no medications aside from her recent use of ibuprofen. She is sexually active with one male partner and uses condoms regularly. Vital signs are temperature 39.4°C (103.0°F), pulse 76/min, respirations 20/min, and blood pressure 128/74 mm Hg. Auscultation of the chest discloses normal S1 and S2. Abdomen is soft with normal bowel sounds. There is guarding on the right lateral side and tenderness to compression over the right costophrenic angle. Results of laboratory studies are shown: Serum: Urea nitrogen 18 mg/dL Creatinine 0.9 mg/dL Blood: Hemoglobin 12.8 g/dL WBC 20,000/mm3 Neutrophils, segmented 80% Lymphocytes 15% Eosinophils 2% Monocytes 3% Urine: Specific gravity 1.015 (N=1.003–1.029) Protein Negative Occult blood Negative Leukocyte esterase Positive WBC Too numerous to count Casts Occasional Urine and blood cultures are obtained and sent for analysis. Antibiotic therapy is initiated. Which of the following is the most appropriate next step?",Which of the following is the most appropriate next step?,3B-Qwen25,"Given the patient's symptoms of fever, flank pain, and hematuria (blood in urine), along with the presence of leukocyte casts in the urine, these findings strongly suggest a urinary tract infection that may have progressed to pyelonephritis, an infection of the kidney. Pyelonephritis can be confirmed by imaging studies to assess the extent of the infection and rule out complications such as abscess formation. Among the options provided: A. Cystoscopy - This procedure involves examining the bladder and urethra using a thin, lighted tube called a cystoscope. While it can be useful for diagnosing certain conditions, it is not typically the first-line imaging test for suspected pyelonephritis. It is more commonly used for other urological issues like bladder tumors or strictures. B. Echocardiography - This test evaluates the structure and function of the heart. It is not relevant to the diagnosis of pyelonephritis, which is a renal condition rather than a cardiac one. C. MRI of the abdomen - Magnetic resonance imaging provides detailed images of the abdominal organs, including the kidneys. However, given the patient's presentation and the need for rapid diagnostic evaluation, an MRI might not be the most urgent or practical initial step compared to other imaging modalities. D. Renal ultrasonography - This non-invasive imaging technique uses sound waves to create detailed pictures of the kidneys. It is highly effective in detecting pyelonephritis, assessing the size and shape of the kidneys, and identifying any abnormalities such as hydronephrosis (swelling of the kidney due to blockage). It is often the preferred initial imaging modality for patients presenting with symptoms suggestive of pyelonephritis. E. No additional study is indicated - Given the clinical presentation and the need to rapidly diagnose and treat the suspected pyelonephritis, this option would be inappropriate without further investigation. Therefore, the most appropriate next step is renal ultrasonography (option D). This will help confirm the diagnosis, guide treatment decisions, and monitor the progression of the disease.",False,0.1,1.0,0.0055,0.0219,0.1797,0.0545,0.0305,0.0545,0.0545,0.4398,3.0
317,"A 37-year-old man comes to the emergency department because he has felt nauseated and light-headed for the past hour. Medical history is significant for esophageal varices secondary to alcohol-related cirrhosis and ascites treated with spironolactone. He drinks eight to ten alcoholic beverages daily. While you are obtaining additional history, the patient vomits a large volume of bright red blood and becomes difficult to arouse. Vital signs are temperature 36.0°C (96.8°F), pulse 110/min, respirations 12/min, and blood pressure 90/50 mm Hg. Following initiation of intravenous fluids, which of the following is the most appropriate immediate management?","Following initiation of intravenous fluids, which of the following is the most appropriate immediate management?",3B-Qwen25,"Given the patient's presentation of sudden onset of massive hematemesis (vomiting of bright red blood) and altered mental status, it is clear that this is a critical situation requiring immediate intervention. Option E, ""Insert an esophageal tube for balloon tamponade,"" is the most appropriate immediate management in this scenario. This procedure can help control the bleeding by applying pressure to the lower esophagus and stomach, which are common sites for bleeding from esophageal varices. The balloon tamponade technique involves inserting a Foley catheter into the esophagus and then inflating a balloon at the base of the esophagus to apply pressure and stop the bleeding. This is a standard and effective approach for managing acute upper gastrointestinal bleeding, especially when there is a risk of continued bleeding despite initial fluid resuscitation. Options A, B, and C are not as immediately applicable or effective in this context: - Option A, ""Arrange for transjugular intrahepatic portal vein shunting,"" is a more long-term solution for portal hypertension but is not an immediate intervention. - Option B, ""Begin intravenous vasopressin therapy,"" while it can be used in certain situations to reduce bleeding, is not typically the first-line treatment for active bleeding from esophageal varices. - Option C, ""Do endotracheal intubation,"" is generally reserved for patients who have already become unresponsive due to hypovolemic shock or severe respiratory compromise, not for actively bleeding patients. Therefore, the most immediate and effective action in this case would be to insert an esophageal tube for balloon tamponade.",False,0.12,0.33,0.0107,0.0423,0.2148,0.0837,0.046,0.0608,0.0608,0.5199,3.0
320,"A 40-year-old woman, gravida 2 para 2, comes to the office because of bulging veins in her legs that have slowly become more visible since she first noticed them 2 years ago. She says they seem to worsen when she stands for long periods of time, but she reports no associated pain. She is concerned that this problem may be life-threatening. Medical history is otherwise unremarkable and she takes no medications. Both of her pregnancies resulted in uncomplicated vaginal deliveries at 40 weeks' gestation. BMI is 23 kg/m². Vital signs are normal. Physical examination discloses compressible veins in both lower extremities below the knees that are worse on the left. The remainder of the examination discloses no abnormalities. Which of the following is the most appropriate next step?",Which of the following is the most appropriate next step?,3B-Qwen25,"Venous duplex ultrasonography (D) is the most appropriate next step in this scenario. This non-invasive imaging technique can help diagnose conditions such as deep vein thrombosis (DVT), which might not always present with symptoms like pain. It can also assess the extent of venous insufficiency, which is consistent with the patient's description of visible veins worsening with prolonged standing. Option A (Compression stockings) would be beneficial if venous insufficiency is confirmed, but it is not the initial diagnostic step. Option B (Surgical ligation of the largest veins) is an invasive procedure that should only be considered after confirming the diagnosis through imaging studies and ruling out other conditions. Option C (Venography) is an older method that involves injecting contrast into the veins and taking X-rays. While it provides detailed images, it is less commonly used due to its invasiveness and radiation exposure, making it less suitable for routine use compared to ultrasound. Option E (Warfarin therapy) is a blood-thinning medication typically prescribed for DVT or pulmonary embolism, not for venous insufficiency. It is not indicated in this case without further diagnostic information. Given the patient's presentation and the need for a definitive diagnosis, venous duplex ultrasonography is the most appropriate next step.",False,0.11,1.0,0.0132,0.0346,0.2824,0.0829,0.0558,0.0829,0.0829,0.4618,3.0
345,"A 12-year-old girl with type 1 diabetes mellitus is brought to the emergency department by her parents because of a 2-day history of nausea, vomiting, and decreased oral intake. Medications are insulin glargine and insulin aspart. She decreased her insulin dose at the onset of symptoms but her condition has since worsened and she now is unable to consume solids or liquids without subsequent vomiting. She reports feeling dizzy on standing. Medical history is otherwise unremarkable. She is at the 50th percentile for height, weight, and BMI. Vital signs are temperature 37.8°C (100.1°F), pulse 118/min, respirations 27/min, and blood pressure 85/47 mm Hg. Pulse oximetry on room air shows an oxygen saturation of 99%. Physical examination discloses dry mucous membranes, delayed capillary refill time, and poor skin turgor. Palpation of the abdomen discloses diffuse tenderness with no rebound or guarding. The remainder of the physical examination discloses no abnormalities. Results of laboratory studies obtained on arrival are shown: Serum Urea nitrogen - 28 mg/dL Creatinine - 1.2 mg/dL Na⁺ - 126 mEq/L K⁺ - 4.3 mEq/L Cl⁻ - 95 mEq/L HCO3⁻ - 9 mEq/L Glucose - 563 mg/dL Arterial blood gas values on room air HCO3⁻ 10 mEq/L Partial Pressure of Oxygen - 98 mm Hg Partial Pressure of Carbon Dioxide - 22 mm Hg pH - 7.20 Boluses of intravenous 0.9% saline are administered and an infusion of insulin is initiated. Three hours later the patient becomes somnolent and develops a headache. She has had one episode of emesis and one episode of incontinence. Her urine output has been 30 mL/h. Results of follow-up serum laboratory studies are shown: Urea nitrogen - 24 mg/dL Creatinine - 1.1 mg/dL Na⁺ - 127 mEq/L K⁺ - 3.7 mEq/L Cl⁻ - 98 mEq/L HCO3⁻ - 11 mEq/L Glucose - 287 mg/dL Which of the following is the most appropriate intravenous pharmacotherapy?",7 mEq/L Cl⁻ - 98 mEq/L HCO3⁻ - 11 mEq/L Glucose - 287 mg/dL Which of the following is the most appropriate intravenous pharmacotherapy?,3B-Qwen25,"Given the clinical presentation and laboratory findings, it appears that the patient is experiencing diabetic ketoacidosis (DKA) due to severe hyperglycemia and dehydration. The patient's blood glucose level of 563 mg/dL is extremely high, indicating severe hyperglycemia. Additionally, the presence of ketonuria (ketones in the urine) and acidosis (low bicarbonate levels and pH of 7.20) further supports the diagnosis of DKA. Among the options provided: A. Bicarbonate - This would be the most appropriate choice for treating metabolic acidosis. The patient's arterial blood gas shows a low bicarbonate level (10 mEq/L), indicating respiratory alkalosis rather than metabolic acidosis. However, the patient's symptoms such as dizziness on standing, somnolence, and headache suggest possible cerebral edema, which can occur in severe DKA. In such cases, correcting the acidosis with bicarbonate can help reduce cerebral edema and improve neurological status. Therefore, administering bicarbonate is a reasonable step. B. Dexamethasone - While dexamethasone can be used in the treatment of DKA, its primary use is to reduce inflammation and prevent complications rather than directly treat the underlying hyperglycemia or acidosis. It is not typically the first-line therapy for managing DKA. C. 50% Dextrose - Administering 50% dextrose is generally not recommended in the initial management of DKA. It can cause rapid increases in blood glucose levels, potentially leading to hyperosmolar hyperglycemic state (HHS) if given too quickly. Instead, it should be used cautiously and only after other treatments have been initiated. D. Furosemide - Furosemide is a potent diuretic that can exacerbate dehydration, which is already a significant issue in this patient. It is not indicated in the management of DKA unless there is evidence of fluid overload. E. Mannitol - Mannitol is primarily used to reduce intracranial pressure in conditions like cerebral edema. While it might be considered in this scenario, it is not the first-line treatment for DKA. The patient's symptoms suggest possible cerebral edema, but the immediate priority is to address the underlying hyperglycemia and acidosis. In summary, the most appropriate intravenous pharmacotherapy for this patient is bicarbonate to manage the metabolic acidosis, which can help alleviate symptoms and improve neurological status.",False,0.08,0.62,0.0049,0.0415,0.1859,0.0789,0.0317,0.0684,0.0684,0.4574,3.0
355,"A 20-year-old woman comes to the office because of a 2-day history of nasal congestion, runny nose, and nonproductive cough that has made it difficult for her to sleep. She has not had fever. Her brother with whom she resides also has similar symptoms. The patient's medical history is significant for mild persistent asthma for which she takes inhaled fluticasone- salmeterol twice daily and albuterol as needed. She has been using her albuterol more frequently during the past 2 days without much effect. During this time, her peak expiratory flow rates have been 70% to 80% of her baseline. Vital signs today are temperature 37.2°C (99.0°F), pulse 70/min, respirations 20/min, and blood pressure 110/70 mm Hg. Physical examination discloses inflamed nasal mucosa with clear discharge. The posterior oral pharynx is erythematous. Auscultation of the lungs discloses rare expiratory wheezes. Which of the following is the most appropriate pharmacotherapy for this patient's cough?",Which of the following is the most appropriate pharmacotherapy for this patient's cough?,3B-Qwen25,"Guaifenesin is an expectorant, which helps to thin and loosen mucus in the respiratory tract, making it easier to cough up. This makes it the most appropriate choice for managing a nonproductive cough associated with nasal congestion and runny nose. A. Codeine - Codeine is an opioid analgesic and antitussive. While it can be effective for cough suppression, it carries risks such as respiratory depression and addiction potential, especially in individuals with pre-existing respiratory conditions like asthma. Given the patient's history of asthma and the fact that her albuterol use has not been very effective, codeine would not be the first-line choice. B. Diphenhydramine - This is an antihistamine commonly used for allergic symptoms. It may help reduce nasal congestion but does not address the cough directly. Additionally, it can cause drowsiness, which might interfere with the patient's ability to sleep. C. Guaifenesin - As mentioned, guaifenesin is an expectorant that helps to clear mucus from the airways, making it suitable for a nonproductive cough. It is generally safe and well-tolerated, even in patients with chronic respiratory conditions. D. Ipratropium bromide - This is a bronchodilator and anticholinergic medication primarily used to treat chronic obstructive pulmonary disease (COPD) and asthma. It works by relaxing the muscles around the airways, making breathing easier. While it can help with wheezing, it is not typically used for treating a nonproductive cough. E. Prednisone - Prednisone is a corticosteroid that reduces inflammation throughout the body. Although it can be beneficial in severe cases of asthma exacerbation, it is not specifically indicated for treating a nonproductive cough. Its use should be carefully considered due to potential side effects and should be reserved for more severe cases where other treatments have failed. Given the patient's history of asthma and the presence of wheezing, guaifenesin is the most appropriate choice for managing her nonproductive cough. However, it is important to note that the patient's condition warrants further evaluation, possibly including a chest X-ray and possibly adjusting her asthma management plan.",False,0.18,0.5,0.0027,0.0241,0.1784,0.0686,0.023,0.0571,0.0571,0.4756,3.0
380,"A 10-year-old boy with a traumatic brain injury sustained during infancy is examined in the nursing care facility where he resides because he has had no urine output during the past 24 hours. During the past 4 days, he has had decreasing urine output, intermittent fever, rhinorrhea, and cough. As a result of his brain injury, the patient has severe developmental delay and a seizure disorder. He is fed orally, but he is nonverbal and nonambulatory. Medications are levetiracetam, docusate, and multivitamins. The patient is 131 cm (4 ft 2 in; 10th percentile) tall and weighs 26 kg (57 lb; 10th percentile). BMI is 14 kg/m² (10th percentile). Vital signs are temperature 38.8°C (101.8°F), pulse 80/min, respirations 25/min, and blood pressure 110/80 mm Hg. Pulse oximetry on room air shows an oxygen saturation of 95%. The patient appears thin. He is awake and is not in apparent distress. He is responsive to touch. Auscultation of the lungs discloses scattered coarse crackles and rhonchi but good air entry and normal work of breathing. Results of laboratory studies are shown: Serum Blood Urea nitrogen 78 mg/dL Creatinine 3.2 mg/dL Na+ 131 mEq/L K+ 5.6 mEq/L Cl− 88 mEq/L HCO³ −16 mEq/L Urine Specific gravity 1.030 (N=1.003–1.029) Creatinine 90 mg/dL Na+ 8 mEq/L Hematocrit 37% Hemoglobin 12.5 g/dL WBC 12,000/mm3 Neutrophils, segmented 60% Lymphocytes 40% Platelet count 250,000/mm3 Which of the following is the most likely cause of this patient's altered kidney function?","5 g/dL WBC 12,000/mm3 Neutrophils, segmented 60% Lymphocytes 40% Platelet count 250,000/mm3 Which of the following is the most likely cause of this patient's altered kidney function?",7B-Qwen25,"- Acute Tubular Necrosis (ATN): This condition typically presents with oliguria or anuria, which is present in the patient, but it usually occurs due to ischemia, nephrotoxicity, or rhabdomyolysis. The patient's history does not suggest these causes, and the laboratory findings do not support ATN, as there is no significant elevation in serum creatinine relative to the urea nitrogen ratio, which would be expected in ATN. - Decreased Intravascular Volume: While decreased intravascular volume can lead to oliguria, the patient's serum creatinine level is elevated, indicating that the kidneys are not functioning optimally. Additionally, the presence of fever, rhinorrhea, and cough suggests an infection, which is more consistent with pyelonephritis than simple volume depletion. - Medication-Related Interstitial Nephritis: Levetiracetam, the only medication listed, is generally well-tolerated. While it can cause renal toxicity, the patient's symptoms and laboratory findings are more indicative of an infectious process rather than drug-induced nephritis. - Neurogenic Bladder: This condition can lead to urinary retention and subsequent kidney damage, but it typically does not present with the acute changes in renal function seen here, especially without evidence of bladder distension or other signs of obstruction. - Pyelonephritis: This is the most likely cause given the patient's history of fever, rhinorrhea, and cough, which are signs of an upper respiratory tract infection that could have spread to the kidneys. The patient's decreased urine output, elevated serum creatinine, and low specific gravity are consistent with acute kidney injury secondary to pyelonephritis. The white blood cell count and differential also support an infectious process, with a neutrophil count of 60%. In conclusion, the combination of clinical symptoms, physical examination findings, and laboratory results most strongly supports pyelonephritis as the cause of the patient's altered kidney function.",False,0.12,0.27,0.0091,0.048,0.2609,0.1049,0.0621,0.0864,0.0864,0.4738,7.0
391,"A 32-year-old woman comes to the emergency department because of a 3-day history of fatigue and postural light- headedness. She also reports nausea with one episode of vomiting this morning and adds that her stools and urine have been darker than usual lately. Medical history is significant for stage III-B Hodgkin lymphoma. She started the first cycle of chemotherapy 8 days ago. Additional medications include ferrous gluconate, hydrocodone, and prochlorperazine. She is currently receiving 0.9% saline at 75 mL/hr. Vital signs today are temperature 37.5°C (99.5°F), pulse 76/min supine and 80/min standing, respirations 16/min, and blood pressure 125/65 mm Hg supine and 120/60 mm Hg standing. Pulse oximetry on room air shows an oxygen saturation of 94%. Lungs are clear to auscultation. Cardiac examination discloses a soft systolic murmur at the left upper sternal border. There is no hepatosplenomegaly or tenderness on abdominal examination. Rectal examination discloses no masses. Stool is black and test for occult blood is negative. Results of laboratory studies are shown: Blood Urine Hematocrit 24% Specific gravity 1.032 (N=1.010–1.025) WBC 2400/mm3 Bilirubin Negative Platelet count 78,000/mm3 RBC Negative Which of the following is the most likely explanation for the patient's current condition?","025) WBC 2400/mm3 Bilirubin Negative Platelet count 78,000/mm3 RBC Negative Which of the following is the most likely explanation for the patient's current condition?",7B-Qwen25,"A. Adverse effect of medications - While the patient is on multiple medications, there is no specific indication in the case that any of these (ferrous gluconate, hydrocodone, or prochlorperazine) would cause the symptoms described, particularly not in the context of recent chemotherapy and the presence of a soft systolic murmur, which could suggest cardiac involvement. B. Bone marrow metastases - The patient has stage III-B Hodgkin lymphoma, but bone marrow metastases are less common and typically present with more systemic symptoms such as bone pain, fatigue, and often with leukopenia or thrombocytopenia. The patient's WBC count is within normal limits, and there is no evidence of hepatosplenomegaly or tenderness on abdominal examination, which would be expected if bone marrow involvement were significant. C. Gastrointestinal blood loss - While the patient has dark stools, the test for occult blood is negative, and the stool is black, which suggests melena. However, the absence of positive occult blood testing makes gastrointestinal bleeding less likely. Additionally, the patient's hematocrit is significantly low (24%), which is more consistent with hemolysis than chronic blood loss. D. Hemodilution - Although the patient is receiving intravenous fluids, the significant drop in hematocrit (from presumably higher levels before starting chemotherapy) is more indicative of hemolytic anemia rather than simple dilution. The patient's symptoms, including postural light-headedness and the soft systolic murmur, are more consistent with hemolytic anemia than with fluid overload. E. Hemolytic anemia - This is the most likely explanation. The patient's symptoms of fatigue, postural light-headedness, and dark urine are consistent with hemolysis. The low hematocrit, low platelet count, and the presence of a soft systolic murmur (which could indicate cardiac strain due to anemia) all support this diagnosis. The recent chemotherapy, especially if it includes agents known to cause hemolysis (such as doxorubicin or bleomycin), further supports this possibility.",False,0.25,0.33,0.0056,0.0364,0.229,0.0958,0.0422,0.0838,0.0838,0.4685,7.0
414,"A 45-year-old man comes to the office for a follow-up examination 2 days after he was seen in the emergency department for a generalized tonic-clonic seizure. He was prescribed chlordiazepoxide upon being discharged but did not fill the prescription. The patient says that this was his third seizure in the past 2 years; prior to that he had no history of seizures. Medical history is also remarkable for a 10-year history of daily ingestion of two six-packs of beer. He has not had any alcoholic beverages for the past 5 days. He takes no medications. The patient says that his seizures usually occur after he abstains from alcohol for a period of time. Vital signs are normal. Physical examination shows scattered spider angiomata on his chest and abdomen. Liver is enlarged, smooth, and nontender. CT scan of the head with contrast done in the emergency department 2 days ago showed no abnormalities. Which of the following is the most appropriate next step?",Which of the following is the most appropriate next step?,7B-Qwen25,"Given the patient's history of alcohol abuse, the occurrence of seizures typically after periods of abstinence, and the presence of spider angiomas (which can be associated with liver disease), the most appropriate next step is to perform an MRI of the brain. Here’s why: - Lumbar Puncture (A): This procedure is generally reserved for suspected infections, inflammatory conditions, or when there is suspicion of increased intracranial pressure. Given the normal CT scan results and the absence of neurological signs suggesting these conditions, a lumbar puncture is not indicated at this time. - MRI of the Brain (B): An MRI provides better soft tissue resolution compared to a CT scan and can detect subtle abnormalities such as small infarcts, tumors, or other structural changes that might not be visible on a CT scan. The patient's history of alcohol use and the presence of spider angiomas suggest possible liver dysfunction, which could be related to metabolic changes that might affect the brain. An MRI would help rule out any structural causes of the seizures. - Repeat CT Scan of the Head (C): Since the initial CT scan was normal and there is no new information suggesting a need for repeat imaging, this option is not the most appropriate next step. - Sleep-Deprived Electroencephalography (D): While EEG can be useful in diagnosing epilepsy and identifying patterns of electrical activity in the brain, it does not provide anatomical information. Given the patient's history and the need to rule out structural causes, an MRI is more comprehensive and should be performed first. - No Further Evaluation is Necessary (E): This option is incorrect because the patient's history and clinical presentation warrant further investigation to determine the cause of the seizures, especially given the potential link to alcohol withdrawal and liver disease. Therefore, an MRI of the brain is the most appropriate next step to evaluate the patient comprehensively and rule out any structural causes of the seizures.",False,0.16,1.0,0.0083,0.0219,0.1763,0.0541,0.0363,0.0541,0.0541,0.4333,7.0
430,"A 41-year-old woman comes to the emergency department because of a 3-day history of fever and a 2-day history of worsening flank pain with frequent and painful urination. She describes the pain as constant and says it worsens when she coughs or lies on her right side. She rates the pain as a 5 on a 10-point scale; ibuprofen has provided moderate relief of her pain. She also reports intermittent nausea but has not had vomiting or change in bowel habits. Medical history is significant for several uncomplicated urinary tract infections, most recently 8 months ago. Each infection resolved with antibiotic therapy. She currently takes no medications aside from her recent use of ibuprofen. She is sexually active with one male partner and uses condoms regularly. Vital signs are temperature 39.4°C (103.0°F), pulse 76/min, respirations 20/min, and blood pressure 128/74 mm Hg. Auscultation of the chest discloses normal S1 and S2. Abdomen is soft with normal bowel sounds. There is guarding on the right lateral side and tenderness to compression over the right costophrenic angle. Results of laboratory studies are shown: Serum: Urea nitrogen 18 mg/dL Creatinine 0.9 mg/dL Blood: Hemoglobin 12.8 g/dL WBC 20,000/mm3 Neutrophils, segmented 80% Lymphocytes 15% Eosinophils 2% Monocytes 3% Urine: Specific gravity 1.015 (N=1.003–1.029) Protein Negative Occult blood Negative Leukocyte esterase Positive WBC Too numerous to count Casts Occasional Urine and blood cultures are obtained and sent for analysis. Antibiotic therapy is initiated. Which of the following is the most appropriate next step?",Which of the following is the most appropriate next step?,7B-Qwen25,"- A. Cystoscopy: While cystoscopy can be useful in evaluating bladder pathology, the patient's symptoms suggest a more likely renal origin for her pain and findings. The presence of leukocyte esterase-positive urine and casts, along with the guarding and tenderness over the right costophrenic angle, point more towards a renal issue rather than a bladder problem. Cystoscopy would be more appropriate if there were strong clinical suspicion of bladder pathology, such as hematuria or dysuria that was not alleviated by the current treatment. - B. Echocardiography: This imaging modality is used primarily to evaluate cardiac function and structures. Given the patient's symptoms and the absence of any cardiac-related signs or symptoms, echocardiography is not indicated here. - C. MRI of the abdomen: While MRI can provide detailed images of soft tissues and organs, it is generally more expensive and time-consuming compared to other imaging modalities like ultrasound. In this case, where the clinical picture strongly suggests a renal cause for the symptoms, an MRI would be an overstep unless there is a specific indication such as suspected abscess or tumor. - D. Renal ultrasonography: This is the most appropriate next step given the patient’s symptoms and laboratory findings. Renal ultrasonography can help visualize the kidneys, ureters, and bladder, and detect conditions such as kidney stones, hydronephrosis, or pyelonephritis, which could explain the patient's flank pain, fever, and urinary symptoms. It is a non-invasive, quick, and cost-effective way to assess the urinary tract. - E. No additional study is indicated: This option is incorrect because the patient's symptoms and laboratory findings warrant further investigation. The elevated white blood cell count, leukocyte esterase-positive urine, and the physical exam findings all point to a potential urinary tract infection or other renal pathology that needs to be evaluated. In conclusion, renal ultrasonography is the most appropriate next step to evaluate the source of the patient's symptoms and guide further management.",False,0.12,1.0,0.0084,0.0222,0.1797,0.0541,0.0363,0.048,0.048,0.4314,7.0
439,"A 37-year-old man comes to the emergency department because he has felt nauseated and light-headed for the past hour. Medical history is significant for esophageal varices secondary to alcohol-related cirrhosis and ascites treated with spironolactone. He drinks eight to ten alcoholic beverages daily. While you are obtaining additional history, the patient vomits a large volume of bright red blood and becomes difficult to arouse. Vital signs are temperature 36.0°C (96.8°F), pulse 110/min, respirations 12/min, and blood pressure 90/50 mm Hg. Following initiation of intravenous fluids, which of the following is the most appropriate immediate management?","Following initiation of intravenous fluids, which of the following is the most appropriate immediate management?",7B-Qwen25,"This scenario describes a patient with a known history of esophageal varices due to alcohol-related cirrhosis who is experiencing acute gastrointestinal bleeding, which is indicated by vomiting a large volume of bright red blood. The patient's vital signs also suggest hypovolemic shock, with a low blood pressure of 90/50 mm Hg. Let's evaluate each option: A. Arrange for transjugular intrahepatic portal vein shunting (TIPS) - This procedure is typically used as a long-term treatment for refractory ascites or recurrent variceal bleeding after multiple episodes of bleeding. It is not an immediate life-saving measure in this acute hemorrhagic situation. B. Begin intravenous vasopressin therapy - Vasopressin can be effective in reducing portal hypertension and controlling variceal bleeding, but it is usually administered after initial hemodynamic stabilization and is not the first-line intervention in this setting. C. Do endotracheal intubation - While the patient is becoming difficult to arouse, this does not directly address the cause of his condition (bleeding from esophageal varices). Intubation would be more appropriate if there were signs of respiratory failure or airway compromise, which are not mentioned in the scenario. D. Do upper endoscopy - Although upper endoscopy is the gold standard for diagnosing and managing esophageal varices, it cannot be performed immediately in a patient who is actively bleeding and unstable. The risk of further bleeding during the procedure outweighs the benefits. E. Insert an esophageal tube for balloon tamponade - This is the most appropriate immediate management. Balloon tamponade can provide rapid control of bleeding by occluding the esophagus and preventing further blood loss until definitive treatment can be initiated. Once the bleeding is controlled, endoscopy can be performed to identify and treat the source of bleeding. In summary, given the patient's clinical presentation and the need for immediate hemostasis, inserting an esophageal tube for balloon tamponade is the most appropriate initial step.",False,0.32,0.33,0.0088,0.0351,0.2259,0.0675,0.0309,0.0675,0.0675,0.4922,7.0
442,"A 40-year-old woman, gravida 2 para 2, comes to the office because of bulging veins in her legs that have slowly become more visible since she first noticed them 2 years ago. She says they seem to worsen when she stands for long periods of time, but she reports no associated pain. She is concerned that this problem may be life-threatening. Medical history is otherwise unremarkable and she takes no medications. Both of her pregnancies resulted in uncomplicated vaginal deliveries at 40 weeks' gestation. BMI is 23 kg/m². Vital signs are normal. Physical examination discloses compressible veins in both lower extremities below the knees that are worse on the left. The remainder of the examination discloses no abnormalities. Which of the following is the most appropriate next step?",Which of the following is the most appropriate next step?,7B-Qwen25,"- A. Compression stockings: While compression stockings can help alleviate symptoms such as swelling and discomfort, they do not diagnose the underlying condition. They are often used as a supportive measure after diagnosis but are not the first step in evaluation. - B. Surgical ligation of the largest veins: This is an invasive procedure typically reserved for severe cases where conservative measures have failed and there is significant venous insufficiency. It is not indicated as a first step in evaluation. - C. Venography: This involves injecting contrast dye into the veins to visualize them on X-ray. While it can provide detailed information about the venous system, it is more invasive than necessary for initial evaluation and carries risks such as allergic reactions to the contrast dye. - D. Venous duplex ultrasonography: This non-invasive test uses high-frequency sound waves to evaluate blood flow and detect blockages or abnormalities in the veins. It is the most appropriate initial diagnostic tool for evaluating suspected venous insufficiency or varicose veins. It can help determine the extent and location of the venous issues, guiding further management decisions. - E. Warfarin therapy: This anticoagulant medication is used to prevent blood clots. Given the patient's symptoms and lack of pain, there is no indication of a clot, making warfarin inappropriate as a first step. Venous duplex ultrasonography provides valuable information without the need for invasive procedures, making it the best choice for initial assessment in this case.",False,0.11,0.0,0.0038,0.0261,0.1462,0.0562,0.0324,0.0562,0.0562,0.4488,7.0
467,"A 12-year-old girl with type 1 diabetes mellitus is brought to the emergency department by her parents because of a 2-day history of nausea, vomiting, and decreased oral intake. Medications are insulin glargine and insulin aspart. She decreased her insulin dose at the onset of symptoms but her condition has since worsened and she now is unable to consume solids or liquids without subsequent vomiting. She reports feeling dizzy on standing. Medical history is otherwise unremarkable. She is at the 50th percentile for height, weight, and BMI. Vital signs are temperature 37.8°C (100.1°F), pulse 118/min, respirations 27/min, and blood pressure 85/47 mm Hg. Pulse oximetry on room air shows an oxygen saturation of 99%. Physical examination discloses dry mucous membranes, delayed capillary refill time, and poor skin turgor. Palpation of the abdomen discloses diffuse tenderness with no rebound or guarding. The remainder of the physical examination discloses no abnormalities. Results of laboratory studies obtained on arrival are shown: Serum Urea nitrogen - 28 mg/dL Creatinine - 1.2 mg/dL Na⁺ - 126 mEq/L K⁺ - 4.3 mEq/L Cl⁻ - 95 mEq/L HCO3⁻ - 9 mEq/L Glucose - 563 mg/dL Arterial blood gas values on room air HCO3⁻ 10 mEq/L Partial Pressure of Oxygen - 98 mm Hg Partial Pressure of Carbon Dioxide - 22 mm Hg pH - 7.20 Boluses of intravenous 0.9% saline are administered and an infusion of insulin is initiated. Three hours later the patient becomes somnolent and develops a headache. She has had one episode of emesis and one episode of incontinence. Her urine output has been 30 mL/h. Results of follow-up serum laboratory studies are shown: Urea nitrogen - 24 mg/dL Creatinine - 1.1 mg/dL Na⁺ - 127 mEq/L K⁺ - 3.7 mEq/L Cl⁻ - 98 mEq/L HCO3⁻ - 11 mEq/L Glucose - 287 mg/dL Which of the following is the most appropriate intravenous pharmacotherapy?",7 mEq/L Cl⁻ - 98 mEq/L HCO3⁻ - 11 mEq/L Glucose - 287 mg/dL Which of the following is the most appropriate intravenous pharmacotherapy?,7B-Qwen25,"This case describes a 12-year-old girl with type 1 diabetes mellitus presenting with symptoms of diabetic ketoacidosis (DKA). Key clinical features include nausea, vomiting, decreased oral intake, dizziness on standing, dry mucous membranes, delayed capillary refill time, poor skin turgor, and laboratory findings such as hyperglycemia (563 mg/dL), metabolic acidosis (HCO3⁻ 9 mEq/L), and electrolyte disturbances (hypokalemia, hyponatremia). Option A: Bicarbonate - Correct: Bicarbonate therapy is indicated in severe DKA when the bicarbonate level is less than 10 mEq/L and the anion gap is high (>16 mEq/L). The patient's HCO3⁻ level is 9 mEq/L, which supports the use of bicarbonate. Additionally, the patient's symptoms of dizziness and poor skin turgor suggest dehydration and metabolic acidosis, making bicarbonate therapy appropriate. - Incorrect Options: - Option B: Dexamethasone: This corticosteroid is not typically used in the treatment of DKA unless there is suspicion of concurrent adrenal insufficiency or if the patient has a history of steroid-dependent diabetes. - Option C: 50% Dextrose: While hypoglycemia can occur during DKA treatment due to the administration of insulin, the patient's glucose level is already elevated (287 mg/dL) and does not warrant immediate administration of 50% dextrose. Moreover, the patient is dehydrated and requires fluid resuscitation. - Option D: Furosemide: This loop diuretic is used to manage edema and hypertension in patients with heart failure or acute renal failure. It is not indicated for the treatment of DKA. - Option E: Mannitol: This osmotic diuretic is used to reduce intracranial pressure and manage cerebral edema. It is not indicated for the treatment of DKA. In summary, bicarbonate therapy is the most appropriate intravenous pharmacotherapy for this patient with severe DKA, given her clinical presentation and laboratory findings.",False,0.2,0.62,0.0115,0.0712,0.2933,0.1282,0.0645,0.1218,0.1218,0.5238,7.0
477,"A 20-year-old woman comes to the office because of a 2-day history of nasal congestion, runny nose, and nonproductive cough that has made it difficult for her to sleep. She has not had fever. Her brother with whom she resides also has similar symptoms. The patient's medical history is significant for mild persistent asthma for which she takes inhaled fluticasone- salmeterol twice daily and albuterol as needed. She has been using her albuterol more frequently during the past 2 days without much effect. During this time, her peak expiratory flow rates have been 70% to 80% of her baseline. Vital signs today are temperature 37.2°C (99.0°F), pulse 70/min, respirations 20/min, and blood pressure 110/70 mm Hg. Physical examination discloses inflamed nasal mucosa with clear discharge. The posterior oral pharynx is erythematous. Auscultation of the lungs discloses rare expiratory wheezes. Which of the following is the most appropriate pharmacotherapy for this patient's cough?",Which of the following is the most appropriate pharmacotherapy for this patient's cough?,7B-Qwen25,"- Codeine (Option A): While codeine can be effective for suppressing a cough, it is not typically the first-line treatment for a viral upper respiratory infection like the one described. Additionally, codeine can cause sedation, which might worsen the patient's difficulty sleeping due to nasal congestion and coughing. - Diphenhydramine (Option B): This antihistamine is primarily used to relieve allergy symptoms such as sneezing, itching, and runny nose. While it may help reduce nasal congestion, it does not address the cough directly. Moreover, it can cause drowsiness, which might not be ideal if the patient is already having trouble sleeping. - Guaifenesin (Option C): This medication is a expectorant that helps thin mucus, making it easier to cough up. It is particularly useful for patients with a productive cough or thick mucus. Since the patient is experiencing a nonproductive cough, guaifenesin can help by making the cough more productive, potentially alleviating some of the discomfort associated with the coughing fits. - Ipratropium bromide (Option D): This medication is an anticholinergic bronchodilator used to treat bronchospasm and wheezing. While it can help with the wheezing noted on auscultation, it does not directly address the cough or nasal congestion. Given the patient's symptoms and the presence of wheezing, ipratropium could be considered as part of a broader treatment plan but is not the primary choice for cough suppression. - Prednisone (Option E): This corticosteroid is used to reduce inflammation and is often prescribed for conditions like asthma exacerbations. However, it is not indicated for the acute management of a viral upper respiratory infection and would be overkill for the patient's current symptoms. Additionally, prednisone can have significant side effects and is generally reserved for more severe cases or when other treatments have failed. Given the patient's symptoms and the need to manage both the cough and the underlying asthma, guaifenesin is the most appropriate pharmacotherapy for addressing the cough specifically.",False,0.15,0.5,0.0083,0.0275,0.2276,0.0783,0.0424,0.0602,0.0602,0.4715,7.0
502,"A 10-year-old boy with a traumatic brain injury sustained during infancy is examined in the nursing care facility where he resides because he has had no urine output during the past 24 hours. During the past 4 days, he has had decreasing urine output, intermittent fever, rhinorrhea, and cough. As a result of his brain injury, the patient has severe developmental delay and a seizure disorder. He is fed orally, but he is nonverbal and nonambulatory. Medications are levetiracetam, docusate, and multivitamins. The patient is 131 cm (4 ft 2 in; 10th percentile) tall and weighs 26 kg (57 lb; 10th percentile). BMI is 14 kg/m² (10th percentile). Vital signs are temperature 38.8°C (101.8°F), pulse 80/min, respirations 25/min, and blood pressure 110/80 mm Hg. Pulse oximetry on room air shows an oxygen saturation of 95%. The patient appears thin. He is awake and is not in apparent distress. He is responsive to touch. Auscultation of the lungs discloses scattered coarse crackles and rhonchi but good air entry and normal work of breathing. Results of laboratory studies are shown: Serum Blood Urea nitrogen 78 mg/dL Creatinine 3.2 mg/dL Na+ 131 mEq/L K+ 5.6 mEq/L Cl− 88 mEq/L HCO³ −16 mEq/L Urine Specific gravity 1.030 (N=1.003–1.029) Creatinine 90 mg/dL Na+ 8 mEq/L Hematocrit 37% Hemoglobin 12.5 g/dL WBC 12,000/mm3 Neutrophils, segmented 60% Lymphocytes 40% Platelet count 250,000/mm3 Which of the following is the most likely cause of this patient's altered kidney function?","5 g/dL WBC 12,000/mm3 Neutrophils, segmented 60% Lymphocytes 40% Platelet count 250,000/mm3 Which of the following is the most likely cause of this patient's altered kidney function?",14B-Qwen25,"Given the clinical scenario, the patient presents with acute kidney injury (AKI) characterized by elevated serum creatinine and blood urea nitrogen (BUN) levels, along with decreased urine output over several days. Additionally, the patient exhibits symptoms such as fever, rhinorrhea, and cough, which suggest an infectious process. The laboratory findings, particularly the white blood cell count (WBC) of 12,000/mm³ with a neutrophil predominance, support the presence of inflammation or infection. Let's evaluate each option: A. Acute tubular necrosis (ATN): ATN typically results from ischemia or nephrotoxic insults, often seen after major surgery, sepsis, or drug toxicity. While it can present with AKI, the patient's symptoms of fever, rhinorrhea, and cough point more towards an infectious etiology rather than ischemic or toxic causes. B. Decreased intravascular volume: This could lead to prerenal azotemia, where the kidneys receive insufficient blood flow, leading to reduced glomerular filtration rate (GFR). However, the patient's vital signs do not indicate hypovolemia, and there are no signs of dehydration or shock that would support this diagnosis. C. Medication-related interstitial nephritis: Certain medications can cause interstitial nephritis, leading to AKI. However, the patient's medications (levetiracetam, docusate, and multivitamins) are generally not associated with nephrotoxicity or interstitial nephritis. D. Neurogenic bladder: This condition can affect urinary output and retention but does not typically cause acute kidney injury unless there is significant back-pressure leading to hydronephrosis. The patient's presentation does not strongly suggest this as the primary cause of his renal dysfunction. E. Pyelonephritis: This is the most likely cause given the patient's symptoms of fever, rhinorrhea, and cough, which suggest an infectious process. Elevated WBC count with neutrophilia supports the presence of infection. Pyelonephritis can lead to acute kidney injury due to direct bacterial invasion of the kidney parenchyma or secondary to systemic inflammatory response syndrome (SIRS). Therefore, considering the clinical presentation and laboratory findings, pyelonephritis is the most probable cause of the patient's altered kidney function.",False,0.14,0.18,0.0078,0.0465,0.2331,0.105,0.0611,0.0884,0.0884,0.4877,14.0
513,"A 32-year-old woman comes to the emergency department because of a 3-day history of fatigue and postural light- headedness. She also reports nausea with one episode of vomiting this morning and adds that her stools and urine have been darker than usual lately. Medical history is significant for stage III-B Hodgkin lymphoma. She started the first cycle of chemotherapy 8 days ago. Additional medications include ferrous gluconate, hydrocodone, and prochlorperazine. She is currently receiving 0.9% saline at 75 mL/hr. Vital signs today are temperature 37.5°C (99.5°F), pulse 76/min supine and 80/min standing, respirations 16/min, and blood pressure 125/65 mm Hg supine and 120/60 mm Hg standing. Pulse oximetry on room air shows an oxygen saturation of 94%. Lungs are clear to auscultation. Cardiac examination discloses a soft systolic murmur at the left upper sternal border. There is no hepatosplenomegaly or tenderness on abdominal examination. Rectal examination discloses no masses. Stool is black and test for occult blood is negative. Results of laboratory studies are shown: Blood Urine Hematocrit 24% Specific gravity 1.032 (N=1.010–1.025) WBC 2400/mm3 Bilirubin Negative Platelet count 78,000/mm3 RBC Negative Which of the following is the most likely explanation for the patient's current condition?","025) WBC 2400/mm3 Bilirubin Negative Platelet count 78,000/mm3 RBC Negative Which of the following is the most likely explanation for the patient's current condition?",14B-Qwen25,"Given the patient's medical history of stage III-B Hodgkin lymphoma and recent initiation of chemotherapy, along with the clinical presentation of fatigue, postural lightheadedness, dark urine and stool, and laboratory findings including low hematocrit (24%), low platelet count (78,000/mm3), and normal bilirubin levels, hemodilution is the most likely cause of her symptoms. Option A (Adverse effect of medications): While it is possible that some of her symptoms could be related to adverse effects from medications such as prochlorperazine or hydrocodone, there is no specific information provided that directly links these symptoms to medication side effects. Additionally, the dark urine and stool are not typically associated with common adverse effects of these medications. Option B (Bone marrow metastases): Although bone marrow involvement can occur in advanced stages of Hodgkin lymphoma, the patient’s hematologic profile does not suggest acute worsening of her lymphoma. The absence of other systemic symptoms like fever, weight loss, or night sweats, and the presence of ongoing chemotherapy make this less likely compared to hemodilution. Option C (Gastrointestinal blood loss): The patient has dark stools, but the stool test for occult blood is negative, which makes gastrointestinal bleeding less likely. Furthermore, the patient's symptoms and lab results do not point towards significant blood loss, especially given the lack of significant drop in hemoglobin levels over a short period. Option D (Hemodilution): This is the most plausible explanation. The patient has received intravenous fluids (0.9% saline) since starting chemotherapy, which can lead to hemodilution. Hemodilution occurs when the concentration of red blood cells decreases due to an increase in plasma volume without a corresponding increase in red cell mass. This can result in a lower hematocrit level, which matches the patient's lab results. The patient's dark urine and stool may be due to dehydration or changes in renal function secondary to chemotherapy, rather than blood in the urine or stool. Option E (Hemolytic anemia): There is no evidence of hemolysis in the patient's lab results or clinical presentation. Hemolytic anemia would typically present with elevated bilirubin levels, reticulocyte count, and possibly schistocytes on peripheral smear, none of which are mentioned here. Therefore, considering all the clinical and laboratory data, hemodilution due to fluid administration during chemotherapy is the most likely explanation for the patient's current condition.",False,0.2,0.44,0.0159,0.0385,0.2821,0.101,0.0725,0.0962,0.0962,0.4983,14.0
536,"A 45-year-old man comes to the office for a follow-up examination 2 days after he was seen in the emergency department for a generalized tonic-clonic seizure. He was prescribed chlordiazepoxide upon being discharged but did not fill the prescription. The patient says that this was his third seizure in the past 2 years; prior to that he had no history of seizures. Medical history is also remarkable for a 10-year history of daily ingestion of two six-packs of beer. He has not had any alcoholic beverages for the past 5 days. He takes no medications. The patient says that his seizures usually occur after he abstains from alcohol for a period of time. Vital signs are normal. Physical examination shows scattered spider angiomata on his chest and abdomen. Liver is enlarged, smooth, and nontender. CT scan of the head with contrast done in the emergency department 2 days ago showed no abnormalities. Which of the following is the most appropriate next step?",Which of the following is the most appropriate next step?,14B-Qwen25,"Given the patient's history of chronic alcohol abuse and recent seizures, the most appropriate next step would be an MRI of the brain. Here’s why: - Chronic Alcohol Abuse: The patient's long-term heavy alcohol use can lead to conditions such as Wernicke-Korsakoff syndrome, hepatic encephalopathy, or other metabolic disturbances that could cause seizures. An MRI can help identify structural changes in the brain that might be related to these conditions. - Seizures Post-Absence from Alcohol: The fact that the patient's seizures tend to occur after periods of abstinence suggests a possible withdrawal-related phenomenon, known as alcohol withdrawal seizures. However, it is important to rule out other causes of seizures, especially structural ones, which an MRI can detect better than a CT scan in certain cases. - CT Scan Results: While the CT scan performed in the emergency department did not show any abnormalities, it is less sensitive than an MRI for detecting subtle changes in brain structure that could be relevant to the patient's condition. An MRI provides more detailed images of brain tissue and can reveal lesions or changes that may not be visible on a CT scan. - Lumbar Puncture (LP): This procedure is typically used to diagnose infections, bleeding, or inflammatory conditions of the central nervous system. Given the absence of focal neurological deficits or fever, and the normal CT scan, LP is less likely to be indicated unless there is suspicion of subarachnoid hemorrhage or infection, which is not suggested by the clinical presentation. - Repeat CT Scan: Since the initial CT scan was normal and MRI is more sensitive for certain conditions, repeating the CT scan is not the most efficient next step. - Sleep-Deprived Electroencephalography (EEG): While EEG can be useful in diagnosing epilepsy, it does not provide information about structural brain abnormalities. Given the patient's history and the need to rule out structural causes, an MRI is more appropriate. - No Further Evaluation: Considering the patient's history and the potential for underlying structural brain pathology, no further evaluation would be inappropriate and potentially dangerous, as it could delay diagnosis and treatment of a serious condition. Therefore, an MRI of the brain is the most appropriate next step to evaluate for any structural brain abnormalities that could be contributing to the patient's seizures.",False,0.13,1.0,0.0071,0.0189,0.1557,0.0456,0.0305,0.0456,0.0456,0.4312,14.0
552,"A 41-year-old woman comes to the emergency department because of a 3-day history of fever and a 2-day history of worsening flank pain with frequent and painful urination. She describes the pain as constant and says it worsens when she coughs or lies on her right side. She rates the pain as a 5 on a 10-point scale; ibuprofen has provided moderate relief of her pain. She also reports intermittent nausea but has not had vomiting or change in bowel habits. Medical history is significant for several uncomplicated urinary tract infections, most recently 8 months ago. Each infection resolved with antibiotic therapy. She currently takes no medications aside from her recent use of ibuprofen. She is sexually active with one male partner and uses condoms regularly. Vital signs are temperature 39.4°C (103.0°F), pulse 76/min, respirations 20/min, and blood pressure 128/74 mm Hg. Auscultation of the chest discloses normal S1 and S2. Abdomen is soft with normal bowel sounds. There is guarding on the right lateral side and tenderness to compression over the right costophrenic angle. Results of laboratory studies are shown: Serum: Urea nitrogen 18 mg/dL Creatinine 0.9 mg/dL Blood: Hemoglobin 12.8 g/dL WBC 20,000/mm3 Neutrophils, segmented 80% Lymphocytes 15% Eosinophils 2% Monocytes 3% Urine: Specific gravity 1.015 (N=1.003–1.029) Protein Negative Occult blood Negative Leukocyte esterase Positive WBC Too numerous to count Casts Occasional Urine and blood cultures are obtained and sent for analysis. Antibiotic therapy is initiated. Which of the following is the most appropriate next step?",Which of the following is the most appropriate next step?,14B-Qwen25,"Given the patient's symptoms of fever, flank pain, and dysuria, along with the physical examination findings of guarding and tenderness over the right costophrenic angle, and laboratory results showing leukocytosis and positive leukocyte esterase in the urine, pyelonephritis is highly suspected. Pyelonephritis is an infection of the kidney that can be caused by bacteria ascending from the lower urinary tract or hematogenous spread. - Option A (Cystoscopy): This procedure involves visualizing the bladder and urethra through a scope. While cystoscopy can help diagnose conditions affecting the bladder and urethra, it is not typically the first-line imaging modality for evaluating suspected pyelonephritis. The primary concern here is the kidney, not the bladder. - Option B (Echocardiography): An echocardiogram evaluates the heart and its valves. Given the patient’s symptoms and clinical presentation, there is no indication of cardiac involvement, making this test inappropriate. - Option C (MRI of the abdomen): Although MRI provides excellent soft tissue contrast and could potentially show inflammation or abscess formation in the kidney, it is more expensive and time-consuming than ultrasound. Additionally, given the high suspicion of pyelonephritis, renal ultrasonography would be a more immediate and practical choice. - Option D (Renal ultrasonography): This is the most appropriate next step. Ultrasound is non-invasive, readily available, and can quickly identify hydronephrosis, abscesses, or other structural abnormalities that might explain the patient's symptoms. It can also help differentiate between pyelonephritis and other causes of flank pain such as stones or obstruction. - Option E (No additional study is indicated): Given the clinical suspicion of pyelonephritis and the need to rule out complications like abscess or obstruction, further imaging is warranted. Therefore, this option is incorrect. In conclusion, renal ultrasonography is the most appropriate next step to confirm the diagnosis and guide management of the suspected pyelonephritis.",False,0.15,1.0,0.0087,0.0231,0.1707,0.0519,0.0392,0.0519,0.0519,0.4359,14.0
561,"A 37-year-old man comes to the emergency department because he has felt nauseated and light-headed for the past hour. Medical history is significant for esophageal varices secondary to alcohol-related cirrhosis and ascites treated with spironolactone. He drinks eight to ten alcoholic beverages daily. While you are obtaining additional history, the patient vomits a large volume of bright red blood and becomes difficult to arouse. Vital signs are temperature 36.0°C (96.8°F), pulse 110/min, respirations 12/min, and blood pressure 90/50 mm Hg. Following initiation of intravenous fluids, which of the following is the most appropriate immediate management?","Following initiation of intravenous fluids, which of the following is the most appropriate immediate management?",14B-Qwen25,"Given the patient's presentation with vomiting of bright red blood and signs of hypovolemic shock (low blood pressure, tachycardia, and altered mental status), the most immediate concern is to control the source of bleeding. The patient's history of esophageal varices secondary to alcohol-related cirrhosis makes this a likely cause of his gastrointestinal bleeding. Option A (Arrange for transjugular intrahepatic portal vein shunting) is not the immediate priority. While TIPS can be used in the management of refractory variceal bleeding, it is a procedure that is typically performed after more immediate measures have been taken to control bleeding and stabilize the patient. Option B (Begin intravenous vasopressin therapy) is also not the first step. Vasopressin is used as part of the pharmacologic treatment for variceal bleeding but should be initiated after initial stabilization and hemodynamic support with fluids and possibly blood products. Option C (Do endotracheal intubation) might be necessary if the patient's airway is compromised due to aspiration or if the patient is unable to protect their airway due to altered mental status. However, given the context of acute hemorrhage, the primary concern is to stop the bleeding rather than immediately intubating the patient unless there is evidence of respiratory compromise. Option D (Do upper endoscopy) is the most appropriate immediate management. An upper endoscopy allows direct visualization of the bleeding site, which is crucial for both diagnosis and therapeutic intervention. Endoscopic therapy, such as band ligation or injection therapy, can often control the bleeding effectively. Option E (Insert an esophageal tube for balloon tamponade) is a temporizing measure that can be considered if endoscopy is not immediately available or if the patient is unstable and cannot tolerate endoscopy. However, it is less effective than endoscopic therapy and carries risks of complications such as esophageal perforation. Therefore, the most appropriate immediate management is to perform an upper endoscopy to identify and treat the source of bleeding.",False,0.2,0.67,0.0086,0.0368,0.2296,0.0716,0.036,0.0657,0.0657,0.4851,14.0
564,"A 40-year-old woman, gravida 2 para 2, comes to the office because of bulging veins in her legs that have slowly become more visible since she first noticed them 2 years ago. She says they seem to worsen when she stands for long periods of time, but she reports no associated pain. She is concerned that this problem may be life-threatening. Medical history is otherwise unremarkable and she takes no medications. Both of her pregnancies resulted in uncomplicated vaginal deliveries at 40 weeks' gestation. BMI is 23 kg/m². Vital signs are normal. Physical examination discloses compressible veins in both lower extremities below the knees that are worse on the left. The remainder of the examination discloses no abnormalities. Which of the following is the most appropriate next step?",Which of the following is the most appropriate next step?,14B-Qwen25,"The patient's symptoms suggest chronic venous insufficiency (CVI), which is characterized by dilated superficial veins, often seen as varicose veins, and can be exacerbated by prolonged standing. Given the patient's history of two pregnancies and the absence of significant risk factors such as obesity or deep vein thrombosis (DVT), CVI is a likely diagnosis. However, it is important to rule out other conditions such as DVT or other vascular anomalies before proceeding with definitive treatment. Option A (Compression stockings) is a common conservative management strategy for mild to moderate cases of CVI, but it should not be the first step without confirming the diagnosis and ruling out other conditions. Option B (Surgical ligation of the largest veins) is an invasive procedure typically reserved for severe cases of CVI where conservative measures have failed. It is not indicated as the initial step in management. Option C (Venography) is an imaging technique used to visualize the veins, but it involves injecting contrast material into the veins, which carries some risks and is more invasive than necessary for initial evaluation. Venography would be considered if non-invasive tests do not provide sufficient information. Option E (Warfarin therapy) is used primarily for anticoagulation in patients with DVT or pulmonary embolism, and there is no indication from the given information that the patient has a condition requiring anticoagulation. Option D (Venous duplex ultrasonography) is the most appropriate next step. This non-invasive test uses ultrasound to assess blood flow and structural integrity of the veins. It can help identify the presence of reflux (backward flow of blood) in the veins, which is a key feature of CVI, and also rule out DVT. This information is crucial for determining the appropriate management plan for the patient.",False,0.19,1.0,0.0092,0.0244,0.1481,0.0596,0.04,0.0596,0.0596,0.4599,14.0
589,"A 12-year-old girl with type 1 diabetes mellitus is brought to the emergency department by her parents because of a 2-day history of nausea, vomiting, and decreased oral intake. Medications are insulin glargine and insulin aspart. She decreased her insulin dose at the onset of symptoms but her condition has since worsened and she now is unable to consume solids or liquids without subsequent vomiting. She reports feeling dizzy on standing. Medical history is otherwise unremarkable. She is at the 50th percentile for height, weight, and BMI. Vital signs are temperature 37.8°C (100.1°F), pulse 118/min, respirations 27/min, and blood pressure 85/47 mm Hg. Pulse oximetry on room air shows an oxygen saturation of 99%. Physical examination discloses dry mucous membranes, delayed capillary refill time, and poor skin turgor. Palpation of the abdomen discloses diffuse tenderness with no rebound or guarding. The remainder of the physical examination discloses no abnormalities. Results of laboratory studies obtained on arrival are shown: Serum Urea nitrogen - 28 mg/dL Creatinine - 1.2 mg/dL Na⁺ - 126 mEq/L K⁺ - 4.3 mEq/L Cl⁻ - 95 mEq/L HCO3⁻ - 9 mEq/L Glucose - 563 mg/dL Arterial blood gas values on room air HCO3⁻ 10 mEq/L Partial Pressure of Oxygen - 98 mm Hg Partial Pressure of Carbon Dioxide - 22 mm Hg pH - 7.20 Boluses of intravenous 0.9% saline are administered and an infusion of insulin is initiated. Three hours later the patient becomes somnolent and develops a headache. She has had one episode of emesis and one episode of incontinence. Her urine output has been 30 mL/h. Results of follow-up serum laboratory studies are shown: Urea nitrogen - 24 mg/dL Creatinine - 1.1 mg/dL Na⁺ - 127 mEq/L K⁺ - 3.7 mEq/L Cl⁻ - 98 mEq/L HCO3⁻ - 11 mEq/L Glucose - 287 mg/dL Which of the following is the most appropriate intravenous pharmacotherapy?",7 mEq/L Cl⁻ - 98 mEq/L HCO3⁻ - 11 mEq/L Glucose - 287 mg/dL Which of the following is the most appropriate intravenous pharmacotherapy?,14B-Qwen25,"The patient presents with severe diabetic ketoacidosis (DKA) based on her clinical presentation and laboratory findings. Key indicators include hyperglycemia (glucose level of 563 mg/dL initially), metabolic acidosis (low bicarbonate levels, low pH), and electrolyte disturbances (hyponatremia, hypochloremia). Additionally, the patient's inability to tolerate oral intake and worsening symptoms despite decreasing her insulin dose suggest that she was not adequately managing her diabetes, leading to DKA. Option A (Bicarbonate): This is the most appropriate choice given the patient's severe metabolic acidosis (pH 7.20, HCO3⁻ 10 mEq/L). However, it's important to note that bicarbonate therapy is generally reserved for patients with severe acidosis (pH < 7.0) or those who do not respond to fluid resuscitation and insulin therapy. In this case, while the patient does have significant acidosis, the use of bicarbonate would typically be considered only if her condition does not improve with standard treatment (fluids and insulin). Option B (Dexamethasone): This is not indicated in the management of DKA. Corticosteroids like dexamethasone are used for conditions such as inflammation, autoimmune diseases, or adrenal insufficiency, not for treating metabolic acidosis or hyperglycemia associated with DKA. Option C (50% Dextrose): While glucose is a critical component of DKA management, administering 50% dextrose would be inappropriate here because the patient already has extremely high blood glucose levels (initially 563 mg/dL). The goal is to lower glucose levels through insulin therapy rather than increasing them. Option D (Furosemide): Diuretics like furosemide are not indicated in the initial management of DKA. They can exacerbate dehydration and electrolyte imbalances, which are already present in this patient. Option E (Mannitol): Mannitol is primarily used as an osmotic diuretic to reduce intracranial pressure or treat cerebral edema. It is not indicated in the management of DKA unless there is evidence of increased intracranial pressure, which is not suggested by the patient's current presentation. Given the patient's deteriorating condition after initial fluid resuscitation and insulin therapy, and considering the persistence of severe acidosis, bicarbonate might be considered if her condition does not improve rapidly. However, the primary focus should remain on aggressive fluid resuscitation, correction of electrolyte imbalances, and continued insulin therapy.",False,0.1,0.5,0.0023,0.0326,0.1128,0.0722,0.0259,0.0567,0.0567,0.4647,14.0
599,"A 20-year-old woman comes to the office because of a 2-day history of nasal congestion, runny nose, and nonproductive cough that has made it difficult for her to sleep. She has not had fever. Her brother with whom she resides also has similar symptoms. The patient's medical history is significant for mild persistent asthma for which she takes inhaled fluticasone- salmeterol twice daily and albuterol as needed. She has been using her albuterol more frequently during the past 2 days without much effect. During this time, her peak expiratory flow rates have been 70% to 80% of her baseline. Vital signs today are temperature 37.2°C (99.0°F), pulse 70/min, respirations 20/min, and blood pressure 110/70 mm Hg. Physical examination discloses inflamed nasal mucosa with clear discharge. The posterior oral pharynx is erythematous. Auscultation of the lungs discloses rare expiratory wheezes. Which of the following is the most appropriate pharmacotherapy for this patient's cough?",Which of the following is the most appropriate pharmacotherapy for this patient's cough?,14B-Qwen25,"This patient presents with symptoms consistent with an upper respiratory infection (URI) superimposed on her underlying asthma. The key points from her presentation include nasal congestion, runny nose, nonproductive cough, and worsening asthma control (increased use of albuterol and decreased peak expiratory flow rates). The physical exam findings of inflamed nasal mucosa with clear discharge and an erythematous posterior pharynx further support a diagnosis of URI. Let's evaluate each option: A. Codeine - This is an opioid used primarily for its analgesic and antitussive effects. While codeine can suppress cough, it does not address the underlying causes of her symptoms, such as nasal congestion and inflammation. Additionally, given her history of asthma, opioids can potentially cause respiratory depression, making them less suitable for this patient. B. Diphenhydramine - This is an antihistamine that provides relief from allergy symptoms including sneezing, itching, watery eyes, and runny nose. It can also help reduce cough due to its sedative properties. Given the patient's symptoms of nasal congestion and runny nose, diphenhydramine would be beneficial in alleviating these symptoms and potentially reducing her cough. C. Guaifenesin - This is an expectorant used to thin mucus secretions and make them easier to cough up. However, since the patient's cough is described as nonproductive, guaifenesin may not be the most effective choice for her current symptoms. D. Ipratropium bromide - This is a bronchodilator used in the treatment of chronic obstructive pulmonary disease (COPD) and sometimes in asthma. While it could help with her wheezing, it does not address her nasal congestion or cough directly. E. Prednisone - This is a corticosteroid that can be used to reduce inflammation in severe cases of asthma exacerbation. However, given that her symptoms are relatively mild and she already uses inhaled corticosteroids, systemic steroids like prednisone are not indicated at this stage unless there is a significant worsening of her asthma. Therefore, considering the patient's symptoms and the need to address both her URI and her worsening asthma, diphenhydramine is the most appropriate choice among the options provided.",False,0.3,1.0,0.0026,0.0259,0.164,0.0625,0.04,0.0511,0.0511,0.4635,14.0
624,"A 10-year-old boy with a traumatic brain injury sustained during infancy is examined in the nursing care facility where he resides because he has had no urine output during the past 24 hours. During the past 4 days, he has had decreasing urine output, intermittent fever, rhinorrhea, and cough. As a result of his brain injury, the patient has severe developmental delay and a seizure disorder. He is fed orally, but he is nonverbal and nonambulatory. Medications are levetiracetam, docusate, and multivitamins. The patient is 131 cm (4 ft 2 in; 10th percentile) tall and weighs 26 kg (57 lb; 10th percentile). BMI is 14 kg/m² (10th percentile). Vital signs are temperature 38.8°C (101.8°F), pulse 80/min, respirations 25/min, and blood pressure 110/80 mm Hg. Pulse oximetry on room air shows an oxygen saturation of 95%. The patient appears thin. He is awake and is not in apparent distress. He is responsive to touch. Auscultation of the lungs discloses scattered coarse crackles and rhonchi but good air entry and normal work of breathing. Results of laboratory studies are shown: Serum Blood Urea nitrogen 78 mg/dL Creatinine 3.2 mg/dL Na+ 131 mEq/L K+ 5.6 mEq/L Cl− 88 mEq/L HCO³ −16 mEq/L Urine Specific gravity 1.030 (N=1.003–1.029) Creatinine 90 mg/dL Na+ 8 mEq/L Hematocrit 37% Hemoglobin 12.5 g/dL WBC 12,000/mm3 Neutrophils, segmented 60% Lymphocytes 40% Platelet count 250,000/mm3 Which of the following is the most likely cause of this patient's altered kidney function?","5 g/dL WBC 12,000/mm3 Neutrophils, segmented 60% Lymphocytes 40% Platelet count 250,000/mm3 Which of the following is the most likely cause of this patient's altered kidney function?",32B-Qwen25,"- A. Acute tubular necrosis (ATN): This is the most likely cause of the patient's altered kidney function. The patient's history of decreasing urine output over the past 4 days, culminating in anuria (no urine output) for 24 hours, along with elevated blood urea nitrogen (BUN) and creatinine levels, suggests acute kidney injury. The specific gravity of the urine is high (1.030), which is consistent with concentrated urine in the setting of ATN. ATN can be caused by various factors, including hypoperfusion, toxins, or nephrotoxic medications. In this case, the patient's history of fever, rhinorrhea, and cough suggests a possible infection, which could lead to hypoperfusion and subsequent ATN. - B. Decreased intravascular volume: While decreased intravascular volume can lead to acute kidney injury, the patient's blood pressure is within normal limits (110/80 mm Hg), and there is no specific mention of signs of dehydration such as dry mucous membranes or poor skin turgor. Therefore, this is less likely to be the primary cause. - C. Medication-related interstitial nephritis: The patient is on levetiracetam, docusate, and multivitamins. While levetiracetam can rarely cause interstitial nephritis, the patient's presentation with fever, cough, and rhinorrhea suggests an infectious etiology rather than a drug-induced process. Additionally, the laboratory findings are more consistent with ATN than interstitial nephritis. - D. Neurogenic bladder: Although the patient has a history of traumatic brain injury and severe developmental delay, which could potentially affect bladder function, the patient's presentation with elevated BUN and creatinine, along with the specific gravity of the urine, points more towards a renal issue rather than a bladder dysfunction. - E. Pyelonephritis: While the patient has a fever and signs of a respiratory infection, the laboratory findings, particularly the high BUN and creatinine levels, and the specific gravity of the urine, are more indicative of ATN rather than pyelonephritis. Pyelonephritis typically presents with more pronounced signs of infection and may not necessarily lead to the specific pattern of kidney function seen here. Therefore, the most likely cause of the patient's altered kidney function is acute tubular necrosis.",False,0.24,0.18,0.0099,0.0369,0.2191,0.0787,0.0528,0.0735,0.0735,0.457,32.0
635,"A 32-year-old woman comes to the emergency department because of a 3-day history of fatigue and postural light- headedness. She also reports nausea with one episode of vomiting this morning and adds that her stools and urine have been darker than usual lately. Medical history is significant for stage III-B Hodgkin lymphoma. She started the first cycle of chemotherapy 8 days ago. Additional medications include ferrous gluconate, hydrocodone, and prochlorperazine. She is currently receiving 0.9% saline at 75 mL/hr. Vital signs today are temperature 37.5°C (99.5°F), pulse 76/min supine and 80/min standing, respirations 16/min, and blood pressure 125/65 mm Hg supine and 120/60 mm Hg standing. Pulse oximetry on room air shows an oxygen saturation of 94%. Lungs are clear to auscultation. Cardiac examination discloses a soft systolic murmur at the left upper sternal border. There is no hepatosplenomegaly or tenderness on abdominal examination. Rectal examination discloses no masses. Stool is black and test for occult blood is negative. Results of laboratory studies are shown: Blood Urine Hematocrit 24% Specific gravity 1.032 (N=1.010–1.025) WBC 2400/mm3 Bilirubin Negative Platelet count 78,000/mm3 RBC Negative Which of the following is the most likely explanation for the patient's current condition?","025) WBC 2400/mm3 Bilirubin Negative Platelet count 78,000/mm3 RBC Negative Which of the following is the most likely explanation for the patient's current condition?",32B-Qwen25,"- A. Adverse effect of medications: While the patient is on several medications, including ferrous gluconate, hydrocodone, and prochlorperazine, none of these are typically associated with the constellation of symptoms and lab findings seen here. The patient's symptoms and lab results suggest a more systemic issue rather than a direct adverse effect of the medications. - B. Bone marrow metastases: Although the patient has a history of Hodgkin lymphoma, the current symptoms and lab findings do not strongly suggest bone marrow involvement. Bone marrow metastases would likely present with more severe cytopenias and possibly other systemic symptoms, but the patient's presentation is more consistent with hemolysis. - C. Gastrointestinal blood loss: The patient's stool is black, which could suggest gastrointestinal bleeding. However, the test for occult blood is negative, and the patient's hematocrit is low, but not extremely low for significant blood loss. Additionally, the patient's symptoms and lab findings are more consistent with hemolysis than with gastrointestinal bleeding. - D. Hemodilution: Hemodilution can occur in certain conditions, such as fluid overload, but the patient's vital signs and clinical presentation do not suggest significant fluid overload. The patient is receiving only 0.9% saline at a relatively low rate, which is unlikely to cause significant hemodilution. - E. Hemolytic anemia: This is the most likely explanation for the patient's current condition. The patient's low hematocrit (24%) and low platelet count (78,000/mm3) are consistent with hemolysis. The patient's history of chemotherapy, which can cause hemolytic anemia, and the presence of a soft systolic murmur (which could be a sign of a hemolytic murmur) support this diagnosis. Additionally, the patient's dark urine and stools could be due to the presence of hemoglobinuria and hemoglobinemia, respectively, which are common in hemolytic anemia. Therefore, the most likely explanation for the patient's current condition is hemolytic anemia.",False,0.25,0.44,0.0199,0.0479,0.3104,0.1183,0.0893,0.1124,0.1124,0.4991,32.0
658,"A 45-year-old man comes to the office for a follow-up examination 2 days after he was seen in the emergency department for a generalized tonic-clonic seizure. He was prescribed chlordiazepoxide upon being discharged but did not fill the prescription. The patient says that this was his third seizure in the past 2 years; prior to that he had no history of seizures. Medical history is also remarkable for a 10-year history of daily ingestion of two six-packs of beer. He has not had any alcoholic beverages for the past 5 days. He takes no medications. The patient says that his seizures usually occur after he abstains from alcohol for a period of time. Vital signs are normal. Physical examination shows scattered spider angiomata on his chest and abdomen. Liver is enlarged, smooth, and nontender. CT scan of the head with contrast done in the emergency department 2 days ago showed no abnormalities. Which of the following is the most appropriate next step?",Which of the following is the most appropriate next step?,32B-Qwen25,"Given the patient's history of alcohol abuse and the pattern of seizures occurring after periods of abstinence, the most likely diagnosis is alcohol withdrawal seizures. This is a common complication in individuals with a history of chronic alcohol abuse, especially when they stop drinking. The patient's physical examination findings, such as spider angiomata and an enlarged liver, are consistent with chronic liver disease, which is often seen in long-term alcoholics. Option A (Lumbar puncture for examination of cerebrospinal fluid) is not indicated because there is no evidence of an infectious or inflammatory process that would necessitate this procedure. The patient's seizures are more likely related to alcohol withdrawal rather than an infectious cause. Option B (MRI of the brain) is not the most appropriate next step because the CT scan of the head with contrast did not show any abnormalities. While an MRI might provide more detailed information about brain structure, it is not necessary in this case given the clinical history and the absence of focal neurological deficits or other indications for an MRI. Option C (Repeat CT scan of the head in 1 week) is not necessary because the initial CT scan was normal, and there is no indication that a new lesion or pathology has developed in the short time since the initial scan. Option D (Sleep-deprived electroencephalography) is the most appropriate next step. An EEG can help identify any abnormal electrical activity in the brain that might be contributing to the seizures. Sleep deprivation can increase the likelihood of detecting epileptiform discharges, which can be useful in diagnosing seizure disorders. Given the patient's history of alcohol withdrawal seizures, an EEG can provide valuable information about the nature of his seizures and guide further management. Option E (No further evaluation is necessary) is incorrect because the patient has a history of multiple seizures, which require further investigation to determine the underlying cause and appropriate management. In summary, the most appropriate next step is to perform a sleep-deprived electroencephalography to better understand the nature of the patient's seizures and guide further treatment.",False,0.34,1.0,0.008,0.0211,0.1715,0.0497,0.0333,0.0497,0.0497,0.4514,32.0
674,"A 41-year-old woman comes to the emergency department because of a 3-day history of fever and a 2-day history of worsening flank pain with frequent and painful urination. She describes the pain as constant and says it worsens when she coughs or lies on her right side. She rates the pain as a 5 on a 10-point scale; ibuprofen has provided moderate relief of her pain. She also reports intermittent nausea but has not had vomiting or change in bowel habits. Medical history is significant for several uncomplicated urinary tract infections, most recently 8 months ago. Each infection resolved with antibiotic therapy. She currently takes no medications aside from her recent use of ibuprofen. She is sexually active with one male partner and uses condoms regularly. Vital signs are temperature 39.4°C (103.0°F), pulse 76/min, respirations 20/min, and blood pressure 128/74 mm Hg. Auscultation of the chest discloses normal S1 and S2. Abdomen is soft with normal bowel sounds. There is guarding on the right lateral side and tenderness to compression over the right costophrenic angle. Results of laboratory studies are shown: Serum: Urea nitrogen 18 mg/dL Creatinine 0.9 mg/dL Blood: Hemoglobin 12.8 g/dL WBC 20,000/mm3 Neutrophils, segmented 80% Lymphocytes 15% Eosinophils 2% Monocytes 3% Urine: Specific gravity 1.015 (N=1.003–1.029) Protein Negative Occult blood Negative Leukocyte esterase Positive WBC Too numerous to count Casts Occasional Urine and blood cultures are obtained and sent for analysis. Antibiotic therapy is initiated. Which of the following is the most appropriate next step?",Which of the following is the most appropriate next step?,32B-Qwen25,"Given the patient's symptoms of fever, flank pain, and urinary symptoms, along with the laboratory findings of leukocytosis and positive leukocyte esterase in the urine, the clinical suspicion is high for a pyelonephritis, which is a kidney infection often complicating lower urinary tract infections. The patient's history of recurrent urinary tract infections further supports this diagnosis. - A. Cystoscopy: This procedure is typically used to visualize the inside of the bladder and urethra and is not indicated in this case. The patient's symptoms and signs point more towards an upper urinary tract infection (pyelonephritis) rather than a condition that would require cystoscopy, such as bladder cancer or interstitial cystitis. - B. Echocardiography: This is used to assess the heart's structure and function. There is no indication from the patient's history or physical examination that suggests a cardiac issue. The symptoms are more consistent with a urinary tract infection. - C. MRI of the abdomen: While MRI can provide detailed images of the abdominal organs, it is not the first-line imaging study for suspected pyelonephritis. It is more invasive, time-consuming, and costly compared to renal ultrasonography, which is more appropriate for this scenario. - D. Renal ultrasonography: This is the most appropriate next step. Renal ultrasonography can help identify any structural abnormalities of the kidneys, such as hydronephrosis, which can be associated with pyelonephritis. It can also help rule out other causes of flank pain, such as kidney stones or abscesses. Given the patient's history and current presentation, this imaging modality is indicated to assess the kidneys and guide further management. - E. No additional study is indicated: This option is incorrect because the patient's symptoms and laboratory findings suggest a need for further diagnostic evaluation to confirm the diagnosis and rule out complications such as abscesses or obstruction. In summary, renal ultrasonography is the most appropriate next step to evaluate the patient's condition and guide further management.",False,0.12,1.0,0.0084,0.0223,0.1797,0.0542,0.0364,0.0542,0.0542,0.4366,32.0
683,"A 37-year-old man comes to the emergency department because he has felt nauseated and light-headed for the past hour. Medical history is significant for esophageal varices secondary to alcohol-related cirrhosis and ascites treated with spironolactone. He drinks eight to ten alcoholic beverages daily. While you are obtaining additional history, the patient vomits a large volume of bright red blood and becomes difficult to arouse. Vital signs are temperature 36.0°C (96.8°F), pulse 110/min, respirations 12/min, and blood pressure 90/50 mm Hg. Following initiation of intravenous fluids, which of the following is the most appropriate immediate management?","Following initiation of intravenous fluids, which of the following is the most appropriate immediate management?",32B-Qwen25,"The patient presents with signs of acute upper gastrointestinal bleeding, likely from esophageal varices given his history of alcohol-related cirrhosis and esophageal varices. The symptoms of nausea, light-headedness, vomiting of bright red blood, and hypotension (BP 90/50 mm Hg) indicate a significant hemorrhage that requires immediate intervention to control the bleeding and stabilize the patient. Option E, inserting an esophageal tube for balloon tamponade, is the most appropriate immediate management. This procedure can be performed quickly and can provide immediate control of bleeding from esophageal varices by applying pressure to the site of bleeding. Option A, arranging for transjugular intrahepatic portal vein shunting (TIPS), is a more definitive procedure that is not appropriate in the acute setting of massive bleeding. TIPS is used to reduce portal hypertension and prevent future bleeding but is not an immediate life-saving measure. Option B, beginning intravenous vasopressin therapy, can help reduce portal pressure and may be considered as part of the management, but it does not directly control the source of bleeding. It is more of a supportive measure and should be used in conjunction with other interventions. Option C, performing endotracheal intubation, is not indicated unless the patient is at risk of aspiration or has respiratory compromise. While the patient is difficult to arouse, this does not necessarily mean that intubation is required immediately. The primary concern is controlling the source of bleeding. Option D, performing an upper endoscopy, is a critical part of the management plan for variceal bleeding but is not the immediate first step in this scenario. Endoscopy can be used to identify the source of bleeding and to perform endoscopic variceal ligation, but it is not as immediately life-saving as balloon tamponade in the context of ongoing, massive bleeding. Therefore, the most appropriate immediate management is to insert an esophageal tube for balloon tamponade to control the bleeding and stabilize the patient's condition.",False,0.16,0.33,0.0086,0.0312,0.1988,0.0597,0.036,0.0597,0.0597,0.4854,32.0
686,"A 40-year-old woman, gravida 2 para 2, comes to the office because of bulging veins in her legs that have slowly become more visible since she first noticed them 2 years ago. She says they seem to worsen when she stands for long periods of time, but she reports no associated pain. She is concerned that this problem may be life-threatening. Medical history is otherwise unremarkable and she takes no medications. Both of her pregnancies resulted in uncomplicated vaginal deliveries at 40 weeks' gestation. BMI is 23 kg/m². Vital signs are normal. Physical examination discloses compressible veins in both lower extremities below the knees that are worse on the left. The remainder of the examination discloses no abnormalities. Which of the following is the most appropriate next step?",Which of the following is the most appropriate next step?,32B-Qwen25,"The patient presents with a common condition known as varicose veins, which are dilated, tortuous veins that are often visible and palpable. The symptoms described, such as worsening with prolonged standing and the absence of pain, are typical for this condition. Given the patient's history and physical examination findings, the most appropriate next step is to perform venous duplex ultrasonography. - A. Compression stockings: While compression stockings can be a part of the management plan for varicose veins, they are not the initial diagnostic step. They are used to alleviate symptoms and prevent complications, but they do not provide a diagnosis. - B. Surgical ligation of the largest veins: This is a treatment option for severe cases of varicose veins, but it is not the first step. Before considering surgery, it is important to confirm the diagnosis and assess the extent of the venous insufficiency. - C. Venography: Venography is an invasive procedure that involves injecting contrast material into the veins to visualize them. It is not typically the first-line diagnostic tool for varicose veins due to its invasiveness and the availability of less invasive alternatives like duplex ultrasonography. - D. Venous duplex ultrasonography: This is the most appropriate next step. It is a non-invasive imaging technique that can assess the structure and function of the veins, including the presence of venous insufficiency, deep vein thrombosis, and the competency of the venous valves. This information is crucial for planning the appropriate management strategy. - E. Warfarin therapy: Warfarin is an anticoagulant used to prevent blood clots, typically in conditions such as deep vein thrombosis or pulmonary embolism. There is no indication for anticoagulation in this patient based on the information provided, as there is no evidence of thrombosis or other conditions requiring anticoagulation. Therefore, the most appropriate next step is to perform venous duplex ultrasonography to confirm the diagnosis and assess the extent of the venous insufficiency.",False,0.22,1.0,0.0085,0.0224,0.1829,0.0554,0.0372,0.0554,0.0554,0.4303,32.0
711,"A 12-year-old girl with type 1 diabetes mellitus is brought to the emergency department by her parents because of a 2-day history of nausea, vomiting, and decreased oral intake. Medications are insulin glargine and insulin aspart. She decreased her insulin dose at the onset of symptoms but her condition has since worsened and she now is unable to consume solids or liquids without subsequent vomiting. She reports feeling dizzy on standing. Medical history is otherwise unremarkable. She is at the 50th percentile for height, weight, and BMI. Vital signs are temperature 37.8°C (100.1°F), pulse 118/min, respirations 27/min, and blood pressure 85/47 mm Hg. Pulse oximetry on room air shows an oxygen saturation of 99%. Physical examination discloses dry mucous membranes, delayed capillary refill time, and poor skin turgor. Palpation of the abdomen discloses diffuse tenderness with no rebound or guarding. The remainder of the physical examination discloses no abnormalities. Results of laboratory studies obtained on arrival are shown: Serum Urea nitrogen - 28 mg/dL Creatinine - 1.2 mg/dL Na⁺ - 126 mEq/L K⁺ - 4.3 mEq/L Cl⁻ - 95 mEq/L HCO3⁻ - 9 mEq/L Glucose - 563 mg/dL Arterial blood gas values on room air HCO3⁻ 10 mEq/L Partial Pressure of Oxygen - 98 mm Hg Partial Pressure of Carbon Dioxide - 22 mm Hg pH - 7.20 Boluses of intravenous 0.9% saline are administered and an infusion of insulin is initiated. Three hours later the patient becomes somnolent and develops a headache. She has had one episode of emesis and one episode of incontinence. Her urine output has been 30 mL/h. Results of follow-up serum laboratory studies are shown: Urea nitrogen - 24 mg/dL Creatinine - 1.1 mg/dL Na⁺ - 127 mEq/L K⁺ - 3.7 mEq/L Cl⁻ - 98 mEq/L HCO3⁻ - 11 mEq/L Glucose - 287 mg/dL Which of the following is the most appropriate intravenous pharmacotherapy?",7 mEq/L Cl⁻ - 98 mEq/L HCO3⁻ - 11 mEq/L Glucose - 287 mg/dL Which of the following is the most appropriate intravenous pharmacotherapy?,32B-Qwen25,"The patient presents with symptoms and laboratory findings consistent with diabetic ketoacidosis (DKA), a life-threatening complication of type 1 diabetes mellitus. The initial presentation includes hyperglycemia (glucose 563 mg/dL), metabolic acidosis (pH 7.20, HCO3- 9 mEq/L), and dehydration (dry mucous membranes, delayed capillary refill, poor skin turgor, hypotension). The patient's condition has worsened despite a reduction in insulin dose, indicating the need for more aggressive management. After initial treatment with intravenous fluids and insulin, the patient's glucose level has decreased to 287 mg/dL, which is still high but moving in the right direction. However, the patient has developed somnolence and a headache, which could be indicative of cerebral edema, a known complication of DKA treatment, especially in children. Cerebral edema in DKA is thought to be related to rapid shifts in osmolality and glucose levels. The administration of 50% dextrose can help to stabilize the osmolality and prevent further shifts that could exacerbate cerebral edema. It is a standard treatment in cases where cerebral edema is suspected or developing. Let's review the other options: A. Bicarbonate: While bicarbonate can be used to treat severe metabolic acidosis, it is generally not recommended in DKA due to the risk of worsening hypernatremia and promoting the formation of intracellular acidosis. The patient's acidosis is being managed with insulin and fluid therapy, which is the preferred approach. B. Dexamethasone: This is a corticosteroid used in the management of adrenal insufficiency or in certain inflammatory conditions. It is not indicated in the management of DKA or cerebral edema. D. Furosemide: This is a diuretic that would not be appropriate in this scenario as the patient is already hypotensive and dehydrated. Diuresis could exacerbate these conditions. E. Mannitol: This is an osmotic diuretic used to reduce intracranial pressure in cases of cerebral edema. While it might be considered in severe cases, 50% dextrose is the first-line treatment for cerebral edema in DKA. Therefore, the most appropriate intravenous pharmacotherapy in this scenario is 50% dextrose to manage the risk of cerebral edema.",False,0.16,0.62,0.0076,0.0428,0.1862,0.0919,0.0489,0.0919,0.0919,0.4863,32.0
721,"A 20-year-old woman comes to the office because of a 2-day history of nasal congestion, runny nose, and nonproductive cough that has made it difficult for her to sleep. She has not had fever. Her brother with whom she resides also has similar symptoms. The patient's medical history is significant for mild persistent asthma for which she takes inhaled fluticasone- salmeterol twice daily and albuterol as needed. She has been using her albuterol more frequently during the past 2 days without much effect. During this time, her peak expiratory flow rates have been 70% to 80% of her baseline. Vital signs today are temperature 37.2°C (99.0°F), pulse 70/min, respirations 20/min, and blood pressure 110/70 mm Hg. Physical examination discloses inflamed nasal mucosa with clear discharge. The posterior oral pharynx is erythematous. Auscultation of the lungs discloses rare expiratory wheezes. Which of the following is the most appropriate pharmacotherapy for this patient's cough?",Which of the following is the most appropriate pharmacotherapy for this patient's cough?,32B-Qwen25,"The patient presents with symptoms of a viral upper respiratory infection (URI), which is common in the context of her brother having similar symptoms. Her asthma is exacerbated by this URI, as evidenced by the increased use of her albuterol inhaler and the reduced peak expiratory flow rates. The cough is nonproductive, which suggests that it is likely due to irritation from the URI rather than from significant mucus production. A. Codeine: This is a centrally acting cough suppressant. While it might help with the cough, it does not address the underlying cause of the cough, which is likely due to irritation from the URI. Additionally, codeine has potential for addiction and side effects such as drowsiness and constipation, making it less ideal for this situation. B. Diphenhydramine: This is an antihistamine that can be used for allergic reactions and as a sedative. It is not typically used for treating coughs associated with URIs, especially when the cough is not due to allergies. It might help with sleep due to its sedative properties but does not directly address the cough. C. Guaifenesin: This is an expectorant that helps to thin mucus and make it easier to cough up. While the patient's cough is nonproductive, guaifenesin can still be beneficial in reducing the irritation and discomfort associated with the cough by helping to clear the airways. It is generally well-tolerated and does not have the side effects associated with codeine or the limitations of diphenhydramine. D. Ipratropium bromide: This is an anticholinergic bronchodilator used in the treatment of chronic obstructive pulmonary disease (COPD) and sometimes in asthma. It is not typically used for treating coughs associated with URIs and would not be the first-line treatment for this patient's symptoms. E. Prednisone: This is a corticosteroid that can be used to reduce inflammation. While it might be considered in severe cases of asthma exacerbation, it is not typically used for treating the cough associated with a mild URI. The patient's asthma is not severely exacerbated, and the use of prednisone would be more aggressive than necessary for her current condition. Given the patient's history of asthma and the current exacerbation due to a URI, guaifenesin is the most appropriate pharmacotherapy for her cough, as it can help to reduce the irritation and discomfort associated with the cough without the side effects or risks of the other options.",False,0.18,1.0,0.0069,0.025,0.1995,0.0627,0.0484,0.0482,0.0482,0.4609,32.0
746,"A 10-year-old boy with a traumatic brain injury sustained during infancy is examined in the nursing care facility where he resides because he has had no urine output during the past 24 hours. During the past 4 days, he has had decreasing urine output, intermittent fever, rhinorrhea, and cough. As a result of his brain injury, the patient has severe developmental delay and a seizure disorder. He is fed orally, but he is nonverbal and nonambulatory. Medications are levetiracetam, docusate, and multivitamins. The patient is 131 cm (4 ft 2 in; 10th percentile) tall and weighs 26 kg (57 lb; 10th percentile). BMI is 14 kg/m² (10th percentile). Vital signs are temperature 38.8°C (101.8°F), pulse 80/min, respirations 25/min, and blood pressure 110/80 mm Hg. Pulse oximetry on room air shows an oxygen saturation of 95%. The patient appears thin. He is awake and is not in apparent distress. He is responsive to touch. Auscultation of the lungs discloses scattered coarse crackles and rhonchi but good air entry and normal work of breathing. Results of laboratory studies are shown: Serum Blood Urea nitrogen 78 mg/dL Creatinine 3.2 mg/dL Na+ 131 mEq/L K+ 5.6 mEq/L Cl− 88 mEq/L HCO³ −16 mEq/L Urine Specific gravity 1.030 (N=1.003–1.029) Creatinine 90 mg/dL Na+ 8 mEq/L Hematocrit 37% Hemoglobin 12.5 g/dL WBC 12,000/mm3 Neutrophils, segmented 60% Lymphocytes 40% Platelet count 250,000/mm3 Which of the following is the most likely cause of this patient's altered kidney function?","5 g/dL WBC 12,000/mm3 Neutrophils, segmented 60% Lymphocytes 40% Platelet count 250,000/mm3 Which of the following is the most likely cause of this patient's altered kidney function?",72B-Qwen25,"The patient's presentation, including a history of decreasing urine output culminating in anuria, fever, and respiratory symptoms, along with laboratory findings of elevated blood urea nitrogen (BUN) and creatinine, and metabolic acidosis, strongly suggests acute kidney injury (AKI). The most likely cause of AKI in this context is acute tubular necrosis (ATN). - Acute Tubular Necrosis (ATN) (A): ATN is a common cause of AKI, particularly in patients with systemic insults such as sepsis, hypoperfusion, or exposure to nephrotoxic agents. The patient's fever, respiratory symptoms, and recent decrease in urine output are consistent with a systemic inflammatory response, which can lead to hypoperfusion and subsequent ATN. The elevated BUN and creatinine, along with the metabolic acidosis (low HCO3-), are typical findings in ATN. The urine specific gravity of 1.030, which is high, suggests that the kidneys are still able to concentrate urine, but this can also occur in the early stages of ATN. - Decreased Intravascular Volume (B): While decreased intravascular volume (e.g., from dehydration) can cause prerenal azotemia, the patient's blood pressure is within normal limits (110/80 mm Hg), and there is no mention of significant fluid loss (e.g., vomiting, diarrhea). Additionally, the urine specific gravity is high, which is more consistent with ATN than prerenal azotemia, where the specific gravity is typically low due to the kidneys' inability to concentrate urine. - Medication-Related Interstitial Nephritis (C): Interstitial nephritis can be caused by certain medications, but the patient's current medications (levetiracetam, docusate, and multivitamins) are not typically associated with this condition. The clinical presentation of interstitial nephritis often includes symptoms such as rash, eosinophilia, and hematuria, which are not present in this patient. - Neurogenic Bladder (D): A neurogenic bladder can cause urinary retention and subsequent hydronephrosis, leading to renal dysfunction. However, the patient's history of decreasing urine output over several days, followed by anuria, is more consistent with a systemic process affecting the kidneys rather than a mechanical obstruction. Additionally, the laboratory findings of elevated BUN and creatinine, along with metabolic acidosis, are more characteristic of ATN. - Pyelonephritis (E): Pyelonephritis is an infection of the kidney, which can cause AKI. However, while the patient has fever and respiratory symptoms, the clinical picture is more consistent with a systemic inflammatory response leading to ATN. Pyelonephritis typically presents with flank pain, costovertebral angle tenderness, and pyuria, which are not mentioned in this case. In summary, the most likely cause of the patient's altered kidney function is acute tubular necrosis, given the clinical context and laboratory findings.",False,0.14,0.18,0.0058,0.0307,0.189,0.0702,0.0441,0.0658,0.0658,0.4355,72.0
757,"A 32-year-old woman comes to the emergency department because of a 3-day history of fatigue and postural light- headedness. She also reports nausea with one episode of vomiting this morning and adds that her stools and urine have been darker than usual lately. Medical history is significant for stage III-B Hodgkin lymphoma. She started the first cycle of chemotherapy 8 days ago. Additional medications include ferrous gluconate, hydrocodone, and prochlorperazine. She is currently receiving 0.9% saline at 75 mL/hr. Vital signs today are temperature 37.5°C (99.5°F), pulse 76/min supine and 80/min standing, respirations 16/min, and blood pressure 125/65 mm Hg supine and 120/60 mm Hg standing. Pulse oximetry on room air shows an oxygen saturation of 94%. Lungs are clear to auscultation. Cardiac examination discloses a soft systolic murmur at the left upper sternal border. There is no hepatosplenomegaly or tenderness on abdominal examination. Rectal examination discloses no masses. Stool is black and test for occult blood is negative. Results of laboratory studies are shown: Blood Urine Hematocrit 24% Specific gravity 1.032 (N=1.010–1.025) WBC 2400/mm3 Bilirubin Negative Platelet count 78,000/mm3 RBC Negative Which of the following is the most likely explanation for the patient's current condition?","025) WBC 2400/mm3 Bilirubin Negative Platelet count 78,000/mm3 RBC Negative Which of the following is the most likely explanation for the patient's current condition?",72B-Qwen25,"The patient's presentation and laboratory findings suggest gastrointestinal blood loss as the most likely explanation for her current condition. Here's a detailed analysis of why this is the most plausible option and why the others are less likely: 1. Gastrointestinal Blood Loss (C): - Clinical Presentation: The patient reports fatigue, postural light-headedness, and dark stools, which are classic signs of gastrointestinal (GI) bleeding. The dark stools (melena) indicate upper GI bleeding, which can be a serious complication in patients undergoing chemotherapy. - Laboratory Findings: The hematocrit is low (24%), indicating anemia. The platelet count is also low (78,000/mm³), which can be a result of chemotherapy, but the significant drop in hematocrit suggests active blood loss. The urine is negative for RBCs, which rules out hematuria as a source of blood loss. - Vital Signs: The patient has a mild postural hypotension (blood pressure drop from 125/65 mm Hg supine to 120/60 mm Hg standing), which is consistent with volume depletion from blood loss. 2. Adverse Effect of Medications (A): - Consideration: Medications like hydrocodone and prochlorperazine can cause nausea and vomiting, but they are less likely to cause significant anemia or dark stools. Ferrous gluconate can cause dark stools, but it does not typically cause the degree of anemia seen here. - Conclusion: While medication side effects can contribute to some symptoms, they do not fully explain the anemia and dark stools. 3. Bone Marrow Metastases (B): - Consideration: Bone marrow metastases can cause anemia and thrombocytopenia, but they are less likely to cause dark stools and postural hypotension. The patient's history of Hodgkin lymphoma does not strongly suggest bone marrow involvement, especially given the recent chemotherapy. - Conclusion: This is a less likely explanation for the current symptoms. 4. Hemodilution (D): - Consideration: Hemodilution can occur with fluid overload, but the patient is receiving a moderate rate of 0.9% saline (75 mL/hr), which is unlikely to cause significant hemodilution. Additionally, hemodilution would not explain the dark stools or postural hypotension. - Conclusion: Hemodilution is not a likely cause of the patient's symptoms. 5. Hemolytic Anemia (E): - Consideration: Hemolytic anemia can cause anemia and dark urine, but the patient's urine is negative for bilirubin, which is typically elevated in hemolytic anemia. Additionally, hemolytic anemia would not explain the dark stools. - Conclusion: Hemolytic anemia is less likely given the negative bilirubin in the urine and the presence of dark stools. In summary, the most likely explanation for the patient's current condition is gastrointestinal blood loss, which is supported by the clinical presentation, laboratory findings, and the patient's recent chemotherapy history.",False,0.25,0.44,0.0114,0.0321,0.2401,0.0909,0.0565,0.0823,0.0823,0.4721,72.0
780,"A 45-year-old man comes to the office for a follow-up examination 2 days after he was seen in the emergency department for a generalized tonic-clonic seizure. He was prescribed chlordiazepoxide upon being discharged but did not fill the prescription. The patient says that this was his third seizure in the past 2 years; prior to that he had no history of seizures. Medical history is also remarkable for a 10-year history of daily ingestion of two six-packs of beer. He has not had any alcoholic beverages for the past 5 days. He takes no medications. The patient says that his seizures usually occur after he abstains from alcohol for a period of time. Vital signs are normal. Physical examination shows scattered spider angiomata on his chest and abdomen. Liver is enlarged, smooth, and nontender. CT scan of the head with contrast done in the emergency department 2 days ago showed no abnormalities. Which of the following is the most appropriate next step?",Which of the following is the most appropriate next step?,72B-Qwen25,"The patient's history of chronic alcohol use, recent abstinence, and a pattern of seizures occurring after periods of alcohol withdrawal strongly suggests alcohol withdrawal seizures. However, given that this is his third seizure in the past two years and that he has a history of chronic alcohol use, it is important to rule out other potential causes of seizures, such as epilepsy or other neurological conditions. Option A: Lumbar puncture for examination of cerebrospinal fluid - Incorrect: A lumbar puncture is typically indicated if there is suspicion of central nervous system infection, subarachnoid hemorrhage, or other conditions that might be detected in the cerebrospinal fluid. Given the patient's history and the absence of signs of infection or hemorrhage, a lumbar puncture is not the most appropriate next step. Option B: MRI of the brain - Incorrect: While an MRI can provide more detailed images of the brain and might be useful in detecting structural abnormalities, it is not the first-line test in this scenario. The patient has already had a normal CT scan, and the history and physical examination do not suggest a specific structural lesion that would require an MRI. Option C: Repeat CT scan of the head in 1 week - Incorrect: A repeat CT scan is not necessary at this point. The initial CT scan was normal, and there is no indication of a new or evolving lesion that would require another scan in a week. This would be more appropriate if there were new symptoms or if the initial scan was inconclusive. Option D: Sleep-deprived electroencephalography (EEG) - Correct: A sleep-deprived EEG is a useful diagnostic tool in patients with suspected epilepsy or to evaluate the electrical activity of the brain in the context of seizures. It can help differentiate between different types of seizures and can be particularly useful in patients with a history of alcohol use, as it can detect subclinical seizure activity or interictal abnormalities. Given the patient's history of multiple seizures and the need to rule out epilepsy, a sleep-deprived EEG is the most appropriate next step. Option E: No further evaluation is necessary - Incorrect: While the patient's history strongly suggests alcohol withdrawal seizures, it is important to rule out other potential causes, especially given the recurrence of seizures. No further evaluation is not appropriate without additional testing to confirm the diagnosis and rule out other conditions. In summary, a sleep-deprived EEG is the most appropriate next step to evaluate the patient's seizure activity and to rule out other potential causes of seizures.",False,0.29,1.0,0.0065,0.0172,0.1347,0.0366,0.0276,0.0366,0.0366,0.4083,72.0
796,"A 41-year-old woman comes to the emergency department because of a 3-day history of fever and a 2-day history of worsening flank pain with frequent and painful urination. She describes the pain as constant and says it worsens when she coughs or lies on her right side. She rates the pain as a 5 on a 10-point scale; ibuprofen has provided moderate relief of her pain. She also reports intermittent nausea but has not had vomiting or change in bowel habits. Medical history is significant for several uncomplicated urinary tract infections, most recently 8 months ago. Each infection resolved with antibiotic therapy. She currently takes no medications aside from her recent use of ibuprofen. She is sexually active with one male partner and uses condoms regularly. Vital signs are temperature 39.4°C (103.0°F), pulse 76/min, respirations 20/min, and blood pressure 128/74 mm Hg. Auscultation of the chest discloses normal S1 and S2. Abdomen is soft with normal bowel sounds. There is guarding on the right lateral side and tenderness to compression over the right costophrenic angle. Results of laboratory studies are shown: Serum: Urea nitrogen 18 mg/dL Creatinine 0.9 mg/dL Blood: Hemoglobin 12.8 g/dL WBC 20,000/mm3 Neutrophils, segmented 80% Lymphocytes 15% Eosinophils 2% Monocytes 3% Urine: Specific gravity 1.015 (N=1.003–1.029) Protein Negative Occult blood Negative Leukocyte esterase Positive WBC Too numerous to count Casts Occasional Urine and blood cultures are obtained and sent for analysis. Antibiotic therapy is initiated. Which of the following is the most appropriate next step?",Which of the following is the most appropriate next step?,72B-Qwen25,"The patient's presentation is consistent with acute pyelonephritis, an infection of the kidney, which is a common complication of urinary tract infections (UTIs). The symptoms of fever, flank pain, and dysuria, along with the physical examination findings of tenderness over the right costophrenic angle and guarding on the right lateral side, strongly suggest an upper urinary tract infection affecting the kidney. Why D (Renal ultrasonography) is the correct answer: - Renal ultrasonography is a non-invasive imaging study that can help assess the structure of the kidneys and identify any abnormalities such as hydronephrosis, kidney stones, or abscesses. In the context of suspected pyelonephritis, it is important to rule out any structural abnormalities that might be contributing to the infection or complicating its treatment. Why the other options are incorrect: - A (Cystoscopy): Cystoscopy is an invasive procedure that involves visualizing the bladder and urethra. While it can be useful in diagnosing conditions like bladder cancer or structural abnormalities of the bladder, it is not typically indicated in the initial evaluation of a patient with suspected pyelonephritis. The primary concern here is the kidney, not the bladder. - B (Echocardiography): Echocardiography is used to evaluate the structure and function of the heart. It is not relevant in the context of a urinary tract infection or pyelonephritis unless there is a specific concern about endocarditis, which is not suggested by the patient's history or examination. - C (MRI of the abdomen): MRI is a more detailed and expensive imaging modality that is not typically the first-line imaging study for suspected pyelonephritis. While it can provide detailed information about soft tissues, it is usually reserved for cases where more detailed imaging is required, such as in the evaluation of complex renal masses or when other imaging modalities are inconclusive. - E (No additional study is indicated): Given the patient's symptoms and the potential for complications such as abscess formation or structural abnormalities, it is prudent to perform an imaging study to rule out these conditions. Therefore, no additional study is not the appropriate next step. In summary, renal ultrasonography is the most appropriate next step to evaluate the patient's kidneys and rule out any structural abnormalities that might be contributing to her symptoms or complicating her treatment.",False,0.13,1.0,0.0071,0.0189,0.1575,0.0468,0.0313,0.0468,0.0468,0.4194,72.0
805,"A 37-year-old man comes to the emergency department because he has felt nauseated and light-headed for the past hour. Medical history is significant for esophageal varices secondary to alcohol-related cirrhosis and ascites treated with spironolactone. He drinks eight to ten alcoholic beverages daily. While you are obtaining additional history, the patient vomits a large volume of bright red blood and becomes difficult to arouse. Vital signs are temperature 36.0°C (96.8°F), pulse 110/min, respirations 12/min, and blood pressure 90/50 mm Hg. Following initiation of intravenous fluids, which of the following is the most appropriate immediate management?","Following initiation of intravenous fluids, which of the following is the most appropriate immediate management?",72B-Qwen25,"In a patient with a history of esophageal varices and alcohol-related cirrhosis who presents with hematemesis (vomiting blood) and signs of hypovolemic shock (tachycardia, hypotension), the immediate concern is a variceal bleed, which is a life-threatening condition. The most appropriate immediate management is to perform an upper endoscopy (esophagogastroduodenoscopy, EGD) to confirm the source of bleeding and to provide endoscopic therapy if necessary. Option D: Do upper endoscopy - Correct: Upper endoscopy is the gold standard for diagnosing and managing acute variceal bleeding. It allows for direct visualization of the esophagus, stomach, and duodenum, and can be used to apply hemostatic measures such as band ligation or sclerotherapy to control the bleeding. This is crucial for stabilizing the patient and preventing further blood loss. Option A: Arrange for transjugular intrahepatic portal vein shunting (TIPS) - Incorrect: TIPS is a procedure that can be used to reduce portal hypertension and prevent rebleeding in patients with varices, but it is not the first-line treatment for an acute variceal bleed. TIPS is typically considered if endoscopic therapy fails or if the patient is a poor candidate for endoscopic intervention. Option B: Begin intravenous vasopressin therapy - Incorrect: Vasopressin can be used as a temporizing measure to reduce portal pressure and control bleeding, but it is not the definitive treatment. It is often used in conjunction with endoscopic therapy. However, in the immediate management of a patient with active bleeding, endoscopy is more critical to confirm the source and apply direct hemostatic measures. Option C: Do endotracheal intubation - Incorrect: Endotracheal intubation is necessary if the patient is not adequately protecting their airway or if they are at risk of aspiration due to vomiting blood. However, it is not the primary management step for controlling the bleeding. Intubation should be performed if the patient's airway is compromised, but it does not address the source of the bleeding. Option E: Insert an esophageal tube for balloon tamponade - Incorrect: Balloon tamponade (using a Sengstaken-Blakemore tube) can be used as a temporary measure to control bleeding when endoscopic therapy is not immediately available or has failed. However, it is not the first-line treatment and can cause complications such as esophageal perforation or aspiration. Endoscopy is the preferred method for definitive management. In summary, the most appropriate immediate management for this patient is to perform an upper endoscopy to diagnose and treat the source of the bleeding.",False,0.12,0.33,0.0045,0.0265,0.175,0.0529,0.029,0.0481,0.0481,0.4406,72.0
808,"A 40-year-old woman, gravida 2 para 2, comes to the office because of bulging veins in her legs that have slowly become more visible since she first noticed them 2 years ago. She says they seem to worsen when she stands for long periods of time, but she reports no associated pain. She is concerned that this problem may be life-threatening. Medical history is otherwise unremarkable and she takes no medications. Both of her pregnancies resulted in uncomplicated vaginal deliveries at 40 weeks' gestation. BMI is 23 kg/m². Vital signs are normal. Physical examination discloses compressible veins in both lower extremities below the knees that are worse on the left. The remainder of the examination discloses no abnormalities. Which of the following is the most appropriate next step?",Which of the following is the most appropriate next step?,72B-Qwen25,"The patient presents with a history of visible, bulging veins in her legs, which have worsened over time, especially with prolonged standing. This clinical presentation is highly suggestive of varicose veins, a common condition characterized by dilated, tortuous veins, typically in the lower extremities. Varicose veins are often asymptomatic but can cause discomfort, heaviness, or aching, particularly after prolonged standing. The absence of pain and the patient's otherwise unremarkable medical history, along with a normal BMI, further support this diagnosis. Option D: Venous duplex ultrasonography - Correct: Venous duplex ultrasonography is the most appropriate next step in the evaluation of varicose veins. This non-invasive imaging technique provides detailed information about the venous anatomy and blood flow, helping to identify the presence of reflux (backward flow of blood) and any underlying venous insufficiency. It can also rule out deep vein thrombosis (DVT), which is important to exclude, especially in a patient with visible veins and a history of prolonged standing. Option A: Compression stockings - Incorrect: While compression stockings are a common and effective treatment for managing symptoms and preventing the progression of varicose veins, they are not the first step in the diagnostic process. They are typically recommended after a diagnosis has been confirmed and the extent of the condition is known. Option B: Surgical ligation of the largest veins - Incorrect: Surgical ligation is a treatment option for varicose veins, but it is not appropriate as the first step. It is usually considered after a thorough evaluation and when conservative measures, such as compression stockings and lifestyle changes, have been ineffective. Additionally, surgical intervention is typically reserved for more severe cases or when there are complications. Option C: Venography - Incorrect: Venography is an invasive imaging technique that involves injecting a contrast agent into the veins to visualize the venous system. While it can provide detailed information, it is generally reserved for more complex cases or when other non-invasive methods are inconclusive. Venous duplex ultrasonography is the preferred initial imaging modality due to its non-invasive nature and high diagnostic accuracy. Option E: Warfarin therapy - Incorrect: Warfarin is an anticoagulant used to prevent and treat blood clots, particularly in conditions like deep vein thrombosis (DVT) and pulmonary embolism. There is no indication for anticoagulation in this patient, as she has no signs or symptoms of DVT or other thromboembolic disorders. Warfarin would not be appropriate for the management of varicose veins. In summary, venous duplex ultrasonography is the most appropriate next step to confirm the diagnosis of varicose veins, assess the extent of the condition, and rule out any underlying venous insufficiency or DVT.",False,0.41,1.0,0.0061,0.0162,0.1392,0.0405,0.0271,0.0405,0.0405,0.3949,72.0
833,"A 12-year-old girl with type 1 diabetes mellitus is brought to the emergency department by her parents because of a 2-day history of nausea, vomiting, and decreased oral intake. Medications are insulin glargine and insulin aspart. She decreased her insulin dose at the onset of symptoms but her condition has since worsened and she now is unable to consume solids or liquids without subsequent vomiting. She reports feeling dizzy on standing. Medical history is otherwise unremarkable. She is at the 50th percentile for height, weight, and BMI. Vital signs are temperature 37.8°C (100.1°F), pulse 118/min, respirations 27/min, and blood pressure 85/47 mm Hg. Pulse oximetry on room air shows an oxygen saturation of 99%. Physical examination discloses dry mucous membranes, delayed capillary refill time, and poor skin turgor. Palpation of the abdomen discloses diffuse tenderness with no rebound or guarding. The remainder of the physical examination discloses no abnormalities. Results of laboratory studies obtained on arrival are shown: Serum Urea nitrogen - 28 mg/dL Creatinine - 1.2 mg/dL Na⁺ - 126 mEq/L K⁺ - 4.3 mEq/L Cl⁻ - 95 mEq/L HCO3⁻ - 9 mEq/L Glucose - 563 mg/dL Arterial blood gas values on room air HCO3⁻ 10 mEq/L Partial Pressure of Oxygen - 98 mm Hg Partial Pressure of Carbon Dioxide - 22 mm Hg pH - 7.20 Boluses of intravenous 0.9% saline are administered and an infusion of insulin is initiated. Three hours later the patient becomes somnolent and develops a headache. She has had one episode of emesis and one episode of incontinence. Her urine output has been 30 mL/h. Results of follow-up serum laboratory studies are shown: Urea nitrogen - 24 mg/dL Creatinine - 1.1 mg/dL Na⁺ - 127 mEq/L K⁺ - 3.7 mEq/L Cl⁻ - 98 mEq/L HCO3⁻ - 11 mEq/L Glucose - 287 mg/dL Which of the following is the most appropriate intravenous pharmacotherapy?",7 mEq/L Cl⁻ - 98 mEq/L HCO3⁻ - 11 mEq/L Glucose - 287 mg/dL Which of the following is the most appropriate intravenous pharmacotherapy?,72B-Qwen25,"The patient presents with symptoms and laboratory findings consistent with diabetic ketoacidosis (DKA), a serious complication of diabetes mellitus, particularly type 1 diabetes. The key findings include hyperglycemia (glucose 563 mg/dL), metabolic acidosis (pH 7.20, HCO3⁻ 9 mEq/L), and electrolyte imbalances (low bicarbonate, low sodium, and low chloride). The patient also shows signs of dehydration (dry mucous membranes, delayed capillary refill, poor skin turgor) and hypotension, which are common in DKA due to fluid loss from polyuria and vomiting. Initial management of DKA includes fluid resuscitation with isotonic saline to correct dehydration and improve perfusion, followed by insulin therapy to lower blood glucose and reverse ketosis. The patient has already received these interventions, and her glucose level has decreased from 563 mg/dL to 287 mg/dL, which is a positive response to treatment. However, the patient has now developed new symptoms of somnolence, headache, and incontinence, which are concerning for cerebral edema, a rare but serious complication of DKA, especially in children. Cerebral edema can occur during the treatment of DKA, particularly if the correction of hyperglycemia is too rapid, leading to a rapid shift of fluids and electrolytes, which can cause brain swelling. Given the patient's new symptoms and the risk of cerebral edema, the most appropriate next step is to administer 50% dextrose (option C) to prevent further rapid decline in blood glucose, which can exacerbate cerebral edema. Dextrose will help stabilize the glucose level and reduce the risk of further neurological deterioration. - Option A (Bicarbonate): Bicarbonate is generally not recommended for routine use in DKA unless the pH is <7.0 or there is severe hyperkalemia. In this case, the pH is 7.20, which is not critically low, and the potassium level is within a normal range. Administering bicarbonate can also worsen cerebral edema by increasing the osmotic gradient. - Option B (Dexamethasone): Dexamethasone is a corticosteroid used to reduce inflammation and swelling, but it is not indicated for the management of DKA or suspected cerebral edema. It can also have adverse effects on glucose control. - Option D (Furosemide): Furosemide is a diuretic used to reduce fluid overload, but it is contraindicated in a patient with DKA who is already dehydrated and at risk of cerebral edema. Diuresis can worsen dehydration and electrolyte imbalances. - Option E (Mannitol): Mannitol is an osmotic diuretic that can be used to reduce intracranial pressure in cases of cerebral edema. However, it is not the first-line treatment in this scenario. Administering 50% dextrose to stabilize glucose levels is a more immediate and appropriate step. Therefore, the most appropriate intravenous pharmacotherapy in this situation is 50% dextrose to prevent further rapid decline in blood glucose and reduce the risk of cerebral edema.",False,0.2,0.75,0.0056,0.0391,0.1823,0.0708,0.0335,0.0708,0.0708,0.4551,72.0
843,"A 20-year-old woman comes to the office because of a 2-day history of nasal congestion, runny nose, and nonproductive cough that has made it difficult for her to sleep. She has not had fever. Her brother with whom she resides also has similar symptoms. The patient's medical history is significant for mild persistent asthma for which she takes inhaled fluticasone- salmeterol twice daily and albuterol as needed. She has been using her albuterol more frequently during the past 2 days without much effect. During this time, her peak expiratory flow rates have been 70% to 80% of her baseline. Vital signs today are temperature 37.2°C (99.0°F), pulse 70/min, respirations 20/min, and blood pressure 110/70 mm Hg. Physical examination discloses inflamed nasal mucosa with clear discharge. The posterior oral pharynx is erythematous. Auscultation of the lungs discloses rare expiratory wheezes. Which of the following is the most appropriate pharmacotherapy for this patient's cough?",Which of the following is the most appropriate pharmacotherapy for this patient's cough?,72B-Qwen25,"The patient presents with symptoms of an upper respiratory tract infection (URI) and a history of mild persistent asthma. Her current symptoms, including nasal congestion, runny nose, and a nonproductive cough, are typical of a viral URI. The increased use of her albuterol inhaler and the presence of expiratory wheezes suggest that her asthma may be exacerbated by the URI. Option A: Codeine - Incorrect: Codeine is a centrally acting antitussive that can suppress the cough reflex. However, it is not the best choice for this patient because it can cause drowsiness and other side effects, which might further impair her ability to sleep. Additionally, it does not address the underlying bronchial hyperresponsiveness or inflammation. Option B: Diphenhydramine - Incorrect: Diphenhydramine is an antihistamine that can help with allergic symptoms and reduce nasal congestion. However, it is not the most appropriate choice for a nonproductive cough associated with a viral URI. It can also cause drowsiness, which might not be ideal for this patient. Option C: Guaifenesin - Incorrect: Guaifenesin is an expectorant that helps to thin mucus and make it easier to cough up. However, the patient has a nonproductive cough, meaning there is no mucus to expectorate. Therefore, guaifenesin would not be effective in this case. Option D: Ipratropium bromide - Correct: Ipratropium bromide is an anticholinergic bronchodilator that can help reduce bronchial secretions and bronchospasm. It is particularly useful in patients with asthma who have increased mucus production and bronchial hyperresponsiveness, which can be exacerbated by a URI. Ipratropium bromide can help reduce the cough and improve breathing without causing significant drowsiness. Option E: Prednisone - Incorrect: Prednisone is a corticosteroid that can be used to reduce inflammation in severe asthma exacerbations. However, the patient's peak expiratory flow rates are 70% to 80% of her baseline, which indicates a moderate exacerbation rather than a severe one. Additionally, prednisone is not the first-line treatment for a nonproductive cough associated with a viral URI. It would be more appropriate to use a bronchodilator like ipratropium bromide to manage her symptoms. In summary, ipratropium bromide (Option D) is the most appropriate pharmacotherapy for this patient's cough, as it can help reduce bronchial secretions and bronchospasm, thereby improving her symptoms and breathing.",False,0.3,1.0,0.0142,0.0258,0.243,0.0679,0.0472,0.0679,0.0679,0.4371,72.0
