,background,question,model,explanation,acc,background_recall,ques_recall,bleu4,bleu1,meteor,rouge1,rouge2,rougeL,rougeLsum,bertscore_f1,model_size
3,"25-year-old patient, who suffers a motorcycle accident on a Friday night. He is taken to the emergency room and diagnosed with abdominal trauma (negative echo-fast), mild head trauma (Glasgow = 14) and a displaced intracapsular fracture of the right hip. Hemodynamically she is stable, what would be the treatment of choice?","Hemodynamically she is stable, what would be the treatment of choice?",0.5B-Qwen25,"In the context of treating a patient with multiple injuries including traumatic abdominal trauma, a positive ultrasound showing no evidence of significant injury at the time of admission, and mild but potentially serious head trauma leading to a displaced intracapsular fracture of the right hip, the initial management should focus on stabilizing the patient's condition and addressing potential complications before proceeding to surgical intervention. ### Option A: Reduction, Open if Necessary, and Osteosynthesis of the Fracture in the First 24-36 Hours This option is generally considered the most appropriate course of action given the severity of the injuries and the presence of a displaced intracapsular fracture of the right hip. The goal here is to stabilize the patient's pelvis and prevent further damage from any traumatic forces that may have been applied during the accident. This approach allows for the use of minimally invasive techniques such as reduction, which can reduce pain and improve healing times. Additionally, since the patient has not developed signs of systemic organ failure due to the head trauma, immediate stabilization and monitoring will help ensure that there is no progression to more severe complications like sepsis or infection. ### Option B: Total Hip Resurfacing Arthroplasty on Monday on a Scheduled Basis Total hip resurfacing arthroplasty is typically reserved for patients who have undergone extensive internal fixation procedures due to complex fractures and other serious conditions. Since the patient does not require external fixation, this option is less likely to be necessary unless there were specific indications for total hip replacement, such as significant soft tissue involvement or severe instability. The risks associated with this procedure, particularly in cases of complex fractures, are higher compared to a simple reduction and osteotomy. ### Option C: Wait for Improvement of Cranial Trauma and Schedule a Follow-Up Surgery While it might seem reasonable to wait until the patient’s cranial trauma improves, this decision is premature and could lead to delayed surgical intervention. Cranial trauma often requires prompt medical attention due to its impact on brain function and blood flow. Delaying surgery could result in worsening of the patient's condition, possibly necessitating additional interventions, such as craniocervical traction or neurosurgical intervention. Furthermore, waiting too long can increase the risk of postoperative complications, including increased bleeding and infection rates. ### Option D: Perform an Emergency Bipolar Hip Hemiarthroplasty An emergency bipolar hip hemiarthroplasty involves removing the damaged femoral head and implanting a new artificial hip joint. While this approach can be life-saving in some circumstances, it carries significant risks. The need for such a procedure is primarily driven by the critical nature of the hip fracture and the potential for poor outcomes if left untreated. In addition, the recovery period after such a procedure is extremely challenging and could be prolonged without proper management, making it impractical for routine clinical practice. In conclusion, based on the specifics of the patient's injuries and the urgency of the situation, Option A appears to be the most prudent and effective course of action.",True,0.5,0.0,0.0,0.0091,0.0553,0.0156,0.0039,0.0156,0.0156,0.4177,0.5
14,"A 13-year-old female, with no relevant history, with menarche 3 months ago, followed since the age of 10 years by idiopathic scoliosis that has worsened. In the physical examination she presents a hump of 7 degrees in the Adams test and in the scoliogram a thoracolumbar curve T4-L1 of 35 degrees of Cobb and a Risser 0. The correct attitude to take will be:",The correct attitude to take will be:,0.5B-Qwen25,"Idiopathic scoliosis can present various clinical presentations, including mild cases where there may not be significant pain or deformity. However, given the patient's age (13 years) and the presence of idiopathic scoliosis that has worsened over time, it is crucial to address the condition promptly. Reasons for Correct Answer: - Scoliosis with worsening symptoms: Idiopathic scoliosis can progress without causing noticeable pain, making it challenging to determine whether it poses a risk. - Advantages of corset-type orthosis: Corsets are designed to support the spine during pregnancy and postpartum periods. They can help maintain posture and prevent further curvature, which might be beneficial in this case where there is already some degree of spinal curvature despite the absence of pain. - Prevention of progression: A corset-type orthosis can help prevent the curvature from worsening due to prolonged lying down, thus reducing the risk of developing more severe scoliosis. Explanation: - Corset-type orthosis provides a supportive structure that can aid in maintaining the curvatures of the spine while allowing flexibility and movement. - Advantages over traditional orthoses include ease of use, comfort, and potentially less risk of complications such as muscle strain or nerve compression. - Long-term benefits include prevention of progressive spinal changes, which can lead to more severe issues like kyphosis (humpback). Given these factors, prescribing a corset-type orthosis seems to be the most appropriate course of action for this patient, considering their age and the severity of their scoliosis.",True,0.06,1.0,0.0,0.0111,0.0875,0.0324,0.0,0.0324,0.0324,0.3857,0.5
42,"A 38-year-old man consults for dyspnea and hemoptysis. Blood tests show creatinine 7 mg/dL, urea 250 mg/dL and high titer positive anti-GBM (anti-glomerular basement membrane antibodies). Renal biopsy shows crescents in 75% of the glomeruli and immunofluorescence shows a linear Ig deposition pattern. Which of the following is the correct answer?",Which of the following is the correct answer?,0.5B-Qwen25,"1. Creatinine and Urea Levels: The elevated levels of creatinine and urea are indicative of chronic kidney disease (CKD), which is often associated with proteinuria and hematuria. 2. Anti-GBM Antibodies: Anti-GBM antibodies can indicate active glomerulonephritis, especially when present in 75% of glomeruli. 3. Renal Biopsy: The presence of crescents in 75% of glomeruli suggests a diagnosis of membranous glomerulonephritis, as these crescents are characteristic of this type of glomerulonephritis. 4. IgG Linear Pattern: A linear IgG deposition pattern on immunofluorescence microscopy further supports the diagnosis of membranous glomerulonephritis. Given these findings, the correct management strategy is plasmapheresis. Plasmapheresis involves the removal of blood plasma to remove immune complexes from the body, thereby helping to reduce inflammation and improve kidney function. ### Conclusion: The correct answer is B. Plasmapheresis would be indicated. This treatment approach is particularly appropriate given the clinical presentation of CKD and the specific antibody patterns observed in the patient's serum.",True,0.38,0.5,0.0,0.0328,0.2015,0.0854,0.0247,0.0854,0.0854,0.4118,0.5
69,A 29-year-old patient comes to your office with a diagnosis of severe bone marrow aplasia. What is the treatment of choice?,What is the treatment of choice?,0.5B-Qwen25,"Severe bone marrow aplasia (SMA) is a rare condition where the bone marrow does not produce sufficient blood cells, leading to anemia and other serious health issues. The treatment options for SMA include: 1. Allogeneic Bone Marrow Transplantation: - This is typically considered when a donor can be found who has matching HLA antigens (human leukocyte antigen) with the recipient's cells. - The process involves taking a large amount of the recipient's bone marrow and transplanting it into the donor to replace the damaged bone marrow. - While this is the most effective treatment option for SMA, it also carries significant risks such as graft-versus-host disease, which can lead to organ failure over time. 2. Autologous Bone Marrow Transplantation: - This method involves using the recipient’s own bone marrow instead of a donor bone marrow. - It is generally preferred in cases where there is no match between donor and recipient. - However, autologous transplants have their own set of challenges, including potential for infection due to the presence of the recipient’s immune system. 3. Periodic Transfusions and Antibiotics: - These treatments are used in conjunction with allogeneic bone marrow transplantation but are not recommended as primary treatment options unless there is no other viable option available. 4. Androgen Therapy: - This is not a standard treatment for SMA and is not indicated in the context of bone marrow transplantation. 5. Cyclosporine A and Antithymocyte Globulin: - These drugs are used in combination with bone marrow transplant therapy but are not specific to SMA treatment. Given the severity of SMA, the need for a highly specialized treatment that can significantly improve survival rates and quality of life, allogeneic bone marrow transplantation is the gold standard for SMA management. While it may carry some risk, it is the only proven treatment option for severe cases of SMA.",True,0.25,0.5,0.0,0.0117,0.077,0.0259,0.013,0.0259,0.0259,0.3955,0.5
78,"A 32-year-old woman with cerebral palsy from childbirth comes to the emergency department for a few days of dark urine associated with an episode of high fever and dry cough. On admission, the CBC showed 16900 leukocytes/mm3 (85% S, 11% L, 4% M), hemoglobin 6.3 g/dL; MCV 109 fl, 360000 platelets/mm3. In the biochemistry LDH 2408; bilirubin 6.8 mg/dl, (unconjugated bilirubin 6.1 mg/dl), normal GOT and GPT. The morphological study of blood showed macrocytic anisocytosis with frequent spherocytic forms and polychromatophilia without blasts. The irregular antibody study is positive for panagglutinin, making crossmatching difficult. What would be your suspicion and the most appropriate treatment?",What would be your suspicion and the most appropriate treatment?,0.5B-Qwen25,"The patient presents with dark urine, a high fever, and dry cough, along with elevated white blood cell count (leukocytes at 169,000/μL) and hemoglobin levels of 6.3 g/dL. These clinical manifestations align closely with characteristics observed in patients with autoimmune hemolytic anemia. ### Key Points: 1. Clinical Presentation: The patient has dark urine, which could indicate hemolysis or hematuria. High fever and dry cough suggest a possible infection. 2. Blood Tests: - Leukocyte count (WBC): 169,000 cells per microliter (85% S lymphocytes, 11% L lymphocytes, 4% myeloid cells). - Hemoglobin level: 6.3 g/dL. - Mean corpuscular volume (MCV): 109 fl, indicating microcytic hypochromic anemia. - Platelet count: 360,000/μL. - Morphology: Macrocytic anisocytosis with frequent spherocytic forms and polychromatophilia without blasts. ### Immunologic Findings: - LDH (Lactate Dehydrogenase): Elevated to 2408 U/L, suggesting an immune-mediated mechanism. - Bilirubin: Normal. - GOT (Globulin Oxytomain Test): Negative. - GPT (Glutamate Transaminase): Negative. ### Laboratory Studies: - Morphological Study of Blood: Macrocytic anisocytosis with frequent spherocytic forms and polychromatophilia without blasts. - Abnormal Antibodies: Positive for panagglutinin, challenging the possibility of autoimmune hemolytic anemia. ### Treatment Considerations: Given the patient's history of cerebral palsy and recent onset of symptoms, it is crucial to consider an autoimmune disorder that might be causing these findings. The presence of macrocytic anisocytosis and polychromatophilia suggests involvement of red blood cell membrane proteins, which can lead to hemolysis if not managed promptly. ### Treatment Options: 1. Medullary Aplasia and Immunotherapy with Thymoglobulin and Cyclosporine: - This approach targets the medullary bone marrow and involves immunomodulatory drugs such as thymoglobulin and cyclosporine. It is effective in managing immune-mediated diseases like autoimmune hemolytic anemia. 2. Hereditary Spherocytosis and Splenectomy: - For patients with hereditary spherocytosis, splenectomy is a standard treatment. While this does not directly address the hematopoietic system issues, it provides immediate relief of symptoms and can improve survival. 3. Autoimmune Hemolytic Anemia Associated with Respiratory Infection and Corticosteroids: - If the cause of the symptoms is clear-cut, particularly given the presentation of a high fever and dry cough, corticosteroids might be considered initially to reduce inflammation and alleviate symptoms. 4. Pernicious Anemia and Periodic Injections of Vitamin B12: - This treatment regimen involves daily intramuscular injections of vitamin B12 to treat autoimmune disorders. However, it may not be necessary for all cases due to the specific etiology. ### Conclusion: The combination of the patient’s clinical presentation, laboratory findings, and immunologic profile strongly indicates an autoimmune hemolytic anemia. Given the severity and complexity of the case, especially considering the patient’s history of cerebral palsy, it is advisable to pursue a multidisciplinary approach involving immunosuppressive therapy, possibly supplemented with corticosteroids, and potentially targeted immunotherapies tailored to the specific underlying autoimmune process. Thus, Option C (Autoimmune hemolytic anemia associated with respiratory infection and corticosteroids) appears to be the most appropriate initial treatment plan for this patient.",True,0.46,0.5,0.0,0.0101,0.0743,0.0251,0.0084,0.0251,0.0251,0.3503,0.5
82,"An 84-year-old woman presents with loss of vision in the left eye of 4 days of evolution accompanied by metamorphopsia. The macula shows abundant hard exudates, two small deep hemorrhages and a localized neurosensory retinal detachment. In the contralateral eye there are abundant soft drusen. Which of the following diagnoses do you think is the most likely?",Which of the following diagnoses do you think is the most likely?,0.5B-Qwen25,"Given the symptoms described—loss of vision in the left eye over four days, metamorphopsia (an abnormal change where the retina appears to have a ""metamorphic"" appearance), multiple hemorrhages, and neurosensory retinal detachment—these characteristics strongly suggest a diagnosis of Exudative Age-Related Macular Degeneration (AMD). Here's the reasoning: 1. Symptoms of AMD: The patient has severe vision loss in one eye that progresses rapidly over several days, which is characteristic of AMD. Additionally, there are numerous hemorrhages on the retina, indicating bleeding into the central part of the retina, which is another hallmark of AMD. 2. Macula Hard Exudates and Neurosensory Retinal Detachment: These findings align closely with what we would expect from an AMD patient. AMD involves the formation of new blood vessels under the retina that can cause hemorrhages and lead to detachment of the retinal nerve fibers, resulting in neurosensory retinal detachment. 3. Contrast with Other Conditions: - Acute Posterior Vitreous Detachment (PVD): This condition typically presents as a sudden onset of vision loss followed by visual disturbances such as halos around lights or flashing lights. It does not involve metastasis to other parts of the retina. - Central Retinal Artery Obstruction (CREO): While this condition can present with similar symptoms, it usually involves a different type of retinal detachment and may not be associated with hemorrhages. - Non-Arteritic Anterior Ischemic Optic Neuropathy (NAION): This condition often presents with retinal edema rather than hemorrhages, and it doesn't typically cause neurosensory retinal detachment unless combined with other conditions like diabetic retinopathy. Given these observations, Exudative Age-Related Macular Degeneration (AMD) stands out as the most likely diagnosis for the given presentation. Therefore, the correct answer is: The correct answer is [B] Exudative age-related macular degeneration (AMD).",True,0.62,0.0,0.0,0.0178,0.1281,0.0464,0.0267,0.0464,0.0464,0.4091,0.5
95,A 67-year-old woman diagnosed with an infiltrating ductal carcinoma of the breast with no family history of neoplasia. What additional studies should be performed on the tumor because of its clinical and therapeutic implications:,What additional studies should be performed on the tumor because of its clinical and therapeutic implications:,0.5B-Qwen25,"For a patient with an infiltrating ductal carcinoma (IDC) of the breast, it's crucial to conduct comprehensive diagnostic studies to understand the biology of the cancer and guide treatment decisions. Here’s why this approach is appropriate: 1. Hormone Receptor Studies: The presence of estrogen receptor-positive (ER+), progesterone receptor-negative (PR-, or negative for PR), and human epidermal growth factor receptor 2 (HER2) amplification can significantly influence the prognosis and response to therapy. Hormone receptor testing helps in determining whether the cancer cells express these hormones, which is important for assessing potential responses to targeted therapies. 2. HER2 Testing: Given that the patient has no family history of neoplasia, her HER2 status is more likely to be normal compared to women with a higher risk of developing invasive breast cancer due to genetic predisposition. Her HER2 test will help determine if the tumor may have HER2 overexpression, which could be associated with worse outcomes. 3. BRCA L-2 Study: This study would be beneficial as it focuses specifically on BRCA2 mutations, which are known to increase the risk of breast cancer but not all patients with IDC carry these mutations. It provides valuable information about the overall risk profile of the tumor, helping in tailoring treatments. 4. First-Degree Relatives Study: While this might seem redundant given the focus on the primary patient, it adds another layer of complexity. First-degree relatives include parents, siblings, and children, and their involvement can affect the management of the disease. Knowing the status of first-degree relatives can inform decision-making regarding preventive measures and follow-up care. In summary, conducting a thorough evaluation of both hormonal markers and the HER2 status is essential for a well-rounded diagnosis and tailored treatment plan. This comprehensive approach ensures that the most effective strategies are employed to manage the breast cancer effectively.",True,0.8,0.33,0.0,0.0234,0.0905,0.0431,0.0124,0.0431,0.0431,0.5002,0.5
128,"25-year-old patient, who suffers a motorcycle accident on a Friday night. He is taken to the emergency room and diagnosed with abdominal trauma (negative echo-fast), mild head trauma (Glasgow = 14) and a displaced intracapsular fracture of the right hip. Hemodynamically she is stable, what would be the treatment of choice?","Hemodynamically she is stable, what would be the treatment of choice?",1.5B-Qwen25,"In this scenario, the patient has suffered a traumatic injury involving an abdominal trauma, mild head trauma, and a displaced intracapsular fracture of the right hip. The key points to consider are: 1. Abdominal Trauma: This suggests that there may have been internal bleeding or other complications from the impact, which could require immediate attention. 2. Mild Head Trauma (Glasgow Score = 14): While not life-threatening, it indicates that the patient's brain function is compromised but still within normal limits. However, this does not necessarily mean that surgical intervention should wait until the next day. 3. Displaced Intracapsular Fracture of the Right Hip: This type of fracture typically requires prompt management due to its potential for non-union and associated pain and disability. Open reduction and internal fixation (ORIF) are often preferred over closed methods like closed reduction because they allow direct visualization and manipulation of the bone fragments. Given these factors, the most appropriate initial treatment would be: Option A: Reduction, open if necessary, and osteosynthesis of the fracture in the first 24-36 hours This approach ensures that any underlying injuries can be addressed promptly while minimizing further damage to the soft tissues around the hip. It also allows for early mobilization once the fracture is stabilized, which is crucial for recovery. Options B and C are less suitable given the severity of the hip fracture and the need for rapid stabilization: - Total Hip Resurfacing Arthroplasty: This procedure is generally reserved for cases where significant joint damage is present beyond simple fractures. In this case, ORIF might be more appropriate. - Waiting for Improvement of Cranial Trauma and Scheduled Surgery: This approach risks delaying critical care for the hip fracture, potentially leading to complications such as non-union or avascular necrosis. Option D, performing an emergency bipolar hip hemiarthroplasty, is too aggressive and risky at this stage. Bipolar hip hemiarthroplasties are usually reserved for specific indications, such as severe arthritis or infection, and are not indicated for uncomplicated fractures without significant joint involvement. Therefore, Option A represents the safest and most effective initial course of action based on the available information and the nature of the patient's injuries.",True,0.4,0.0,0.0,0.0172,0.0668,0.0323,0.0054,0.0269,0.0269,0.4347,1.5
139,"A 13-year-old female, with no relevant history, with menarche 3 months ago, followed since the age of 10 years by idiopathic scoliosis that has worsened. In the physical examination she presents a hump of 7 degrees in the Adams test and in the scoliogram a thoracolumbar curve T4-L1 of 35 degrees of Cobb and a Risser 0. The correct attitude to take will be:",The correct attitude to take will be:,1.5B-Qwen25,"Option A (Recommend swimming and revision in three months) is not appropriate because scoliosis typically progresses rapidly during adolescence, especially after menarche. Swimming can exacerbate spinal curves due to its flexion posture, which may worsen her already worsening condition. Additionally, it's important to avoid any activities that could potentially cause further injury or strain on her spine. Option C (Refer to physiotherapy for spine elastification) might seem like a good idea initially, but it doesn't address the underlying issue of scoliosis progression. Physiotherapy can help manage pain and improve flexibility, but it won't stop the progression of the curvature. Option D (Review in 6 months with a new X-ray) is also not ideal as it does not account for the rapid progression of scoliosis. It would miss the opportunity to intervene early if the curve continues to progress significantly between now and then. Option B (Prescribe a corset-type orthosis) is the most appropriate choice. A corset-type brace can help stabilize the spine and prevent further progression of the scoliotic curve. This intervention should be initiated immediately upon diagnosis to slow down the progression of the curve and reduce the risk of complications such as heart problems associated with severe scoliosis. The brace should be worn full-time until the patient reaches skeletal maturity, usually around age 18-20, at which point the curve stabilizes naturally.",True,0.24,0.0,0.0,0.012,0.0463,0.0252,0.0,0.0252,0.0252,0.394,1.5
167,"A 38-year-old man consults for dyspnea and hemoptysis. Blood tests show creatinine 7 mg/dL, urea 250 mg/dL and high titer positive anti-GBM (anti-glomerular basement membrane antibodies). Renal biopsy shows crescents in 75% of the glomeruli and immunofluorescence shows a linear Ig deposition pattern. Which of the following is the correct answer?",Which of the following is the correct answer?,1.5B-Qwen25,"This case presents with classic features of Goodpasture syndrome, which is characterized by the presence of anti-glomerular basement membrane (anti-GBM) antibodies leading to immune complex-mediated glomerulonephritis. The patient's clinical presentation includes dyspnea and hemoptysis, along with elevated blood creatinine and urea levels indicative of kidney damage. The renal biopsy findings include crescents in 75% of glomeruli and immunofluorescence showing a linear Ig deposition pattern, further confirming the diagnosis of Goodpasture syndrome. Plasmapheresis is a crucial component of management in this condition because it helps remove circulating immune complexes from the bloodstream, thereby reducing inflammation and preventing further glomerular injury. This therapy has been shown to improve outcomes in patients with severe cases of Goodpasture syndrome. Options Analysis: A. IgA nephropathy with acute renal failure - While IgA nephropathy can present similarly, it does not involve anti-GBM antibodies. C. Membranous glomerulonephritis - This involves mesangial proliferation rather than crescent formation. D. Mycophenolate mofetil as initial treatment - This drug is used primarily in organ transplant rejection and autoimmune diseases like lupus, not specifically for Goodpasture syndrome. E. Glomerular involvement due to circulating immunocomplexes - This is accurate but less specific compared to plasmapheresis being the primary therapeutic intervention. Therefore, the most appropriate response is B. Plasmapheresis would be indicated.",True,0.52,0.0,0.0,0.0171,0.0965,0.0461,0.0,0.0461,0.0461,0.3988,1.5
194,A 29-year-old patient comes to your office with a diagnosis of severe bone marrow aplasia. What is the treatment of choice?,What is the treatment of choice?,1.5B-Qwen25,"Severe bone marrow aplasia (SMA) is a condition where the bone marrow fails to produce sufficient blood cells, leading to anemia, bleeding disorders, and susceptibility to infections. The treatment of choice for SMA depends on several factors including the underlying cause, age of the patient, and availability of suitable donors. Option C states that allogeneic bone marrow transplantation if HLA identical sibling is the treatment of choice. This is indeed the most appropriate approach in cases where there is a matched donor available. Bone marrow transplantation involves replacing the diseased bone marrow with healthy stem cells from another individual who has compatible tissue types. For patients without a matching sibling, finding an unrelated donor can be challenging but remains a viable option. However, it's important to note that not all patients have access to such a match, which is why other options like autologous transplantation might also be considered depending on specific circumstances. Options A, B, D, and E describe treatments that are less commonly used or may not be as effective: - Option A mentions periodic transfusions and antibiotics, which are generally supportive care measures rather than curative therapies. - Option B suggests using androgens and platelet transfusions, which are typically part of supportive care strategies but do not address the root cause of bone marrow failure. - Option D proposes autologous bone marrow transplantation, which could potentially be used when a matched donor is unavailable, but this is not always feasible due to logistical challenges. - Option E discusses cyclosporine A and antithymocyte globulin, which are immunosuppressive agents often used in organ transplant recipients to prevent graft-versus-host disease after allogeneic transplants, but they are not directly related to treating bone marrow aplasia itself. In conclusion, while the exact treatment plan will depend on various clinical factors, allogeneic bone marrow transplantation stands out as the primary treatment option for severe bone marrow aplasia when a suitable donor is available.",True,0.25,1.0,0.0057,0.0141,0.0598,0.0308,0.0248,0.0308,0.0308,0.3954,1.5
203,"A 32-year-old woman with cerebral palsy from childbirth comes to the emergency department for a few days of dark urine associated with an episode of high fever and dry cough. On admission, the CBC showed 16900 leukocytes/mm3 (85% S, 11% L, 4% M), hemoglobin 6.3 g/dL; MCV 109 fl, 360000 platelets/mm3. In the biochemistry LDH 2408; bilirubin 6.8 mg/dl, (unconjugated bilirubin 6.1 mg/dl), normal GOT and GPT. The morphological study of blood showed macrocytic anisocytosis with frequent spherocytic forms and polychromatophilia without blasts. The irregular antibody study is positive for panagglutinin, making crossmatching difficult. What would be your suspicion and the most appropriate treatment?",What would be your suspicion and the most appropriate treatment?,1.5B-Qwen25,"This case presents several key features that point towards autoimmune hemolytic anemia (AIHA) associated with respiratory infection: 1. High Leukocyte Count: The presence of a high white blood cell count (WBC) with a predominance of segmented neutrophils suggests an inflammatory response, which is common in infections. 2. Macrocyclicity and Anisocytosis: The finding of macrocytosis and anisocytosis along with polychromatophilia indicates ongoing erythropoiesis and immature red cells, consistent with AIHA. 3. Spherocytosis: Frequent occurrence of spherocytes suggests a defect in the RBC membrane integrity, typical of hereditary spherocytosis, but given the patient's history of cerebral palsy, this may not be the primary diagnosis here. 4. Morphology Study Results: The morphology study showing macrocytic anisocytosis with frequent spherocytic forms and polychromatophilia without blasts supports the diagnosis of AIHA. 5. Irregular Antibody Study: The positive result for panagglutinin antibodies makes crossmatching difficult, supporting the idea of an autoimmune process rather than a congenital disorder like hereditary spherocytosis. 6. Respiratory Infection: The mention of a high fever and dry cough points to an infectious etiology, which could exacerbate the immune system's response leading to AIHA. 7. Treatment Considerations: Corticosteroids are commonly used as initial therapy for AIHA due to their ability to suppress the immune system and reduce inflammation. Given these factors, the combination of high WBC count, macrocytic anisocytosis, and the presence of panagglutinin antibodies strongly suggest autoimmune hemolytic anemia. The use of corticosteroids as part of the treatment plan aligns well with the clinical presentation and laboratory findings. Options A, B, D, and E can be ruled out based on the provided information: - Option A involves medullary aplasia and immunotherapy, which does not fit the context of acute onset and the specific laboratory findings. - Option B involves hereditary spherocytosis, which is unlikely given the presence of polychromatophilia and other abnormal RBC parameters. - Option D involves pernicious anemia and periodic injections of vitamin B12, which do not match the clinical picture presented. - Option E involves acute leukemia and chemotherapy, which is inconsistent with the low WBC count and the presence of mature RBCs seen in this case.",True,0.27,0.0,0.0,0.0101,0.0633,0.0225,0.0056,0.0225,0.0225,0.373,1.5
207,"An 84-year-old woman presents with loss of vision in the left eye of 4 days of evolution accompanied by metamorphopsia. The macula shows abundant hard exudates, two small deep hemorrhages and a localized neurosensory retinal detachment. In the contralateral eye there are abundant soft drusen. Which of the following diagnoses do you think is the most likely?",Which of the following diagnoses do you think is the most likely?,1.5B-Qwen25,"Exudative AMD, also known as dry AMD, is characterized by the accumulation of subretinal fluid due to leakage from abnormal blood vessels under the retina. This condition can lead to visual disturbances such as metamorphopsia (distorted vision), which is common in this case. In contrast, the other options have different characteristics: A. Acute posterior vitreous detachment (APVD): This typically causes floaters but does not usually present with metamorphopsia or significant retinal changes like hard exudates or neurosensory retinal detachment. B. Central retinal artery occlusion (CRAO): This results in sudden vision loss and often involves severe pain, unlike the gradual onset described here. C. Non-arteritic anterior ischemic optic neuropathy (NAION): This affects the optic nerve rather than the retina and typically presents with sudden vision loss and may involve swelling of the optic disc, but it doesn't include the specific findings mentioned (metamorphopsia, hard exudates, or neurosensory retinal detachment). D. Retinitis pigmentosa: While this can cause progressive vision loss, it generally does not present with the combination of hard exudates, metamorphopsia, and neurosensory retinal detachment seen in this patient's presentation. Given the clinical presentation of metamorphopsia, hard exudates, and neurosensory retinal detachment, along with the presence of soft drusen in the contralateral eye, the diagnosis of exudative AMD is the most likely.",True,0.54,0.0,0.004,0.0238,0.1903,0.0619,0.0357,0.0619,0.0619,0.4184,1.5
220,A 67-year-old woman diagnosed with an infiltrating ductal carcinoma of the breast with no family history of neoplasia. What additional studies should be performed on the tumor because of its clinical and therapeutic implications:,What additional studies should be performed on the tumor because of its clinical and therapeutic implications:,1.5B-Qwen25,"1. Complete phenotypic study by flow cytometry (Option A): While flow cytometry can provide valuable information about cell surface markers and genetic profiles, it does not specifically address the clinical and therapeutic implications of the tumor in this case. The focus here is more on understanding the molecular characteristics rather than performing a comprehensive analysis that might include other factors like hormone receptor status and HER2 expression. 2. Study of hormone receptors and HER2 (Option B): This is the most appropriate choice for several reasons. First, estrogen receptor (ER) and progesterone receptor (PR) testing helps determine whether hormonal therapy may be effective. Second, HER2/neu overexpression is associated with aggressive disease and poor prognosis, so assessing HER2 status is crucial for personalized treatment decisions. Additionally, these tests help predict response to certain therapies and guide further diagnostic workups such as immunohistochemistry (IHC) staining for ER and PR. 3. Study of hormone receptors, E-cadherin, and study of first-degree relatives (Option C): Although studying E-cadherin could be relevant given its role in cancer metastasis, the primary focus should be on hormone receptors and HER2 due to their direct impact on patient outcomes and treatment options. Moreover, while studying first-degree relatives might provide some familial risk information, it is less specific compared to the targeted molecular assessments mentioned above. 4. BRCA1/2 study and study of first-degree relatives (Option D): BRCA mutations are significant genetic alterations linked to increased risk of developing breast and ovarian cancers. However, they do not directly influence the clinical and therapeutic implications discussed in this scenario, which focuses on hormone receptor status and HER2 expression. Furthermore, the presence of first-degree relatives would be important for counseling purposes but is not a core component of the immediate diagnostic or therapeutic considerations outlined. In conclusion, Option B provides the most comprehensive approach to understanding the tumor's biology and guiding subsequent management strategies based on current knowledge and evidence.",True,0.0,0.33,0.0027,0.0326,0.1719,0.0645,0.0295,0.0528,0.0528,0.4735,1.5
253,"25-year-old patient, who suffers a motorcycle accident on a Friday night. He is taken to the emergency room and diagnosed with abdominal trauma (negative echo-fast), mild head trauma (Glasgow = 14) and a displaced intracapsular fracture of the right hip. Hemodynamically she is stable, what would be the treatment of choice?","Hemodynamically she is stable, what would be the treatment of choice?",3B-Qwen25,"Option A is the most appropriate choice given the circumstances. The patient has a displaced intracapsular fracture of the right hip, which typically requires prompt surgical intervention to prevent complications such as non-union, malunion, or avascular necrosis of the femoral head. The Glasgow Coma Scale score of 14 indicates that the patient's level of consciousness is impaired but not severely so, suggesting that they can tolerate anesthesia and surgery. The fact that the patient is hemodynamically stable further supports the immediate need for surgical intervention. Option B is incorrect because total hip resurfacing arthroplasty is generally reserved for younger patients with specific indications, such as young adults with early-stage osteoarthritis. It is not typically indicated for displaced intracapsular fractures of the hip, especially when the patient is still ambulatory and conscious. Option C is incorrect because it suggests waiting for improvement in the head trauma before addressing the hip fracture. This approach could lead to delayed treatment, increasing the risk of complications such as avascular necrosis of the femoral head due to prolonged ischemia from the fracture. Option D is incorrect because while the risk of non-union is a concern, emergency bipolar hip hemiarthroplasty is usually considered only in cases where there is significant soft tissue damage or infection, which is not the case here. Additionally, the patient's Glasgow score of 14 suggests that they are conscious and able to tolerate anesthesia, making this procedure less urgent compared to the need for immediate stabilization of the hip fracture. In summary, the immediate reduction and osteosynthesis of the displaced intracapsular fracture of the right hip are critical to prevent long-term complications and ensure proper healing.",True,0.3,0.67,0.0,0.0236,0.1082,0.0481,0.0,0.0344,0.0344,0.4593,3.0
264,"A 13-year-old female, with no relevant history, with menarche 3 months ago, followed since the age of 10 years by idiopathic scoliosis that has worsened. In the physical examination she presents a hump of 7 degrees in the Adams test and in the scoliogram a thoracolumbar curve T4-L1 of 35 degrees of Cobb and a Risser 0. The correct attitude to take will be:",The correct attitude to take will be:,3B-Qwen25,"Option B (Prescribe a corset-type orthosis) is the most appropriate choice for this patient's condition. Here’s why: 1. Current Scoliosis Stage: The patient has a thoracolumbar curve of 35 degrees on the Cobb scale, which indicates a moderate scoliosis. This degree of curvature requires intervention to prevent further progression. 2. Adolescent Idiopathic Scoliosis (AIS): Given that the patient is 13 years old and experiencing her first menstrual period, she is likely in the adolescent growth spurt phase, which can exacerbate scoliotic curves. AIS often progresses during this period. 3. Risser Sign: The Risser sign being 0 suggests that the patient has not yet reached skeletal maturity. This means that there is still potential for spinal growth and correction, making early intervention more effective. 4. Physical Examination Findings: The hump of 7 degrees in the Adams test and the worsening scoliosis on the scoliogram indicate that conservative measures alone may not be sufficient to manage the condition effectively. 5. Conservative vs. Surgical Options: While swimming and physiotherapy can be beneficial for general health and posture, they are not typically sufficient for managing a scoliosis curve of 35 degrees. Swimming can help maintain overall fitness but does not address the specific spinal alignment issues. Physiotherapy, while important for maintaining flexibility and strength, is unlikely to significantly alter the curve size. 6. Corset-Type Orthosis: A corset-type orthosis is specifically designed to apply controlled pressure to the spine, helping to realign it and slow down the progression of the curve. It is commonly used in cases of moderate to severe scoliosis, especially in adolescents who have not yet reached skeletal maturity. Options A, C, and D are less suitable because: - Swimming and Revision in Three Months (Option A): While swimming can be beneficial for overall health, it is not a treatment for scoliosis and does not address the specific need for controlled spinal alignment. - Refer to Physiotherapy for Spine Elastification (Option C): Although physiotherapy can improve overall posture and flexibility, it is not an effective method for correcting a scoliosis curve of 35 degrees. - Review in 6 Months with a New X-ray (Option D): This approach is too passive and does not address the progressive nature of the scoliosis. Regular monitoring without intervention can lead to worsening of the curve over time. Therefore, the most appropriate course of action is to prescribe a corset-type orthosis to help manage and potentially reduce the scoliosis curve.",True,0.65,0.0,0.0,0.0086,0.0559,0.0145,0.0,0.0145,0.0145,0.3563,3.0
292,"A 38-year-old man consults for dyspnea and hemoptysis. Blood tests show creatinine 7 mg/dL, urea 250 mg/dL and high titer positive anti-GBM (anti-glomerular basement membrane antibodies). Renal biopsy shows crescents in 75% of the glomeruli and immunofluorescence shows a linear Ig deposition pattern. Which of the following is the correct answer?",Which of the following is the correct answer?,3B-Qwen25,"- Option A (IgA nephropathy with acute renal failure): This is incorrect because the patient's presentation of hemoptysis and the specific findings on renal biopsy (crescents in 75% of glomeruli and linear Ig deposition) are more indicative of a rapidly progressive glomerulonephritis rather than IgA nephropathy. - Option B (Plasmapheresis would be indicated): This is correct. Anti-GBM disease, also known as Goodpasture syndrome, is characterized by the formation of circulating immune complexes that deposit in the glomeruli, leading to rapid kidney damage. Plasmapheresis is a common treatment used to remove these circulating immune complexes from the blood. - Option C (Membranous glomerulonephritis): This is incorrect. Membranous glomerulonephritis typically presents with proteinuria and hypertension but does not usually present with crescent formation and a linear Ig deposition pattern. - Option D (Mycophenolate mofetil is the initial treatment of choice): This is incorrect. Mycophenolate mofetil is primarily used in treating organ transplant rejection and certain autoimmune diseases, but it is not the first-line treatment for anti-GBM disease. Instead, plasmapheresis is often the initial treatment. - Option E (Glomerular involvement is caused by the presence of circulating immunocomplexes): This is partially correct but incomplete. While circulating immune complexes can contribute to the pathogenesis, the specific type of immune complex deposition (linear Ig deposition) in anti-GBM disease is due to the deposition of anti-GBM antibodies, which are autoantibodies targeting the glomerular basement membrane. Therefore, based on the clinical presentation and laboratory findings, plasmapheresis is the most appropriate initial treatment for this case.",True,0.29,0.0,0.0,0.0173,0.1293,0.0467,0.0078,0.0389,0.0389,0.3789,3.0
319,A 29-year-old patient comes to your office with a diagnosis of severe bone marrow aplasia. What is the treatment of choice?,What is the treatment of choice?,3B-Qwen25,"Allogeneic bone marrow transplantation (ABMT) is generally considered the treatment of choice for severe bone marrow aplasia when an HLA-identical sibling donor is available. This procedure involves replacing the patient's diseased bone marrow with healthy bone marrow from a matched donor, which can restore hematopoietic function. Option A (Periodic transfusions and antibiotics): While this might be necessary in managing complications such as infections due to low white blood cell counts, it does not address the underlying cause of bone marrow aplasia. Therefore, it is not the primary treatment. Option B (Androgens and platelet transfusions): Androgens may help stimulate some patients' bone marrow function, but they are not curative. Platelet transfusions are used to manage bleeding symptoms caused by thrombocytopenia, but they do not treat the root cause of bone marrow aplasia. Option D (Autologous bone marrow transplantation to avoid rejection): This is not typically recommended for severe bone marrow aplasia because the patient's own bone marrow is likely to have the same genetic defects that led to aplasia. Additionally, autologous transplantation carries risks similar to allogeneic transplantation and does not offer the advantage of using a genetically matched donor. Option E (Cyclosporin A and antithymocyte globulin): These medications are used in certain cases of immune-mediated bone marrow failure, but they are not the first-line treatment for severe bone marrow aplasia. They are more commonly used in conditions like aplastic anemia where the bone marrow failure is due to autoimmune mechanisms. Therefore, allogeneic bone marrow transplantation remains the most effective and curative approach for severe bone marrow aplasia when an HLA-identical sibling donor is available.",True,0.25,1.0,0.0034,0.0168,0.0689,0.0362,0.0219,0.0362,0.0362,0.3838,3.0
328,"A 32-year-old woman with cerebral palsy from childbirth comes to the emergency department for a few days of dark urine associated with an episode of high fever and dry cough. On admission, the CBC showed 16900 leukocytes/mm3 (85% S, 11% L, 4% M), hemoglobin 6.3 g/dL; MCV 109 fl, 360000 platelets/mm3. In the biochemistry LDH 2408; bilirubin 6.8 mg/dl, (unconjugated bilirubin 6.1 mg/dl), normal GOT and GPT. The morphological study of blood showed macrocytic anisocytosis with frequent spherocytic forms and polychromatophilia without blasts. The irregular antibody study is positive for panagglutinin, making crossmatching difficult. What would be your suspicion and the most appropriate treatment?",What would be your suspicion and the most appropriate treatment?,3B-Qwen25,"Given the patient's clinical presentation and laboratory findings, the most likely diagnosis is autoimmune hemolytic anemia (AIHA) associated with a respiratory infection. 1. Autoimmune Hemolytic Anemia (AIHA): - The presence of irregular antibodies (panagglutinin) in the irregular antibody study suggests an autoimmune response. - The macrocytic anisocytosis, frequent spherocytes, and polychromatophilia are consistent with AIHA, where autoantibodies attack the red blood cells, leading to their destruction. - The elevated LDH levels (2408 U/L) indicate ongoing hemolysis. - The absence of blasts in the peripheral smear rules out acute leukemia. 2. Respiratory Infection: - The patient has a history of fever and a dry cough, which could be indicative of a respiratory infection such as pneumonia. This aligns with the clinical presentation of a patient with AIHA who may have a concurrent infection. 3. Treatment: - For AIHA, treatment typically involves corticosteroids like prednisone to suppress the immune response and reduce hemolysis. If corticosteroids are not effective, other immunosuppressive agents like cyclosporine might be considered. - Splenectomy is generally not indicated unless there is significant splenic dysfunction or recurrent episodes of hemolysis despite immunosuppressive therapy. - Thymoglobulin (immunoglobulin G) is used in cases of severe AIHA but is not typically the first-line treatment for mild to moderate cases. - Periodic injections of vitamin B12 are not relevant to this case as it does not address the underlying hemolytic anemia. Therefore, the most appropriate treatment for this patient would be [C] Autoimmune hemolytic anemia associated with respiratory infection and corticosteroids.",True,0.22,0.5,0.0035,0.0241,0.1733,0.0556,0.032,0.0476,0.0476,0.4171,3.0
332,"An 84-year-old woman presents with loss of vision in the left eye of 4 days of evolution accompanied by metamorphopsia. The macula shows abundant hard exudates, two small deep hemorrhages and a localized neurosensory retinal detachment. In the contralateral eye there are abundant soft drusen. Which of the following diagnoses do you think is the most likely?",Which of the following diagnoses do you think is the most likely?,3B-Qwen25,"Exudative age-related macular degeneration (AMD) is the most likely diagnosis for this patient based on the clinical presentation described. 1. Macula findings: The presence of abundant hard exudates, two small deep hemorrhages, and a localized neurosensory retinal detachment are characteristic signs of exudative AMD. Hard exudates are cholesterol deposits that accumulate under the retina and can lead to fluid leakage and subsequent retinal detachment. Deep hemorrhages are also common in exudative AMD due to the rupture of these deposits. 2. Contralateral eye findings: The presence of abundant soft drusen in the contralateral eye is typical of dry AMD, which is the more common form of AMD. Soft drusen are yellowish deposits beneath the retina and are often seen in individuals with AMD but do not cause significant symptoms unless they become large enough to affect vision. 3. Loss of vision and metamorphopsia: These symptoms are consistent with exudative AMD, as the disease can lead to significant visual impairment and distortion of central vision. Now, let's consider the other options: - Acute posterior vitreous detachment (APVD): This condition typically causes floaters and flashes of light but does not usually present with macular hard exudates, hemorrhages, or neurosensory retinal detachment. It is unlikely given the specific findings. - Central retinal artery obstruction (CRAO): CRAO is characterized by sudden vision loss due to occlusion of the central retinal artery, leading to a dark shadow in the affected eye. There would be no macular hard exudates, hemorrhages, or neurosensory retinal detachment. The patient’s history and findings do not align with CRAO. - Non-arteritic anterior ischemic optic neuropathy (NAION): NAION is a sudden loss of vision in one eye due to ischemia of the optic nerve. It typically presents with painless vision loss and may show disc swelling on examination, but it does not involve macular hard exudates, hemorrhages, or neurosensory retinal detachment. The patient’s symptoms and findings do not match NAION. Therefore, exudative AMD is the most appropriate diagnosis for this patient.",True,0.62,0.0,0.0027,0.0186,0.1382,0.0468,0.0235,0.0409,0.0409,0.4112,3.0
345,A 67-year-old woman diagnosed with an infiltrating ductal carcinoma of the breast with no family history of neoplasia. What additional studies should be performed on the tumor because of its clinical and therapeutic implications:,What additional studies should be performed on the tumor because of its clinical and therapeutic implications:,3B-Qwen25,"Option B (Study of hormone receptors and HER2) is the most appropriate choice for this patient's situation. Here’s why: 1. Hormone Receptors: Infiltrating ductal carcinoma often involves estrogen and/or progesterone receptors. These receptors can guide treatment decisions, as hormonal therapies such as tamoxifen or aromatase inhibitors may be effective if these receptors are present. Knowing the status of these receptors helps in determining the most suitable treatment options. 2. HER2 Status: HER2 (human epidermal growth factor receptor 2) testing is crucial for patients with breast cancer. If HER2 is positive, it indicates that the cancer cells have overactive HER2 proteins, which can be targeted with specific drugs like trastuzumab (Herceptin). This information is vital for choosing the most effective therapy. Options A, C, and D are less relevant given the patient's age and lack of family history of neoplasia: - Option A (Complete phenotypic study by flow cytometry): While flow cytometry can provide valuable information about cell surface markers, it is not typically used as a primary diagnostic tool for breast cancer. It is more commonly used in research settings or for specific subtypes of cancer. - Option C (Study of hormone receptors, ecadherin and study of first-degree relatives): Ecadherin is not a standard marker for breast cancer diagnosis or prognosis. First-degree relatives' genetic testing (BRCA1/2) is indeed important, but it is not necessary for every patient unless there is a strong family history of breast cancer or other hereditary cancers. - Option D (BRCA1-2 study and study of first-degree relatives): Given the patient's lack of family history, the BRCA1-2 study might not be indicated. However, if there was a strong family history suggesting a high likelihood of carrying a BRCA mutation, then studying first-degree relatives would be prudent to determine if they also carry the mutation. In summary, the most clinically and therapeutically relevant tests for this patient are the study of hormone receptors and HER2 status, making Option B the best choice.",True,0.8,0.0,0.0,0.0131,0.0844,0.0229,0.0,0.0229,0.0229,0.4592,3.0
378,"25-year-old patient, who suffers a motorcycle accident on a Friday night. He is taken to the emergency room and diagnosed with abdominal trauma (negative echo-fast), mild head trauma (Glasgow = 14) and a displaced intracapsular fracture of the right hip. Hemodynamically she is stable, what would be the treatment of choice?","Hemodynamically she is stable, what would be the treatment of choice?",7B-Qwen25,"A. This is the most appropriate immediate treatment for a displaced intracapsular fracture of the right hip in this scenario. The patient is hemodynamically stable, which allows for prompt surgical intervention. Immediate reduction and stabilization of the fracture can prevent complications such as avascular necrosis and improve functional outcomes. Open reduction and internal fixation (osteosynthesis) is often preferred over closed reduction due to the need for precise alignment and stability. B. This option is incorrect because it suggests scheduling a total hip resurfacing arthroplasty on a Monday, which is not indicated for a displaced intracapsular fracture. Total hip resurfacing is typically reserved for younger patients with osteoarthritis and is not the standard treatment for a fracture. C. While this option considers the patient's other injuries, it is not the best course of action. The patient's hemodynamic stability allows for immediate surgical intervention, and delaying treatment could lead to complications such as malunion or nonunion of the fracture. Waiting for improvement in cranial trauma before addressing the hip fracture is not advisable given the patient's current condition. D. An emergency bipolar hip hemiarthroplasty is generally not the first-line treatment for a displaced intracapsular fracture, especially in a young patient. This procedure is more commonly used in cases where there is significant bone loss or when the patient has multiple comorbidities that make open reduction and internal fixation risky. Given the patient's age and the nature of the injury, immediate reduction and fixation are more appropriate. In conclusion, the priority should be to address the hip fracture promptly while managing the other injuries, making option A the best choice.",True,0.2,0.67,0.0,0.0272,0.109,0.0565,0.0,0.0424,0.0424,0.4403,7.0
389,"A 13-year-old female, with no relevant history, with menarche 3 months ago, followed since the age of 10 years by idiopathic scoliosis that has worsened. In the physical examination she presents a hump of 7 degrees in the Adams test and in the scoliogram a thoracolumbar curve T4-L1 of 35 degrees of Cobb and a Risser 0. The correct attitude to take will be:",The correct attitude to take will be:,7B-Qwen25,"A. Recommend swimming and revision in three months - While swimming can be beneficial for overall health and may help with muscle strength, it is not sufficient as a primary treatment for a significant scoliotic curve of 35 degrees. Regular follow-up is important, but this alone does not address the need for more structured intervention. B. Prescribe a corset-type orthosis - This is the most appropriate initial step for a patient with a thoracolumbar curve of 35 degrees, especially given her young age and the fact that her scoliosis has worsened despite being asymptomatic. A corset-type orthosis can help prevent further progression of the curve while she is still growing. C. Refer to physiotherapy for spine elastification - While physiotherapy can be beneficial for strengthening muscles and improving posture, it is not typically the first-line treatment for a curve of this magnitude. It might be considered as an adjunct therapy alongside orthotic treatment. D. Review in 6 months with a new X-ray - Given the severity of the curve (35 degrees) and the fact that it has worsened, waiting six months without any intervention could lead to further progression of the scoliosis. Monitoring is important, but active management is needed sooner. In summary, the prescription of a corset-type orthosis is the most appropriate initial step to manage this patient's condition, considering the curve's severity and the risk of progression during her growth period.",True,0.29,0.0,0.0,0.0078,0.0612,0.0246,0.0,0.0246,0.0246,0.3555,7.0
417,"A 38-year-old man consults for dyspnea and hemoptysis. Blood tests show creatinine 7 mg/dL, urea 250 mg/dL and high titer positive anti-GBM (anti-glomerular basement membrane antibodies). Renal biopsy shows crescents in 75% of the glomeruli and immunofluorescence shows a linear Ig deposition pattern. Which of the following is the correct answer?",Which of the following is the correct answer?,7B-Qwen25,"A. It is an IgA nephropathy with acute renal failure - This is incorrect because IgA nephropathy typically presents with hematuria and proteinuria without the specific laboratory findings mentioned (high titer positive anti-GBM antibodies, crescents in 75% of glomeruli, and linear Ig deposition pattern). B. Plasmapheresis would be indicated - This is correct. The patient's presentation is consistent with Goodpasture syndrome, which is an autoimmune disorder characterized by anti-GBM antibodies leading to rapidly progressive glomerulonephritis and pulmonary hemorrhage. Treatment often includes plasmapheresis to remove circulating anti-GBM antibodies from the blood, along with immunosuppressive therapy. C. It is a membranous glomerulonephritis - This is incorrect. Membranous glomerulonephritis is characterized by deposits of IgG and C3 on the glomerular basement membrane, not linear Ig deposition as seen in this case. Additionally, the presence of anti-GBM antibodies and crescents is more indicative of Goodpasture syndrome. D. Mycophenolate mofetil is the initial treatment of choice - While mycophenolate mofetil can be part of the treatment regimen for this condition, it is not the initial treatment of choice. Initial treatment usually involves high-dose corticosteroids combined with plasmapheresis, followed by immunosuppressive agents like cyclophosphamide or mycophenolate mofetil. E. Glomerular involvement is caused by the presence of circulating immunocomplexes - This is incorrect. In Goodpasture syndrome, the glomerular injury is primarily due to the direct cytotoxic effect of anti-GBM antibodies rather than circulating immune complexes.",True,0.24,0.0,0.0,0.0195,0.1048,0.0504,0.0169,0.042,0.042,0.3638,7.0
444,A 29-year-old patient comes to your office with a diagnosis of severe bone marrow aplasia. What is the treatment of choice?,What is the treatment of choice?,7B-Qwen25,"A. Periodic transfusions and antibiotics - While these may be necessary to manage symptoms and prevent infections in a patient with bone marrow aplasia, they are not a definitive treatment and do not address the underlying issue of bone marrow failure. B. Androgens and platelet transfusions - Androgens can stimulate bone marrow production to some extent, but they are not as effective as bone marrow transplantation for severe aplastic anemia. Platelet transfusions are used to manage bleeding issues but do not treat the underlying condition. C. Allogeneic bone marrow transplantation if HLA identical sibling - This is the most effective treatment for severe bone marrow aplasia, especially when a fully matched sibling donor is available. The transplant replaces the patient's defective bone marrow with healthy stem cells from the donor, potentially curing the disease. However, this option is limited by the availability of a suitable donor. D. Autologous bone marrow transplantation to avoid rejection - This involves using the patient's own stem cells, which would not be effective in treating bone marrow aplasia because the patient's immune system is likely to attack the transplanted cells due to the pre-existing defect in the bone marrow. Additionally, autologous transplantation does not address the issue of immune-mediated destruction of hematopoietic stem cells. E. Cyclosporin A and antithymocyte globulin - These immunosuppressive agents are used in the treatment of severe aplastic anemia to suppress the immune system and reduce the destruction of hematopoietic stem cells. They can be effective in some cases, particularly in younger patients without a suitable donor, but they are not a cure and have significant risks and side effects. In severe cases, they may be used as a bridge to transplantation. In summary, allogeneic bone marrow transplantation from a fully matched sibling donor is the most definitive treatment for severe bone marrow aplasia, offering the potential for a cure.",True,0.25,0.5,0.0,0.0118,0.05,0.0254,0.0192,0.0254,0.0254,0.3623,7.0
453,"A 32-year-old woman with cerebral palsy from childbirth comes to the emergency department for a few days of dark urine associated with an episode of high fever and dry cough. On admission, the CBC showed 16900 leukocytes/mm3 (85% S, 11% L, 4% M), hemoglobin 6.3 g/dL; MCV 109 fl, 360000 platelets/mm3. In the biochemistry LDH 2408; bilirubin 6.8 mg/dl, (unconjugated bilirubin 6.1 mg/dl), normal GOT and GPT. The morphological study of blood showed macrocytic anisocytosis with frequent spherocytic forms and polychromatophilia without blasts. The irregular antibody study is positive for panagglutinin, making crossmatching difficult. What would be your suspicion and the most appropriate treatment?",What would be your suspicion and the most appropriate treatment?,7B-Qwen25,"- Option A (Medullary aplasia and immunotherapy with thymoglobulin and cyclosporine): This condition typically presents with pancytopenia and is not usually associated with macrocytic anisocytosis, spherocytes, or elevated LDH levels. The presence of macrocytic anisocytosis and spherocytes suggests a different etiology. - Option B (Hereditary spherocytosis and splenectomy): While hereditary spherocytosis can cause hemolysis leading to anemia, it does not typically present with such a high LDH level, macrocytic anisocytosis, or unconjugated hyperbilirubinemia. Additionally, the patient's symptoms of fever and dry cough suggest an acute process rather than a chronic hemolytic condition. - Option C (Autoimmune hemolytic anemia associated with respiratory infection and corticosteroids): This is the most likely diagnosis given the clinical presentation. The patient has macrocytic anemia, elevated LDH, unconjugated hyperbilirubinemia, and spherocytes on peripheral blood smear, which are all consistent with autoimmune hemolytic anemia. The presence of panagglutinin in the irregular antibody study supports this diagnosis. The concurrent high fever and dry cough suggest a possible respiratory infection that could be exacerbating the hemolysis. Corticosteroids are the first-line treatment for autoimmune hemolytic anemia. - Option D (Pernicious anemia and periodic injections of vitamin B12): Pernicious anemia typically presents with macrocytic anemia but does not usually cause hemolysis or have the laboratory findings seen here. The patient’s symptoms and laboratory results do not align with pernicious anemia. - Option E (Acute leukemia and chemotherapy): While acute leukemia can present with similar symptoms, the absence of blast cells in the peripheral blood smear and the presence of spherocytes make this less likely. Additionally, the patient’s history of cerebral palsy from birth does not support a primary hematologic malignancy as the cause of her current symptoms. Given the clinical and laboratory findings, the most appropriate treatment would be corticosteroids to manage the autoimmune hemolytic anemia, along with supportive care for the respiratory infection.",True,0.16,0.5,0.0029,0.0202,0.141,0.0449,0.0323,0.0385,0.0385,0.3778,7.0
457,"An 84-year-old woman presents with loss of vision in the left eye of 4 days of evolution accompanied by metamorphopsia. The macula shows abundant hard exudates, two small deep hemorrhages and a localized neurosensory retinal detachment. In the contralateral eye there are abundant soft drusen. Which of the following diagnoses do you think is the most likely?",Which of the following diagnoses do you think is the most likely?,7B-Qwen25,"A. Acute posterior vitreous detachment (APVD): This condition typically presents with floaters and flashes of light, but it does not usually cause metamorphopsia or localized neurosensory retinal detachment. The presence of hard exudates and deep hemorrhages is more characteristic of AMD rather than APVD. B. Exudative age-related macular degeneration (AMD): This diagnosis fits the clinical presentation well. Exudative AMD, also known as wet AMD, involves the growth of abnormal blood vessels under the retina, leading to the formation of hard exudates, hemorrhages, and neurosensory retinal detachments. The presence of these features in one eye, along with soft drusen in the other eye, is consistent with the progression from early to late-stage AMD. C. Central retinal artery obstruction: While this condition can cause sudden vision loss, it typically does not present with metamorphopsia or localized neurosensory retinal detachments. The symptoms and findings are more indicative of a vascular occlusion rather than AMD. D. Non-arteritic anterior ischemic optic neuropathy (NAION): This condition primarily affects the optic nerve and can cause sudden vision loss, but it does not typically present with the retinal changes described, such as hard exudates, hemorrhages, or localized neurosensory retinal detachments. The clinical picture is more consistent with a retinal disorder like AMD. Therefore, based on the patient's symptoms and the specific retinal findings, exudative age-related macular degeneration is the most likely diagnosis.",True,0.62,0.0,0.0038,0.0228,0.1679,0.0498,0.0251,0.0498,0.0498,0.4033,7.0
470,A 67-year-old woman diagnosed with an infiltrating ductal carcinoma of the breast with no family history of neoplasia. What additional studies should be performed on the tumor because of its clinical and therapeutic implications:,What additional studies should be performed on the tumor because of its clinical and therapeutic implications:,7B-Qwen25,"For a 67-year-old woman diagnosed with an infiltrating ductal carcinoma of the breast with no family history of neoplasia, the most clinically and therapeutically relevant studies to perform would be a study of hormone receptors (estrogen receptor [ER], progesterone receptor [PR]) and human epidermal growth factor receptor 2 (HER2). These studies are crucial for determining the appropriate treatment strategy, as they guide the use of endocrine therapy and targeted therapies like trastuzumab in HER2-positive cases. Let's examine each option: A. Complete phenotypic study by flow cytometry - While flow cytometry can provide valuable information about the cell surface markers and other characteristics of the tumor cells, it is not as directly relevant to the clinical management of this patient compared to hormone receptor status and HER2 status. Therefore, this is not the best initial choice. B. Study of hormone receptors and HER2 - This is the correct answer. The hormone receptor status (ER, PR) and HER2 status are critical for guiding treatment decisions, such as whether to use endocrine therapy, chemotherapy, or targeted therapies like trastuzumab. This option directly addresses the clinical and therapeutic implications of the diagnosis. C. Study of hormone receptors, ecadherin and study of first degree relatives - Ecadherin is a protein involved in cell-cell adhesion but is not typically used as a primary marker for guiding breast cancer treatment. Additionally, while studying first-degree relatives might be important for genetic counseling and risk assessment, it does not directly impact the immediate treatment plan for this patient. D. BRCA l-2 study and study of first-degree relatives - BRCA1 and BRCA2 mutations are significant in the context of hereditary breast cancer, but since the patient has no family history of neoplasia, these tests are not indicated at this stage. Studying first-degree relatives is also not necessary for immediate treatment planning. In conclusion, the most appropriate and clinically relevant studies for this patient are those that will help determine the best treatment approach based on the tumor's hormone receptor and HER2 status.",True,1.0,0.67,0.0027,0.0291,0.2012,0.0565,0.0284,0.0508,0.0508,0.4646,7.0
503,"25-year-old patient, who suffers a motorcycle accident on a Friday night. He is taken to the emergency room and diagnosed with abdominal trauma (negative echo-fast), mild head trauma (Glasgow = 14) and a displaced intracapsular fracture of the right hip. Hemodynamically she is stable, what would be the treatment of choice?","Hemodynamically she is stable, what would be the treatment of choice?",14B-Qwen25,"Option A is the most appropriate course of action given the patient's condition. The patient has suffered multiple traumas but remains hemodynamically stable. The displaced intracapsular fracture of the right hip requires prompt attention as it can lead to avascular necrosis (AVN) of the femoral head if not treated appropriately. The timing of the intervention within the first 24-36 hours is crucial to reduce the risk of AVN and other complications such as infection. Open reduction may be necessary depending on the complexity of the displacement, and osteosynthesis will help stabilize the fracture and promote healing. Option B is incorrect because total hip resurfacing arthroplasty is typically reserved for elective procedures in patients without significant comorbidities and is not indicated for acute traumatic fractures. This procedure involves more extensive surgical intervention than necessary for a displaced intracapsular fracture and carries higher risks in an unstable patient. Option C is also incorrect because waiting for the cranial trauma to improve before scheduling surgery could delay essential treatment for the hip fracture, increasing the risk of complications such as AVN. Since the patient's Glasgow Coma Scale score indicates only mild head trauma (GCS = 14), this should not significantly impede immediate surgical intervention for the hip. Option D is incorrect because performing an emergency bipolar hip hemiarthroplasty is generally reserved for older patients with poor bone quality or those with severe comminuted fractures where internal fixation is not feasible. In a young patient with good bone quality and a displaced intracapsular fracture, reduction and osteosynthesis are preferred over arthroplasty to preserve joint function and avoid the need for further surgeries later in life.",True,0.3,0.33,0.0,0.024,0.0978,0.0493,0.0,0.0423,0.0423,0.4654,14.0
514,"A 13-year-old female, with no relevant history, with menarche 3 months ago, followed since the age of 10 years by idiopathic scoliosis that has worsened. In the physical examination she presents a hump of 7 degrees in the Adams test and in the scoliogram a thoracolumbar curve T4-L1 of 35 degrees of Cobb and a Risser 0. The correct attitude to take will be:",The correct attitude to take will be:,14B-Qwen25,"Given the patient's age (13 years old), recent menarche (which indicates the onset of puberty), worsening idiopathic scoliosis, and the specific measurements provided (a thoracolumbar curve of 35 degrees of Cobb and a Risser sign of 0), the most appropriate course of action is to prescribe a corset-type orthosis (Option B). Here’s why the other options are not as suitable: - Option A (Recommend swimming and revision in three months): While swimming can be beneficial for overall health and may help maintain flexibility, it does not address the structural issue of the progressing curvature. Given the severity of the curve (35 degrees) and the fact that the patient is still growing (Risser 0), waiting only three months before re-evaluation might allow the curve to progress further without intervention. - Option C (Refer to physiotherapy for spine elastification): Physiotherapy can be part of a comprehensive treatment plan but alone is unlikely to halt or reverse a curve of this magnitude. It is generally used in conjunction with bracing or surgery rather than as a primary treatment for severe curves in growing adolescents. - Option D (Review in 6 months with a new X-ray): This approach is too passive given the current severity of the curve and the ongoing growth potential indicated by the Risser sign. Waiting six months could result in significant progression of the curve, making non-surgical correction more difficult or impossible. Therefore, prescribing a corset-type orthosis (Option B) is the most appropriate initial step. Bracing is recommended for patients with curves between 20 and 40 degrees who are still growing, especially if they have not yet reached skeletal maturity (as indicated by the Risser sign). The goal of bracing is to prevent further progression of the curve until the patient reaches skeletal maturity.",True,0.47,0.0,0.0,0.0118,0.0725,0.0197,0.0,0.0197,0.0197,0.3757,14.0
542,"A 38-year-old man consults for dyspnea and hemoptysis. Blood tests show creatinine 7 mg/dL, urea 250 mg/dL and high titer positive anti-GBM (anti-glomerular basement membrane antibodies). Renal biopsy shows crescents in 75% of the glomeruli and immunofluorescence shows a linear Ig deposition pattern. Which of the following is the correct answer?",Which of the following is the correct answer?,14B-Qwen25,"The patient's presentation, including dyspnea, hemoptysis, elevated creatinine and urea levels, and the presence of high-titer anti-GBM antibodies, along with the renal biopsy findings of crescent formation and linear IgG deposition, strongly suggest Anti-GBM disease (also known as Goodpasture syndrome). Option A is incorrect because IgA nephropathy typically presents with isolated hematuria or proteinuria, not hemoptysis, and does not usually present with anti-GBM antibodies or a linear IgG deposition pattern on biopsy. Option C is incorrect because membranous glomerulonephritis is characterized by subepithelial immune deposits seen on light microscopy and electron microscopy, not by crescent formation or linear IgG deposition. Option D is incorrect because mycophenolate mofetil is generally used in conditions like lupus nephritis or post-transplant rejection, not in Anti-GBM disease. The primary treatments for Anti-GBM disease include plasmapheresis to remove circulating antibodies and immunosuppressive therapy such as cyclophosphamide. Option E is incorrect because in Anti-GBM disease, the glomerular injury is primarily due to the direct binding of anti-GBM antibodies to the glomerular basement membrane rather than circulating immune complexes. Therefore, the correct answer is B. Plasmapheresis is indicated in Anti-GBM disease to rapidly reduce the level of circulating anti-GBM antibodies, which are directly responsible for the glomerular damage observed in this condition.",True,0.24,0.5,0.0,0.0264,0.1727,0.0625,0.018,0.0536,0.0536,0.3834,14.0
569,A 29-year-old patient comes to your office with a diagnosis of severe bone marrow aplasia. What is the treatment of choice?,What is the treatment of choice?,14B-Qwen25,"Severe bone marrow aplasia, also known as severe aplastic anemia, is a condition characterized by a failure of the bone marrow to produce sufficient blood cells. This can lead to a deficiency in red blood cells (anemia), white blood cells (leukopenia), and platelets (thrombocytopenia). The treatment of choice for this condition, especially in younger patients and those with an available HLA-matched donor, is allogeneic bone marrow transplantation (BMT) from an HLA-identical sibling. Option A (Periodic transfusions and antibiotics): While periodic transfusions of red blood cells and platelets may be necessary to manage symptoms and prevent complications such as bleeding or infection, they do not address the underlying cause of the bone marrow failure. Antibiotics are used to treat infections but do not cure the aplasia. Option B (Androgens and platelet transfusions): Androgens have been used historically to stimulate hematopoiesis (blood cell production) in aplastic anemia, but their efficacy is limited, and they are not considered first-line therapy. Platelet transfusions are supportive care measures to manage thrombocytopenia but do not treat the underlying aplasia. Option C (Allogeneic bone marrow transplantation if HLA identical sibling): This is the most effective long-term treatment for severe aplastic anemia, particularly in younger patients. It involves replacing the patient's bone marrow with that of a matched donor, typically a sibling. The new bone marrow can restore normal blood cell production and potentially cure the disease. However, it carries significant risks, including graft-versus-host disease (GVHD), where the transplanted immune cells attack the recipient's body. Option D (Autologous bone marrow transplantation to avoid rejection): Autologous transplantation, using the patient's own bone marrow, is not a viable option for aplastic anemia because the patient's bone marrow is the source of the problem. Using the patient's own bone marrow would not address the underlying issue of bone marrow failure. Option E (Cyclosporin A and antithymocyte globulin): These immunosuppressive agents are used to treat aplastic anemia by suppressing the immune system, which is often mistakenly attacking the bone marrow. They can be effective, especially in patients who cannot undergo bone marrow transplantation, but they are not the treatment of choice for all cases of severe aplastic anemia. In conclusion, while several treatments exist for severe aplastic anemia, allogeneic bone marrow transplantation from an HLA-matched sibling is considered the gold standard when a suitable donor is available, due to its potential for curing the condition.",True,0.25,0.5,0.0022,0.0109,0.0474,0.0243,0.0196,0.0243,0.0243,0.3469,14.0
578,"A 32-year-old woman with cerebral palsy from childbirth comes to the emergency department for a few days of dark urine associated with an episode of high fever and dry cough. On admission, the CBC showed 16900 leukocytes/mm3 (85% S, 11% L, 4% M), hemoglobin 6.3 g/dL; MCV 109 fl, 360000 platelets/mm3. In the biochemistry LDH 2408; bilirubin 6.8 mg/dl, (unconjugated bilirubin 6.1 mg/dl), normal GOT and GPT. The morphological study of blood showed macrocytic anisocytosis with frequent spherocytic forms and polychromatophilia without blasts. The irregular antibody study is positive for panagglutinin, making crossmatching difficult. What would be your suspicion and the most appropriate treatment?",What would be your suspicion and the most appropriate treatment?,14B-Qwen25,"- Option A (Medullary aplasia and immunotherapy with thymoglobulin and cyclosporine): This option is incorrect because medullary aplasia (aplastic anemia) typically presents with pancytopenia (low levels of all blood cell types), which is not consistent with the patient's presentation of elevated white blood cells and platelets. Additionally, the presence of spherocytes and polychromatophilic erythrocytes suggests hemolysis rather than aplasia. - Option B (Hereditary spherocytosis and splenectomy): While hereditary spherocytosis can present with spherocytes, it is usually a chronic condition that does not typically cause acute symptoms such as fever and dark urine. Furthermore, the presence of an acute respiratory infection and the irregular antibody study being positive for panagglutinin suggest an acute process rather than a congenital disorder like hereditary spherocytosis. - Option C (Autoimmune hemolytic anemia associated with respiratory infection and corticosteroids): This is the correct answer. The patient's symptoms of dark urine (indicative of hemolysis), high fever, and dry cough suggest an acute illness. The laboratory findings of macrocytic anisocytosis, frequent spherocytic forms, and polychromatophilia are indicative of hemolysis. The irregular antibody study being positive for panagglutinin indicates the presence of autoantibodies against red blood cells, which is characteristic of autoimmune hemolytic anemia (AIHA). AIHA can be secondary to infections, including respiratory infections, which fits the patient's clinical picture. Corticosteroids are the first-line treatment for AIHA due to their ability to suppress the immune response causing the hemolysis. - Option D (Pernicious anemia and periodic injections of vitamin B12): Pernicious anemia is caused by a deficiency in vitamin B12 due to an autoimmune attack on intrinsic factor, leading to megaloblastic anemia. However, the patient's presentation includes signs of acute hemolysis (dark urine, high LDH, unconjugated hyperbilirubinemia) and an acute respiratory infection, which do not align with the chronic nature of pernicious anemia. - Option E (Acute leukemia and chemotherapy): Acute leukemia would present with blast cells in the peripheral blood smear, which were not mentioned in this case. Additionally, the patient's symptoms and lab results point more towards an acute hemolytic process rather than a hematologic malignancy. Therefore, the most likely diagnosis is autoimmune hemolytic anemia associated with a respiratory infection, and the most appropriate initial treatment would be corticosteroids.",True,0.27,0.5,0.0024,0.0166,0.1278,0.0375,0.0216,0.0322,0.0322,0.3543,14.0
582,"An 84-year-old woman presents with loss of vision in the left eye of 4 days of evolution accompanied by metamorphopsia. The macula shows abundant hard exudates, two small deep hemorrhages and a localized neurosensory retinal detachment. In the contralateral eye there are abundant soft drusen. Which of the following diagnoses do you think is the most likely?",Which of the following diagnoses do you think is the most likely?,14B-Qwen25,"The patient's symptoms and clinical findings strongly suggest Exudative Age-Related Macular Degeneration (AMD). Here’s why: 1. Loss of Vision and Metamorphopsia: These symptoms are indicative of a problem affecting the macula, which is responsible for central vision. Metamorphopsia, where straight lines appear wavy, is a classic sign of macular involvement, often seen in AMD. 2. Macular Findings: The presence of hard exudates, small deep hemorrhages, and a localized neurosensory retinal detachment are characteristic of exudative (wet) AMD. Hard exudates are typically found around areas of leakage from choroidal neovascularization (CNV), which is a hallmark of wet AMD. The localized neurosensory retinal detachment also points towards CNV as it can cause fluid accumulation under the retina, leading to a detachment. 3. Contralateral Eye: The presence of abundant soft drusen in the contralateral eye supports the diagnosis of AMD. Drusen are yellowish deposits that accumulate beneath the retinal pigment epithelium (RPE) and are commonly associated with AMD. Let's briefly discuss why the other options are less likely: - Acute Posterior Vitreous Detachment (APVD): While APVD can cause floaters and sometimes transient visual disturbances, it does not typically cause the specific macular changes described here, such as hard exudates and localized retinal detachment. - Central Retinal Artery Occlusion (CRAO): CRAO would present with sudden painless loss of vision, but it usually affects the entire visual field rather than being localized to the macula. Additionally, CRAO does not cause exudates or retinal detachments. - Non-Arteritic Anterior Ischemic Optic Neuropathy (NAION): NAION typically causes a sudden painless loss of vision, but it primarily affects the optic nerve head rather than the macula. It does not cause the macular signs like exudates and retinal detachment. Therefore, based on the clinical presentation and ocular findings, Exudative Age-Related Macular Degeneration is the most likely diagnosis.",True,0.54,0.0,0.0029,0.0171,0.1488,0.0449,0.0194,0.0449,0.0449,0.39,14.0
595,A 67-year-old woman diagnosed with an infiltrating ductal carcinoma of the breast with no family history of neoplasia. What additional studies should be performed on the tumor because of its clinical and therapeutic implications:,What additional studies should be performed on the tumor because of its clinical and therapeutic implications:,14B-Qwen25,"Option A (Complete phenotypic study by flow cytometry) is not typically indicated for routine evaluation of breast cancer. While flow cytometry can provide information about cell cycle distribution and DNA ploidy, it does not directly impact the clinical management of breast cancer in terms of treatment selection or prognosis prediction. Therefore, this option is less relevant compared to other molecular markers that have direct therapeutic implications. Option B (Study of hormone receptors and HER2) is the most appropriate choice. Hormone receptor status (estrogen receptor (ER), progesterone receptor (PR)) and HER2 status are crucial for determining the potential effectiveness of endocrine therapy and targeted therapies such as trastuzumab. These markers significantly influence the choice of adjuvant therapy and patient outcomes. The presence of hormone receptors suggests sensitivity to hormonal therapy, while HER2 positivity may indicate suitability for anti-HER2 treatments. Option C (Study of hormone receptors, E-cadherin, and study of first-degree relatives) includes unnecessary components. E-cadherin expression, while important in understanding tumor biology and metastatic potential, is not routinely used for therapeutic decision-making in breast cancer. Additionally, studying first-degree relatives would be more pertinent if there was a suspicion of hereditary breast cancer, which is not indicated by the absence of a family history of neoplasia in this case. Option D (BRCA1-2 study and study of first-degree relatives) is also not necessary unless there is a strong family history of breast or ovarian cancer, which is not mentioned in the scenario. Testing for BRCA mutations is generally reserved for patients with a significant family history of breast or ovarian cancer or those who meet specific criteria based on their personal and family medical history. Since the patient has no family history of neoplasia, routine BRCA testing is not indicated. Therefore, the most clinically relevant and therapeutically informative additional studies for this patient's tumor are the assessment of hormone receptors and HER2 status.",True,0.6,0.67,0.0,0.0312,0.1461,0.0657,0.012,0.0358,0.0358,0.472,14.0
628,"25-year-old patient, who suffers a motorcycle accident on a Friday night. He is taken to the emergency room and diagnosed with abdominal trauma (negative echo-fast), mild head trauma (Glasgow = 14) and a displaced intracapsular fracture of the right hip. Hemodynamically she is stable, what would be the treatment of choice?","Hemodynamically she is stable, what would be the treatment of choice?",32B-Qwen25,"- Option A: This is the correct answer. For a displaced intracapsular fracture of the right hip in a young patient, surgical intervention is often necessary to restore the anatomy and function of the hip. The goal is to reduce the fracture and stabilize it with internal fixation (osteosynthesis) as soon as the patient's condition allows, typically within the first 24-36 hours. This approach aims to prevent complications such as avascular necrosis and non-union, which are more likely in displaced fractures. - Option B: Total hip resurfacing arthroplasty is not the appropriate choice for a 25-year-old patient with a displaced intracapsular fracture. This procedure is more commonly used in older patients with arthritis and is not indicated for acute traumatic fractures in younger patients. - Option C: Waiting for improvement of the cranial trauma and scheduling surgery for the following week is not advisable. Delaying surgery increases the risk of complications such as avascular necrosis and non-union. Immediate surgical intervention is preferred to stabilize the fracture and reduce the risk of these complications. - Option D: Performing an emergency bipolar hip hemiarthroplasty is not the best choice for a young patient with a displaced intracapsular fracture. Hemiarthroplasty is more commonly used in older patients with fractures of the femoral neck, particularly when there is a high risk of avascular necrosis. In younger patients, preserving the native joint with osteosynthesis is generally preferred to maintain long-term joint function and avoid the complications associated with prosthetic joints. In summary, the treatment of choice for a displaced intracapsular fracture of the right hip in a young, stable patient is to perform a reduction and osteosynthesis as soon as possible, typically within the first 24-36 hours, to minimize the risk of complications and preserve joint function.",True,0.3,0.67,0.0031,0.0215,0.0913,0.0391,0.0197,0.0326,0.0326,0.4171,32.0
639,"A 13-year-old female, with no relevant history, with menarche 3 months ago, followed since the age of 10 years by idiopathic scoliosis that has worsened. In the physical examination she presents a hump of 7 degrees in the Adams test and in the scoliogram a thoracolumbar curve T4-L1 of 35 degrees of Cobb and a Risser 0. The correct attitude to take will be:",The correct attitude to take will be:,32B-Qwen25,"- Option A (Recommend swimming and revision in three months): This option is not the best course of action for a patient with a Cobb angle of 35 degrees. While swimming can be beneficial for overall health and can help maintain flexibility, it is not sufficient to manage a curve of this magnitude. The curve is significant enough to warrant more active intervention to prevent further progression. - Option B (Prescribe a corset-type orthosis): This is the most appropriate action for a patient with a Cobb angle of 35 degrees, especially given that she is still skeletally immature (Risser 0). The goal of bracing is to prevent further progression of the curve, particularly during the growth spurt. Bracing is a well-established method for managing idiopathic scoliosis in adolescents, especially when the curve is between 25 and 40 degrees and the patient is still growing. - Option C (Refer to physiotherapy for spine elastification): While physiotherapy can be a supportive measure in the management of scoliosis, it is not the primary treatment for a curve of 35 degrees. Physiotherapy can help with pain management and improving posture, but it is not sufficient to halt the progression of a curve of this size. - Option D (Review in 6 months with a new X-ray): This option is not appropriate because it does not address the need for intervention. Given the significant Cobb angle and the patient's age, waiting 6 months without any intervention could allow the curve to progress further, potentially leading to a more severe condition that might require surgical intervention. In summary, the most appropriate action is to prescribe a corset-type orthosis to manage the curve and prevent further progression, given the patient's age, growth status, and the severity of the curve.",True,0.29,0.0,0.0,0.0122,0.062,0.0199,0.0,0.0199,0.0199,0.3669,32.0
667,"A 38-year-old man consults for dyspnea and hemoptysis. Blood tests show creatinine 7 mg/dL, urea 250 mg/dL and high titer positive anti-GBM (anti-glomerular basement membrane antibodies). Renal biopsy shows crescents in 75% of the glomeruli and immunofluorescence shows a linear Ig deposition pattern. Which of the following is the correct answer?",Which of the following is the correct answer?,32B-Qwen25,"The clinical scenario described is consistent with Goodpasture syndrome, a rare autoimmune disease characterized by the presence of anti-glomerular basement membrane (anti-GBM) antibodies. This condition typically presents with rapidly progressive glomerulonephritis (RPGN) and pulmonary hemorrhage, which aligns with the patient's symptoms of dyspnea and hemoptysis. The laboratory findings of high creatinine and urea levels indicate severe renal impairment, and the renal biopsy showing crescents in 75% of the glomeruli and a linear Ig deposition pattern on immunofluorescence are characteristic of anti-GBM disease. A. It is an IgA nephropathy with acute renal failure - This is incorrect. IgA nephropathy typically presents with hematuria and is characterized by the deposition of IgA in the mesangial areas of the glomeruli, not a linear pattern of Ig deposition. B. Plasmapheresis would be indicated - This is correct. In Goodpasture syndrome, plasmapheresis is a critical component of the treatment regimen. It helps to rapidly remove circulating anti-GBM antibodies, which can prevent further damage to the glomerular basement membrane and potentially improve renal function. C. It is a membranous glomerulonephritis - This is incorrect. Membranous glomerulonephritis is characterized by subepithelial immune complex deposition, leading to a granular pattern on immunofluorescence, not a linear pattern. D. Mycophenolate mofetil is the initial treatment of choice - This is incorrect. While immunosuppressive therapy is part of the treatment for anti-GBM disease, the initial treatment of choice includes plasmapheresis and high-dose corticosteroids, often in combination with cyclophosphamide. E. Glomerular involvement is caused by the presence of circulating immunocomplexes - This is incorrect. In anti-GBM disease, the glomerular injury is due to the direct binding of anti-GBM antibodies to the glomerular basement membrane, not the deposition of circulating immune complexes.",True,0.43,0.0,0.0,0.0159,0.0891,0.0412,0.0138,0.0412,0.0412,0.3684,32.0
694,A 29-year-old patient comes to your office with a diagnosis of severe bone marrow aplasia. What is the treatment of choice?,What is the treatment of choice?,32B-Qwen25,"Severe bone marrow aplasia, also known as aplastic anemia, is a condition where the bone marrow fails to produce sufficient blood cells, leading to anemia, bleeding, and increased susceptibility to infections. The treatment of choice for severe cases, especially in younger patients, is allogeneic bone marrow transplantation (BMT) from a human leukocyte antigen (HLA) identical sibling donor. This procedure can potentially cure the disease by replacing the dysfunctional bone marrow with healthy marrow from a compatible donor. A. Periodic transfusions and antibiotics: While these are supportive measures that can help manage symptoms and prevent infections, they do not address the underlying cause of aplastic anemia and are not considered curative. B. Androgens and platelet transfusions: Androgens can stimulate the bone marrow to produce more blood cells, but this treatment is not as effective as bone marrow transplantation and is typically used in patients who are not candidates for transplantation. Platelet transfusions are supportive care and do not treat the underlying aplasia. C. Allogeneic bone marrow transplantation if HLA identical sibling: This is the correct answer because it offers the best chance for a cure in severe cases of aplastic anemia, especially in younger patients. The success of this treatment depends on finding a well-matched donor, which is why an HLA identical sibling is ideal. D. Autologous bone marrow transplantation to avoid rejection: This option is incorrect because autologous transplantation (using the patient's own bone marrow) is not effective for aplastic anemia since the patient's bone marrow is dysfunctional. The goal is to replace the patient's bone marrow with healthy marrow from a donor. E. Cyclosporin A and antithymocyte globulin: These immunosuppressive agents can be used to treat aplastic anemia, particularly in patients without a suitable donor for bone marrow transplantation. They work by suppressing the immune system, which is often mistakenly attacking the bone marrow in aplastic anemia. However, this treatment is not as effective as allogeneic bone marrow transplantation and is not considered the treatment of choice for severe cases.",True,0.25,1.0,0.0027,0.0134,0.111,0.0293,0.0236,0.0293,0.0293,0.3546,32.0
703,"A 32-year-old woman with cerebral palsy from childbirth comes to the emergency department for a few days of dark urine associated with an episode of high fever and dry cough. On admission, the CBC showed 16900 leukocytes/mm3 (85% S, 11% L, 4% M), hemoglobin 6.3 g/dL; MCV 109 fl, 360000 platelets/mm3. In the biochemistry LDH 2408; bilirubin 6.8 mg/dl, (unconjugated bilirubin 6.1 mg/dl), normal GOT and GPT. The morphological study of blood showed macrocytic anisocytosis with frequent spherocytic forms and polychromatophilia without blasts. The irregular antibody study is positive for panagglutinin, making crossmatching difficult. What would be your suspicion and the most appropriate treatment?",What would be your suspicion and the most appropriate treatment?,32B-Qwen25,"- Option C (Autoimmune hemolytic anemia associated with respiratory infection and corticosteroids): This is the most appropriate answer given the clinical and laboratory findings. The patient presents with dark urine, high fever, and a dry cough, which could indicate a respiratory infection. The CBC shows a high leukocyte count, low hemoglobin, and macrocytic anisocytosis with frequent spherocytes and polychromatophilia, which are indicative of hemolysis. The elevated LDH and unconjugated bilirubin further support hemolysis. The presence of panagglutinin in the irregular antibody study suggests an autoimmune process, likely autoimmune hemolytic anemia (AIHA). Corticosteroids are the first-line treatment for AIHA to suppress the immune system and reduce hemolysis. - Option A (Medullary aplasia and immunotherapy with thymoglobulin and cyclosporine): This option is incorrect because medullary aplasia would typically present with pancytopenia (low counts of all blood cell types), which is not evident in the patient's CBC. The presence of spherocytes and elevated LDH points more towards hemolysis rather than aplasia. - Option B (Hereditary spherocytosis and splenectomy): While hereditary spherocytosis can present with spherocytes and hemolysis, it is usually a chronic condition and does not typically present with a sudden onset of symptoms like high fever and respiratory symptoms. Additionally, the patient's history of cerebral palsy from childbirth does not suggest a genetic disorder like hereditary spherocytosis. Splenectomy is a definitive treatment for hereditary spherocytosis but is not indicated in this acute setting. - Option D (Pernicious anemia and periodic injections of vitamin B12): Pernicious anemia is characterized by macrocytic anemia due to vitamin B12 deficiency, but it does not typically present with hemolysis, spherocytes, or elevated LDH. The patient's symptoms and lab findings do not align with pernicious anemia. - Option E (Acute leukemia and chemotherapy): Acute leukemia would present with blasts in the peripheral blood smear, which is not mentioned in the patient's blood morphology. Additionally, the patient's symptoms and lab findings do not suggest an acute leukemia process. The presence of spherocytes and elevated LDH is more indicative of hemolysis rather than leukemia. Therefore, the most appropriate diagnosis and treatment plan based on the given information is autoimmune hemolytic anemia associated with a respiratory infection, treated with corticosteroids.",True,0.3,0.5,0.0,0.0146,0.0929,0.0324,0.0109,0.0324,0.0324,0.3669,32.0
707,"An 84-year-old woman presents with loss of vision in the left eye of 4 days of evolution accompanied by metamorphopsia. The macula shows abundant hard exudates, two small deep hemorrhages and a localized neurosensory retinal detachment. In the contralateral eye there are abundant soft drusen. Which of the following diagnoses do you think is the most likely?",Which of the following diagnoses do you think is the most likely?,32B-Qwen25,"- B. Exudative age-related macular degeneration (AMD): This is the most likely diagnosis given the clinical presentation. The presence of hard exudates, hemorrhages, and a localized neurosensory retinal detachment in the macula are characteristic of exudative (or wet) AMD. Additionally, the presence of soft drusen in the contralateral eye is consistent with the diagnosis of AMD, as drusen are a hallmark of the disease. - A. Acute posterior vitreous detachment: While posterior vitreous detachment can cause visual symptoms, it typically does not present with the specific findings of hard exudates, hemorrhages, and retinal detachment seen in this case. Posterior vitreous detachment is more commonly associated with floaters and sometimes a sudden change in vision due to a shadow cast by the detached vitreous. - C. Central retinal artery obstruction: This condition would present with a sudden, painless loss of vision in the affected eye, often described as a curtain coming down over the visual field. It would not typically present with the specific retinal findings such as exudates, hemorrhages, and retinal detachment seen in this case. - D. Non-arteritic anterior ischemic optic neuropathy: This condition affects the optic nerve and typically presents with a sudden loss of vision, often in a sectoral pattern, and is more common in older individuals. However, it does not present with the specific retinal findings such as exudates, hemorrhages, and retinal detachment seen in this case. It is also more commonly associated with a pale optic disc on examination. Given the specific retinal findings and the presence of soft drusen in the contralateral eye, exudative AMD is the most likely diagnosis.",True,0.54,0.0,0.0033,0.0196,0.1672,0.0435,0.0292,0.0435,0.0435,0.3933,32.0
720,A 67-year-old woman diagnosed with an infiltrating ductal carcinoma of the breast with no family history of neoplasia. What additional studies should be performed on the tumor because of its clinical and therapeutic implications:,What additional studies should be performed on the tumor because of its clinical and therapeutic implications:,32B-Qwen25,"- Option A: Complete phenotypic study by flow cytometry - While flow cytometry can provide information about the cell cycle distribution and proliferation markers, it is not the primary method for determining the hormone receptor status or HER2 status of a breast cancer tumor. These specific markers are crucial for guiding treatment decisions and are typically assessed through immunohistochemistry (IHC) or in situ hybridization techniques. - Option B: Study of hormone receptors and HER2 - This is the correct answer. The hormone receptor status (estrogen receptor (ER) and progesterone receptor (PR)) and HER2 status are critical for determining the appropriate treatment strategy for breast cancer. Hormone receptor-positive cancers can be treated with endocrine therapy, while HER2-positive cancers can be treated with targeted therapies such as trastuzumab. These studies are standard and have direct clinical and therapeutic implications. - Option C: Study of hormone receptors, e-cadherin and study of first-degree relatives - While hormone receptor status is important, e-cadherin is not typically a primary marker for guiding treatment decisions in breast cancer. It is more relevant in understanding the biology of the tumor and its potential for metastasis. Additionally, studying first-degree relatives is more relevant if there is a family history of cancer, which is not the case here. - Option D: BRCA l-2 study and study of first-degree relatives - BRCA1 and BRCA2 mutations are important in patients with a strong family history of breast or ovarian cancer, or in those diagnosed at a young age. Since the patient has no family history of neoplasia, this study is not as clinically relevant as determining the hormone receptor and HER2 status, which directly impacts treatment decisions. In summary, the study of hormone receptors and HER2 status is the most relevant and directly impactful for guiding the therapeutic approach in this patient's case.",True,0.6,0.67,0.003,0.0326,0.1227,0.0629,0.0253,0.044,0.044,0.4635,32.0
753,"25-year-old patient, who suffers a motorcycle accident on a Friday night. He is taken to the emergency room and diagnosed with abdominal trauma (negative echo-fast), mild head trauma (Glasgow = 14) and a displaced intracapsular fracture of the right hip. Hemodynamically she is stable, what would be the treatment of choice?","Hemodynamically she is stable, what would be the treatment of choice?",72B-Qwen25,"In the case of a 25-year-old patient with a displaced intracapsular fracture of the right hip, the treatment of choice is early surgical intervention, specifically reduction and osteosynthesis, ideally within the first 24-36 hours. This approach is supported by several key factors: 1. A. Reduction, open if necessary, and osteosynthesis of the fracture in the first 24-36 hours: - Correct: Early surgical intervention is crucial for displaced intracapsular hip fractures to reduce the risk of complications such as avascular necrosis (AVN) and non-union. The goal is to restore the anatomy and stability of the hip joint as soon as possible. Early surgery also helps in reducing the duration of immobilization, which can lead to better functional outcomes and a lower risk of complications like deep vein thrombosis (DVT) and pressure sores. 2. B. Total hip resurfacing arthroplasty on Monday on a scheduled basis: - Incorrect: Total hip resurfacing arthroplasty is generally not the first-line treatment for a displaced intracapsular hip fracture, especially in a young, active patient. This procedure is more commonly considered for degenerative conditions and is not typically indicated for acute fractures. Additionally, delaying surgery increases the risk of complications such as AVN and non-union. 3. C. Wait for improvement of the cranial trauma and schedule the following week a scheduled surgery consisting of reduction and osteosynthesis of the fracture: - Incorrect: While the patient has a mild head trauma (Glasgow = 14), which is generally not a contraindication to early surgery, delaying the surgery for a week is not advisable. The risk of complications from the hip fracture, such as AVN and non-union, increases with delayed treatment. If the head trauma is mild and the patient is hemodynamically stable, early surgery is preferred. 4. D. Given the risk of non-union of these types of fracture, I would perform an emergency bipolar hip hemiarthroplasty: - Incorrect: Bipolar hip hemiarthroplasty is typically reserved for older patients with poor bone quality or those who are not good candidates for osteosynthesis. In a young, otherwise healthy patient, the goal is to preserve the native hip joint. Osteosynthesis is the preferred method for treating displaced intracapsular fractures in this age group, as it offers a better chance of preserving joint function and reducing the risk of long-term complications. In summary, the best approach for this patient is to perform reduction and osteosynthesis of the fracture as soon as possible, ideally within the first 24-36 hours, to optimize outcomes and minimize complications.",True,0.5,0.67,0.0021,0.0168,0.0859,0.0376,0.0142,0.0235,0.0235,0.4153,72.0
764,"A 13-year-old female, with no relevant history, with menarche 3 months ago, followed since the age of 10 years by idiopathic scoliosis that has worsened. In the physical examination she presents a hump of 7 degrees in the Adams test and in the scoliogram a thoracolumbar curve T4-L1 of 35 degrees of Cobb and a Risser 0. The correct attitude to take will be:",The correct attitude to take will be:,72B-Qwen25,"In the case of a 13-year-old female with a thoracolumbar curve of 35 degrees of Cobb and a Risser 0, the appropriate management is to prescribe a corset-type orthosis (option B). Here's a detailed explanation of why this is the best choice and why the other options are not as suitable: 1. Option B: Prescribe a corset-type orthosis - Correct: A thoracolumbar curve of 35 degrees in a skeletally immature patient (Risser 0) is significant and at risk of progression. Bracing is recommended for curves between 25-40 degrees in patients who have not yet reached skeletal maturity to prevent further progression of the curve. The goal of bracing is to maintain the curve at its current level until the patient reaches skeletal maturity. 2. Option A: Recommend swimming and revision in three months - Incorrect: While swimming can be beneficial for overall fitness and core strength, it is not a substitute for bracing in the management of scoliosis. A 35-degree curve in a skeletally immature patient requires more active intervention to prevent progression. A three-month follow-up is too long given the risk of rapid progression during growth spurts. 3. Option C: Refer to physiotherapy for spine elastification - Incorrect: Physiotherapy, including exercises to improve spinal flexibility and core strength, can be a complementary part of scoliosis management. However, for a curve of 35 degrees in a skeletally immature patient, bracing is the primary intervention to prevent progression. Physiotherapy alone is not sufficient to manage a curve of this magnitude. 4. Option D: Review in 6 months with a new X-ray - Incorrect: A six-month follow-up is too long for a patient with a 35-degree curve and Risser 0. The risk of rapid progression during growth spurts is high, and a more immediate intervention is necessary. A six-month follow-up without active management could result in significant curve progression, potentially leading to the need for more invasive treatments. In summary, the best course of action for this patient is to prescribe a corset-type orthosis to manage the 35-degree thoracolumbar curve and prevent further progression until skeletal maturity is reached.",True,0.47,0.0,0.0,0.0101,0.0652,0.0218,0.0,0.0218,0.0218,0.3516,72.0
792,"A 38-year-old man consults for dyspnea and hemoptysis. Blood tests show creatinine 7 mg/dL, urea 250 mg/dL and high titer positive anti-GBM (anti-glomerular basement membrane antibodies). Renal biopsy shows crescents in 75% of the glomeruli and immunofluorescence shows a linear Ig deposition pattern. Which of the following is the correct answer?",Which of the following is the correct answer?,72B-Qwen25,"The clinical presentation and laboratory findings in this case are highly suggestive of Goodpasture's syndrome, a rare autoimmune disease characterized by the presence of anti-GBM antibodies. These antibodies target the glomerular basement membrane (GBM) in the kidneys and the alveolar basement membrane in the lungs, leading to rapidly progressive glomerulonephritis (RPGN) and pulmonary hemorrhage, respectively. - Option A: It is an IgA nephropathy with acute renal failure - Incorrect: IgA nephropathy is characterized by the deposition of IgA in the mesangial areas of the glomeruli, typically presenting with hematuria and proteinuria. The linear Ig deposition pattern and the presence of anti-GBM antibodies are not consistent with IgA nephropathy. - Option B: Plasmapheresis would be indicated - Correct: Plasmapheresis is a critical treatment for Goodpasture's syndrome, especially in cases with high titers of anti-GBM antibodies and significant renal involvement. It helps to remove the pathogenic antibodies from the circulation, thereby reducing the immune attack on the kidneys and lungs. This treatment is often combined with immunosuppressive therapy, such as corticosteroids and cyclophosphamide, to prevent the production of new antibodies. - Option C: It is a membranous glomerulonephritis - Incorrect: Membranous glomerulonephritis is characterized by the deposition of immune complexes on the subepithelial side of the glomerular basement membrane, leading to a granular pattern of immunofluorescence. The linear Ig deposition pattern and the presence of anti-GBM antibodies are not consistent with membranous glomerulonephritis. - Option D: Mycophenolate mofetil is the initial treatment of choice - Incorrect: While mycophenolate mofetil is used in the treatment of various glomerular diseases, it is not the initial treatment of choice for Goodpasture's syndrome. The primary treatment involves plasmapheresis and immunosuppressive agents like corticosteroids and cyclophosphamide. - Option E: Glomerular involvement is caused by the presence of circulating immunocomplexes - Incorrect: In Goodpasture's syndrome, the glomerular damage is primarily due to the direct binding of anti-GBM antibodies to the glomerular basement membrane, not by circulating immune complexes. The linear Ig deposition pattern is characteristic of this direct binding. In summary, the correct answer is B, as plasmapheresis is a crucial and indicated treatment for Goodpasture's syndrome, especially in the context of high anti-GBM antibody titers and significant renal involvement.",True,0.19,0.5,0.0,0.0148,0.0977,0.0323,0.0217,0.0323,0.0323,0.3522,72.0
819,A 29-year-old patient comes to your office with a diagnosis of severe bone marrow aplasia. What is the treatment of choice?,What is the treatment of choice?,72B-Qwen25,"Severe bone marrow aplasia, also known as severe aplastic anemia, is a condition characterized by a significant reduction in the production of all types of blood cells (red blood cells, white blood cells, and platelets) due to damage to the bone marrow. The treatment of choice for severe bone marrow aplasia is determined by the severity of the condition, the age of the patient, and the availability of a suitable donor. Option A: Periodic transfusions and antibiotics - Incorrect: While periodic transfusions and antibiotics can manage symptoms and prevent infections, they do not address the underlying cause of the bone marrow failure. This approach is more suitable for supportive care rather than a definitive treatment. Option B: Androgens and platelet transfusions - Incorrect: Androgens can stimulate the bone marrow to produce more blood cells and are sometimes used in less severe cases of aplastic anemia. Platelet transfusions can help manage bleeding episodes. However, for severe bone marrow aplasia, androgens alone are not sufficient to restore normal bone marrow function, and platelet transfusions are only a temporary measure. Option C: Allogeneic bone marrow transplantation if HLA identical sibling - Correct: Allogeneic bone marrow transplantation (BMT) from an HLA-identical sibling is the treatment of choice for severe bone marrow aplasia, especially in younger patients. This procedure involves replacing the patient's damaged bone marrow with healthy stem cells from a matched donor, which can restore normal blood cell production. The success rate is higher with an HLA-identical sibling donor due to a lower risk of graft-versus-host disease (GVHD) and better engraftment. Option D: Autologous bone marrow transplantation to avoid rejection - Incorrect: Autologous bone marrow transplantation involves using the patient's own stem cells, which are collected and then reinfused after high-dose chemotherapy or radiation. This approach is not suitable for severe bone marrow aplasia because the patient's own bone marrow is already damaged and cannot produce healthy blood cells. Additionally, autologous transplantation does not address the underlying cause of the aplasia. Option E: Cyclosporin A and antithymocyte globulin - Incorrect: Cyclosporin A and antithymocyte globulin (ATG) are immunosuppressive agents that can be used to treat severe aplastic anemia, particularly in patients who do not have a suitable donor for allogeneic BMT. These medications work by suppressing the immune system, which can help reduce the immune-mediated destruction of bone marrow cells. However, they are generally considered a second-line treatment after allogeneic BMT, especially in younger patients with a suitable donor. In summary, allogeneic bone marrow transplantation from an HLA-identical sibling is the most effective and definitive treatment for severe bone marrow aplasia, offering the best chance for long-term recovery and normal blood cell production.",True,0.25,1.0,0.0041,0.0101,0.0445,0.0221,0.0177,0.0221,0.0221,0.3381,72.0
828,"A 32-year-old woman with cerebral palsy from childbirth comes to the emergency department for a few days of dark urine associated with an episode of high fever and dry cough. On admission, the CBC showed 16900 leukocytes/mm3 (85% S, 11% L, 4% M), hemoglobin 6.3 g/dL; MCV 109 fl, 360000 platelets/mm3. In the biochemistry LDH 2408; bilirubin 6.8 mg/dl, (unconjugated bilirubin 6.1 mg/dl), normal GOT and GPT. The morphological study of blood showed macrocytic anisocytosis with frequent spherocytic forms and polychromatophilia without blasts. The irregular antibody study is positive for panagglutinin, making crossmatching difficult. What would be your suspicion and the most appropriate treatment?",What would be your suspicion and the most appropriate treatment?,72B-Qwen25,"- Option C (Correct): The patient's presentation, including dark urine, high fever, and dry cough, suggests an acute illness. The CBC shows a high leukocyte count (16900 leukocytes/mm3) with a left shift (85% segmented neutrophils, 11% lymphocytes, 4% monocytes), indicating an active infection. The hemoglobin level is significantly low (6.3 g/dL), and the MCV is elevated (109 fl), suggesting macrocytic anemia. The high LDH (2408) and elevated bilirubin (6.8 mg/dL, mostly unconjugated at 6.1 mg/dL) indicate hemolysis. The presence of spherocytes and polychromatophilia in the blood smear, along with a positive panagglutinin test, strongly suggests autoimmune hemolytic anemia (AIHA). AIHA can be triggered by infections, and the patient's respiratory symptoms (high fever, dry cough) suggest a possible underlying respiratory infection. Corticosteroids are the first-line treatment for AIHA to suppress the immune system and reduce hemolysis. - Option A (Incorrect): Medullary aplasia (aplastic anemia) typically presents with pancytopenia (low levels of all blood cell types), which is not seen in this patient. The high leukocyte count and normal platelet count do not support this diagnosis. Additionally, the presence of spherocytes and a positive panagglutinin test are not characteristic of aplastic anemia. - Option B (Incorrect): Hereditary spherocytosis is a genetic disorder characterized by spherocytes and hemolysis, but it is usually a chronic condition and does not typically present with an acute febrile illness or respiratory symptoms. The positive panagglutinin test and the presence of an infection are more consistent with AIHA. Splenectomy is a treatment option for hereditary spherocytosis but is not the first-line treatment for AIHA. - Option D (Incorrect): Pernicious anemia is a form of megaloblastic anemia caused by vitamin B12 deficiency, typically due to a lack of intrinsic factor. While the patient has macrocytic anemia (elevated MCV), the presence of spherocytes, a positive panagglutinin test, and an acute febrile illness are not consistent with pernicious anemia. Pernicious anemia would not explain the hemolysis or the acute symptoms. - Option E (Incorrect): Acute leukemia can present with fever, anemia, and thrombocytopenia, but the patient's high platelet count (360,000 platelets/mm3) and the absence of blasts in the blood smear do not support this diagnosis. The presence of spherocytes and a positive panagglutinin test are more indicative of AIHA. Chemotherapy is not appropriate for this patient's presentation. In summary, the most appropriate diagnosis is autoimmune hemolytic anemia associated with a respiratory infection, and the most appropriate treatment is corticosteroids to manage the hemolysis.",True,0.49,0.5,0.004,0.014,0.0965,0.0332,0.019,0.0284,0.0284,0.3366,72.0
832,"An 84-year-old woman presents with loss of vision in the left eye of 4 days of evolution accompanied by metamorphopsia. The macula shows abundant hard exudates, two small deep hemorrhages and a localized neurosensory retinal detachment. In the contralateral eye there are abundant soft drusen. Which of the following diagnoses do you think is the most likely?",Which of the following diagnoses do you think is the most likely?,72B-Qwen25,"- B. Exudative age-related macular degeneration (AMD): This is the most likely diagnosis given the patient's age, symptoms, and clinical findings. The presence of hard exudates, deep hemorrhages, and a localized neurosensory retinal detachment in the macula are characteristic of exudative (wet) AMD. The contralateral eye showing abundant soft drusen further supports this diagnosis, as drusen are a common early sign of AMD. - A. Acute posterior vitreous detachment (PVD): While PVD can cause floaters and flashes, it typically does not cause significant vision loss or the specific findings seen in the macula, such as hard exudates and hemorrhages. PVD is more likely to present with a sudden onset of symptoms and a visible vitreous detachment on examination. - C. Central retinal artery obstruction (CRAO): CRAO typically presents with a sudden, painless, and profound loss of vision, often described as a ""curtain"" coming down over the eye. The fundus examination in CRAO shows a pale, ischemic retina with a cherry-red spot at the macula. The presence of hard exudates and hemorrhages is not typical of CRAO. - D. Non-arteritic anterior ischemic optic neuropathy (NAION): NAION usually presents with sudden, painless vision loss, often affecting the inferior or superior visual field. The optic disc appears swollen, and there may be a relative afferent pupillary defect. The presence of hard exudates and hemorrhages in the macula is not characteristic of NAION. Given the clinical presentation and findings, exudative AMD is the most likely diagnosis.",True,0.62,0.0,0.0035,0.0208,0.1738,0.0472,0.0238,0.0472,0.0472,0.3976,72.0
845,A 67-year-old woman diagnosed with an infiltrating ductal carcinoma of the breast with no family history of neoplasia. What additional studies should be performed on the tumor because of its clinical and therapeutic implications:,What additional studies should be performed on the tumor because of its clinical and therapeutic implications:,72B-Qwen25,"In the context of a 67-year-old woman diagnosed with infiltrating ductal carcinoma of the breast, the primary focus of additional studies should be on factors that have direct clinical and therapeutic implications. Here's a detailed explanation of why each option is correct or incorrect: - Option B: Study of hormone receptors and HER2 - Correct: This is the most appropriate choice because the status of hormone receptors (estrogen receptor, ER, and progesterone receptor, PR) and HER2 (human epidermal growth factor receptor 2) are crucial for determining the best treatment options. Hormone receptor-positive tumors can be treated with hormone therapy, while HER2-positive tumors can be treated with targeted therapies like trastuzumab. These studies are standard in breast cancer management and have significant implications for prognosis and treatment planning. - Option A: Complete phenotypic study by flow cytometry - Incorrect: While flow cytometry can provide detailed information about the cellular characteristics of a tumor, it is not a standard or necessary test for the initial management of breast cancer. The primary focus in breast cancer is on hormone receptor and HER2 status, which are more directly relevant to treatment decisions. - Option C: Study of hormone receptors, E-cadherin, and study of first-degree relatives - Incorrect: While studying hormone receptors is important, the inclusion of E-cadherin and the study of first-degree relatives is not typically part of the standard initial workup for breast cancer. E-cadherin is more relevant in certain subtypes of breast cancer, such as lobular carcinoma, but not routinely in ductal carcinoma. Studying first-degree relatives is more relevant in the context of genetic counseling and risk assessment, particularly for hereditary breast cancer syndromes, but it is not a primary clinical or therapeutic consideration for initial treatment planning. - Option D: BRCA1-2 study and study of first-degree relatives - Incorrect: BRCA1 and BRCA2 gene testing is important for identifying hereditary breast cancer, but it is not a standard initial test for all breast cancer patients, especially those without a family history of neoplasia. It is typically considered in patients with a strong family history of breast or ovarian cancer, early-onset breast cancer, or other specific clinical features. The study of first-degree relatives is also more relevant for genetic counseling and risk assessment, not for immediate clinical and therapeutic decisions. In summary, the most appropriate and clinically relevant additional studies for a 67-year-old woman with infiltrating ductal carcinoma of the breast are the assessment of hormone receptors and HER2 status.",True,1.0,0.33,0.0044,0.0304,0.1467,0.0602,0.0279,0.0509,0.0509,0.434,72.0
