background,question,option,ground_truth,prediction,acc,explanation,bleu4,bleu1,meteor,rouge1,rouge2,rougeL,rougeLsum,bertscore_f1,bertscore_f1_avg_sent,bertscore_f1_max_sent
"A 68-year-old man is brought to the emergency department because of a 2-day history of progressive lethargy and tremors. He has alcoholism and opiate, cocaine, and amphetamine use disorder, but he has abstained from alcohol and illicit substances during the past 2 weeks. He also has alcoholic cirrhosis. His only medication is a daily multivitamin. He previously drank six 12-oz beers daily. He appears chronically ill and is somnolent. Temperature is 36.8°C (98.2°F), pulse is 100/min, respirations are 18/min, and blood pressure is 100/60 mm Hg. Pulse oximetry on room air shows an oxygen saturation of 94%. Examination shows conjunctival icterus, ascites, and 2+ edema of the lower extremities. Cranial nerves are intact. Muscle strength is 4/5 throughout. When he is awake, there is a postural and action tremor of the forearms and hands that is accompanied by a sudden, brief loss of muscle strength. His speech is normal, and he is able to follow simple commands. Serum total bilirubin concentration is 3 mg/dL. Blood and urine cultures grow no pathogens. Which of the following is most likely to improve this patient’s cognition and movement disorder?",Which of the following is most likely to improve this patient’s cognition and movement disorder?,"
A. Intravenous vancomycin and cefepime therapy 
B. Intravenous vitamin B1 (thiamine) therapy 
C. Oral lactulose therapy 
D. Oral lorazepam therapy
",C,B,False,"This treatment is crucial for improving cognitive function and movement disorders in patients with chronic liver disease, including those with alcoholism, opiate, cocaine, and amphetamine use disorder. The reason for this is multifaceted: 1. Vitamin B1 (Thiamine): Thiamine deficiency can lead to neurological symptoms such as confusion, memory problems, and impaired coordination. It's essential for maintaining brain health and preventing further damage due to its role in energy metabolism and nerve signaling. 2. Liver Function: Chronic liver disease often leads to liver dysfunction, which can impair the body's ability to metabolize thiamine effectively. This can result in decreased levels of thiamine in the blood, leading to cognitive decline and motor impairment. 3. Alcoholism: Alcoholism can significantly impact liver function, making it difficult for the body to process thiamine properly. The combination of alcohol and thiamine deficiencies can exacerbate these issues. 4. Opium, Cocaine, and Amphetamines: These drugs can interfere with the absorption of thiamine, potentially worsening cognitive and motor symptoms. 5. Abstaining from Alcohol and Illicit Substances: Abstinence from these substances helps prevent further liver damage and improves overall health, which can indirectly support cognitive and motor function. While other treatments like intravenous vitamin B1 might be beneficial, they may not address the underlying liver conditions as effectively as intravenous thiamine therapy. Therefore, intravenous thiamine therapy is the most appropriate and effective choice for managing the patient's condition.",0.0,0.0337,0.1736,0.0972,0.0163,0.0567,0.0567,0.4937,0.561,0.6912
"A 45-year-old woman comes to the emergency department because of a 3-day history of progressive shortness of breath, cough productive of blood-tinged sputum, and fever. She also has a 3-month history of numbness of her left leg and tingling in her right arm. She has not had chills. She was diagnosed with asthma 6 months ago; it is well controlled with inhaled budesonide and albuterol as needed. She has no other history of serious illness and takes no other medications. She appears to be in mild respiratory distress. Temperature is 38.1°C (100.6°F), pulse is 105/min and regular, respirations are 24/min, and blood pressure is 145/95 mm Hg. Pulse oximetry on room air shows an oxygen saturation of 92%. Crackles are heard at the right lung base, and there are occasional diffuse wheezes. Cardiac examination shows no abnormalities. On neurologic examination, sensation to pinprick is decreased over the lateral aspect of the left lower extremity and right upper extremity. Muscle strength is 5/5 throughout. Babinski sign is absent. Deep tendon reflexes are 2+ and symmetric. Which of the following is the most appropriate next step in diagnosis?",Which of the following is the most appropriate next step in diagnosis?,"
A. CT angiography of the chest 
B. Determination of serum angiotensin-converting enzyme activity 
C. Measurement of serum IgE concentration 
D. Mesenteric angiography 
E. Serum antiglomerular basement membrane assay 
F. Serum antineutrophil cytoplasmic autoantibody assay 
G. Sweat chloride testing
",F,B,False,"Given the patient's clinical presentation, which includes progressive shortness of breath, cough with blood-tinged sputum, fever, and neurological symptoms such as numbness of the left leg and tingling in the right arm, the most appropriate next step in diagnosis would be to perform a serum angiotensin-converting enzyme (ACE) activity test. 1. Angiotensin-Converting Enzyme Activity (ACE): - Definition: The ACE enzyme is involved in the metabolism of angiotensin II, a potent vasoconstrictor that plays a crucial role in maintaining blood pressure. - Clinical Significance: Elevated levels of ACE can indicate underlying hypertension, which is common in patients with chronic obstructive pulmonary disease (COPD). The presence of this elevation suggests that the patient may have compromised cardiovascular function due to their COPD. - Implication: Given the patient’s history of COPD and the progression of symptoms, a high level of ACE activity would suggest a need for further investigation into potential complications related to the underlying condition. 2. Other Options Analysis: - CT Angiography of the Chest: This imaging technique is typically used to evaluate the cause of chest pain and to rule out other causes like heart disease. While it might help identify areas of inflammation or blockages, it does not directly address the specific issue of respiratory distress or neurological findings. - Serum IgE Concentration: This is primarily used to assess allergic reactions and should not be considered in the context of respiratory conditions unless specifically indicated by the patient's history and clinical presentation. - Mesenteric Angiography: This procedure involves injecting contrast dye into the abdominal vessels to visualize the mesentery and surrounding structures. It is not relevant to the current scenario since the patient does not have any significant abdominal pathology. - Sweat Chloride Testing: This test measures the amount of sweat produced by the skin. It is unrelated to the patient's respiratory status or neurological findings. - Antigen-Neutrophil Cytoplasmic Autoantibody Assay: This test detects antibodies against the neutrophil cytoplasmic antigen (NCA), which is often associated with systemic lupus erythematosus (SLE). However, it is not specific to the patient's condition and is not commonly performed in the context of respiratory diseases. In conclusion, the determination of serum angiotensin-converting enzyme activity is the most appropriate next step in diagnosing the patient's condition, given the combination of respiratory symptoms, neurological findings, and the need to rule out potential complications from the underlying COPD.",0.0114,0.0226,0.1803,0.0542,0.0396,0.0493,0.0493,0.4339,0.5458,0.6525
"An 87-year-old woman, gravida 6, para 6, is brought to the emergency department because of a 24-hour history of severe abdominal pain and an inability to void. She notes that for the past 2 months, she has had difficulty emptying her bladder, especially at the end of the day. Twenty years ago, she underwent mastectomy for breast cancer; she has been cancer-free since then. She has a 10-year history of osteoporosis. All of her children were delivered vaginally without complications. Her only medication is alendronate. Examination shows the cervix protruding 7.5 cm from the vagina. After the cervix is replaced into the vagina, a urinary catheter drains 700 mL of urine. Urinalysis shows no abnormalities. Which of the following is the most likely diagnosis?",Which of the following is the most likely diagnosis?,"
A. Overactive bladder 
B. Overflow incontinence 
C. Stress incontinence 
D. Urinary retention 
E. Urinary tract infection
",D,B,False,"Overflow incontinence occurs when there is an obstruction in the urethra that allows urine to flow back into the vagina after it has been emptied. This can happen due to various reasons such as pelvic floor weakness, nerve damage, or structural issues. In this case, the patient's symptoms—severe abdominal pain, difficulty voiding, and difficulty emptying her bladder at night—are consistent with overflow incontinence. The presence of a urinary catheter draining 700 mL of urine indicates that the bladder was not fully emptied before the catheter insertion, leading to overflow. While overactive bladder (Option A) could also cause similar symptoms, it typically involves involuntary urination rather than a complete inability to empty the bladder completely. Stress incontinence (Option C) often presents with leakage during physical activity but does not necessarily require catheterization. Urinary retention (Option D) is more common in older adults who have weak pelvic muscles or other medical conditions that affect bladder function. Therefore, given the patient's history of severe abdominal pain, difficulty voiding, and the need for catheterization, the most likely diagnosis is overflow incontinence.",0.005,0.0347,0.2389,0.0737,0.0319,0.0737,0.0737,0.4495,0.5322,0.5844
"A 25-year-old woman is admitted to the hospital because of a 2-day history of fever, dizziness, light-headedness, chills, and shaking. She has hyperthyroidism, gastroesophageal reflux disease, and asthma. Her medications are oral methimazole and omeprazole, and inhaled fluticasone, and she has been on the same dosages for 1 year. She is in the military reserve and will be deployed overseas next week. She began atovaquone-proguanil therapy 1 week ago and received the hepatitis A and yellow fever vaccines 2 weeks ago. She is not sexually active. She does not smoke cigarettes or drink alcohol. She appears ill but is not in acute distress. Temperature is 38.6°C (101.5°F), pulse is 110/min, respirations are 22/min, and blood pressure is 90/60 mm Hg. No wheezing is heard on auscultation. Cardiac examination shows no abnormalities. Laboratory studies show: Hemoglobin = 13.8 g/dL Leukocyte count = 1100/mm³ Segmented neutrophils = 10% Eosinophils = 10% Lymphocytes = 40% Monocytes = 40% Platelet count= 320,000/mm³ Platelet count 320,000/mm³ Results of other laboratory studies are within the reference ranges. Which of the following is the most likely cause of this patient’s hematologic abnormality? Please choose the best option among the choices below.",Which of the following is the most likely cause of this patient’s hematologic abnormality?,"
A. Atovaquone-proguanil 
B. Fluticasone 
C. Hepatitis A vaccine 
D. Methimazole 
E. Omeprazole 
F. Yellow fever vaccine
",D,B,False,"The patient's hematologic abnormality is most likely due to Fluticasone, which is an inhalational corticosteroid used to treat allergic rhinitis, asthma, and other inflammatory conditions. Reasoning: - Atovaquone-Proguanil: This medication is typically used to treat malaria and is not associated with hematological changes. - Hepatitis A Vaccine: While it can affect hematopoiesis (the production of new red blood cells), it primarily affects the immune system rather than hematocrit levels. - Methimazole: This drug is used to treat thyroid disorders and may have effects on hematopoietic function, but it is not specifically linked to hematologic abnormalities. - Omeprazole: This proton pump inhibitor is commonly used to treat acid reflux and peptic ulcers, and its effects on hematopoiesis are generally considered mild. - Yellow Fever Vaccine: This vaccine is designed to prevent yellow fever and is not known to affect hematopoiesis. Given that the patient has a history of hyperthyroidism, gastroesophageal reflux disease, and asthma, and her medications include methimazole, omeprazole, and fluticasone, the most probable cause of her hematologic abnormalities is the use of fluticasone, as it directly targets the airways and can lead to bronchospasm, which can result in hypoxemia and hemolysis if not managed properly. Therefore, the correct answer is: Option B. Fluticasone",0.0,0.0424,0.1799,0.1296,0.0654,0.0833,0.0833,0.5043,0.5799,0.6787
"A 16-year-old boy is brought to the emergency department because of a 2-day history of fever, nausea, vomiting, headache, chills, and fatigue. He has not had any sick contacts. He underwent splenectomy for traumatic injury at the age of 13 years. He has no other history of serious illness and takes no medications. He appears ill. His temperature is 39.2°C (102.5°F), pulse is 130/min, respirations are 14/min, and blood pressure is 110/60 mm Hg. On pulmonary examination, scattered crackles are heard bilaterally. Abdominal examination shows a well-healed midline scar and mild, diffuse tenderness to palpation. Which of the following is the most appropriate next step in management?",Which of the following is the most appropriate next step in management?,"
A. Antibiotic therapy 
B. Antiemetic therapy 
C. CT scan of the chest 
D. X-ray of the abdomen 
E. Reassurance
",A,C,False,"This scenario involves a 16-year-old boy who presents with symptoms consistent with an acute viral infection, including fever, nausea, vomiting, headache, chills, and fatigue. The patient has undergone a splenectomy due to trauma, which suggests he may have an underlying condition that requires further evaluation. Given his history of trauma and recent splenectomy, it's reasonable to consider imaging studies as part of the initial management plan. CT scans can provide valuable information about the extent of the spleen involvement, whether there are complications such as abscesses, and if there are any signs of inflammation or infection elsewhere in the body. This could help guide further diagnostic tests like blood cultures, liver function tests, and possibly a bone marrow biopsy if necessary. While antibiotics might be considered initially based on the severity of the symptoms and the presence of a bacterial infection, they are not typically indicated unless there are specific indications from clinical judgment. Antiemetics would also be appropriate but should be used cautiously given the patient's history of trauma and splenectomy. Therefore, while CT scanning is a crucial step in managing this case, it is not the primary focus. The decision to proceed with antibiotic therapy would depend on the results of the CT scan, which would likely indicate the need for additional treatment beyond just antibiotics.",0.0,0.0327,0.2207,0.0769,0.0172,0.0598,0.0598,0.4726,0.5688,0.6257
"A previously healthy 29-year-old woman is admitted to the hospital because of a 1-day history of moderate headache, fever, and lethargy. Two days ago, she underwent wisdom tooth extraction. She takes no medications. She cannot remember her vaccination history. She does not smoke cigarettes, drink alcohol, or use illicit drugs. She is a college student, lives in an apartment complex with other students, and eats all her meals in the campus dining hall. She says her study partner had a “really bad fever” during the past week. The patient appears sleepy. Temperature is 40.0°C (104.0°F), pulse is 140/min, and blood pressure is 90/40 mm Hg. Examination shows a diffuse purpuric rash over the trunk and all extremities. There is nuchal rigidity. Lungs are clear to auscultation. Heart sounds are normal. Neurologic examination shows no other focal findings. Which of the following is most likely to have prevented this patient’s current condition?",Which of the following is most likely to have prevented this patient’s current condition?,"
A. Adherence to immunization guidelines 
B. Avoidance of eating meals in the campus dining hall 
C. Consistent hand washing 
D. Isolation of other students on campus with febrile illness 
E. Prophylactic antibiotic therapy
",A,B,False,"This scenario describes a patient who has recently undergone wisdom tooth extraction and presents with symptoms such as headaches, fever, lethargy, and a diffuse purpuric rash over the trunk and extremities. Given these clinical presentations, it's crucial to consider potential risk factors that could lead to complications from the surgery. Option A (Adherence to immunization guidelines) is unlikely to be the cause of the patient's current condition. Immunizations are typically administered after a certain period of time post-surgery, which would typically occur at least 3-7 days post-extraction. This timeline aligns well with the patient's presentation, suggesting that adherence to immunization guidelines might not have been a significant factor. Option C (Consistent hand washing) is also less likely to be the cause. While proper hand hygiene can help prevent infections, there is no indication in this case that consistent hand washing was lacking. The patient's fever and lethargy suggest underlying health issues rather than poor hand hygiene practices. Option D (Isolation of other students on campus with febrile illness) is plausible but not directly related to the patient's current condition. The presence of a fever suggests a possible viral infection, but isolating other students without understanding their medical history may not address the specific issue of the patient's recent surgery. Option E (Prophylactic antibiotic therapy) is highly unlikely given the patient's age and the absence of any known infectious diseases. Antibiotics are primarily used for bacterial infections, and while prophylaxis against viral infections like influenza could potentially be considered, it doesn't seem to fit the context of the patient's recent surgery and symptoms. Therefore, based on the information provided, the most probable reason for the patient's current condition is avoidance of eating meals in the campus dining hall. This lack of dietary exposure to pathogens associated with the surgical site (like Salmonella or Campylobacter) is critical for preventing the spread of infections that could exacerbate the patient's symptoms.",0.0,0.0282,0.1624,0.0751,0.0291,0.0578,0.0578,0.4885,0.5853,0.6695
"A 27-year-old primigravid woman comes to the physician for her first prenatal visit 10 weeks after a home pregnancy test was positive. She feels well, and her pregnancy has been uncomplicated. She previously used an oral contraceptive but discontinued it 3 months ago. She has no history of sexually transmitted diseases. She is sexually active in a monogamous relationship with a male partner who is the father. She has had five lifetime sexual partners. She has a pet cat. Examination shows a uterus consistent in size with a 10-week gestation. Testing for which of the following infectious conditions is the most appropriate recommendation for this patient?",Testing for which of the following infectious conditions is the most appropriate recommendation for this patient?,"
A. Bacterial vaginosis 
B. Cytomegalovirus 
C. Epstein-Barr virus 
D. HIV 
E. Human papillomavirus
",D,D,True,"The patient's history suggests that she may have been exposed to human immunodeficiency virus (HIV) through unprotected sex, given her previous use of an oral contraceptive and the presence of a pet cat. Given these factors, testing for HIV would be the most appropriate initial step in managing her pregnancy. - HIV: This condition can cause severe health issues including Acquired Immunodeficiency Syndrome (AIDS), which can lead to various complications during pregnancy. - Bacterial Vaginosis (BV): While BV can affect fertility, it typically does not occur in women without other risk factors such as multiple sexual partners or exposure to sexually transmitted infections like HIV. - Cytomegalovirus (CMV): CMV infection is common in pregnant women and can sometimes lead to fetal malformations if left untreated. However, it is less likely to cause significant harm compared to HIV. - Epstein-Barr Virus (EBV): EBV is associated with certain types of cancers and can cause lymphadenopathy, but it is generally not considered a primary concern for pregnancy unless there are specific clinical manifestations. - Human Papillomavirus (HPV): HPV is primarily associated with cervical cancer and can cause genital warts, but it is not typically linked to serious reproductive health issues in non-pregnant women. Given the patient's history of HIV and the potential risks associated with her current situation, testing for HIV is the most prudent initial step in managing her pregnancy.",0.0,0.0344,0.23,0.0988,0.0332,0.0658,0.0658,0.4882,0.5731,0.6949
"An investigator would like to decrease the incidence of type 2 diabetes mellitus among adult patients with risk factors including obesity, decreased physical activity, and family history of diabetes mellitus. A total of 200 men and women aged 30 to 64 years will be enrolled in a regular exercise program for 6 months. A nurse reviews the details of the study with each participant, and each participant signs an informed consent form. One month after the study begins, one of the participants asks to drop out of the study. Which of the following represents the most appropriate next step by this study participant?",Which of the following represents the most appropriate next step by this study participant?,"
A. Complete the study because she signed the consent form 
B. Discuss withdrawal with the institutional review board 
C. Negotiate her withdrawal with the principal investigator 
D. Wait to withdraw until after the investigator consults with an ethics team 
E. Withdraw from the study now
",E,D,False,"1. Understanding the Study Context: The study involves 200 adults aged 30-64 years, all of whom have been enrolled in a regular exercise program for 6 months. This means that the participants are currently participating in the study. 2. Participant's Decision: The participant has decided to leave the study early due to various reasons such as personal health concerns, financial constraints, or other external factors. 3. Ethics Considerations: Informed consent forms typically require participants to express their intention to continue participation in the study if they wish to do so. If the participant decides to withdraw at any point during the study, it is crucial to ensure that the decision was made voluntarily and without coercion. 4. Consulting Ethics Team: It is important for the investigator (the person conducting the study) to consult with an ethics committee before making any decisions regarding participant withdrawals. This ensures that the ethical standards of the institution are followed, and there is no potential for bias or undue influence on the decision-making process. 5. Other Options Analysis: - Option A (Complete the study): While completing the study might seem like a good idea initially, it could lead to incomplete data and may not fully address the primary goal of reducing type 2 diabetes mellitus incidence. - Option B (Discuss withdrawal with the institutional review board): Although discussing withdrawal with the IRB is a standard practice, it does not necessarily guarantee that the decision was voluntary. The IRB’s role is to ensure that the study is conducted ethically and safely, but it cannot override the participant's decision to withdraw. - Option C (Negotiate withdrawal with the principal investigator): This option is less likely to be effective given the current context. The principal investigator is likely to be aware of the situation and can make a decision based on their own judgment rather than consulting with the ethics committee. Therefore, waiting until after the investigator consults with an ethics team is the most appropriate next step for the participant who has decided to withdraw from the study. This approach aligns with established guidelines for participant withdrawal and ensures that the study continues according to its intended purpose.",0.005,0.0221,0.163,0.0531,0.0267,0.0477,0.0477,0.4696,0.5411,0.6492
"A 70-year-old man comes to the clinic because of a 3-day history of fatigue, dark urine, decreased urine output, mild pain with urination, and a low-grade fever. He has gout, hypertension, and osteoarthritis. His medications are allopurinol, hydrochlorothiazide, and acetaminophen. Temperature is 37.9°C (100.2°F), pulse is 88/min, respirations are 24/min, and blood pressure is 160/95 mm Hg. Pulse oximetry on room air shows an oxygen saturation of 97%. Jugular venous pressure is 7 cm H2O (N=5–9). Cardiopulmonary examination shows no abnormalities. Which of the following is the most appropriate next step in management?",Which of the following is the most appropriate next step in management?,"
A. Discontinuation of acetaminophen therapy 
B. Intravenous administration of fluids 
C. Measurement of postvoid residual volume 
D. Oral trimethoprim-sulfamethoxazole therapy 
E. Renal biopsy
",C,B,False,"This patient presents with symptoms consistent with gout, hypertension, and osteoarthritis, which are all conditions that can be managed through fluid replacement and electrolyte balance. The high blood pressure and low heart rate suggest cardiac insufficiency, which could be due to dehydration or other underlying causes. The jugular venous pressure being elevated indicates poor perfusion, which is common in patients with congestive heart failure. Given these clinical findings, intravenous fluid administration would be the most appropriate initial step for managing the patient's condition. This approach helps to: 1. Increase blood flow to the kidneys, improving glomerular filtration rate. 2. Provide essential electrolytes and water to maintain proper hydration levels. 3. Reduce intracranial pressure if there is evidence of cerebral edema. 4. Address any fluid overload from increased urination. While the other options have their merits, they may not be as immediate or effective in this scenario: - Option A (Discontinuation of acetaminophen therapy): While acetaminophen is important for pain relief, it should only be discontinued under medical supervision when indicated by laboratory results showing inadequate liver function or other complications. - Option C (Measurement of postvoid residual volume): This test is typically used to assess bladder health but does not directly address the primary cause of the patient's symptoms. - Option D (Oral trimethoprim-sulfamethoxazole therapy): This treatment is usually reserved for severe infections or certain types of kidney disease. It is not necessary here given the patient's current condition. - Option E (Renal biopsy): This procedure is often considered for advanced cases of chronic kidney disease, particularly when there is suspicion of malignancy. However, it is not immediately applicable in this case where the patient has already been diagnosed with gout, hypertension, and osteoarthritis. Therefore, intravenous fluid administration is the most appropriate next step in managing this patient's condition.",0.0117,0.026,0.2477,0.0641,0.0452,0.0641,0.0641,0.4657,0.5496,0.7272
"A 52-year-old woman comes to the physician because of a 2-day history of severe pain and markedly decreased range of motion in her right elbow. She has rheumatoid arthritis in her elbows, wrists, and hands. She reports episodes of moderate pain approximately four times yearly. Previous treatment with naproxen, methotrexate, and hydroxychloroquine has provided moderate relief. Treatment with prednisone was begun after her most recent episode 9 weeks ago. She has not had generalized fatigue or muscle aches. She has no other history of serious illness. Her other medications are naproxen, prednisone, and omeprazole. Temperature is 38.4°C (101.1°F), pulse is 90/min, respirations are 12/min, and blood pressure is 110/76 mm Hg. Range of motion of the wrists and ankles is decreased; the right elbow is more severely limited by pain than the left elbow. There is warmth, tenderness, erythema, and edema of the right elbow. Fine-needle aspiration of the right elbow is performed. Gram stain of the fluid shows a leukocyte count of 60,000/mm3 and no organisms. Which of the following is the most appropriate pharmacotherapy?",Which of the following is the most appropriate pharmacotherapy?,"
A. Colchicine 
B. Infliximab 
C. Ketorolac 
D. Methylprednisolone 
E. Vancomycin
",E,E,True,"Given the patient's symptoms, including severe pain, reduced range of motion, and signs of inflammation such as warm, tender, and edematous skin on the right elbow, it is crucial to consider the potential involvement of systemic inflammatory conditions like rheumatoid arthritis. Vancomycin is an antibiotic that can be used for infections caused by bacteria, which could potentially be causing the patient's symptoms. However, it should be noted that this is not typically the first-line treatment for rheumatoid arthritis unless there are specific indications for vancomycin, such as when combined with other antibiotics or in cases where the patient has been previously treated with nonsteroidal anti-inflammatory drugs (NSAIDs). While the patient does have rheumatoid arthritis affecting multiple joints, particularly the elbows, wrists, and hands, the primary concern here seems to be the presence of acute inflammation rather than systemic involvement. The fact that she has not experienced generalized fatigue or muscle aches further supports the idea that the inflammation might be localized rather than widespread. Therefore, based on the information provided, vancomycin would be the most appropriate choice for treating the patient's condition. It is important to note that this is a general recommendation and should only be considered under the guidance of a healthcare professional who can assess the full spectrum of the patient's medical history and current health status.",0.0,0.0246,0.1574,0.0596,0.0258,0.0511,0.0511,0.4717,0.5579,0.6851
"Abstract: Objective: In patients with cirrhosis and acute bleeding esophageal varices, how do endoscopic sclerotherapy and emergency portacaval shunt compare for control of bleeding and survival? Methods Design: Randomized controlled trial (San Diego Bleeding Esophageal Varices Study). ClinicalTrials.gov NCT00690027. Allocation: Concealed. Blinding: Blinded (gastroenterologist who evaluated patients for portal-systemic encephalopathy). Follow-up period: Up to 17 years. Setting: University of California San Diego Medical Center. Patients: 211 patients (mean age 49 years, 77% men) with acute bleeding esophageal varices resulting from cirrhosis, who required a transfusion of ≥ 2 units of blood and, for patients transferred from other hospitals, observation of upper gastrointestinal bleeding within 48 hours of transfer. Exclusion criterion was > 1 previous session of endoscopic sclerotherapy. Intervention: Endoscopic sclerotherapy (n = 106) or emergency portacaval shunt (n = 105). Emergency portacaval shunt comprised a direct side-to-side or direct end-to-side portacaval shunt done within 8 hours of initial contact. Outcomes: Control of bleeding at > 30 days, survival, readmissions for variceal or nonvariceal bleeding requiring transfusion of packed red blood cells, and recurrent portal-systemic encephalopathy. Patient follow-up: 100% (minimum follow-up until death or 9.4 years). Main results 15-year survival was lower with endoscopic sclerotherapy than with emergency portacaval shunt (10/106 vs 48/105, relative benefit reduction 79%, 95% CI 62 to 89; number needed to harm 3, CI 2 to 4). Other main results are shown in the Table. Endoscopic sclerotherapy (EST) vs emergency portacaval shunt (EPCS) in patients with cirrhosis and acute bleeding esophageal varices Outcomes | Child-Pugh risk class | EST | EPCS | P value | ———————————————————————————————————— Control of bleeding at > 30 days* | | 20% | 100% | <.001 | Median survival (years) | A | 4.62 | 10.43 | .003. | | B | 2.61 | 6.19 | <.001 | |. C | 0.58 | 5.30 | .005. | Mean number of readmissions for variceal bleeding requiring packed red blood cell transfusion | | 6.8 | 0.4 | <.001 | Recurrent portal-systemic encephalopathy† | | 35% | 15% | < .001 | ——————————————————————————————————— *Excluding indeterminate deaths at 14 days from nonbleeding causes. †In patients who survived 30 days and left hospital. ——————————————————————————————————— Conclusion In patients with cirrhosis and acute bleeding esophageal varices, emergency portacaval shunt was better than endoscopic sclerotherapy for control of bleeding, recurrent encephalopathy, and survival. Sources of funding: National Institutes of Health and Surgical Education and Research Foundation. Structured abstract based on: Orloff MJ, Isenberg JI, Wheeler HO, et al. Randomized trial of emergency endoscopic sclerotherapy versus emergency portacaval shunt for acutely bleeding esophageal varices in cirrhosis. J Am Coll Surg. 2009;209:25-40. 19651060 A 52-year-old man with hepatic cirrhosis comes to the emergency department because of a 3-hour history of vomiting blood. Esophagogastroduodenoscopy confirms actively bleeding esophageal varices. Based on the abstract shown, the physician is considering an emergency portacaval shunt (EPCS) procedure rather than endoscopic sclerotherapy (EST). According to the results in the abstract, approximately how many patients must be treated with EPCS rather than EST to prevent one case of recurrent portal-systemic encephalopathy?","According to the results in the abstract, approximately how many patients must be treated with EPCS rather than EST to prevent one case of recurrent portal-systemic encephalopathy?","
A. 1 
B. 3 
C. 5 
D. 10 
E. 16
",C,E,False,"The correct answer is [E. 16]. According to the abstract provided, the study found that ""Emergency portacaval shunt (EPCS) comprised a direct side-to-side or direct end-to-side portacaval shunt done within 8 hours of initial contact."" This indicates that the EPCS procedure involved performing a single portacaval shunt operation within 8 hours of patient arrival. To prevent one case of recurrent portal-systemic encephalopathy (PSE), which is defined as the recurrence of severe neurological symptoms after a primary liver disease episode, we need to treat up to 16 patients simultaneously using EPCS compared to only 10 patients treated with EST. Therefore, the total number of patients treated with EPCS would be: \[ \text{Total patients} = 10 + 16 = 26 \] This calculation ensures that all patients receiving EPCS will have been treated for PSE, thereby preventing one such complication. Thus, the correct answer is [E. 16].",0.0231,0.1136,0.3047,0.2299,0.1512,0.1609,0.1609,0.5861,0.574,0.6958
"Abstract: Objective: In patients with cirrhosis and acute bleeding esophageal varices, how do endoscopic sclerotherapy and emergency portacaval shunt compare for control of bleeding and survival? Methods Design: Randomized controlled trial (San Diego Bleeding Esophageal Varices Study). ClinicalTrials.gov NCT00690027. Allocation: Concealed. Blinding: Blinded (gastroenterologist who evaluated patients for portal-systemic encephalopathy). Follow-up period: Up to 17 years. Setting: University of California San Diego Medical Center. Patients: 211 patients (mean age 49 years, 77% men) with acute bleeding esophageal varices resulting from cirrhosis, who required a transfusion of ≥ 2 units of blood and, for patients transferred from other hospitals, observation of upper gastrointestinal bleeding within 48 hours of transfer. Exclusion criterion was > 1 previous session of endoscopic sclerotherapy. Intervention: Endoscopic sclerotherapy (n = 106) or emergency portacaval shunt (n = 105). Emergency portacaval shunt comprised a direct side-to-side or direct end-to-side portacaval shunt done within 8 hours of initial contact. Outcomes: Control of bleeding at > 30 days, survival, readmissions for variceal or nonvariceal bleeding requiring transfusion of packed red blood cells, and recurrent portal-systemic encephalopathy. Patient follow-up: 100% (minimum follow-up until death or 9.4 years). Main results 15-year survival was lower with endoscopic sclerotherapy than with emergency portacaval shunt (10/106 vs 48/105, relative benefit reduction 79%, 95% CI 62 to 89; number needed to harm 3, CI 2 to 4). Other main results are shown in the Table. Endoscopic sclerotherapy (EST) vs emergency portacaval shunt (EPCS) in patients with cirrhosis and acute bleeding esophageal varices Outcomes | Child-Pugh risk class | EST | EPCS | P value | ———————————————————————————————————— Control of bleeding at > 30 days* | | 20% | 100% | <.001 | Median survival (years) | A | 4.62 | 10.43 | .003. | | B | 2.61 | 6.19 | <.001 | |. C | 0.58 | 5.30 | .005. | Mean number of readmissions for variceal bleeding requiring packed red blood cell transfusion | | 6.8 | 0.4 | <.001 | Recurrent portal-systemic encephalopathy† | | 35% | 15% | < .001 | ——————————————————————————————————— *Excluding indeterminate deaths at 14 days from nonbleeding causes. †In patients who survived 30 days and left hospital. ——————————————————————————————————— Conclusion In patients with cirrhosis and acute bleeding esophageal varices, emergency portacaval shunt was better than endoscopic sclerotherapy for control of bleeding, recurrent encephalopathy, and survival. Sources of funding: National Institutes of Health and Surgical Education and Research Foundation. Structured abstract based on: Orloff MJ, Isenberg JI, Wheeler HO, et al. Randomized trial of emergency endoscopic sclerotherapy versus emergency portacaval shunt for acutely bleeding esophageal varices in cirrhosis. J Am Coll Surg. 2009;209:25-40. 19651060 Which of the following most strongly limits the generalizability of this study's findings?",19651060 Which of the following most strongly limits the generalizability of this study's findings?,"
A. The allocation was concealed 
B. EPCS is available only at specialty centers 
C. The follow-up period was too short 
D. The patients were not blinded 
E. Unmeasured confounders were not controlled by the study design
",B,D,False,"To evaluate the generalizability of the study's findings, we need to consider whether the patients' characteristics, such as their baseline condition, treatment history, and potential confounding factors, would be similar between the two groups. Here’s a breakdown: 1. Blindness: The study used a blind intervention where the patient's treatment status was unknown to the investigator. This means that the outcome measures (such as survival rates) could vary depending on which group received the treatment. Therefore, it is crucial to ensure that the patients were not blinded throughout the study to avoid any bias. 2. Confounding Factors: The study included several variables that might influence outcomes: - Baseline Condition: The presence of cirrhosis and acute bleeding esophageal varices. - Treatment History: Whether the patients had undergone endoscopic sclerotherapy or an emergency portacaval shunt. - Follow-Up Period: The time frame after the initial contact with the hospital. - Blindness: The fact that the patients were not blinded during the study. Given these points, the lack of blinding makes it impossible to determine if the observed differences in outcomes are due to the specific treatment given or to other unmeasured factors. Thus, the study's findings cannot be generalized to all patients with cirrhosis and acute bleeding esophageal varices without being blinded. Therefore, the most limiting factor here is the lack of blinding, making option D the correct choice.",0.0,0.031,0.2216,0.0913,0.0418,0.0664,0.0664,0.4629,0.5381,0.6054
"Abstract: Objective: In patients with cirrhosis and acute bleeding esophageal varices, how do endoscopic sclerotherapy and emergency portacaval shunt compare for control of bleeding and survival? Methods Design: Randomized controlled trial (San Diego Bleeding Esophageal Varices Study). ClinicalTrials.gov NCT00690027. Allocation: Concealed. Blinding: Blinded (gastroenterologist who evaluated patients for portal-systemic encephalopathy). Follow-up period: Up to 17 years. Setting: University of California San Diego Medical Center. Patients: 211 patients (mean age 49 years, 77% men) with acute bleeding esophageal varices resulting from cirrhosis, who required a transfusion of ≥ 2 units of blood and, for patients transferred from other hospitals, observation of upper gastrointestinal bleeding within 48 hours of transfer. Exclusion criterion was > 1 previous session of endoscopic sclerotherapy. Intervention: Endoscopic sclerotherapy (n = 106) or emergency portacaval shunt (n = 105). Emergency portacaval shunt comprised a direct side-to-side or direct end-to-side portacaval shunt done within 8 hours of initial contact. Outcomes: Control of bleeding at > 30 days, survival, readmissions for variceal or nonvariceal bleeding requiring transfusion of packed red blood cells, and recurrent portal-systemic encephalopathy. Patient follow-up: 100% (minimum follow-up until death or 9.4 years). Main results 15-year survival was lower with endoscopic sclerotherapy than with emergency portacaval shunt (10/106 vs 48/105, relative benefit reduction 79%, 95% CI 62 to 89; number needed to harm 3, CI 2 to 4). Other main results are shown in the Table. Endoscopic sclerotherapy (EST) vs emergency portacaval shunt (EPCS) in patients with cirrhosis and acute bleeding esophageal varices Outcomes | Child-Pugh risk class | EST | EPCS | P value | ———————————————————————————————————— Control of bleeding at > 30 days* | | 20% | 100% | <.001 | Median survival (years) | A | 4.62 | 10.43 | .003. | | B | 2.61 | 6.19 | <.001 | |. C | 0.58 | 5.30 | .005. | Mean number of readmissions for variceal bleeding requiring packed red blood cell transfusion | | 6.8 | 0.4 | <.001 | Recurrent portal-systemic encephalopathy† | | 35% | 15% | < .001 | ——————————————————————————————————— *Excluding indeterminate deaths at 14 days from nonbleeding causes. †In patients who survived 30 days and left hospital. ——————————————————————————————————— Conclusion In patients with cirrhosis and acute bleeding esophageal varices, emergency portacaval shunt was better than endoscopic sclerotherapy for control of bleeding, recurrent encephalopathy, and survival. Sources of funding: National Institutes of Health and Surgical Education and Research Foundation. Structured abstract based on: Orloff MJ, Isenberg JI, Wheeler HO, et al. Randomized trial of emergency endoscopic sclerotherapy versus emergency portacaval shunt for acutely bleeding esophageal varices in cirrhosis. J Am Coll Surg. 2009;209:25-40. 19651060 Which of the following conclusions is most appropriate based on the results presented in the table?",19651060 Which of the following conclusions is most appropriate based on the results presented in the table?,"
A. The 95% confidence interval for the difference in survival between EPCS and EST for Child-Pugh class A patients includes 0 years 
B. EPCS is more effective than EST in decreasing hospital readmissions for variceal bleeding requiring transfusion 
C. The median survival after EPCS is statistically significantly less for Child-Pugh class C than for Child-Pugh class B 
D. The randomization procedure was ineffective in decreasing bias in this study
",B,D,False,"To determine which conclusion is most appropriate based on the results presented in the table, we need to carefully analyze the data provided. ### Analysis: 1. Child-Pugh Risk Class Analysis: - EST vs EPCS: - For Child-Pugh class A patients: - EPCS had a higher survival rate compared to EST. - The median survival time for EPCS was 10.43 years, while it was only 4.62 years for EST. - This suggests that EPCS has a slightly longer median survival time but also a higher overall survival rate. 2. Recurrent Encephalopathy: - Both treatments showed similar rates of recurrence of portal-systemic encephalopathy (PSE). - However, the EPCS group had a significantly lower recurrence rate (15%) compared to the EST group (35%). 3. Hospital Readmissions for Variceal Bleeding: - The EPCS group had fewer hospital readmissions for variceal bleeding requiring transfusion. - The EPCS group had a mean of 0.4 hospital readmissions per patient, while the EST group had an average of 6.8. ### Conclusion: Based on the analysis above, the most accurate statement regarding the outcomes of both treatments is: Option D: The randomization procedure was ineffective in decreasing bias in this study This conclusion aligns with the findings where the EPCS group had fewer hospital readmissions for variceal bleeding requiring transfusion, indicating that the randomized allocation process may have inadvertently introduced bias into the comparison. The lack of significant differences in readmission rates between the two groups further supports this interpretation. Therefore, the most appropriate conclusion based on the given information is: The correct answer is [D].",0.0268,0.043,0.2721,0.1037,0.0746,0.0889,0.0889,0.469,0.5188,0.7393
"A 42-year-old man comes to the office as a new patient. Three weeks ago, he was hospitalized for treatment of community-acquired pneumonia and diagnosed with HIV infection. He has no other history of serious illness and takes no medications. Vital signs are within normal limits. Examination shows no abnormalities. CD4+ T-lymphocyte count is 490/mm³, and plasma HIV viral load is 45,000 copies/mL. Results of other laboratory studies are within the reference ranges. Test results for syphilis and hepatitis B and C are negative. The patient agrees to begin antiretroviral therapy. He asks what his long-term prognosis will be. With adherence to the medication regimen, this patient is at greatest risk of death from which of the following?","With adherence to the medication regimen, this patient is at greatest risk of death from which of the following?","
A. Cardiovascular disease 
B. Chronic kidney disease 
C. HIV-related malignancy 
D. Non–HIV-related malignancy 
E. Opportunistic infection
",A,C,False,"Given that the patient has been diagnosed with HIV infection and has taken no medications, it is highly likely that they have developed opportunistic infections due to their weakened immune system. Opportunistic infections can include cancers such as Kaposi's sarcoma (KAS), lymphoma, and certain types of leukemia. These conditions are more common in individuals with advanced HIV disease who have compromised immune function. The patient's CD4+ T-lymphocyte count being low suggests an underlying immunosuppression, which could lead to opportunistic infections if left untreated. Additionally, the presence of plasma HIV viral load indicating ongoing infection further supports the diagnosis of opportunistic infections rather than chronic diseases like cardiovascular disease, kidney failure, or non-HIV-related malignancies. Therefore, based on the information provided, the patient is most at risk of developing HIV-related malignancy over the course of his treatment.",0.0,0.0719,0.2796,0.1375,0.0253,0.1125,0.1125,0.5339,0.5806,0.7054
"A 40-year-old divorced woman comes to the office because of a 1-year history of difficulty sleeping. She says she sometimes does not fall asleep before 2 AM and does not feel rested at 6:30 AM when she has to get up and get her children ready for school. Sometimes she wakes after 1 to 2 hours of sleep and cannot fall back to sleep. On these occasions, she typically gets up for about 30 minutes, does some housework, and smokes a cigarette. She smokes one pack of cigarettes every three to four days. She works in a customer service call center and says she enjoys helping people resolve their problems. She now finds her job much harder and less enjoyable because she feels tired and sleepy. She says she would take a nap if she could, but she picks her children up as soon as she leaves work and spends the evening doing homework with them, making their dinner, and preparing lunches for the following day. By 9 PM, the children are in bed so she eats her own dinner and does some housework. She says that after 9 PM is when she smokes most of her cigarettes. She has not had depressed mood, excessive worry, or change in weight. Vital signs are within normal limits. Examination shows dark circles under the eyes and injected conjunctivae. Which of the following is the most appropriate initial step in management?",Which of the following is the most appropriate initial step in management?,"
A. Education on sleep hygiene 
B. Mirtazapine therapy 
C. Sertraline therapy 
D. Setting a date for smoking cessation 
E. Zolpidem therapy
",A,E,False,"Given the patient's symptoms and medical history, it is clear that they have been struggling with insomnia and heavy smoking for several years. The combination of these factors suggests an underlying issue related to both sleep quality and substance use. - Option A (Education on sleep hygiene): While education can be beneficial, it may not address the root cause of the patient's current issues. Sleep hygiene interventions might help improve overall sleep patterns but don't directly address the substance use problem. - Option B (Mirtazapine therapy): Mirtazapine is a medication used to treat depression and anxiety. It doesn’t specifically target sleep disorders or substance use. Therefore, this option is not appropriate. - Option C (Sertraline therapy): Sertraline is a selective serotonin reuptake inhibitor (SSRI) commonly prescribed for depression and anxiety. It can be effective in treating sleep disturbances and other psychiatric conditions. However, it’s important to note that it also has side effects such as weight gain and sexual dysfunction, which aligns well with the patient's reported lifestyle changes. - Option D (Setting a date for smoking cessation): Smoking cessation is crucial for improving sleep quality and reducing stress levels. However, setting a specific date without addressing the underlying causes of the patient's sleep difficulties and substance use is unlikely to achieve long-term improvement. - Option E (Zolpidem therapy): Zolpidem is a benzodiazepine that helps reduce anxiety and promote sleep. It is often recommended for individuals who struggle with insomnia due to anxiety or other mental health conditions. Given the patient's history of difficulty falling asleep and feeling tired, Zolpidem could potentially alleviate some of the symptoms associated with their sleep disorder. Therefore, based on the information provided and considering the patient's unique situation, the most appropriate initial step in management would be to consider Zolpidem therapy. This approach addresses both the sleep disturbance caused by insomnia and the substance use problem, providing a comprehensive solution to the patient's multifaceted health challenges.",0.011,0.0273,0.2184,0.0647,0.0414,0.0647,0.0647,0.4607,0.5611,0.6765
"A 58-year-old woman is brought to the office by her husband because of a 6-week history of increasing confusion. Her husband says that, initially, she had difficulty doing “normal” things, such as preparing meals. Since then, she has become progressively less able to care for herself or even use a telephone. During this time, she also has had increased anxiety and restlessness. She has type 2 diabetes mellitus well controlled with an oral hypoglycemic agent. She is alert and appears anxious. She is oriented to person but not to place or time. She startles when the door to the examination room is slammed shut. Her temperature is 36.8°C (98.2°F), pulse is 78/min and regular, and blood pressure is 132/94 mm Hg. Physical examination shows no other abnormalities. On neurologic examination, she can repeat three objects immediately but is unable to recall them after 3 minutes. She is unable to copy a drawing of a cube. Results of a complete blood count and serum electrolyte concentrations are within the reference ranges. Her serum glucose concentration is 155 mg/dL. CT scan of the head shows no abnormalities. Which of the following is the most appropriate next step in diagnosis?",Which of the following is the most appropriate next step in diagnosis?,"
A. Determination of hemoglobin A1c 
B. Measurement of cerebrospinal fluid 14-3-3 protein concentration 
C. Measurement of cerebrospinal fluid beta amyloid concentration 
D. Measurement of cerebrospinal fluid methylmalonic acid concentration 
E. Measurement of serum angiotensin-converting enzyme activity 
F. Serum protein electrophoresis
",B,E,False,"Given the patient's symptoms, history, and physical examination findings, the most appropriate next step in diagnosis would be to measure serum angiotensin-converting enzyme (ACE) activity. 1. Type 2 Diabetes Mellitus Control: The patient has been well-controlled with an oral hypoglycemic agent, which suggests that their diabetes is under good control. This indicates that there may be some residual effects from previous episodes of hyperglycemia, which could explain the current cognitive decline and changes in behavior. 2. Increased Anxiety and Restlessness: These symptoms suggest that the patient might have developed a condition known as ""diabetes-related anxiety disorder,"" where the body's response to high blood sugar levels leads to heightened stress and anxiety. 3. Neurological Examination: The patient's inability to recall objects after 3 minutes and copying a drawing of a cube further supports the possibility of a neurological issue related to diabetes. Angiotensin-converting enzyme (ACE) inhibitors are commonly used to treat diabetic neuropathy, which can cause memory problems and visual disturbances. 4. CT Scan of the Head: While the CT scan shows no abnormalities, it does not directly address the underlying causes of the patient's symptoms. It is important to rule out any potential complications or secondary conditions that could be contributing to the patient's symptoms. 5. Serum Glucose Concentration: The patient's elevated blood glucose level of 155 mg/dL is crucial. Elevated blood glucose levels can lead to various complications including nerve damage, kidney failure, and cardiovascular issues, all of which can contribute to cognitive decline and behavioral changes. 6. Serum ACE Activity: This test measures the activity of the enzyme ACE, which plays a role in blood vessel regulation and blood pressure. Elevated ACE activity in patients with diabetes can indicate impaired blood flow and potentially worsen existing symptoms like confusion and cognitive decline. In conclusion, while the patient's symptoms and medical history strongly suggest a need for further investigation into the etiology of her cognitive decline and behavioral changes, the measurement of serum angiotensin-converting enzyme activity is the most appropriate initial diagnostic step to determine if there is indeed a condition causing these symptoms.",0.0129,0.0255,0.1659,0.0595,0.0435,0.0432,0.0432,0.4581,0.5336,0.6513
"A 38-year-old woman is brought to the emergency department by paramedics 90 minutes after she fell through ice into a stream while hiking. She was stuck in the ice until emergency responders rescued her. On arrival, she has severe pain in her feet. She has no history of serious illness and takes no medications. Temperature is 34.8°C (94.6°F); other vital signs are within normal limits. Examination shows blue discoloration over the toes bilaterally, and the feet are cold to touch. Which of the following is the most appropriate next step in management?",Which of the following is the most appropriate next step in management?,"
A. Place the feet in front of a dry space heater 
B. Rub the feet with a steaming hot towel 
C. Submerge the feet in a moderately warm whirlpool 
D. Wrap the feet in a room-temperature wet-to-dry dressing 
E. Observation only
",C,E,False,"Given that the patient's temperature is 34.8°C (94.6°F), which falls within the range of body temperatures for hypothermia, it is crucial to monitor the patient closely. The severity of the condition should be assessed based on the patient's overall health status, including their ability to move freely and their response to stimuli. 1. Temperature Monitoring: A temperature of 34.8°C indicates mild hypothermia. This suggests that the patient may not be fully conscious or able to move without assistance. 2. Observation: While observation alone might not be sufficient, it can help determine if the patient is still conscious and whether they have any signs of distress such as rapid breathing, increased heart rate, or changes in behavior. 3. Immediate Actions: Given the patient's symptoms of severe pain in her feet, coldness, and blue discoloration, immediate intervention is necessary. These symptoms strongly suggest that the patient is experiencing hypothermia. 4. Vital Signs: Although the patient does not have a history of serious illness, the presence of hypothermia warrants prompt attention. Hypothermia can lead to further complications if left untreated. 5. Emergency Response: In this scenario, the primary action would likely involve rewarming the patient. If possible, using a warm water bath or immersion in a warm tub could help raise the patient’s body temperature quickly. While options B, C, and D do offer potential solutions, they are less effective immediately compared to monitoring the patient's condition and taking appropriate actions: - Rubbing the feet with a steaming hot towel: This method is generally ineffective because it will cause additional discomfort and potentially worsen the patient's condition. - Submerging the feet in a moderately warm whirlpool: This approach is also risky due to the risk of drowning and the potential for secondary infections from contaminated water. - Wrapping the feet in a room-temperature wet-to-dry dressing: This is an excellent choice because it allows for quick rewarming and helps maintain the patient's core temperature. It also reduces the risk of secondary infections. Therefore, the most appropriate next step in management is to observe the patient closely and take immediate steps to raise her body temperature, ensuring that she remains comfortable and safe during the process.",0.0098,0.0244,0.202,0.057,0.0365,0.057,0.057,0.4664,0.533,0.6449
"A 52-year-old woman comes to the emergency department because of a 1-day history of bleeding gums and moderate pain in her knees. She first noticed the gum bleeding while brushing her teeth this morning; she has been unable to stop the bleeding. She has systemic lupus erythematosus with inflammatory arthritis and Raynaud disease. Medications are tramadol and hydroxychloroquine. Vital signs are within normal limits. Examination shows bleeding, friable gums. There are multiple ecchymoses and petechiae over the upper extremities. Cardiac and abdominal examinations show no abnormalities. The knees are cool to the touch; there are effusions, and range of motion is limited by pain. Neurologic examination shows no focal findings. Laboratory studies show: Hemoglobin = 11 g/dL Hematocrit = 33% Erythrocyte count = 4.2 × 10¹²/L Mean corpuscular volume = 90 μm³ Leukocyte count = 9000/mm³ Segmented neutrophils = 60% Bands = 3% Eosinophils = 2% Basophils = 1% Lymphocytes = 30% Monocytes = 4% Platelet count = 20,000/mm³ Serum Creatinine = 0.9 mg/dL Ferritin 1= 0 ng/mL Which of the following is the most appropriate next step in management?",9 mg/dL Ferritin 1= 0 ng/mL Which of the following is the most appropriate next step in management?,"
A. Factor replacement therapy 
B. Methotrexate therapy 
C. Plasmapheresis 
D. Prednisone therapy 
E. Splenectomy
",D,D,True,"To determine the most appropriate next step in management for this patient, we need to consider the specific clinical presentation and the available medical information. - Gingival Bleeding: This indicates an underlying issue related to gingivitis or periodontal disease. - Knee Pain: While it's important to rule out joint issues, knee pain alone does not necessarily indicate a systemic lupus erythematosus (SLE) or Raynaud's disease. - Cardiovascular and Abdominal Examinations: These are normal, so they do not suggest any immediate need for intervention. - Neurological Examination: No focal neurological findings suggest that these conditions might be causing the symptoms. - Laboratory Studies: Hemoglobin, hematocrit, erythrocyte count, mean corpuscular volume, leukocyte count, segmented neutrophils, bands, eosinophils, basophils, lymphocytes, platelets, and serum creatinine levels are all within normal ranges. Given the patient’s history of systemic lupus erythematosus and Raynaud's disease, and considering the absence of any significant cardiovascular or gastrointestinal symptoms, the most appropriate initial course of action would likely involve addressing the underlying cause of the gingival bleeding and managing the systemic lupus erythematosus. Option A: Factor Replacement Therapy - This treatment could potentially help manage the inflammation associated with SLE but is not directly relevant to the current condition of the patient. Option B: Methotrexate Therapy - Methotrexate is used to treat rheumatoid arthritis and can be effective in managing SLE. However, its use should be carefully considered given the patient's systemic lupus erythematosus. Option C: Plasmapheresis - Plasmapheresis is a blood transfusion procedure used to remove antibodies from the bloodstream. It is typically indicated for severe autoimmune diseases like SLE, but it may not be necessary here as the patient does not have systemic lupus erythematosus. Option D: Prednisone Therapy - Prednisone is a corticosteroid used to reduce inflammation and is often prescribed for autoimmune disorders. Given the patient's history of systemic lupus erythematosus, prednisone could be considered initially to control the inflammation and manage the symptoms. Option E: Splenectomy - Splenectomy is a surgical procedure to remove the spleen, which is crucial for maintaining immune function. In this case, splenectomy would be the most appropriate next step if the patient had SLE or Raynaud's disease. Considering the patient's history and the lack of other significant symptoms, the most appropriate next step in management would be: Final Answer: Option D: Prednisone Therapy This approach addresses the underlying cause of the gingival bleeding (Systemic Lupus Erythematosus) and manages the systemic lupus erythematosus effectively, thereby minimizing the risk of complications such as organ damage or exacerbation of the disease.",0.0085,0.0211,0.165,0.0505,0.0323,0.0459,0.0459,0.4153,0.5195,0.5901
"A 13-year-old boy is brought to the emergency department because of a 3-day history of progressive fatigue, shortness of breath, and difficulty walking up stairs. He had been well until 1 week ago, when he developed rhinorrhea, cough, and a sore throat. These symptoms resolved spontaneously 2 days ago. He has no history of serious illness and takes no medications. On arrival, he is pale and in moderate respiratory distress. Pulse is 120/min, respirations are 25/min, and blood pressure is 80/40 mm Hg. Pulse oximetry on room air shows an oxygen saturation of 91%. On pulmonary examination, crackles are heard throughout the lung fields. On cardiac examination, a gallop is heard. S1 is soft. A grade 2/6, high-pitched holosystolic murmur is heard best at the apex. The remainder of the examination shows no abnormalities. Which of the following is the most likely diagnosis?",Which of the following is the most likely diagnosis?,"
A. Glomerulonephritis 
B. Myocarditis 
C. Pneumonia 
D. Rheumatic fever 
E. Systemic lupus erythematosus
",B,C,False,"The patient presents with progressive fatigue, shortness of breath, and difficulty walking up stairs, which are classic symptoms of pneumonia. Additionally, there is a history of rhinorrhea, cough, and a sore throat that have resolved spontaneously. The presence of a gallop rhythm (pulmonic valve regurgitation) and a high-pitched holosystolic murmur at the apex of the heart are characteristic features of pneumothorax, which can be caused by pneumonia. Pneumonia is a common cause of acute respiratory failure and can present with these specific clinical presentations. It typically involves inflammation of the lungs due to bacterial, viral, fungal, or other pathogens, leading to fluid accumulation in the alveoli and decreased gas exchange capacity. While glomerulonephritis, myocarditis, rheumatic fever, and systemic lupus erythematosus can also cause similar symptoms, they do not fit the exact presentation described here. Myocarditis is more commonly associated with myocardial infarction rather than chronic fatigue syndrome, while rheumatic fever often presents with arthritis and joint pain, not fatigue or dyspnea. Therefore, given the combination of symptoms and the typical radiographic findings for pneumonia, pneumonias such as those caused by bacteria, viruses, fungi, or other pathogens are the most likely diagnoses.",0.0,0.0269,0.2017,0.0697,0.0302,0.0697,0.0697,0.4512,0.5377,0.5898
"A 10-day-old female newborn is brought to the emergency department because of a 2-day history of bilious vomiting. She was born at term following an uncomplicated pregnancy and spontaneous vaginal delivery. She was 50.8 cm (20 in) in length and weighed 3260 g (7 lb 3 oz) at birth. Examination following delivery showed no abnormalities, and she was discharged at the age of 2 days. She is exclusively breast-fed. She appears ill. Today, she is 50.8 cm (20 in) in length and weighs 3062 g (6 lb 12 oz). Temperature is 38.3°C (100.9°F), pulse is 180/min, and respirations are 52/min. The abdomen is distended; the patient cries on palpation of the abdomen. Which of the following is the most likely diagnosis?",Which of the following is the most likely diagnosis?,"
A. Duodenal atresia 
B. Intussusception 
C. Meconium ileus 
D. Necrotizing enterocolitis 
E. Volvulus
",E,C,False,"Meconium ileus is a condition that occurs during early infancy when meconium, which is the first bowel movement after birth, enters the intestines before the infant can pass it out through the anus. This leads to severe abdominal pain and vomiting, often accompanied by fever and lethargy. In this case, the patient has been exclusively breastfed for two days and is now showing symptoms consistent with meconium ileus. Let's break down the key points: 1. History: The patient had a normal delivery without any complications. 2. Current Condition: She is 50.8 cm (20 in) long and weighs 3062 g (6 lb 12 oz). 3. Abdominal Distension: The abdomen is distended. 4. Temperature: The temperature is 38.3°C (100.9°F). 5. Pulse and Respiration: The pulse rate is 180/min and the respiratory rate is 52/min. 6. Symptoms: The patient is crying on palpation of the abdomen. Meconium Ileus Diagnosis: - Definition: Meconium ileus is characterized by severe abdominal pain, vomiting, and fever. - Key Features: - Meconium enters the intestines before the baby can pass it out. - Symptoms include severe abdominal pain, vomiting, fever, and lethargy. - The baby may appear ill but is otherwise healthy. Given these symptoms, especially the presence of meconium entering the intestines, the most likely diagnosis is Meconium ileus. It is crucial to differentiate from other conditions like necrotizing enterocolitis, which typically presents with more severe signs such as high fever, rapid breathing, and altered mental status. Additionally, while duodenal atresia and intussusception can cause similar symptoms, they do not present with the same level of severity and duration of illness. Necrotizing enterocolitis, on the other hand, would be associated with more severe signs and longer incubation periods.",0.0029,0.0205,0.1604,0.0546,0.0344,0.0546,0.0546,0.4194,0.5147,0.6008
"An 85-year-old man with severe dementia, Alzheimer type, is admitted to the hospital because of a nonhealing ulcer on his right second toe. He lives in a nursing care facility and has been bedridden for the past 3 years. He has type 2 diabetes mellitus, hypertension, and peripheral vascular disease. His medications are metformin, amlodipine, and aspirin. Noninvasive vascular studies of the lower extremities show marked bilateral vascular disease. Subsequent peripheral angiography shows severe stenoses of the right superficial femoral and the left common iliac arteries. The patient undergoes uncomplicated placement of two sequential vascular stents in the superficial femoral artery and placement of an additional stent in the left common iliac artery. The type of stents used was recently approved by the US Food and Drug Administration and has been heavily marketed as a long-lasting solution to restenosis. Each stent costs the hospital $15,000. Alternatives to this approach include amputation of the toe, balloon angioplasty, and use of less expensive stents. Which of the following best describes the public policy implications of this scenario?",Which of the following best describes the public policy implications of this scenario?,"
A. Absence of resource stewardship 
B. Ageism 
C. Health care disparities 
D. Health care fraud and abuse 
E. Lack of access to care
",A,A,True,"This scenario involves a patient with advanced dementia who requires multiple invasive procedures due to severe vascular disease. The primary issue here is resource management and allocation. The hospital's decision to proceed with these invasive treatments without considering the patient's quality of life, health status, and potential risks associated with such interventions, can be seen as an example of inadequate resource stewardship. Let's break down the reasoning: 1. Resource Management: The hospital's decision to perform invasive procedures without adequate planning and consideration of the patient's needs falls under poor resource management. This could lead to financial strain on the hospital, which may not have sufficient funds to cover all the necessary medical expenses. 2. Patient Quality of Life: The patient's condition is critical, and performing invasive procedures without proper assessment of their ability to tolerate them can result in significant harm. The lack of appropriate care can lead to complications that might require more extensive treatment later on, further exacerbating the patient's suffering. 3. Health Disparities: There is no indication of any health disparities between the patient and other patients in the same facility. However, it's important to note that the situation described does raise concerns about equitable access to healthcare services. 4. Health Care Fraud and Abuse: While the scenario doesn't explicitly involve fraudulent practices, the actions taken (such as marketing the stents as a long-term solution) suggest a possible form of healthcare fraud. However, this is not the primary focus of the question. In conclusion, the scenario highlights issues related to resource management, patient care, and ethical considerations in healthcare, making ""Absence of resource stewardship"" the most accurate description of the public policy implications of this scenario.",0.0127,0.0284,0.2489,0.0662,0.0467,0.0662,0.0662,0.4973,0.5561,0.6432
"A 62-year-old woman with myasthenia gravis comes to the office because of a 2-week history of falling. She says her legs ""give out"" once daily; she falls to the ground but does not hit her head. She took pyridostigmine until 2 weeks ago when she decided that it no longer worked. Respirations are 30/min. Examination shows a hypophonic nasal voice and ptosis bilaterally. Muscle strength is 2/5 in all extremities. The patient is told that she is in imminent danger of respiratory compromise and that she should be admitted to the hospital. She says she knows her breathing could pose a problem, but she hates hospitals and does not want to undergo more tests or therapy. She asks if she can have a prescription for her former medication and if she can go home. Which of the following is the most appropriate next step in management?",Which of the following is the most appropriate next step in management?,"
A. Assessment of medical decision-making capacity 
B. Electromyography and nerve conduction studies 
C. Involuntary hospital admission 
D. Oxygen therapy by nasal canula 
E. Pulmonary function testing
",A,E,False,"1. Patient's Condition: The patient has been diagnosed with Myasthenia Gravis (MG) due to a fall, which has led to respiratory compromise. This condition requires immediate attention. 2. Current Symptoms and Diagnosis: The patient reports symptoms such as leg weakness, difficulty walking, and respiratory issues. These are consistent with MG, which affects the neuromuscular junction and causes muscle weakness and fatigue. 3. Medical Decision-Making Capacity: The patient expresses concern about being hospitalized and states they know their breathing might pose a risk. However, this is a personal choice rather than a medical diagnosis. Therefore, the primary focus should be on managing the current condition rather than making decisions regarding hospitalization. 4. Involuntary Hospital Admission: While the patient may feel strongly against hospitalization, this is not an appropriate course of action based on the information provided. The patient needs immediate care to manage their condition effectively. 5. Oxygen Therapy by Nasal Canula: This is a reasonable initial step in managing the patient's respiratory distress. It helps improve airway patency and oxygenation, which is crucial for maintaining adequate blood flow to the brain and other vital organs. 6. Pulmonary Function Testing: Given the patient's history of MG and the need to assess lung function, pulmonary function testing would be the most appropriate next step. This test will help determine the extent of lung damage caused by MG and guide further treatment options. 7. Other Options Analysis: - Assessment of Medical Decision-Making Capacity: While important, this is not directly relevant to the current management of the patient's condition. - Electromyography and Nerve Conduction Studies: These tests are typically used to evaluate nerve function and muscle weakness, respectively, and do not address the specific issue of respiratory compromise. - Involuntary Hospital Admission: Although the patient may feel strongly against hospitalization, this is not a valid reason to deny treatment. The goal is to manage the patient's condition effectively. Therefore, the most appropriate next step in management is to perform pulmonary function testing, followed by appropriate interventions to manage the patient's respiratory compromise.",0.0103,0.0256,0.1846,0.062,0.0397,0.062,0.062,0.4433,0.5451,0.6628
"A 55-year-old man is brought to the emergency department by paramedics 45 minutes after his daughter found him unresponsive in his apartment. Paramedics initiated intravenous fluid warming and resuscitation at the scene. The patient has major depressive disorder, hypertension, and alcoholism. His medications are chlordiazepoxide, fluoxetine, and lisinopril. On arrival, he is arousable but confused. Temperature is 34.0°C (93.2°F), pulse is 64/min, respirations are 14/min, and blood pressure is 94/62 mm Hg. Physical examination shows no sign of trauma or prolonged immobilization. On mental status examination, he is oriented to person but not to place or time. His speech is verbose and nonsensical. Serum glucose concentration is 44 mg/dL, and blood alcohol concentration is 312 mg/dL. Urine toxicology screening is positive for alcohol and benzodiazepines. The most appropriate next step in management is administration of which of the following?",The most appropriate next step in management is administration of which of the following?,"
A. 50% Dextrose 
B. Flumazenil 
C. Lorazepam 
D. Naloxone 
E. Vitamin B1 (thiamine)
",E,A,False,"In this scenario, the patient's condition is characterized by severe hypotension, confusion, and altered mental status due to multiple comorbidities including major depressive disorder, hypertension, and alcoholism. These factors necessitate immediate intervention to stabilize the patient's vital signs and address the underlying causes of his symptoms. 1. 50% Dextrose: This is an appropriate choice because it can help raise blood sugar levels quickly, which is crucial given the patient's hypotensive state. It also helps manage electrolyte imbalances that may be contributing to his confusion. 2. Flumazenil: While flumazenil is used to treat alcohol withdrawal and anxiety, its use here would likely be contraindicated as it could exacerbate the patient's hypotension and confusion. Therefore, it is not recommended. 3. Lorazepam: Lorazepam is a benzodiazepine that can be used to counteract the effects of alcohol and benzodiazepines on the central nervous system. However, it should only be administered under medical supervision, as it can have significant side effects if not used carefully. 4. Naloxone: Naloxone is a synthetic opioid antagonist that can reverse the effects of opioids like morphine and heroin. It is particularly useful in cases where opioids are involved in the patient's acute intoxication. However, naloxone is not indicated for treating alcohol-related complications unless there is a specific need to reverse the effects of alcohol. 5. Vitamin B1 (Thiamine): Thiamine deficiency can cause confusion and other neurological symptoms. However, thiamine supplementation alone is unlikely to resolve the patient's hypotension and confusion effectively without addressing the underlying metabolic issues. Given the patient's current state, including his hypotension, confusion, and altered mental status, administering 50% dextrose would be the most appropriate initial treatment. This approach can rapidly increase blood sugar levels, improve overall health, and potentially alleviate some of the patient's symptoms. Additionally, since the patient has a history of major depressive disorder, providing them with adequate support through psychological interventions might also be beneficial.",0.0,0.022,0.1357,0.0536,0.018,0.0417,0.0417,0.4172,0.4978,0.5565
"A 16-year-old boy is brought to the emergency department because of a 6-hour history of severe right-sided scrotal pain. He has not had penile discharge, fever, abdominal pain, vomiting, or diarrhea. He has no history of similar pain or any trauma to the region. He is sexually active with one female partner and uses condoms inconsistently. Vital signs are within normal limits. Abdominal examination shows no abnormalities. Genitourinary examination shows moderate edema and diffuse tenderness to palpation of the right scrotum; there is mild erythema. Lifting the right testicle does not relieve the pain. The left testicle is lower than the right testicle. Cremasteric reflex is present on the left and absent on the right. Which of the following is the most likely diagnosis?",Which of the following is the most likely diagnosis?,"
A. Epididymitis 
B. Testicular torsion 
C. Testicular tumor 
D. Torsion of the appendix testis 
E. Urinary tract infection 
F. Varicocele
",B,B,True,"Testicular torsion is a condition where the spermatic cord (the bundle of nerves that runs from the testicle through the abdomen) twists around the vas deferens (a type of tube that carries sperm out of the testicles). This twisting can cause severe pain in the scrotum, which may be mistaken for other conditions like epididymitis or appendicitis. In this case, the patient presents with symptoms consistent with testicular torsion: - Abdominal Examination: Mild erythema and tenderness to palpate the right scrotum. - Genitourinary Examination: Moderate edema and diffuse tenderness to palpate the right scrotum. - Lifting the Right Testicle Does Not Relieve Pain: This suggests that the issue might be related to the testicle rather than the scrotum itself. - Left Testicle Lower Than Right Testicle: This indicates that the problem is located in the testicle rather than the scrotum. Given these clinical findings, the most likely diagnosis is testicular torsion. It's important to note that while testicular torsion can occur at any age, it is more common in young males who have undergone minor trauma or have a family history of testicular issues. However, given the specific presentation described, testicular torsion stands out as the most probable diagnosis among the options provided.",0.0045,0.0308,0.1415,0.0766,0.0386,0.067,0.067,0.4446,0.5462,0.6668
"A 64-year-old man comes to the clinic because of a 2-week history of severe pain and generalized muscle weakness. He has hypercholesteremia and hypertension. Three months ago, he had a myocardial infarction. At that time, he began atorvastatin therapy. Other medications are clopidogrel, lisinopril, and amiodarone. He is 178 cm (5 ft 10 in) tall and weighs 82 kg (180 lb); BMI is 26 kg/m² Pulse is 80/min and blood pressure is 125/67 mm Hg. Muscle strength is 4/5 on abduction of the shoulders and flexion of the hips. Deep tendon reflexes are 2+ throughout. No other abnormalities are noted. Measurement of which of the following is the most appropriate initial step in diagnosis?",Measurement of which of the following is the most appropriate initial step in diagnosis?,"
A. Erythrocyte sedimentation rate 
B. Serum ALT activity 
C. Serum calcium concentration 
D. Serum C-reactive protein concentration 
E. Serum creatine kinase activity
",E,E,True,"In this scenario, the patient presents with symptoms consistent with myocardial infarction, including severe pain and generalized muscle weakness. Given these clinical features, it is crucial to rule out acute coronary syndrome (ACS), which can cause similar symptoms. However, the presence of high cholesterol levels suggests an underlying risk for cardiovascular disease, particularly given the patient's age and history of hypertension and hypercholesteremia. - Option A: Erythrocyte sedimentation rate (ESR): - This test measures inflammation but does not specifically correlate with myocardial infarction. - Option B: Serum ALT activity: - Elevated serum ALT levels can be indicative of liver damage, which could be related to chronic hepatitis or cirrhosis, but they do not directly correlate with myocardial infarction. - Option C: Serum calcium concentration: - While calcium levels can be elevated in some conditions like kidney stones or certain cancers, they are not typically associated with myocardial infarction. - Option D: Serum C-reactive protein (CRP): - CRP is often elevated in inflammatory conditions such as myocarditis, but it is not specific to myocardial infarction. - Option E: Serum creatine kinase activity: - Creatine kinase (CK) is a marker of cardiac injury and is elevated in many types of heart failure, including those caused by myocardial infarction. It is also increased in patients with acute coronary syndromes due to the release of enzymes from damaged myocardium into the bloodstream. Given the patient's history of myocardial infarction, the elevated CK level would suggest a potential acute myocardial infarction, making it the most appropriate initial step in diagnosis. Therefore, serum creatine kinase activity is the best choice among the options provided.",0.013,0.0386,0.271,0.0873,0.0513,0.08,0.08,0.4447,0.5358,0.6019
"A 23-year-old man who is on active duty in the US Army comes to the clinic 1 hour after sustaining a bee sting to his right cheek. The patient reports continued pain at the site of the sting, but he has not had shortness of breath, throat tightness, loss of vision, or other neurologic symptoms. Medical history is unremarkable. He takes no medications. The patient has no known allergies. He is 178 cm (5 ft 10 in) tall and weighs 64 kg (140 lb); BMI is 20 kg/m². Temperature is 37.0°C (98.6°F), pulse is 86/min, respirations are 10/min, and blood pressure is 120/70 mm Hg. Examination of the right cheek shows an erythematous, swollen area of induration surrounding a central clear area with the stinger in situ. The swelling encroaches on the lower aspect of the patient's right orbit, which appears puffy and mildly dusky. After the stinger is removed, which of the following is the most appropriate next step in management?","After the stinger is removed, which of the following is the most appropriate next step in management?","
A. Administer an injection of epinephrine 
B. Admit the patient to the hospital for intravenous vancomycin therapy 
C. Cleanse the site and apply ice 
D. Obtain an ophthalmologist consultation 
E. Prescribe oral clindamycin
",C,E,False,"In this scenario, the patient presents with a painful, swollen area around the stinger from a bee sting, which is consistent with a typical reaction to bee venom. However, the presence of a stinger suggests that there may be some residual venom present, which could potentially cause further irritation if left untreated. Given these circumstances, the most appropriate next step would be to address the underlying issue of residual venom rather than immediately treating the local wound. Here’s why: - Option A (Administer an injection of epinephrine): While epinephrine can help manage allergic reactions, it does not directly address the source of the venom. It might exacerbate the condition if used improperly. - Option B (Admit the patient to the hospital for intravenous vancomycin therapy): Vancomycin is typically used to treat infections caused by bacteria, such as those associated with stings. Since the patient has no known allergies, this treatment is likely unnecessary unless there is evidence of a bacterial infection. - Option C (Cleanse the site and apply ice): This is generally considered safe and effective for managing minor skin irritations like stings. It helps reduce inflammation and discomfort while promoting healing. - Option D (Obtain an ophthalmologist consultation): Ophthalmologists specialize in eye conditions and do not have expertise in dealing with insect stings. They should not be consulted about this situation. Therefore, the most appropriate next step in management is to prescribe oral clindamycin, as it addresses the root cause of the problem—residual venom—which is crucial for preventing potential complications and ensuring proper healing.",0.0138,0.0514,0.2882,0.1029,0.0593,0.1029,0.1029,0.4926,0.5748,0.6525
"A 32-year-old man is brought to the emergency department after being found by his wife in their bedroom with a gun in his hands. His wife reports that the patient “has not been himself” since their son was stillborn 6 months ago. She says that during the past month, he hardly has slept and has not showered or shaved; he sits in the dark and refuses to eat. He began fluoxetine therapy 3 months ago, but his symptoms have continued to worsen. He appears disheveled. He is 175 cm (5 ft 9 in) tall and weighs 52 kg (115 lb); BMI is 17 kg/m². His pulse is 90/min, and blood pressure is 100/60 mm Hg. Physical examination shows decreased skin turgor and dry mucous membranes. When asked about his mood, he says, “I don’t know.” He has a tearful affect. He responds to most questions with one-word answers in a soft voice. He says he hears a voice telling him that he is a failure and says he wants to join his son in heaven. He refuses to answer questions about suicide. After removing all firearms from the patient’s house and admitting him to a psychiatric facility, which of the following is the most appropriate next step in management?","After removing all firearms from the patient’s house and admitting him to a psychiatric facility, which of the following is the most appropriate next step in management?","
A. Electroconvulsive therapy 
B. Imipramine therapy 
C. Mirtazapine therapy 
D. Sertraline therapy 
E. Transcranial magnetic stimulation
",A,E,False,"Transcranial Magnetic Stimulation (TMS) is an effective treatment for depression and anxiety disorders, particularly when other treatments such as antidepressants or psychotherapy fail. It works by stimulating specific brain areas associated with mood regulation, leading to improvements in depressive symptoms. In this case, the patient's symptoms include difficulty sleeping, lack of appetite, and a persistent desire to be alone. These symptoms suggest a complex mental health issue that may require a multidisciplinary approach rather than a single treatment modality like TMS. The combination of medication (fluoxetine), electroconvulsive therapy (ECT), and psychological support would likely be more effective if they were administered concurrently. While TMS can be used as part of a comprehensive treatment plan, it is not typically the first-line treatment for depression or anxiety disorders. Therefore, the most appropriate next step in managing this patient would involve a combination of medications, possibly including TMS, under the guidance of a healthcare provider who specializes in treating severe mental illnesses. Option A (Electroconvulsive Therapy): While TMS might be considered as a complementary treatment, it is not the primary or standard treatment for depression or anxiety disorders. It should only be used as a last resort due to its potential side effects and risks. Option B (Imipramine Therapy): Imipramine is a selective serotonin reuptake inhibitor (SSRI) commonly prescribed for depression. It does not address underlying cognitive or emotional issues related to the patient's current state. Option C (Mirtazapine Therapy): Mirtazapine is another SSRI approved for depression. It also does not directly address the patient's current symptoms but could potentially help manage some aspects of their condition. Option D (Sertraline Therapy): Sertraline is a well-known SSRI used for depression. It is generally considered safe and effective for many patients, especially those with comorbid conditions. However, it is not specifically indicated for treating the patient's current symptoms of insomnia, lethargy, and suicidal ideation. Given the complexity of the patient's symptoms and the need for a multifaceted approach, TMS would be the most appropriate next step in management. This treatment can help stabilize mood, improve sleep quality, and reduce suicidal thoughts while addressing the underlying causes of the patient's distress.",0.0098,0.0364,0.201,0.0818,0.0463,0.0818,0.0818,0.4684,0.5695,0.6827
"A 60-year-old woman comes to the office as a new patient. She recently moved to the area. She feels well. She has hypertension treated with amlodipine and asthma well controlled with inhaled fluticasone and inhaled albuterol as needed. According to the medical records she brought with her, a mammography 6 months ago showed no abnormalities, results of laboratory studies 1 year ago were within the reference ranges, and colonoscopy 5 years ago showed no abnormalities. Her past three Pap smears have shown no abnormalities; the most recent Pap smear was 1 year ago. Her mother has type 2 diabetes mellitus, and her maternal aunt had breast cancer at the age of 55 years. The patient does not smoke cigarettes. She drinks two glasses of wine weekly. She works as a nurse. She has been monogamous with her husband for 30 years. Pulse is 76/min, respirations are 16/min, and blood pressure is 132/86 mm Hg. Examination shows no abnormalities. Screening for which of the following is the most appropriate next step in management?",Screening for which of the following is the most appropriate next step in management?,"
A. Abdominal aortic aneurysm 
B. Breast cancer 
C. Chlamydia trachomatis infection 
D. Colon cancer 
E. Hepatitis C
",E,B,False,"Given the patient's history and current condition, the most appropriate next step in management would be to screen for breast cancer. Here’s the reasoning: 1. Pap Smear Results: The patient's last Pap smear was 1 year ago, which suggests that there may be some residual risk of early-stage breast cancer. However, since the patient has not developed any symptoms (as indicated by normal mammogram results), this indicates that the risk of developing breast cancer is low. 2. Screening for Breast Cancer: For patients who have not developed symptoms but have a family history of breast cancer, screening for breast cancer is recommended. This includes both mammograms and possibly other forms of imaging like MRI or ultrasound if available. 3. Other Options: - Abdominal Aortic Aneurysm (AAA): While possible, it is less common than breast cancer and typically requires more advanced imaging techniques. - Chlamydia Trachomatis Infection: This is a sexually transmitted infection and should be considered only if there are signs of infection such as discharge from the vagina or cervix. - Colon Cancer: Although the patient has not developed symptoms, the presence of a family history of colorectal cancer increases the likelihood of developing colorectal cancer, especially given the patient's smoking habits and alcohol consumption. - Hepatitis C: This is a liver disease and should be screened annually regardless of age. Since the patient has not developed symptoms and has a family history of breast cancer, the most prudent next step is to screen for breast cancer. This will help identify any potential issues before they become severe enough to require treatment.",0.0136,0.0436,0.2421,0.0935,0.0507,0.0647,0.0647,0.4499,0.5136,0.6537
"A 12-year-old girl is brought to the physician for a follow-up examination 8 days after starting a course of oral penicillin for streptococcal pharyngitis. Temperature is 38.6°C (101.5°F). Examination shows an erythematous morbilliform rash, urticaria, mild swelling of the hands and feet, arthralgias, and lymphadenopathy. Leukocyte count is 13,000/mm³ (62% segmented neutrophils, 10% eosinophils, and 28% lymphocytes). Urinalysis shows 2+ protein. Which of the following is most appropriate to prevent recurrence of these symptoms if the patient is diagnosed with streptococcal pharyngitis again?",Which of the following is most appropriate to prevent recurrence of these symptoms if the patient is diagnosed with streptococcal pharyngitis again?,"
A. Pretreatment with an antihistamine 
B. Pretreatment with a corticosteroid 
C. Skin testing with benzylpenicilloyl polylysine prior to treatment 
D. Use of a nonpenicillin antibiotic to treat the pharyngitis 
E. Use of a single injection of benzathine penicillin to treat the pharyngitis
",D,E,False,"This question involves understanding the potential complications associated with streptococcal pharyngitis and how antibiotics can be used to manage it effectively. - Option A: Pretreatment with an antihistamine - Antihistamines are typically used to reduce inflammation and itching caused by allergic reactions rather than to prevent bacterial infections like strep throat. - Option B: Pretreatment with a corticosteroid - Corticosteroids are often prescribed to reduce inflammation in cases of acute infection but do not address the underlying cause of the strep throat itself. - Option C: Skin testing with benzylpenicilloyl polylysine prior to treatment - Benzylpenicilloyl polylysine is a skin test that helps identify individuals who may have allergies to penicillins. It's not directly related to treating strep throat. - Option D: Use of a nonpenicillin antibiotic to treat the pharyngitis - Nonpenicillin antibiotics such as amoxicillin or ceftriaxone are commonly used to treat strep throat because they target different parts of the bacterial cell wall and are less likely to cause allergic reactions compared to penicillins. - Option E: Use of a single injection of benzathine penicillin to treat the pharyngitis - This is the most appropriate choice because: 1. It addresses the primary cause of the strep throat, which is the bacteria. 2. It provides rapid relief from symptoms without causing further allergic reactions. 3. It allows for monitoring of the effectiveness of the treatment over time. 4. It does not introduce new allergens into the body, reducing the risk of developing anaphylaxis. Therefore, using a single injection of benzathine penicillin would be the best approach to prevent recurrence of strep throat symptoms.",0.0035,0.0519,0.2656,0.1151,0.0507,0.0719,0.0719,0.5456,0.5682,0.6989
"A 45-year-old woman is hospitalized for management of Staphylococcus aureus endocarditis with persistent bacteremia. The patient is discussed during interdisciplinary rounds, which includes physicians, nurses, pharmacists, and social workers. During rounds, a pharmacy student notices that the patient missed two doses of her scheduled antibiotic last week but is unsure why. The physician and nurse are unaware of these missed doses, and the student does not mention her observation. Which of the following measures is most likely to improve communication within this interdisciplinary health care team?",Which of the following measures is most likely to improve communication within this interdisciplinary health care team?,"
A. Conduct interdisciplinary rounds in a quieter location 
B. Encourage questions from all team members 
C. Implement a checklist for standardizing patient rounds 
D. Use computers during rounds to review medications
",B,C,False,"Implementing a checklist for standardizing patient rounds can significantly improve communication among healthcare professionals. Here's why: 1. Standardization: A checklist ensures that all rounds follow a consistent format, making it easier for everyone involved to understand what needs to be done. This reduces confusion and helps ensure that every aspect of patient care is covered. 2. Efficiency: By having a standardized process, there's less room for errors or miscommunication. Each round becomes more efficient because everyone knows exactly what they need to do next. 3. Quality Control: Standardized rounds help maintain high-quality care by ensuring that patients receive the same level of attention and treatment as other patients. This can lead to better outcomes and fewer complications. 4. Reduced Miscommunication: With a clear set of instructions, there's less chance of misunderstandings or omissions. This prevents potential issues like missed doses leading to ineffective treatments or inappropriate interventions. 5. Professional Development: Regularly reviewing the checklist can also serve as an opportunity for professional development. It encourages ongoing learning and improvement in how teams operate. While options C (implementing a checklist) and D (using computers during rounds) might seem convenient, they don't directly address the core issue of missing doses. Option B (encouraging questions from all team members) could potentially increase the likelihood of such issues if the questioners feel uncomfortable asking about missed doses. Therefore, implementing a checklist is the most effective measure to improve communication within the interdisciplinary team.",0.0037,0.04,0.2531,0.092,0.0232,0.0766,0.0766,0.5356,0.5581,0.7751
"A 37-year-old man comes to the physician for a routine health maintenance examination. He has no history of serious illness and takes no medications. He does not smoke cigarettes, and he exercises four times weekly. His mother died of colon cancer at the age of 76 years. He is 183 cm (6 ft 0 in) tall and weighs 100 kg (220 lb); BMI is 30 kg/m². Pulse is 68/min and blood pressure is 138/74 mm Hg. The remainder of the examination shows no abnormalities. Which of the following is the most appropriate next step?",Which of the following is the most appropriate next step?,"
A. Test of the stool for occult blood 
B. Complete blood count 
C. Measurement of serum thyroid-stimulating hormone concentration 
D. Serum lipid studies 
E. No further evaluation is necessary
",D,C,False,"This is because the patient's symptoms and physical findings suggest that they may have a condition related to thyroid function, such as hypothyroidism. Thyroid hormones play a crucial role in regulating metabolism and overall health. A low serum thyroxine (T4) level would be consistent with hypothyroidism, which can cause fatigue, weight gain, and other symptoms. Let's briefly explain why the other options are less suitable: A. Test of the stool for occult blood - This test is typically used to detect blood in stool, which could indicate gastrointestinal bleeding, but it doesn't specifically address thyroid issues. B. Complete blood count (CBC) - While this test provides information about various aspects of the body's health, it doesn't specifically assess thyroid function. D. Serum lipid studies - These tests measure levels of lipids in the blood, including cholesterol and triglycerides, which might be relevant if there were an underlying metabolic issue, but they don't directly correlate with thyroid function. Therefore, given the patient's symptoms and the need to rule out thyroid disorders, measurement of serum thyroid-stimulating hormone concentration is the most appropriate initial step.",0.0049,0.0335,0.2442,0.0812,0.041,0.0812,0.0812,0.4795,0.5231,0.6265
"A 35-year-old woman is evaluated for a persistent fever 4 days after admission to the hospital for treatment of pyelonephritis. She has type 2 diabetes mellitus poorly controlled with insulin. She has received ciprofloxacin since admission. Results of initial blood cultures are pending. Temperature is 40.0°C (104.0°F), pulse is 110/min, respirations are 20/min, and blood pressure is 100/60 mm Hg. Examination shows marked right costovertebral angle tenderness. Which of the following is the most appropriate next step in management?",Which of the following is the most appropriate next step in management?,"
A. Addition of clindamycin to the medication regimen 
B. Addition of vancomycin to the medication regimen 
C. CT scan of the abdomen 
D. Doppler ultrasonography of the lower extremities 
E. Repeat blood cultures and fungal cultures
",C,B,False,"Given the patient's clinical presentation, symptoms, and laboratory findings, the most appropriate next step in management would be to add vancomycin to the current antibiotic regimen. 1. Type 2 Diabetes Mellitus: The patient has poorly controlled diabetes, which requires careful monitoring and management. 2. Pyelonephritis: The presence of a persistent fever suggests that there may be an infection affecting the kidneys, particularly the renal pelvis and ureters. 3. Blood Culture: The initial blood culture results are pending, but it indicates a need for further investigation into potential pathogens causing the infection. 4. Temperature: A temperature of 40.0°C (104.0°F) is within the normal range for many patients, but it could indicate underlying conditions such as sepsis or other infections. 5. Right Costovertebral Angle Tenderness: This tender point on the back of the right waist is consistent with a urinary tract infection (UTI). ### Option Analysis: - Option A: Clindamycin - While clindamycin can be used in certain cases of UTIs, it is not typically indicated for uncomplicated cases like this one where there is also diabetes and poor control of diabetes. - Option B: Vancomycin - Vancomycin is a potent antifungal agent that is effective against various types of bacteria including those associated with UTIs. It is often used in combination with antibiotics when treating severe infections. - Option C: CT Scan of the Abdomen - A CT scan of the abdomen is generally not necessary unless there are signs of internal organ involvement, such as peritonitis or metastatic disease. In this case, the focus should be on identifying the source of the infection rather than imaging the abdomen. - Option D: Doppler Ultrasound of the Lower Extremities - Doppler ultrasound is useful for assessing blood flow and may help identify areas of inflammation or obstruction in the lower extremities, but it does not address the primary cause of the fever or the underlying condition. ### Conclusion: Adding vancomycin to the current antibiotic regimen is the most appropriate next step because it addresses both the bacterial infection and the underlying diabetic complications, ensuring better control of the infection while managing the patient's diabetes effectively.",0.0125,0.0249,0.1962,0.0609,0.0446,0.0499,0.0499,0.4666,0.5285,0.6509
"A 23-year-old man is being evaluated in the intensive care unit because of steadily decreasing blood pressure since he was admitted 2 hours ago for treatment of septic shock caused by pneumonia. Medical history is remarkable for cystic fibrosis and severe obstructive lung disease. In the emergency department, the patient was intubated, had three peripheral intravenous catheters placed, and was treated empirically with broad-spectrum antibiotics, bronchodilators, a continuous infusion of propofol and fentanyl, and 4 L of 0.9% saline. Immediately after administration of fluids, the patient's pulse was 105/min and blood pressure was 100/50 mm Hg. The patient is 173 cm (5 ft 8 in) tall and weighs 59 kg (130 lb); BMI is 20 kg/m². Pulse is 135/min and blood pressure is 79/43 mm Hg. Auscultation of the lungs discloses diffuse rhonchi and inspiratory crackles with low-pitched bilateral expiratory wheezes. Cardiac examination discloses no murmurs, rubs, or gallops. Bedside ultrasonography of the abdomen shows the inferior vena cava is 1.8 cm in diameter with minimum respirophasic collapsibility, and cardiac ultrasonography shows that the left ventricular ejection fraction is approximately 0.65. Results of laboratory studies obtained on admission and now are shown: On Admission, the White Blood Cell count is 21,000/mm³ and Blood Lactic acid is 5.2 mg/dL. Now the patient's White Blood Cell count is 19,000/mm³ and Blood Lactic acid is 4.0 mg/dL Which of the following is the most appropriate next step in management?",0 mg/dL Which of the following is the most appropriate next step in management?,"
A. Administer an additional 1-L bolus of 0.9% saline 
B. Administer intravenous hydrocortisone 
C. Administer intravenous voriconazole 
D. Begin a continuous infusion of norepinephrine 
E. Order CT scan of the head
",D,E,False,"Given the patient's clinical presentation and laboratory findings, the most appropriate next step in management would be to order a CT scan of the head. This is crucial because: 1. Pulmonary Complication Identification: The presence of diffuse rhonchi and inspiratory crackles suggests potential pulmonary involvement, which could indicate a complication such as pneumothorax or other respiratory issues. 2. Cardiovascular Status Evaluation: The low cardiac output and low cardiac output fractions suggest significant heart failure, which can lead to hypovolemia and fluid overload. A CT scan of the head can help assess the extent of these complications and guide further intervention if necessary. 3. Neurological Examination: The low cardiac output and low cardiac output fractions also raise concerns about neurological status. A CT scan of the head can provide valuable information about brain perfusion and oxygenation, helping to rule out or confirm any neurological deficits. While the other options have their merits, they do not address the immediate need for further diagnostic evaluation: - Option B (Administer intravenous hydrocortisone): While this may be considered in certain cases, it is not indicated here given the patient's current condition. - Option C (Administer intravenous voriconazole): Although voriconazole is used for fungal infections, it is not typically indicated for bacterial infections like pneumonia unless there is a specific indication for it. - Option D (Begin a continuous infusion of norepinephrine): Norepinephrine is often administered during acute stress conditions but is not typically used for routine monitoring of patients with chronic conditions like sepsis. Therefore, ordering a CT scan of the head is the most appropriate initial step in managing this patient's condition.",0.0167,0.033,0.2451,0.0777,0.0569,0.0636,0.0636,0.4773,0.5519,0.6953
A 32-year-old nulligravid woman comes to the office for counseling prior to conception. Menses occur at irregular 40- and 60-day intervals. She has impaired glucose tolerance controlled by diet. She takes no medications. She is 165 cm (5 ft 5 cm) tall and weighs 84 kg (185 lb); BMI is 31 kg/m². Vital signs are within normal limits. Examination shows no abnormalities. Her fasting serum glucose concentration is 120 mg/dL. This patient is at greatest risk for developing which of the following?,This patient is at greatest risk for developing which of the following?,"
A. Gestational diabetes 
B. Hypothyroidism 
C. Intrauterine growth restriction 
D. Placenta previa 
E. Preterm labor
",A,A,True,"The patient's condition falls under the category of gestational diabetes mellitus (GDM). GDM is characterized by high blood sugar levels during pregnancy, typically above 126 mg/dL (7.0 mmol/L), but not yet reaching the criteria for gestational diabetes. Given that she has impaired glucose tolerance and her fasting blood glucose level is 120 mg/dL, this indicates that she may be at risk for developing gestational diabetes. Therefore, the correct answer is: A. Gestational diabetes This patient is at greatest risk for developing gestational diabetes because her fasting blood glucose level is elevated, which is a hallmark symptom of gestational diabetes. It is important for healthcare providers to monitor and manage GDM in pregnant women to ensure the health of both the mother and the fetus.",0.035,0.0753,0.3684,0.156,0.1007,0.156,0.156,0.5295,0.5896,0.666
"A 17-year-old girl is brought to the physician by her parents because they are concerned she is using illicit drugs. They report that, “she just isn’t herself anymore.” She has no history of serious illness and takes no medications. She is upset about being “tricked” to come to the doctor. Physical examination shows no abnormalities. On mental status examination, she has an angry mood and anxious affect. The patient’s parents privately request a toxicology screening for their daughter but ask that she be told that her blood will be taken to “check her thyroid gland.” After discussing the parents’ wish for secrecy, which of the following is the most appropriate next step in management?","” After discussing the parents’ wish for secrecy, which of the following is the most appropriate next step in management?","
A. Comply with the parents’ wishes 
B. Inform the parents that everything the patient tells the physician is confidential 
C. Inform the parents that if the patient’s toxicology screening is positive, it must be reported to the police 
D. Inform the parents that the physician cannot deceive the patient
",D,B,False,"This is the most appropriate next step in managing this situation because: 1. Confidentiality: Confidentiality is crucial in healthcare settings. It ensures that patients' privacy is respected and that any information shared between the patient and healthcare providers remains private. In this case, informing the parents that everything the patient tells the physician is confidential aligns with ethical standards and legal requirements. 2. Patient's Rights: The patient's right to confidentiality is fundamental. If the parents request a toxicology screening without consent, it could potentially infringe on the patient's autonomy and privacy rights. By informing them that everything the patient tells the physician is confidential, the physician can ensure that the patient feels comfortable sharing these details without fear of reprisal. 3. Legal Compliance: Many jurisdictions have specific laws regarding medical confidentiality. For instance, in some countries, there may be regulations requiring doctors to inform patients of all potential risks associated with certain treatments, including those related to illegal substances like marijuana. 4. Parental Concerns: The parents' concern about the patient's use of drugs is valid. Informing them about the patient's condition and the nature of the test (toxicology screening) helps address their concerns while respecting the patient's autonomy. 5. Professional Responsibility: As a physician, your primary responsibility is to protect the patient's health and well-being. Informing the parents about the patient's condition and the implications of the test helps maintain professional integrity and adherence to ethical guidelines. In conclusion, informing the parents that everything the patient tells the physician is confidential is the most appropriate course of action to uphold patient rights, comply with legal requirements, and respect the parent-child relationship.",0.0132,0.0358,0.2031,0.08,0.0537,0.06,0.06,0.4954,0.5596,0.6698
"A 52-year-old woman with type 2 diabetes mellitus comes to the office for a follow-up examination. Two weeks ago, she was treated with amoxicillin for a urinary tract infection. At that time, her blood pressure was 165/98 mm Hg, and serum creatinine concentration was 1.2 mg/dL; lisinopril therapy was also begun. During the past week, she has had increased swelling of the lower extremities and shortness of breath. Her dysuria has resolved. She appears anxious. Temperature is 36.8°C (98.2°F), pulse is 110/min, respirations are 20/min, and blood pressure is 185/105 mm Hg. Diffuse bilateral crackles are heard on pulmonary examination. An S3 gallop is heard. There is 3+ pitting bilateral pretibial edema. The laboratory studies showed that the levels for Serum Urea nitrogen is 45 mg/dL and Serum Creatinine is 4 mg/dL. As for the urine, its specific gravity is 1.010, no blood, and has moderate numbers of Hyaline casts. Which of the following is the most likely diagnosis?",Which of the following is the most likely diagnosis?,"
A. Acute glomerulonephritis 
B. Acute interstitial nephritis 
C. Acute kidney injury 
D. Acute obstructive uropathy 
E. Intravascular volume depletion
",C,B,False,"To determine the most likely diagnosis, we need to consider the clinical presentation and laboratory findings provided: 1. Clinical Presentation: The patient presents with symptoms such as increased swelling of the lower extremities, shortness of breath, and diffuse bilateral crackles in the lungs. These are characteristic signs of acute interstitial nephritis. 2. Laboratory Findings: - Serum Urea Nitrogen (SUN) Level: 45 mg/dL, which is within the normal range. - Serum Creatinine Level: 4 mg/dL, indicating a high level of proteinuria due to acute renal failure. - Urine Specific Gravity: 1.010, suggesting a high degree of proteinuria. - Hyaline Casts: Presenting in the urine, which is a hallmark of acute interstitial nephritis. - Pitting Edema: This is consistent with acute interstitial nephritis, where there is significant fluid retention leading to pitting edema. Given these details, the most likely diagnosis is Acute Interstitial Nephritis. It fits all the criteria mentioned above—high proteinuria, elevated creatinine, presence of hyaline casts, and associated edema—all of which are typical features of this condition. Therefore, the correct answer is B. Acute Interstitial Nephritis.",0.0047,0.0324,0.2279,0.0865,0.0437,0.0865,0.0865,0.43,0.5726,0.6743
"A 15-year-old girl is brought to the emergency department by her father because of a 2-hour history of right leg pain that began after she fell from her bicycle. Medical history is remarkable for bilateral hearing loss, a fracture of the humerus at age 8 years, and multiple rib fractures. She takes no medications. Family history is remarkable for kyphoscoliosis, hearing loss, and early onset osteoporosis in her mother; the mother died from complications related to a hip fracture at age 44 years. The patient is a refugee who has recently immigrated. The patient appears to be in distress. She is below the 5th percentile for height, at the 70th percentile for weight, and above the 95th percentile for BMI. Her temperature is 37.0°C (98.6°F), pulse is 118/min, respirations are 12/min, and blood pressure is 130/68 mm Hg. Examination shows kyphosis and hypermobile joints of the hands, wrists, and feet. Examination of the right lower extremity shows superficial abrasions and ecchymoses; there is tenderness to palpation and movement of the extremity. Which of the following is the most likely underlying diagnosis?",Which of the following is the most likely underlying diagnosis?,"
A. Idiopathic juvenile osteoporosis 
B. Juvenile Paget disease 
C. Osteogenesis imperfecta 
D. Osteomalacia 
E. Rickets
",C,E,False,"Rickets is a condition characterized by bone deformities due to vitamin D deficiency. It typically presents as skeletal abnormalities such as bowed legs, clubbing of fingers/toes, and softening of bones. The patient's symptoms—right leg pain, kyphosis, hypermobility, and signs of rickets like superficial abrasions and ecchymoses—are consistent with these features. - Idiopathic Juvenile Osteoporosis: This is not a recognized medical condition. - Juvenile Paget Disease: While this can cause similar symptoms, it is more commonly associated with other conditions like osteogenesis imperfecta or rickets rather than idiopathic. - Osteogenesis Imperfecta: This is a genetic disorder affecting bone development but does not present with the specific symptoms described. - Osteomalacia: This is a form of rickets caused by calcium deficiency, which would explain the hypermobile joints and softening of bones seen in the patient. - Rickets: This is the most appropriate diagnosis given the clinical presentation and the radiographic findings described. Therefore, based on the patient's symptoms and the available medical history, the most likely underlying diagnosis is Rickets.",0.0105,0.0415,0.3055,0.1011,0.0568,0.1011,0.1011,0.4671,0.566,0.6763
"A 22-year-old primigravid woman at 10 weeks’ gestation comes to the emergency department (ED) because of a 3- day history of persistent vomiting. She is treated with intravenous hydration, pyridoxine, and doxylamine. As the resident physician prepares the patient for discharge, he asks who will be picking her up from the ED. She says her husband will be arriving soon and asks if the hospital staff can refer to her symptoms as a “stomach flu.” She does not want anyone to mention to her husband that she is pregnant because the pregnancy resulted from an oral contraceptive failure and “he is not expecting this.” Which of the following is the most appropriate next question to ask this patient?",” Which of the following is the most appropriate next question to ask this patient?,"
A. “Are finances tight at home?” 
B. “How do you think he will react?” 
C. “Is there somebody else who can pick you up?” 
D. “Was there a problem with your birth control?” 
E. “Will he try to force you to do something you aren’t comfortable with?”
",B,C,False,"This question directly addresses the patient's concern about how others might perceive their condition due to the pregnancy. It encourages the patient to share more personal information about themselves, which is crucial in understanding their emotional state and any potential reactions they may have. Here’s why: 1. Understanding the Patient's Concerns: The patient mentions that her husband will be arriving soon, indicating that she has been planning to visit him. This suggests that she is aware of his presence and possibly feels anxious about it. 2. Exploring Personal Information: By asking about other people who could potentially pick them up, the nurse can gather more details about the situation. This includes whether there are family members nearby, friends, or colleagues who might be able to help, which could alleviate some of the stress associated with being away from home. 3. Avoiding Unnecessary Disclosures: Avoiding questions like ""Are finances tight at home?"" or ""Does he know I'm pregnant? "" can prevent unnecessary anxiety and confusion for the patient. These topics are generally not relevant to the current medical situation. 4. Encouraging Open Communication: Asking open-ended questions like ""Is there somebody else who can pick you up?"" allows the patient to express their feelings and concerns without feeling pressured into answering specific questions. By focusing on these options, the nurse can better understand the patient's needs and concerns, leading to a more supportive and empathetic care plan.",0.0,0.0296,0.1548,0.0709,0.0079,0.0551,0.0551,0.4809,0.547,0.627
"Five days after admission to the hospital for management of an ST-elevation myocardial infarction, a 59-year-old man has the sudden onset of severe abdominal and bilateral lower extremity pain, cyanosis of the lower body, and paresthesias. On hospital days 1 and 2, he received vasopressor and inotropic therapy. On hospital day 2, echocardiography showed extensive anterolateral akinesis of the left ventricle. He has no history of serious illness. His medications are metoprolol, lisinopril, simvastatin, and dalteparin. He appears to be in acute distress. Pulse is 105/min and regular, respirations are 24/min, and blood pressure is 80/60 mm Hg. Examination shows lower body cyanosis to the level of the costal margins. Crackles are heard over the lower lung fields bilaterally. Distant heart sounds but no murmurs are heard. The abdomen is nondistended and nontender. Pulses are 1+ in the upper extremities and absent in the lower extremities. Muscle strength is 3/5 in the lower extremities. Sensation to touch and temperature is decreased over the lower extremities. ECG shows sinus tachycardia. Which of the following is the most likely explanation for this patient’s clinical findings?",Which of the following is the most likely explanation for this patient’s clinical findings?,"
A. Aortic dissection 
B. Aortic embolism 
C. Pericardial tamponade 
D. Right ventricular failure 
E. Ventricular rupture
",B,B,True,"The patient's clinical presentation, including the sudden onset of severe abdominal and bilateral lower extremity pain, cyanosis, paresthesias, and the presence of extensive anterolateral akinesis of the left ventricle, strongly suggests a diagnosis of aortic embolism. 1. Acute Abdominal Pain: The patient presents with severe abdominal pain that may indicate complications such as perforation or bowel obstruction. 2. Paresthesias: The use of vasopressors and inotropes indicates potential ischemia or hypoperfusion leading to sensory deficits. 3. Lung Function: The presence of distant heart sounds and palpitations suggest cardiac insufficiency, which could be due to pulmonary edema or other causes like right ventricular failure. 4. Muscle Strength: The muscle weakness noted in the lower extremities (grade 3/5) is consistent with aortic valve stenosis or regurgitation, both of which can lead to reduced muscle strength. 5. ECG Findings: Sinus tachycardia on one side and absence on the other side, along with the presence of anterolateral akinesis, are characteristic of aortic valve disease. 6. Abdominal Pain: The combination of abdominal pain, chest discomfort, and the presence of peritoneal irritation suggests aortic dissection, especially if there is associated peritonitis. 7. Pulmonary Edema: The presence of distant heart sounds and palpitations further supports the suspicion of aortic valve disease, particularly if there is evidence of pulmonary congestion. Given these clinical features, the most likely explanation for the patient's clinical findings is aortic embolism. This condition results from the detachment of a thrombus from atherosclerotic plaque in the aorta, often causing significant occlusion of the artery. The symptoms described—severe abdominal pain, cyanosis, and the presence of anterolateral akinesis—are typical of aortic embolism. Therefore, the correct answer is B. Aortic embolism.",0.0063,0.0311,0.2415,0.0956,0.055,0.0887,0.0887,0.4795,0.5293,0.7349
"A 75-year-old man comes to the clinic because of a 2-year history of progressive shortness of breath. He also has had an occasional dry cough for the past 6 months. He has not had chest pain, palpitations, or swelling of his legs. Medical history is unremarkable, and the patient takes no medications. He has smoked one pack of cigarettes daily for 57 years. He does not drink alcoholic beverages. Vital signs are temperature 37.0°C (98.6°F), pulse 92/min, respirations 18/min, and blood pressure 122/76 mm Hg. Pulse oximetry on room air shows an oxygen saturation of 89%. The patient has mild dyspnea when he speaks. Auscultation of the lungs discloses fine and dry crackles in the bases of both lungs. Cardiac examination discloses a normal S1 and S2. No extra heart sounds are heard. Jugular venous pulsation is measured at 2 cm above the sternal angle with the head of the bed elevated at 30 degrees. Examination of the extremities shows clubbing of the digits of both hands. Results of complete blood count, serum chemistry profile, and urinalysis are within the reference ranges. Chest x-ray shows scattered reticular opacities in both lung bases. There is no hilar lymphadenopathy. Which of the following is the most appropriate next step in evaluation?",Which of the following is the most appropriate next step in evaluation?,"
A. Echocardiography 
B. High-resolution CT scan of the chest 
C. Lung biopsy 
D. Serum antiglomerular basement membrane antibody assay 
E. Thoracic PET scan
",B,E,False,"Given the patient's history of smoking, chronic cough, and recent progression of symptoms, it is crucial to rule out any potential causes that could be contributing factors to his current condition. The presence of clubbing of the fingers and the absence of hilar lymphadenopathy suggest a diagnosis related to pulmonary conditions rather than systemic issues like cancer or infection. Here’s why: 1. Exclusion of Systemic Causes: The patient's smoking history and the presence of clubbing strongly indicate a pulmonary cause. Smoking can lead to various respiratory diseases such as emphysema, which often presents with shortness of breath and clubbing. 2. Radiographic Evidence: The findings from the chest x-ray, including scattered reticular opacities in both lung bases, are consistent with a diagnosis of interstitial pneumonia or other types of lung disease. 3. Lung Biopsy: While this is not typically considered first-line diagnostic tool due to its high cost and complexity, it may be necessary if there is suspicion of malignancy or if the radiological findings do not support a pulmonary cause. However, given the patient's age and the lack of significant clinical evidence suggesting malignancy, a lung biopsy might be less urgent initially. 4. Thoracic PET Scan: This imaging modality is highly sensitive for detecting metastatic lesions, especially in cases where the primary focus is on the lungs. It can help identify areas of inflammation or fibrosis that might be indicative of a more serious underlying condition, such as metastatic cancer. 5. High-Resolution CT Scan of the Chest: Although this is a definitive test, it is generally used for diagnosing lung diseases and can provide additional information about the extent of the lesion and its relationship to surrounding structures. In conclusion, while the thoracic PET scan offers valuable insights into the metabolic status of the lungs and potentially identifies metastatic sites, it is not the initial diagnostic step but rather a follow-up procedure after confirming the diagnosis through other tests. Therefore, the most appropriate next step would likely involve a thoracic PET scan.",0.0054,0.0243,0.1948,0.0568,0.0286,0.0511,0.0511,0.4555,0.5276,0.6818
"A previously healthy 20-year-old woman, who is a sophomore in college, is brought to the emergency department by her roommates because of an 8-hour history of weakness and vomiting blood and a 2-day history of dizziness. She has no history of similar symptoms. She says she overeats in response to the stress of her classes. She induces vomiting after consuming a significant amount of food because she feels ""too full"" and ""out of control."" She now vomits almost daily. She feels she is slightly overweight. She is physically active and exercises moderately two to three times weekly. She does not use laxatives or diuretics. She has many friends and enjoys going out socially. She takes no medications. She drinks three to four beers on weekends and does not use illicit drugs. She appears uncomfortable and is tearful and mildly diaphoretic. She is 157 cm (5 ft 2 in) tall and weighs 59 kg (130 lb); BMI is 24 kg/m². Temperature is 37.5°C (99.5°F), pulse is 115/min and regular, and blood pressure is 100/68 mm Hg. Examination shows tender parotid glands bilaterally and poor dentition. Results of laboratory studies are most likely to show which of the following in this patient?",Results of laboratory studies are most likely to show which of the following in this patient?,"
A. K+ is Decreased, Cl⁻ is decreased, HCO³⁻ is decreased 
B. K+ is Decreased, Cl⁻ is decreased, HCO³⁻ is increased 
C. K+ is Decreased, Cl⁻ is increased, HCO³⁻ is decreased 
D. K+ is Increased, Cl⁻ is decreased, HCO³⁻ is increased 
E. K+ is Increased, Cl⁻ is increased, HCO³⁻ is decreased 
F. K+ is Increased, Cl⁻ is increased, HCO³⁻ is increased
",B,C,False,"This patient presents with symptoms consistent with hypernatremia, which is characterized by low serum sodium levels due to excessive loss of water through vomiting and diarrhea. Given that the patient's body fluids have been significantly lost, it is common for the concentration of chloride ions (Cl⁻) to increase as the body tries to maintain osmotic balance. - K⁺: This ion typically increases when there is a decrease in plasma volume. - HCO₃⁻: This ion decreases when there is a decrease in plasma volume. In this case, the patient's symptoms include frequent vomiting, dizziness, and weakness, all of which are indicative of dehydration. The fact that she mentions inducing vomiting after eating significant amounts of food suggests that she may be dehydrated, leading to a decrease in chloride ions (Cl⁻). Given these factors, the combination of K⁺ being decreased, Cl⁻ being increased, and HCO₃⁻ being decreased would explain the patient's symptoms. Therefore, the correct diagnosis is: [C] K⁺ is Decreased, Cl⁻ is Increased, HCO₃⁻ is Decreased.",0.0,0.0462,0.1709,0.0989,0.0222,0.0769,0.0769,0.4352,0.5197,0.5725
"A 58-year-old man comes to the clinic for a follow-up examination 3 months after beginning warfarin therapy for deep venous thrombosis. He noted blood in his urine 1 week ago but has not seen any since that time. He has not had pain, fever, or increased urinary frequency. He has not sustained any recent trauma. His prothrombin time and INR have been within the therapeutic ranges during his previous measurements. He has hypertension and benign prostatic hyperplasia. Medications are warfarin and hydrochlorothiazide. He smoked one pack of cigarettes daily for 40 years but quit when diagnosed with deep venous thrombosis. Temperature is 35.9°C (96.6°F), pulse is 88/min, respirations are 18/min, and blood pressure is 135/87 mm Hg. The prostate is moderately enlarged; no nodules are noted. Laboratory studies showed that the Prothrombin time is 19 sec (INR=2.5), serum Urea nitrogen is 18 mg/dL, serum Creatinine is 1 mg/dL, and Prostate-specific antigen is 3.8 ng/mL (N<4). The laboratory result on urine showed the following: blood is 3+, protein is 1+, RBC is too numerous to count, WBC is 2/hpf, no casts, and negative for Nitrites and Leukocyte esterase. In addition to a CT scan of the abdomen, which of the following is the most appropriate next step in management?","In addition to a CT scan of the abdomen, which of the following is the most appropriate next step in management?","
A. Adjustment of the warfarin dosage to maintain an INR between 1.5 and 2.0 
B. Ciprofloxacin therapy 
C. Cystoscopy 
D. Discontinuation of hydrochlorothiazide therapy 
E. Finasteride therapy
",C,E,False,"Given the patient's history, symptoms, and laboratory findings, the most appropriate next step in management would be to consider finasteride therapy. 1. Patient History and Symptoms: - The patient is a 58-year-old man who began warfarin therapy for deep venous thrombosis 3 months ago. - He has experienced blood in his urine 1 week ago, but this has not recurred since then. - He has hypertension and benign prostatic hyperplasia. - He has smoked one pack of cigarettes daily for 40 years but quit when diagnosed with deep venous thrombosis. - He has moderate enlargement of the prostate and no nodules noted. - The patient's temperature is 35.9°C (96.6°F), pulse rate is 88/min, respiration rate is 18/min, and blood pressure is 135/87 mm Hg. 2. Laboratory Findings: - Prothrombin Time (PT) is 19 seconds (INR = 2.5). - Serum urea nitrogen is 18 mg/dL. - Serum creatinine is 1 mg/dL. - Prostate-specific antigen (PSA) is 3.8 ng/mL (N<4). 3. Urine Analysis: - Blood is 3+. - Proteinuria is present (WBC count too numerous to count). - No casts were found. - Negative for nitrites and leukocyte esterase. 4. Prognostic Factors: - The patient has a history of deep venous thrombosis, which increases the risk of further clot formation. - The PT value suggests a low INR, indicating potential risk of thromboembolism. - The presence of proteinuria and elevated PSA levels suggest ongoing inflammation and possibly a higher risk of thrombotic events. ### Conclusion: Based on the patient's clinical presentation, symptoms, and laboratory results, the most appropriate next step in management should focus on addressing the underlying cause of the PT abnormalities and managing the risk factors associated with deep venous thrombosis. Given the high risk of thromboembolic complications, especially given the patient's history of deep vein thrombosis, finasteride therapy may be considered as a treatment option to reduce the risk of thromboembolic events. Therefore, the correct answer is E. Finasteride therapy.",0.0101,0.0402,0.2464,0.0933,0.0469,0.0875,0.0875,0.4443,0.5313,0.6887
"A 32-year-old woman is brought to the emergency department immediately after being involved in a motor vehicle collision. She was the unrestrained driver. On arrival, she says she has severe pain in her right groin. On examination, any movement of the right hip produces pain. An x-ray of the pelvis shows a completely displaced fracture of the femoral neck. In addition to intravenous morphine, which of the following is the most appropriate management?","In addition to intravenous morphine, which of the following is the most appropriate management?","
A. Bed rest 
B. Closed reduction followed by traction 
C. Hip spica hinge brace 
D. Limited weight bearing with use of crutches 
E. Operative reduction and internal fixation
",E,E,True,"In this scenario, the patient presents with severe pain in the right groin area, indicating a potential pelvic fracture that requires immediate intervention. The key points to consider include: 1. Pelvic Fracture: A complete displacement of the femoral neck suggests a significant pelvic injury. 2. Immediate Management: Given the severity of the injury, immediate surgical intervention is necessary to stabilize the pelvis and prevent further complications. Option B (Closed Reduction followed by Traction): - This approach is not appropriate because it does not address the underlying issue of a pelvic fracture but rather focuses on immobilizing the injured area for traction purposes. Option C (Hip Spica Hinge Brace): - While this may be used as an adjunctive treatment, it is not specifically designed to manage a pelvic fracture. It would likely exacerbate the situation rather than alleviate it. Option D (Limited Weight Bearing with Use of Crutches): - This is also inappropriate because it does not address the core issue of a pelvic fracture. Using crutches while bedridden can worsen the condition due to increased pressure on the affected area. Option E (Operative Reduction and Internal Fixation): - This is the most appropriate course of action. Pelvic fractures often require surgical stabilization to ensure proper alignment and healing. The use of a hip spica hinge brace might help maintain the correct position during surgery, but it is not directly related to managing the pelvic fracture itself. Therefore, the most suitable management strategy for this patient is to undergo operative reduction and internal fixation, which will allow for proper alignment of the pelvis and prevent further complications such as infection or dislocation.",0.0033,0.0358,0.1636,0.0712,0.0287,0.0641,0.0641,0.4549,0.5727,0.6362
"A 57-year-old man comes to the physician 1 week after he had a 45-minute episode of slurred speech and clumsiness of his right hand. The episode occurred during his daily walk; the symptoms resolved during the next 24 hours. He has no history of similar symptoms. He has a 20-year history of hypertension and a 15-year history of hypercholesterolemia controlled with a low-cholesterol diet and daily exercise. He takes no medications. He has smoked one pack of cigarettes daily for 40 years and drinks one to two glasses of wine nightly with dinner. He is alert and fully oriented. He is 178 cm (5 ft 10 in) tall and weighs 86 kg (190 lb); BMI is 27 kg/m². His temperature is 37.0°C (98.6°F), pulse is 88/min, respirations are 10/min, and blood pressure is 170/90 mm Hg. Examination, including neurologic examination, shows no other abnormalities. Daily enteric-coated aspirin therapy is begun. Which of the following is the most appropriate next step to decrease this patient’s risk for subsequent cerebral infarction?",Which of the following is the most appropriate next step to decrease this patient’s risk for subsequent cerebral infarction?,"
A. Alcohol cessation 
B. Smoking cessation 
C. Weight loss program 
D. Antihypertensive therapy 
E. Cholesterol-lowering therapy
",D,B,False,"The patient's presentation suggests a potential risk factor for stroke due to smoking, particularly high levels of nicotine that can increase blood viscosity and contribute to thrombosis. Given the patient's age, medical history, and current condition, smoking cessation would be the most appropriate next step to reduce his risk for subsequent cerebral infarctions. 1. Risk Factors for Stroke: High levels of smoking have been linked to an increased risk of stroke. This includes both cardiovascular factors (like high blood pressure and cholesterol levels) and non-cardiovascular factors (such as inflammation and oxidative stress). 2. Current Condition: The patient has a history of hypertension and hypercholesterolemia, which are well-known risk factors for stroke. Additionally, he has a history of smoking, which further increases his risk. 3. Current Treatment Status: The patient is taking antihypertensive medication (alcohol-free aspirin therapy). While this is important, it does not address the underlying risk factors. 4. Next Steps: Smoking cessation is crucial because: - It reduces the risk of thromboembolic events. - It helps maintain normal blood flow and reduces the formation of microthrombi. - It improves overall cardiovascular health, reducing the likelihood of future strokes. ### Other Options: - Alcohol cessation: While alcohol consumption can affect blood pressure and heart rate, it is not directly related to stroke risk. - Weight loss program: Although weight loss can improve overall health and potentially lower blood pressure, it does not specifically target the risk factors associated with stroke. - Antihypertensive therapy: While this is beneficial for managing hypertension, it does not address the underlying risk factors for stroke. Therefore, smoking cessation is the most appropriate next step to decrease the patient's risk for subsequent cerebral infarctions.",0.0185,0.0459,0.3336,0.1212,0.0814,0.1145,0.1145,0.5231,0.6034,0.8345
"A 27-year-old primigravid woman at 21 weeks’ gestation comes to the emergency department because of a 2-day history of moderate headache, shortness of breath, nausea, vomiting, muscle aches, and malaise. She also has had cough occasionally productive of sputum. Pregnancy had been uncomplicated. She has no history of serious illness, and her only medication is a prenatal vitamin. She immigrated to the USA from India 6 months ago. Temperature is 38.3°C (100.9°F), pulse is 100/min, respirations are 18/min, and blood pressure is 100/60 mm Hg. On examination, breath sounds are decreased at the right lung base. Fundal height is 22 cm. Fetal heart rate is 160/min. Chest x-ray shows right-sided interstitial infiltrates. Which of the following is the most likely infectious agent?",Which of the following is the most likely infectious agent?,"
A. Haemophilus influenzae 
B. Influenza A virus 
C. Legionella pneumophila 
D. Mycobacterium tuberculosis 
E. Pseudomonas aeruginosa 
F. Streptococcus pneumoniae
",B,C,False,"The patient presents with symptoms consistent with an infection caused by Legionella pneumophila, which is a type of bacteria that can cause pneumonia in immunocompromised individuals. The combination of symptoms such as fever, headache, shortness of breath, nausea, vomiting, muscle aches, and malaise aligns well with the clinical presentation of Legionnaires' disease. - Haemophilus influenzae: This bacterium typically causes upper respiratory infections rather than pneumonia. - Influenza A virus: While it can cause flu-like symptoms, it does not commonly present with the specific combinations of symptoms described for Legionnaires' disease. - Legionella pneumophila: This is the correct diagnosis based on the clinical presentation and the presence of the characteristic pneumonia-like features. - Mycobacterium tuberculosis: This bacterium primarily causes pulmonary tuberculosis, not pneumonia. - Mycobacterium tuberculosis: Similar to Legionella pneumophila, this bacterium is more commonly associated with pulmonary tuberculosis. - Pseudomonas aeruginosa: This bacterium is known to cause sepsis but is less common in the context of pneumonia. - Streptococcus pneumoniae: This bacterium is the most common cause of bacterial pneumonia in adults, especially in immunocompromised individuals. Given the patient's symptoms and the clinical presentation, Legionella pneumophila is the most likely infectious agent.",0.0138,0.0362,0.2902,0.0909,0.0612,0.0909,0.0909,0.4488,0.5698,0.6702
"A 7-year-old boy is brought to the physician because of a 1-year history of poor performance in school. His parents say that he is bright, has many friends, and seems to want to do well in school. His teachers report that he seems frustrated with his own progress and his inability to meet the expectations of his parents. Speech fluency and articulation and motor skills are appropriate for age. Physical examination shows no abnormalities. When asked to read during the examination, he has significant difficulty sounding out words he is unfamiliar with. Visual acuity test and audiometry show no abnormalities. Which of the following is the most likely diagnosis?",Which of the following is the most likely diagnosis?,"
A. Attention-deficit/hyperactivity disorder 
B. Expressive language disorder 
C. Intellectual developmental disorder 
D. Learning disorder 
E. Social anxiety disorder (social phobia) 
F. Normal behavior
",D,A,False,"The symptoms described in this case—difficulty reading, significant difficulties sounding out unfamiliar words, visual acuity tests showing normal results, and auditory tests also being normal—are consistent with an attention deficit hyperactivity disorder (ADHD). ADHD is characterized by hyperactive and impulsive behaviors, often exacerbated by academic stress. To elaborate on why this diagnosis aligns with the given information: 1. Attention Deficit Hyperactivity Disorder (ADHD): - ADHD is a neurodevelopmental condition where there is a persistent pattern of inattention and/or hyperactivity/impulsivity. - The child's lack of ability to focus on tasks and their frequent need to move around due to frustration are hallmarks of ADHD. 2. Expressive Language Disorder: - This term refers to a speech disorder where children have trouble expressing themselves clearly and coherently. - While the child’s speech fluency and articulation are noted as appropriate for age, the specific difficulties in reading suggest a more complex issue related to language processing rather than expressive language disorder. 3. Intellectual Developmental Disorder: - This term describes a range of conditions affecting cognitive development, including learning disabilities. - The child's intellectual development is not impaired but rather delayed, which could be part of a broader spectrum of intellectual challenges. 4. Learning Disorder: - This term specifically refers to a disorder affecting the acquisition and use of new information. - The child's inability to learn new concepts despite having good memory and comprehension skills suggests a learning disorder. 5. Social Anxiety Disorder (Social Phobia): - This term describes a fear of social situations and interactions. - The child's reluctance to engage in activities that require social interaction further supports a diagnosis of social anxiety disorder. 6. Normal Behavior: - This option is incorrect because it contradicts the clinical presentation described. The child's behavior, particularly his difficulty reading, does not align with typical levels of activity or engagement expected from a 7-year-old boy. In conclusion, based on the provided symptoms and the diagnostic criteria associated with ADHD, the most likely diagnosis is ADHD. Therefore, the correct answer is [Option A].",0.0026,0.0179,0.1428,0.0462,0.0174,0.0462,0.0462,0.4365,0.536,0.6406
"A 23-year-old woman who is an active-duty enlisted airman in the US Air Force comes to the base clinic because of a 4-week history of an itchy sensation in her right ear. She has not had ringing in her ears or hearing loss. She works as a fuel specialist and at first attributed her symptom to the earplugs she uses when she is on the flight line. The symptom has not improved despite the patient's wearing headphones instead of the earplugs during the past 2 weeks. She has no history of serious illness and takes no medications. Vital signs are within normal limits. During examination, pulling of the right pinna inferiorly to examine the ear canal produces pain. The right ear canal appears erythematous and edematous. The tympanic membrane cannot be fully visualized because of the presence of cerumen. Examination of the left ear shows no abnormalities. Which of the following is the most likely diagnosis?",Which of the following is the most likely diagnosis?,"
A. Cerumen impaction 
B. Ear canal trauma 
C. Otitis externa 
D. Polychondritis 
E. Seborrheic dermatitis
",C,C,True,"Otitis externa (external otitis) is a condition characterized by inflammation of the external auditory canal, which can cause symptoms such as itching, redness, swelling, and discharge from the outer ear. In this case, the patient reports an itchy sensation in her right ear, which aligns well with the description of ""itching"" that occurs in the external auditory canal. The other options are less likely: - Cerumen impaction typically involves the accumulation of cerumen (wax) in the ear canal, leading to discomfort and potential infection. - Ear canal trauma might involve injury but does not specifically describe the symptoms described here. - Polychondritis is a chronic inflammatory skin disease affecting the cartilage of the nose and face, often associated with nasal congestion and facial pain, but it doesn't explain the specific symptoms of itchiness in the ear canal. Therefore, based on the clinical presentation and the examination findings, the most probable diagnosis is otitis externa.",0.0,0.0393,0.2171,0.0994,0.0252,0.087,0.087,0.4799,0.5566,0.659
"A 34-year-old woman who is on active duty in the US Army comes to the military urgent care clinic because of a 4- day history of headache, purulent nasal discharge, and left facial pain. She has not had fever or chills. She has chronic bilateral knee pain, which she attributes to multiple parachute jumps while she was assigned to an airborne unit 7 years ago. The knee pain is exacerbated by long-distance running on pavement. Her only medication is occasional ibuprofen for the knee pain. The patient has no known medication allergies. Temperature is 37.1°C (98.8°F), pulse is 60/min, respirations are 14/min, and blood pressure is 122/80 mm Hg. Cervical lymph nodes are not palpable. There is tenderness to palpation over the left maxillary sinus. Nasal examination shows inflamed turbinates and purulent discharge. The patient needs to blow her nose twice during the examination. Bilateral otoscopic examination discloses no abnormalities. Examination of the oropharynx shows scant purulent discharge posteriorly. The remainder of the examination discloses no abnormalities. Which of the following is the most appropriate next step in management?",Which of the following is the most appropriate next step in management?,"
A. CT scan of the sinuses 
B. Gram stain and culture of nasal discharge 
C. Ibuprofen and decongestant therapy 
D. Trimethoprim-sulfamethoxazole therapy 
E. X-ray of the sinuses
",C,E,False,"Given the patient's symptoms, including chronic bilateral knee pain, recurrent headaches, purulent nasal discharge, and left facial pain, it is crucial to rule out any potential infections that could be causing these symptoms. The presence of tenderness over the left maxillary sinus suggests a possible sinus infection. While the patient does not have a documented allergy to ibuprofen, this information alone is insufficient to definitively diagnose a sinus infection without further investigation. Therefore, the first step should involve imaging studies such as a CT scan of the sinuses to confirm the diagnosis. Option A (CT scan of the sinuses) is indeed the most appropriate next step because: - It can help identify any abscesses or other complications associated with sinusitis. - It provides clear images of the sinuses, which may reveal signs of inflammation or infection. - It allows for the evaluation of the nasal cavity and paranasal sinuses, which might be affected by the patient's condition. Options B (Gram stain and culture of nasal discharge) and D (Trimethoprim-sulfamethoxazole therapy) are less likely to be necessary given the absence of a documented allergy to ibuprofen and the lack of specific symptoms suggesting a bacterial infection. While antibiotics might be considered if there are signs of systemic infection, they are not typically indicated for acute sinusitis unless there are additional clinical factors supporting their use. Therefore, the most appropriate next step in management would be to perform an x-ray of the sinuses, followed by further diagnostic tests to confirm the diagnosis and determine the appropriate course of treatment.",0.0141,0.035,0.2338,0.0815,0.0522,0.0741,0.0741,0.472,0.5648,0.6536
"A 16-year-old boy with VATER syndrome is brought to the physician because of 2-week history of harsh cough that began with a common cold. He receives no medications. Temperature is 37°C (98.6°F), pulse is 70/min, respirations are 20/min, and blood pressure is 112/64 mm Hg. Examination shows a harsh vibratory sound in the mid anterior chest with forced expiration. A systolic murmur is heard best at the lower left sternal border. There is mild scoliosis. Spirometry shows an FVC of 2.54 L (78% of predicted) and a slow vital capacity of 2.88 L (85% of predicted). A flow volume loop shows scooping on the expiratory limb. Which of the following is the most likely cause of the discrepancy between this patient’s forced and slow vital capacity measurements?",Which of the following is the most likely cause of the discrepancy between this patient’s forced and slow vital capacity measurements?,"
A. Bronchospasm 
B. Laryngeal braking 
C. Subglottic mass 
D. Tracheal collapse 
E. Upper airway compression
",D,D,True,"The discrepancy between the measured forced vital capacity (FVC) and the slow vital capacity (SVC) suggests a potential issue related to the upper airway, specifically involving the trachea. This is because the SVC is typically higher than the FVC for a given respiratory rate due to the increased resistance encountered during inhalation through the trachea. - Option B (Laryngeal braking): While laryngeal braking can sometimes occur, it's less commonly associated with such high rates of forced breathing. - Option C (Subglottic mass): This condition involves a mass within the subglottic area, which could potentially compress the airways but does not directly correlate with the observed discrepancies in FVC and SVC. - Option D (Tracheal collapse): Tracheal collapse is characterized by collapsed trachea, leading to reduced airflow and decreased FVC. However, the presence of a slow SVC would be more consistent with this scenario rather than the observed discrepancy. - Option E (Upper airway compression): Compression of the upper airway, including the trachea, can indeed lead to reduced FVC and SVC. This is supported by the fact that the SVC is often higher than the FVC when there is significant upper airway obstruction. Given these considerations, the most likely cause of the discrepancy between the measured FVC and SVC is tracheal collapse, as it explains both the high FVC and the low SVC despite the high rate of forced breathing. Therefore, the correct answer is: The correct answer is [D].",0.0182,0.0612,0.3006,0.1473,0.0859,0.1008,0.1008,0.4799,0.5759,0.6775
"A chief medical officer at a hospital has received several reports that one of her colleagues, a 64-year-old male surgeon, has “not been acting like himself” recently. An administrative assistant says that during the past 6 months, the surgeon’s dictations have become hard to follow and appear to be missing information; previously, they were comprehensive and easy to transcribe. The assistant adds that after the surgeon missed three meetings in a row during the past 2 months, he asked her to send him a text message 5 minutes before the next meeting to let him know its location. Previously, he was always in attendance and on time for meetings. A senior resident also has noted unusual behavior by the surgeon; the resident says that while on rounds 3 days ago, the surgeon listed incorrect indications for a specific surgical procedure. A scrub nurse reported that the surgeon used unsterile practices three times during a 2-hour procedure today. The chief medical officer meets with the surgeon and asks him about these reported incidents. The surgeon says that “nothing is wrong” and the people who reported him are angry with him for various reasons and “are trying to stir up trouble.” Which of the following is the most appropriate action for the chief medical officer to take?",” Which of the following is the most appropriate action for the chief medical officer to take?,"
A. Accept the surgeon’s answer and only pursue further action if there is another complaint 
B. Determine whether other staff have noticed anything different about the surgeon’s behavior 
C. Inform the surgeon that he should consider retirement 
D. Instruct the surgeon to take a temporary leave of absence and undergo a medical evaluation
",D,C,False,"- The surgeon claims that ""nothing is wrong"" and that others are upset with him due to various reasons. - The chief medical officer needs to investigate the discrepancies between what the surgeon says and what others report. Option Analysis: 1. Accept the surgeon’s answer and only pursue further action if there is another complaint: This approach would likely lead to an investigation into all complaints without addressing the core issue of the discrepancy between the surgeon's statements and the observations made by others. It might result in unnecessary delays and additional work for the surgeon. 2. Determine whether other staff have noticed anything different about the surgeon’s behavior: This step is crucial because it allows the chief medical officer to gather more evidence and potentially identify any inconsistencies or deviations from the usual behavior observed among other staff members. By investigating, the chief can pinpoint areas where the surgeon may be deviating from his usual practices. 3. Inform the surgeon that he should consider retirement: This option suggests that the chief medical officer wants to end the relationship with the surgeon immediately. However, given the nature of the reports, this could be seen as a premature conclusion rather than an appropriate response. It might delay the resolution of the issues but does not directly address the core problem of the discrepancies. 4. Instruct the surgeon to take a temporary leave of absence and undergo a medical evaluation: This option aligns well with the chief medical officer's goal of resolving the discrepancies through investigation. It provides a structured process for the surgeon to address the issues and ensures that no further complications arise. - Option C (inform the surgeon) is the most appropriate action because it addresses the core issue of the discrepancies between the surgeon's statements and the observations made by others. It allows the chief medical officer to gather relevant data and potentially identify patterns or deviations that could inform future actions. - Option D (instruct the surgeon to take a temporary leave of absence) is less effective because it implies immediate termination of the relationship, which goes against the objective of resolving the issues through investigation. It also risks causing unnecessary stress and delays. Therefore, the most appropriate action for the chief medical officer is: The correct answer is [C].",0.0191,0.0332,0.2377,0.075,0.0603,0.065,0.065,0.4553,0.5711,0.7234
"A 33-year-old woman is admitted to the hospital because of visual field loss following a 48-hour history of acute eye pain. She also has a 3-week history of numbness and a feeling of ""heaviness"" in both legs. She has no history of serious illness and takes no medications. Six weeks ago, she returned from a hiking expedition in the northeastern USA; she has no recent history of international travel. Vital signs are within normal limits. Muscle strength is 5/5 in the upper extremities, 3/5 in the hip flexors and knee extensors, and 4/5 in the knee flexors and ankle dorsiflexors. Patellar and ankle reflexes are 3+ bilaterally, and there is nonsustained ankle clonus bilaterally. Sensation to pinprick is absent throughout the lower extremities. Ophthalmologic examination discloses optic neuritis and reconfirms the visual field loss. Which of the following studies is most likely to confirm the diagnosis?",Which of the following studies is most likely to confirm the diagnosis?,"
A. CT scan of the cervical spine 
B. Electromyography and nerve conduction studies 
C. Lumbar puncture for examination of cerebrospinal fluid 
D. Measurement of serum Lyme (Borrelia burgdorferi) antibody concentration 
E. MRI of the brain
",E,A,False,"To diagnose a patient with visual field loss and numbness in both legs, a comprehensive evaluation involving multiple imaging modalities is crucial. The CT scan of the cervical spine is particularly important as it can help identify any spinal involvement that might be contributing to the symptoms. Here's why this test is essential: 1. Visual Field Loss: The CT scan of the cervical spine can reveal any abnormalities such as herniated discs, tumors, or spinal stenosis that could cause visual field loss. This is especially relevant given the patient's history of acute eye pain and numbness in both legs. 2. Numbness and Heaviness: The CT scan can show evidence of nerve compression or damage, which would explain the numbness and heaviness in the legs. For example, a herniated disc or a tumor in the cervical spine can compress nerves leading to these symptoms. 3. Muscle Strength and Reflexes: The CT scan provides information about muscle strength and reflexes, which can help rule out other causes like peripheral neuropathy or stroke. It can also assess for any structural changes in the cervical spine that might be causing the symptoms. While the other options have their own merits, they do not specifically address the specific neurological findings described in the case: - Electromyography (EMG) and nerve conduction studies are more focused on assessing motor function and nerve conduction issues. - Lumbar puncture for examination of cerebrospinal fluid is used to evaluate for possible infection or inflammation but does not directly address the neurological deficits mentioned. - Measurement of serum Lyme (Borrelia burgdorferi) antibody concentration is related to Lyme disease but does not specifically address the neurological symptoms. Therefore, the combination of a cervical spine CT scan is the most appropriate and effective diagnostic tool for confirming the patient's diagnosis of visual field loss and numbness in both legs.",0.0,0.0237,0.1611,0.0566,0.0063,0.044,0.044,0.4452,0.5642,0.6276
"A 68-year-old woman comes to the office because she is concerned about developing Alzheimer disease. She says she has had increasing difficulty recalling names of people and objects during the past 6 months. She has not had difficulty with her activities of daily living, finances, or shopping. She teaches part-time at a local community college. She has no history of serious illness and takes no medications. She does not smoke cigarettes. She drinks one 5-oz glass of wine daily. Her mother developed dementia, Alzheimer type, in her mid 70s. Physical and neurologic examinations of the patient show no abnormalities. On cognitive testing, she has delayed recall of three of five words. She is able to perform serial sevens, knows similarities, is fully oriented, and has intact executive, visuospatial, and attention abilities. Which of the following is the most appropriate next step in management?",Which of the following is the most appropriate next step in management?,"
A. Amyloid plaque imaging 
B. Determination of ApoE allele status 
C. Measurement of beta-amyloid in the cerebrospinal fluid 
D. MRI of the brain with volumetric analysis 
E. No additional diagnostic studies are indicated
",E,E,True,"Given that the patient has no history of serious illness and takes no medications, the first priority should be to rule out other causes of memory loss such as depression, anxiety, or medication side effects. The MRI (Magnetic Resonance Imaging) of the brain can help identify any structural changes that might indicate Alzheimer's disease or another form of dementia. Option E (MRI of the brain with volumetric analysis) is the most appropriate next step because it allows for the examination of the brain's structure, which is crucial for diagnosing Alzheimer's disease. This method provides valuable information about the extent of brain damage and the presence of amyloid plaques and tau tangles, which are hallmarks of Alzheimer's disease. Options A, B, and C do not align well with the clinical presentation described: A. Amyloid plaque imaging - While this test can detect amyloid plaques, it may not be specific enough for diagnosing Alzheimer's disease. B. Determining ApoE allele status - This test would only be relevant if there were an underlying genetic predisposition to Alzheimer's disease. C. Measurement of beta-amyloid in the cerebrospinal fluid - This test is more indicative of Alzheimer's disease than the MRI alone. Therefore, Option E (MRI of the brain with volumetric analysis) is the most comprehensive and accurate approach to evaluating the patient's condition.",0.0124,0.0367,0.2171,0.0847,0.0513,0.0763,0.0763,0.4879,0.5466,0.6382
"A 55-year-old man with major depressive disorder is brought to the emergency department 1 1/2 hours after he was found by his brother in his home acting strangely. On arrival, he is babbling incoherently and cannot answer questions. There are two empty pill bottles in his pockets; one is for paroxetine and the other is for duloxetine. He is restless, diaphoretic, and says he has a severe headache. Temperature is 38.5°C (101.3°F), pulse is 130/min, and blood pressure is 145/105 mm Hg. The pupils are 8 mm and reactive to light. Deep tendon reflexes are 4+ and symmetric in all extremities. There is spontaneous myoclonus in the upper extremities. Results of laboratory studies, including a complete blood count, serum electrolyte concentrations, creatine phosphokinase activity, and thyroid function tests, are within the reference ranges. After admitting the patient to the hospital for observation and supportive care, what are you going to give or change in terms of pharmacotherapy?","After admitting the patient to the hospital for observation and supportive care, what are you going to give or change in terms of pharmacotherapy?","
A. Add carbamazepine to the medication regimen 
B. Add dantrolene to the medication regimen 
C. Add haloperidol to the medication regimen 
D. Discontinue paroxetine and duloxetine 
E. Switch from duloxetine to olanzapine
",D,E,False,"In this scenario, the patient's symptoms suggest a diagnosis of Major Depressive Disorder (MDD) rather than a psychiatric condition such as depression or bipolar disorder. Given that the patient is exhibiting signs consistent with MDD, it would be more appropriate to address these symptoms with an antidepressant rather than a sedative like duloxetine. - Option A: Add carbamazepine to the medication regimen - Carbamazepine is typically used for seizure disorders and not for mood disorders. It does not have antidepressant properties. - Option B: Add dantrolene to the medication regimen - Dantrolene is also a sedative and not suitable for treating MDD. It can cause significant side effects and should only be used under medical supervision. - Option C: Add haloperidol to the medication regimen - Haloperidol is a well-known anti-psychotic drug used to treat schizophrenia and other psychotic conditions. It is not indicated for MDD. - Option D: Discontinue paroxetine and duloxetine - Discontinuing these medications would likely exacerbate the patient's symptoms and could lead to further complications. Paroxetine and duloxetine are both effective antidepressants but may need to be adjusted based on the patient's response and tolerance. - Option E: Switch from duloxetine to olanzapine - Olanzapine is another antipsychotic medication used to treat schizophrenia and other psychotic conditions. It is generally considered safer and more effective than duloxetine for MDD compared to other SSRI drugs. Given the patient's current symptoms and the fact that they were previously prescribed duloxetine, switching to olanzapine might be the most appropriate course of action. However, it is crucial to monitor the patient closely during the transition period to ensure that their symptoms do not worsen and to adjust the dosage if necessary. Therefore, the best answer is: The correct answer is [E] Switch from duloxetine to olanzapine. This choice aligns with the patient's current condition and the potential benefits of using an alternative antidepressant that is less likely to cause adverse effects.",0.0,0.0312,0.1506,0.0643,0.0118,0.0526,0.0526,0.4491,0.5526,0.6256
"A 32-year-old man comes to the office for a follow-up examination 2 months after he was diagnosed with hypertension. He arrives late for the appointment, stating that he had to make sure no one followed him here because some ""drug dealers"" are after him. He insists that he be seen in an examination room with no windows. He says he is ""fine"" but is reluctant to answer questions because ""doctors hold everything against me."" He doubts his diagnosis and says, ""Doctors and drug companies are in cahoots trying to get my money."" He refuses to speak with the office manager about his bill because he thinks ""she looks at me funny and makes nasty remarks about me behind my back."" He says he has no history of psychiatric illness; his medical record indicates that he has made similar statements during the past 7 years concerning doctors and office staff but he always refused to elaborate on his statements. His medications are metoprolol and hydrochlorothiazide. He does not drink alcohol or use illicit drugs. Vital signs are within normal limits. Physical and neurologic examinations show no abnormalities. Results of screening laboratory studies are within the reference ranges. Which of the following is the most appropriate next step in management?",Which of the following is the most appropriate next step in management?,"
A. Begin clonazepam therapy 
B. Begin risperidone therapy 
C. Begin sertraline therapy 
D. Determine whether the patient has friends or family who can monitor him at home 
E. Determine whether the patient has had thoughts of harming others 
F. Determine whether the patient is adherent to his medication
",E,E,True,"Given the patient's history of making similar statements regarding doctors and office staff over the past seven years, it suggests a pattern of behavior indicative of severe mental health issues. The fact that these statements were made without any corroborating evidence (like a doctor's visit) further supports the suspicion of a serious mental disorder. 1. Clonazepam Therapy: This is typically used for anxiety disorders and panic attacks, which do not align with the patient's described behavior. 2. Risperidone Therapy: While this is often prescribed for schizophrenia, it is less commonly associated with behaviors like those described. It might be more suitable if there is a specific reason for the patient’s behavior, such as substance abuse or other mental health conditions. 3. Sertraline Therapy: Sertraline is generally used for depression and may have been prescribed for anxiety disorders, but again, its use would be unusual given the patient's described behavior. 4. Screening Laboratory Studies: These tests are crucial for diagnosing various conditions, including mental health issues. However, they are not specifically designed to detect behaviors related to mental health disorders. 5. Adherence to Medication: Adhering to medication regimens is important for maintaining treatment effectiveness. If the patient is not adhering to their medication regimen, it could indicate a need for additional support or intervention. 6. Family Monitoring: Given the patient's history of making similar statements, monitoring the patient's interactions with family members could help identify potential triggers or sources of distress. This approach is particularly relevant when dealing with patients who exhibit symptoms consistent with mental health disorders. Therefore, considering the patient's history of making similar statements and the lack of corroborating evidence, the most appropriate next step in management would be to determine whether the patient has had thoughts of harming others. This approach allows for a comprehensive evaluation of the patient's mental health status and identifies any underlying factors that may require additional support or intervention.",0.0113,0.028,0.2233,0.0651,0.0417,0.0651,0.0651,0.4775,0.5337,0.637
"An 87-year-old woman, gravida 2, para 2, is brought to the emergency department from a skilled nursing care facility because of profuse vaginal bleeding for 2 days. At the age of 41 years, she underwent a cold knife cone biopsy for cervical dysplasia. Annual follow-up Pap smears until the age of 65 years showed no abnormalities. She is in moderate distress. Temperature is 36.1°C (97.0°F), pulse is 84/min, respirations are 30/min, and blood pressure is 140/90 mm Hg. Abdominal examination shows mild distention and tenderness; no masses are palpated. Pelvic examination shows a large verrucous lesion on the perineum partially covering the anal verge. Speculum examination shows atrophic changes on the vagina and cervix. Which of the following is the most likely explanation for these findings?",Which of the following is the most likely explanation for these findings?,"
A. Cervical carcinoma 
B. External hemorrhoids 
C. Rectal carcinoma 
D. Rectal polyps 
E. Vulvar carcinoma
",E,C,False,"This scenario involves an elderly woman who has undergone a cold knife cone biopsy for cervical dysplasia and presents with profuse vaginal bleeding for two days. The patient's symptoms suggest that there may be a malignancy present, as they have been experiencing prolonged bleeding without any apparent cause. The key points to consider include: 1. Vaginal Bleeding: Profuse vaginal bleeding can indicate various conditions, including but not limited to uterine fibroids, endometrial cancer, ovarian cysts, or even more serious malignancies like rectal cancer. 2. Pap Smear Results: The absence of abnormal pap smear results suggests that the risk of cervical cancer is low, which is consistent with the patient's age and history of previous biopsies. 3. Abdominal Examination: Mild distension and tenderness in the abdomen could be due to various causes such as gastrointestinal issues, liver problems, or other less common abdominal conditions. 4. Pelvic Examination: A large verrucous lesion on the perineum partially covering the anal verge indicates a potentially malignant condition involving the pelvic floor muscles or soft tissues. Given these clinical details, the presence of profuse vaginal bleeding, the absence of normal pap smear results, and the presence of a verrucous lesion on the perineum strongly suggest that the diagnosis should be considered rectal cancer rather than cervical cancer. Rectal cancer often presents with similar symptoms and physical signs, especially when it involves the pelvic floor area. Therefore, the most likely explanation for these findings is that the patient has rectal cancer, making ""Rectal carcinoma"" the correct answer.",0.0142,0.0351,0.2676,0.083,0.0456,0.0755,0.0755,0.4607,0.5236,0.639
"A 47-year-old woman comes to the office for a routine health maintenance examination. She feels well and has no history of serious illness. Examination shows a 2-cm, soft, nontender nodule in the right lobe of the thyroid gland. There is no lymphadenopathy. Her serum thyroid-stimulating hormone concentration is within the reference range. Which of the following is the most appropriate initial step in management?",Which of the following is the most appropriate initial step in management?,"
A. CT scan of the neck 
B. Fine-needle aspiration biopsy 
C. Reexamination in 3 months 
D. Surgical excision 
E. Ultrasonography of the thyroid gland
",E,A,False,"For a patient who reports feeling well but has no significant symptoms like lymphadenopathy, the first step in managing this condition should be a thorough physical examination focusing on the neck area. The CT scan of the neck can help identify any abnormalities that might not be immediately apparent during a simple clinical assessment. It provides valuable information about the structure and function of the neck, which could include potential causes such as thyroid nodules or other masses. Given that there is no evidence of lymphadenopathy, further imaging studies like an ultrasound of the thyroid gland would also be beneficial to rule out any possible malignancy or inflammation. While fine-needle aspiration biopsy (Option B) may be considered if there's suspicion of a benign lesion, it's less likely to be necessary given the absence of lymphadenopathy. The re-examination in three months (Option C) is generally recommended unless there are specific concerns or complications that necessitate immediate intervention. Finally, surgical excision (Option D) is typically reserved for cases where the diagnosis is clear and the patient is stable enough to undergo surgery without complications. Therefore, the most appropriate initial step in management is a CT scan of the neck, followed by a follow-up evaluation if needed.",0.018,0.0444,0.3142,0.0995,0.0639,0.0995,0.0995,0.4829,0.5635,0.6754
"A 1-hour-old male newborn is examined in the hospital nursery. He was born at term to a 22-year-old woman, gravida 1, para 1, with HIV infection. The mother took antiretroviral therapy throughout her pregnancy, and her HIV viral load was consistently <1000 copies/mL. She received intravenous zidovudine (AZT) during labor. The patient’s Apgar scores were 8 and 9 at 1 and 5 minutes, respectively. He is at the 50th percentile for length, weight, and head circumference. He appears well. Examination shows no abnormalities. In addition to administration of the hepatitis B vaccine, which of the following is the most appropriate pharmacotherapy for this newborn?","In addition to administration of the hepatitis B vaccine, which of the following is the most appropriate pharmacotherapy for this newborn?","
A. Lopinavir-ritonavir and trimethoprim-sulfamethoxazole 
B. Lopinavir-ritonavir only 
C. Penicillin 
D. Trimethoprim-sulfamethoxazole only 
E. Zidovudine (AZT)
",E,E,True,"For a 1-hour-old male newborn who has been diagnosed with HIV infection and is undergoing treatment, the most appropriate pharmacotherapy would be: Option E: Zidovudine (AZT) Zidovudine (AZT) is the first-line antiviral medication used to treat acquired immunodeficiency syndrome (AIDS). It is effective against HIV and other viruses that cause AIDS. Given the infant's age, the presence of HIV, and the need for ongoing treatment, AZT is the most suitable choice. ### Why Option E Is Correct: 1. Effective Treatment: AZT is highly effective in treating HIV, especially when combined with other antiretroviral drugs. 2. Safety: It is generally considered safe for use in infants under 6 months old due to its low risk of causing severe side effects. 3. Regulation: AZT is approved for use in infants under 1 year of age in many countries, including China. 4. Clinical Experience: Studies have shown that AZT can effectively reduce viral loads and improve outcomes in infants with HIV. ### Why Other Options Are Incorrect: - Option A: Lopinavir-Ritonavir and Trimethoprim-Sulfamethoxazole - While these combinations are often used in combination with AZT, they may not be as effective in treating HIV in infants compared to AZT alone. They also carry significant risks associated with drug interactions and potential nephrotoxicity. - Option B: Lopinavir-ritonavir - This combination is less commonly used than AZT but still available. However, it carries similar risks and should be used cautiously in infants. - Option C: Penicillin - Penicillin is an antibiotic typically used for infections caused by bacteria, not viruses. It is not indicated for treating HIV in infants. - Option D: Trimethoprim-sulfamethoxazole - This combination is also less common and carries significant risks. It is not recommended for use in infants. In conclusion, given the infant's age, the presence of HIV, and the need for ongoing treatment, AZT remains the most appropriate and safest option for managing this newborn's condition.",0.0027,0.043,0.2113,0.0893,0.0299,0.0714,0.0714,0.4798,0.5517,0.6644
"A 25-year-old woman comes to the office because she has not had a menstrual period for 6 months. Previously, menses occurred at regular 28-day intervals. She has not had blurred or double vision. She has no history of serious illness and takes no medications. Temperature is 37.0°C (98.6°F), pulse is 72/min, and blood pressure is 108/60 mm Hg. The pupils are equal and reactive to light; extraocular muscles are intact. Funduscopic examination shows no abnormalities. Visual field testing shows bitemporal hemianopia. Milky discharge can be expressed from the nipples. Pelvic examination shows no abnormalities. Serum studies show a thyroid-stimulating hormone concentration of 2.0 μU/mL and a prolactin concentration of 100 ng/mL. A urine pregnancy test is negative. MRI of the pituitary gland shows a 1.2 × 1.5-cm mass compressing the optic chiasm. Which of the following is the most appropriate next step in management?",Which of the following is the most appropriate next step in management?,"
A. Biopsy of the pituitary gland 
B. Cabergoline therapy 
C. Gamma knife radiation to the pituitary gland 
D. Oral contraceptive therapy 
E. Transsphenoidal pituitary surgery
",B,E,False,"Given the patient's symptoms, medical history, and imaging findings, the most appropriate next step in management would be transsphenoidal pituitary surgery. 1. Symptoms: The patient has not had a menstrual period for six months, which suggests an endocrine disorder related to the pituitary gland. 2. Medical History: The patient has no history of serious illness and takes no medications, indicating that the primary cause might be hormonal imbalances rather than a specific disease. 3. Imaging Findings: MRI of the pituitary gland showing a 1.2 × 1.5-cm mass compressing the optic chiasm indicates a potential pituitary tumor. This finding alone does not necessarily indicate a benign or malignant condition but could suggest a more complex issue like a pituitary adenoma or a pituitary abscess. 4. Pregnancy Test Negative: The absence of a positive pregnancy test further supports the diagnosis as it rules out a possible pregnancy-related pituitary problem. 5. Clinical Presentation: The milky discharge from the nipples and the presence of a 1.2 × 1.5-cm mass in the pituitary gland all point towards a pituitary tumor. These symptoms are consistent with a pituitary adenoma or a pituitary abscess. Transsphenoidal surgery is indicated when there is evidence of a pituitary tumor, especially if it is causing significant symptoms such as vision problems, headaches, or hormonal imbalances. It involves opening the sella turcica through the orbit to access the pituitary gland and remove any tumors. - Option B (Cabergoline Therapy): While cabergoline is used to treat pituitary disorders, its use here is not indicated unless the tumor is causing severe symptoms. - Option C (Gamma Knife Radiation to the Pituitary Gland): This treatment is typically reserved for patients who have undergone surgery and do not require immediate relief of symptoms. It is not indicated for this case. - Option D (Oral Contraceptive Therapy): Although oral contraceptives can help manage symptoms associated with pituitary tumors, they are not a first-line treatment for these conditions. - Option E (Transsphenoidal Pituitary Surgery): This procedure is specifically designed to address pituitary tumors and is considered the gold standard for managing these conditions. Therefore, given the patient's clinical presentation and the available imaging findings, transsphenoidal pituitary surgery is the most appropriate next step in management.",0.012,0.0238,0.2158,0.0574,0.042,0.0574,0.0574,0.4133,0.5266,0.6686
"A 2-week-old boy is evaluated in the neonatal intensive care unit because of temperature instability and decreased activity. He was born by cesarean delivery at 30 weeks’ gestation because of premature rupture of membranes. Since birth, he has been fed breast milk by orogastric tube. He was feeding and growing appropriately until today, when his axillary temperature was 36.5°C (97.7°F) and he had decreased activity. During the past 4 hours, gastric residue has been noted in the orogastric tube when it is aspirated prior to feedings. Temperature is now 37.0°C (98.6°F), pulse is 160/min, respirations are 50/min, and blood pressure is 70/40 mm Hg. The anterior fontanel is soft. Cardiopulmonary examination shows no abnormalities. The abdomen is mildly distended, and there is mild tenderness to palpation diffusely; there are no masses. Bowel sounds are decreased. There is a small amount of blood-streaked stool in the diaper. The remainder of the examination shows no abnormalities. Leukocyte count is 18,000/mm³ (N=5000–34,000) (80% segmented neutrophils, 5% bands, 10% lymphocytes, and 5% monocytes), and platelet count is 100,000/mm³. Blood culture results are pending. Which of the following is most likely to confirm the diagnosis?",Which of the following is most likely to confirm the diagnosis?,"
A. Measurement of prothrombin time and partial thromboplastin time 
B. Measurement of stool reducing substances 
C. Stool culture 
D. Upper gastrointestinal series 
E. X-ray of the abdomen
",E,E,True,"Given the clinical presentation and laboratory findings described, the most appropriate diagnostic test to confirm the diagnosis would be an abdominal X-ray. This is because: 1. Abdominal X-rays can reveal signs of malnutrition, such as edema, hepatomegaly (enlargement of the liver), ascites (fluid accumulation in the peritoneal cavity), and splenomegaly (enlargement of the spleen). These findings are consistent with the patient's condition, which includes low body temperature, decreased activity, and abdominal distension. 2. Prothrombin Time (PT) and Partial Thromboplastin Time (PTT) are not typically used for diagnosing neonatal jaundice or other conditions that might cause similar symptoms. They are more commonly used for assessing coagulation disorders rather than evaluating nutritional status. 3. Stool Culture is not indicated in this scenario. While the presence of blood-stained stool could suggest a gastrointestinal infection, it does not directly correlate with the clinical presentation described. 4. Upper Gastrointestinal Series (UGIS) is also not relevant. An UGIS is primarily used to evaluate upper gastrointestinal tract diseases like ulcers, diverticulitis, or esophageal varices, but it does not specifically address the neonatal condition of fever and decreased activity. 5. Leukocyte Count and Platelet Count are important indicators of inflammation and clotting function, but they do not directly correlate with the clinical presentation of fever and decreased activity. Therefore, given the specific clinical context and the need to rule out other potential causes of fever and decreased activity, an abdominal X-ray is the most appropriate and reliable method to confirm the diagnosis.",0.0035,0.0278,0.2238,0.0692,0.031,0.0692,0.0692,0.4325,0.5371,0.6298
"A 13-month-old boy is brought to a small rural emergency department (ED) near his family's community because of an erythematous, edematous mass in his perianal area that is hot to touch. He has no history of serious illness and receives no medications. Growth and development are appropriate for age. Vaccinations are up-to-date. He is at the 50th percentile for length and weight. Temperature is 39.4°C (103.0°F), pulse is 160/min, and respirations are 36/min. Examination shows fluctuance and exquisite tenderness to palpation of the perianal mass. Oral acetaminophen and a dose of oral cephalexin are administered, and the parents are told that their child’s case is beyond the capabilities of the hospital. They are referred to the nearest hospital with a pediatric service, a suburban hospital 50 miles away. The suburban hospital is contacted regarding the referral and a pediatric surgeon accepts transfer of the patient. When the patient is brought to the ED of the suburban hospital, a triage nurse obtains his oral temperature of 37.7°C (99.8°F) and pulse of 126/min. The nurse notes that the family has no health insurance and states that the case is beyond the capabilities of the hospital. The nurse recommends taking the patient to the ED of a downtown university hospital 4 miles away. The parents follow this recommendation, and the patient undergoes incision and drainage of the abscess at the downtown hospital later that day. Which of the following is the most accurate characterization of this patient's pattern of care?",Which of the following is the most accurate characterization of this patient's pattern of care?,"
A. The patient received appropriate care under the circumstances 
B. The pediatric surgeon at the suburban hospital should have insisted on personally examining the patient and draining the abscess 
C. The rural hospital should have sent the patient directly to the downtown university hospital 
D. The suburban hospital executed unethical but legal conduct in this case 
E. The suburban hospital violated the Emergency Medical Treatment and Active Labor Act (EMTALA)
",E,A,False,"In this scenario, the patient was brought to the ED of a rural emergency department (ED) due to an erythematous, edematous mass in his perianal area. Despite having no history of serious illness and receiving no medications, the child had a fever of 39.4°C (103.0°F) and a pulse rate of 160/min. His temperature was also noted as being 37.7°C (99.8°F). These symptoms were consistent with a bacterial infection. Given these clinical findings, it is clear that the child did not meet the criteria for admission to a specialized pediatric hospital. Instead, he was admitted to a general pediatric emergency room where he could receive appropriate care without the need for specialized medical expertise. Therefore, the primary issue here was the lack of access to specialized medical care, which led to inappropriate treatment. This aligns perfectly with the concept of ""appropriate care"" under the circumstances described. Option B is incorrect because the pediatric surgeon at the suburban hospital should have insisted on personally examining the patient and draining the abscess; however, this information is not provided in the given context. Option C is incorrect because the rural hospital should have sent the patient directly to the downtown university hospital. While the suburban hospital may have been able to send him there, the specific route taken would be determined by the local healthcare system and protocols. Option D is incorrect because the suburban hospital executed unethical but legal conduct in this case. The situation described does not fit the definition of ""unethical"" care. In fact, the suburban hospital took reasonable steps to ensure the child received proper care despite the lack of specialized medical expertise. Option E is incorrect because the suburban hospital violated the Emergency Medical Treatment and Active Labor Act (EMTALA). Although the act itself is not applicable in this scenario, the hospital's actions were likely considered illegal under EMTALA guidelines. However, this is not the focus of the question about ethical behavior. Thus, based on the information provided and the context of the case, the most accurate characterization of the patient's pattern of care is that they received appropriate care under the circumstances. Therefore, the correct answer is A. The patient received appropriate care under the circumstances.",0.0072,0.0311,0.2347,0.0759,0.0458,0.0709,0.0709,0.4837,0.584,0.7098
"A 25-year-old woman is brought to the emergency department by paramedics because of a seizure that began 45 minutes ago at home. Intravenous antiepileptic therapy begun en route to the hospital has not stopped her seizure. Her parents report that she initially began crying, then fell to the floor and exhibited asymmetric kicking and thrashing of all extremities. Fifteen years ago, she was diagnosed with a seizure disorder. Her seizures had been well controlled with oral antiepileptic therapy until this morning. Today, while the physician is in the patient’s room, the movements of her extremities gradually subside. The patient then sits up and asks the physician what happened. She is fully oriented. Vital signs are within normal limits. Examination shows no evidence of tongue biting, urinary incontinence, or other abnormalities. Which of the following is most likely to confirm this patient’s diagnosis?",Which of the following is most likely to confirm this patient’s diagnosis?,"
A. Interview following amobarbital administration 
B. Measurement of serum antiepileptic concentration 
C. Measurement of serum creatine kinase activity 
D. Neuropsychological testing 
E. Video EEG monitoring
",E,E,True,"Video Electroencephalography (EEG) monitoring is crucial for diagnosing epilepsy. It allows for real-time visualization of electrical activity in the brain, which can help identify patterns indicative of seizures. In this case, the patient's symptoms—crying, falling to the floor, and asymmetrical kicking—are consistent with typical features seen in partial seizures, such as absence seizures or generalized tonic-clonic seizures. - Option A: Interview following amobarbital administration - Amobarbital is an anticonvulsant medication used to treat partial seizures. However, it does not specifically monitor for video EEG changes during seizures. - Option B: Measurement of serum antiepileptic concentration - Serum antiepileptic concentrations are typically measured before administering medications to ensure they are effective. This information would be irrelevant to the current situation where the patient is experiencing seizures. - Option C: Measurement of serum creatine kinase activity - Creatine kinase levels are elevated in many types of acute muscle injury, including those associated with seizures. While these levels may rise in some cases, they do not directly correlate with the specific clinical presentation described here. - Option D: Neuropsychological testing - Neuropsychological tests assess cognitive function and memory but do not provide direct evidence of seizures or their progression. - Option E: Video EEG monitoring - Video EEG monitoring provides real-time visual data on brain activity, allowing healthcare providers to observe and record the progression of seizures. This is particularly useful in identifying the onset and duration of seizures, which are critical for diagnosing and managing them effectively. Given the patient's history and current symptoms, video EEG monitoring is the most appropriate method to confirm the diagnosis of partial seizures. This approach ensures that the underlying cause of the patient's seizures is accurately identified and treated promptly.",0.0,0.0285,0.1759,0.0814,0.0205,0.0746,0.0746,0.4926,0.5793,0.6583
"A 32-year-old woman comes to the emergency department because of a 1-day history of sharp, right-sided chest pain that worsens with coughing and sneezing. Four days ago, she had a mild sore throat and runny nose followed by nonproductive cough 1 day later. Over-the-counter decongestant and aspirin mildly relieved the symptoms. She has not had shortness of breath, blood-tinged sputum, fever, or chills. She has a long-standing history of recurrent aphthous ulcers. Her only medication is an oral contraceptive. Temperature is 37.2°C (99.0°F), pulse is 65/min, and respirations are 14/min. Pulse oximetry on room air shows an oxygen saturation of 99%. Splinting is observed over the right hemithorax with deep breathing. On cardiac examination, no abnormalities are heard. The remainder of the examination shows no abnormalities. Chest x-ray shows no abnormalities. Which of the following is the most appropriate next step in management?",Which of the following is the most appropriate next step in management?,"
A. Azithromycin therapy 
B. CT angiography 
C. Electrocardiography 
D. Ibuprofen therapy 
E. Prednisone therapy 
F. Transthoracic echocardiography
",D,C,False,"The patient presents with a 1-day history of sharp, right-sided chest pain that worsens with coughing and sneezing, which suggests a possible myocardial infarction. However, given her history of recurrent aphthous ulcers and the presence of a long-standing history of recurrent aphthous ulcers, it's important to rule out other potential causes for the chest pain before proceeding with any treatment. Here’s the reasoning: 1. History Review: The patient has a history of recurrent aphthous ulcers, which could be related to the current chest pain. While this does not directly correlate with myocardial infarction, it should be considered as a possibility. 2. Cardiac Examination: The chest x-ray shows no abnormalities, ruling out acute coronary syndrome. 3. Pulse Oximetry: A normal oxygen saturation level (99%) indicates good perfusion but doesn't exclude the possibility of heart failure or other conditions. 4. Splenectomy: The splinting over the right hemithorax was noted initially, suggesting a possible diagnosis of angina pectoris or another thoracic pathology. Given these points, electrocardiography is the most appropriate next step because it can help assess for arrhythmias, which might indicate a myocardial infarction. It also provides valuable information about the patient's overall cardiovascular status, including whether there are signs of ischemia or hypoxemia. Therefore, the most appropriate next step in management would be to order an electrocardiogram.",0.0201,0.0397,0.3024,0.0932,0.0598,0.0932,0.0932,0.4714,0.5451,0.7154
"A 30-year-old nulligravid woman, who is a military veteran, comes to the office because she has not had a menstrual period for the past year. She has not had nausea, vomiting, or night sweats. Menses previously occurred at regular 28-day intervals. She is sexually active with one male partner and uses condoms consistently. Three weeks ago, she returned from a 1-year deployment in the Middle East, where she worked as an army combat medic. She resumed work as a teacher 2 weeks ago. She appears tearful but otherwise in no distress. Temperature is 37.1°C (98.7°F), pulse is 88/min, respirations are 16/min, and blood pressure is 116/72 mm Hg. Physical examination, including pelvic examination, shows no abnormalities. Serum studies show: Thyroid-stimulating hormone: 2 μU/mL Follicle-stimulating hormone: 7 mIU/mL Luteinizing hormone: 10 mIU/mL Prolactin: 10 ng/mL β-hCG: negative Which of the following is the most likely cause of this patient’s amenorrhea?",Serum studies show: Thyroid-stimulating hormone: 2 μU/mL Follicle-stimulating hormone: 7 mIU/mL Luteinizing hormone: 10 mIU/mL Prolactin: 10 ng/mL β-hCG: negative Which of the following is the most likely cause of this patient’s amenorrhea?,"
A. Gonadal dysgenesis 45,X (Turner syndrome) 
B. Hypothalamic hypogonadism 
C. Polycystic ovarian syndrome 
D. Premature ovarian failure 
E. Prolactinoma
",B,E,False,"The patient's symptoms suggest a possible diagnosis related to reproductive health issues rather than specific hormonal imbalances. Given that she has been on a military service and has returned home after a deployment, it's plausible that her reproductive system may have been affected by stress or trauma during her time away. - Option A: Gonadal Dysgenesis 45,X (Turner Syndrome) - This condition typically affects females and involves chromosomal abnormalities, which would be more consistent with a female presenting with amenorrhea. - Option B: Hypothalamic Hypogonadism - While hypothalamic dysfunction can lead to irregular periods, it doesn't explain the absence of other symptoms like nausea, vomiting, or night sweats. - Option C: Polycystic Ovarian Syndrome (PCOS) - PCOS often presents with irregular cycles, acne, and weight gain, but it does not specifically involve amenorrhea without additional symptoms. - Option D: Premature Ovarian Failure (POF) - This condition is characterized by early onset of menopause, often due to pituitary gland dysfunction. It also includes symptoms such as hot flashes, mood swings, and fatigue, but it doesn’t directly address amenorrhea. - Option E: Prolactinoma - Prolactinomas are tumors that produce excessive amounts of prolactin, leading to symptoms like breast tenderness, milk production, and increased appetite. However, they don't typically present with amenorrhea alone. Given the patient's history of military service and return to civilian life, the most likely cause of her amenorrhea is Premature Ovarian Failure (POF). This condition is characterized by premature cessation of menstruation, which aligns well with the patient's symptoms of tearfulness and lack of normal menstrual cycle. Therefore, the correct answer is: The correct answer is [E] Premature Ovarian Failure (POF).",0.0063,0.0464,0.2081,0.0903,0.039,0.071,0.071,0.4836,0.501,0.5624
"A 45-year-old woman comes to the office because she has not had a menstrual period for 1 year. Menses previously occurred at regular 30-day intervals. She feels well, has no history of serious illness, and takes no medications. She has smoked one-half pack of cigarettes daily for 20 years. She is sexually active with one male partner and uses condoms consistently. She is 163 cm (5 ft 4 in) tall and weighs 63 kg (140 lb); BMI is 24 kg/m². Vital signs are within normal limits. Physical examination, including pelvic examination, shows no abnormalities. Measurement of which of the following serum concentrations is most likely to confirm the diagnosis?",Measurement of which of the following serum concentrations is most likely to confirm the diagnosis?,"
A. Estradiol 
B. Follicle-stimulating hormone 
C. β-hCG 
D. Luteinizing hormone 
E. Progesterone
",B,E,False,"To diagnose a potential endometrial cancer, it's crucial to determine if there is an abnormal increase in progesterone levels. This can be confirmed through several tests: 1. Progesterone Test: The most specific test for diagnosing endometrial cancer is the measurement of serum progesterone levels. Endometrial cancer typically results in elevated levels of progesterone in the blood, often above the normal range seen in healthy women. 2. Other Serum Concentrations: - Follicle-Stimulating Hormone (FSH): While FSH levels may also rise in some cases, they are generally lower than those found in endometrial cancer. - Estrogen Levels: Estrogen levels are usually normal in women without endometrial cancer. - Luteinizing Hormone (LH): LH levels are typically low in women without endometrial cancer. - Testosterone Levels: These levels are usually normal in women without endometrial cancer. Given that the patient has not had a menstrual period for 1 year and has been taking no medications, her symptoms suggest a possible hormonal imbalance rather than a direct cause of endometrial cancer. However, the presence of elevated progesterone levels would strongly support the diagnosis of endometrial cancer. Therefore, the serum concentration that is most likely to confirm the diagnosis of endometrial cancer is progesterone.",0.0179,0.0485,0.3264,0.1232,0.0766,0.1232,0.1232,0.4837,0.5863,0.7008
"A 2-month-old girl is brought to the office by her mother for a routine examination. Newborn screening electrophoresis showed hemoglobin FS. The mother says her daughter has not had fever or pallor. The patient is feeding well and gaining weight appropriately. She receives no medications. She appears well. She is at the 35th percentile for length and weight. Temperature is 37.0°C (98.6°F), pulse is 158/min, and respirations are 28/min. Examination shows no abnormalities. All routine immunizations are administered. In addition to routine anticipatory guidance about feeding and development, the mother is instructed to observe the patient for pallor and fever and to palpate for an enlarged spleen. Which of the following is most appropriate to prevent complications in this patient?",Which of the following is most appropriate to prevent complications in this patient?,"
A. Amoxicillin as needed for febrile illness 
B. Instructions for the parents to palpate the long bones routinely 
C. Instructions for the parents to take and record the patient’s pulse daily 
D. Low-dose aspirin therapy 
E. Oral prophylactic penicillin therapy
",E,B,False,"For a 2-month-old infant who has been observed without any signs of fever or pallor, it is crucial to monitor their growth and development closely. Routine palpation of the long bones can help detect any potential issues that might be related to bone health or growth. - Option A (Amoxicillin as needed for febrile illness): While amoxicillin can be used for febrile illnesses, it should only be prescribed when indicated by clinical guidelines and not typically recommended for non-febrile conditions. - Option C (Instructions for the parents to take and record the patient’s pulse daily): This is important because pulse rate changes can indicate various health concerns such as heart disease, dehydration, or other systemic issues. Regular monitoring of pulse rates is essential for early detection and management of these conditions. - Option D (Low-dose aspirin therapy): Aspirin is generally contraindicated in infants under 1 year old due to its association with Reye's syndrome. It is also associated with increased bleeding risk in some cases. Therefore, it would be inappropriate to prescribe low-dose aspirin to this child. - Option E (Oral prophylactic penicillin therapy): Penicillin is effective against many bacterial infections but may cause allergic reactions in very young children. Given the age of the child and the absence of symptoms, oral prophylactic penicillin therapy is less likely to be necessary compared to routine care. In conclusion, while amoxicillin could potentially be considered if there were indications of a bacterial infection, it is not the primary or most appropriate course of action given the lack of symptoms and the need to monitor growth and development closely. Therefore, the most appropriate preventive measure is to instruct the parents on regular palpation of the long bones and to monitor the child's pulse regularly.",0.0,0.0245,0.1513,0.0584,0.0131,0.039,0.039,0.4618,0.5753,0.6479
"A 3-week-old boy is brought to the physician by his mother because of a 5-day history of yellow eyes and skin and white stools. Pregnancy and delivery were uncomplicated. The patient's temperature is 37.1°C (98.8°F), pulse is 160/min, respirations are 40/min, and blood pressure is 85/50 mm Hg. Examination shows diffuse jaundice. Cardiopulmonary examination shows no abnormalities. The abdomen is nontender. The liver edge is palpated 4 cm below the right costal margin. The spleen tip is palpated 3 cm below the left costal margin. Laboratory studies show: Leukocyte count: 10,000/mm³ Serum Bilirubin, total: 16 mg/dL Direct: 12 mg/dL AST: 800 U/L ALT: 500 U/L Amylase: 100 U/L Which of the following is the most appropriate next step in diagnosis?","Laboratory studies show: Leukocyte count: 10,000/mm³ Serum Bilirubin, total: 16 mg/dL Direct: 12 mg/dL AST: 800 U/L ALT: 500 U/L Amylase: 100 U/L Which of the following is the most appropriate next step in diagnosis?","
A. Air-contrast enema 
B. Ultrasonography of the abdomen 
C. Upper gastrointestinal series 
D. Colonoscopy 
E. Esophagogastroduodenoscopy
",B,B,True,"Given the patient's symptoms, including jaundice, hepatosplenomegaly, and elevated bilirubin levels, the most appropriate initial diagnostic step would be ultrasonography of the abdomen. This imaging modality allows for visualization of the liver, spleen, and other abdominal structures that may be contributing to the jaundice. Here’s a more detailed explanation: 1. Jaundice: Jaundice is characterized by an increase in the level of unconjugated bilirubin in the bloodstream due to impaired hepatic clearance. In this case, the patient has diffuse jaundice, which suggests a significant amount of unconjugated bilirubin circulating in the blood. 2. Hepatobiliary System: The presence of jaundice can indicate a problem with the liver, such as hepatitis or biliary obstruction. Ultrasound can help identify any structural abnormalities or lesions within the liver, which could explain the increased bilirubin levels. 3. Spleen: The spleen is often enlarged in cases of hemolytic diseases like hemolytic uremic syndrome (HUS). It can also be involved in conditions like splenic infarction or splenic rupture, leading to the observed hepatosplenomegaly. 4. Liver Edema: Elevated bilirubin levels can sometimes be associated with liver edema, especially if there is a direct cause of the jaundice, such as liver failure or cirrhosis. While other imaging techniques like CT scans or MRI might be useful in certain scenarios, they typically require additional tests or follow-up procedures before definitive diagnosis can be made. Therefore, ultrasound of the abdomen is the most straightforward and effective initial diagnostic tool for this patient.",0.0,0.0542,0.205,0.0842,0.0283,0.0561,0.0561,0.459,0.4701,0.5611
"A 52-year-old woman comes to the physician for a follow-up examination. She received the diagnosis of hypertension 3 weeks ago, and lisinopril therapy was begun at that time. She has had a constant, nonproductive, hacking cough for 2 weeks but has not had any other problems. She has no history of serious illness and takes no other medications. She does not smoke. She drinks one to two glasses of wine daily. She does aerobic exercise for 30 minutes four to five times weekly. Her blood pressure has decreased from 164/92 mm Hg 3 weeks ago to 140/84 mm Hg today. Lungs are clear to auscultation. Which of the following is the most appropriate next step in management of this patient's cough?",Which of the following is the most appropriate next step in management of this patient's cough?,"
A. Pulmonary function tests 
B. CT scan of the chest 
C. Course of prednisone 
D. Discontinuation of lisinopril 
E. Use of a cough suppressant 
F. No change in management is indicated at this time
",D,F,False,"Given the patient's history, symptoms, and current findings, it is crucial to consider several factors before making a definitive decision on the next steps. 1. Current Symptoms: The patient has been experiencing a persistent cough for 2 weeks without any other significant complaints. This suggests that the cough may be due to an underlying condition rather than just a viral infection like the common cold. 2. Lungs Examination: The lungs appear clear to auscultation, which is normal for someone who has been taking lisinopril (a medication used to control high blood pressure). 3. Blood Pressure: The patient's blood pressure has decreased from 164/92 mm Hg three weeks ago to 140/84 mm Hg today. This indicates that the patient's blood pressure is within the therapeutic range after starting the lisinopril regimen. 4. No Smoking History: The patient does not smoke, ruling out smoking as a cause of the cough. 5. Moderate Alcohol Consumption: The patient drinks one to two glasses of wine daily, which is generally considered safe for most people, especially those with diabetes or kidney disease. 6. Regular Exercise: The patient exercises regularly, suggesting a healthy lifestyle. 7. No Other Medications: The patient does not take any other medications, including asthma medications, which could potentially exacerbate the cough. Considering these points, the most appropriate next step would be to monitor the patient closely for any changes in her symptoms or signs of worsening conditions. Since the patient's blood pressure has decreased despite the use of lisinopril, it is reasonable to continue monitoring her condition and possibly adjusting her treatment plan if necessary. Therefore, the most appropriate next step in management of this patient's cough is: Option F. No change in management is indicated at this time.",0.0241,0.0418,0.3072,0.1029,0.0777,0.1029,0.1029,0.5196,0.5509,0.6847
A 27-year-old primigravid woman at 41 weeks' gestation is admitted to the hospital for induction of labor. She has received cervical ripening agents and is now receiving oxytocin. The cervix is 9 cm dilated and 100% effaced; the vertex is at 0 station. Fetal monitoring shows contractions every 3 minutes and a reassuring heart rate. She requests pain medication. Which of the following is the most likely adverse effect of an intravenous opioid in this patient?,Which of the following is the most likely adverse effect of an intravenous opioid in this patient?,"
A. Maternal fever 
B. Maternal tachycardia 
C. Neonatal acidosis 
D. Neonatal arrhythmia 
E. Neonatal respiratory depression
",E,E,True,"In this scenario, the patient is undergoing induction of labor using oxytocin and cervical ripening agents. The key indicators that suggest potential complications include: 1. Fetal Monitoring: The patient's fetal heart rate (FHR) is described as ""reassuring,"" which is generally considered normal. However, the fact that contractions occur every 3 minutes suggests that there may be some variability in the intensity of the contractions, possibly due to the use of oxytocin. 2. Cervical Ripping: The patient's cervix is 9 cm dilated and 100% effaced, indicating that the cervix is fully dilated but not yet fully open. This is consistent with the expected outcome of full cervical dilation during labor induction. 3. Oxytocin Administration: The patient is receiving oxytocin, which is typically used to facilitate the delivery process. Oxytocin can cause various effects on the mother and baby, including increased uterine contractions, which might lead to maternal distress if not managed appropriately. 4. Contractions Every 3 Minutes: The frequency of these contractions is within the range typical for labor induction, suggesting that they are being well-controlled and not causing significant discomfort. 5. Pain Medication Requested: The patient is requesting pain medication, which could potentially exacerbate the condition if administered too quickly or inappropriately. Given these factors, it is highly unlikely that the patient would experience neonatal respiratory depression. Instead, the most probable adverse effect is maternal fever, as the presence of contractions every 3 minutes and a reassuring heart rate indicate that the fetus is progressing normally without any signs of distress. Therefore, the most likely adverse effect of an intravenous opioid in this patient is [E] Neonatal Respiratory Depression.",0.029,0.0479,0.3486,0.1107,0.0836,0.1107,0.1107,0.4847,0.5543,0.78
"A 7-year-old girl is brought to the clinic by her father because of behavior problems at school since she started second grade 6 months ago. Her teacher is concerned because she cannot sit still or complete tasks and is not learning at the same pace as her classmates. Psychoeducational testing shows normal intelligence. The father says his daughter’s behavior problems have worsened since last year. She snores at night and wets the bed several nights weekly. She has no history of serious illness and receives no medications. She has been at the 25th percentile for height and weight for the past 3 years. Pulse is 105/min and regular, respirations are 22/min, and blood pressure is 105/65 mm Hg. The tonsils are 3+. Cardiopulmonary and abdominal examinations show no abnormalities. On neurologic examination, cranial nerves are intact. Deep tendon reflexes are 2+ in all extremities. Finger-nose testing shows no abnormalities. Romberg sign is absent. Her gait is normal. Which of the following is the most appropriate next step in diagnosis?",Which of the following is the most appropriate next step in diagnosis?,"
A. EEG 
B. Karyotype analysis 
C. MRI of the brain 
D. Polysomnography 
E. Thyroid function tests
",D,E,False,"Given the patient's symptoms and the lack of significant neurological findings on physical examination, the most appropriate next step in diagnosis would be to perform polysomnography (PSG). This test is specifically designed to assess sleep patterns and can help identify any underlying issues that might be contributing to the child's behavior problems and academic difficulties. Here's a more detailed explanation: 1. Neurological Examination: While the child's neurologic examination is normal, this alone does not necessarily rule out other potential causes of behavioral issues. The absence of abnormal findings suggests that the primary cause may lie elsewhere. 2. Behavioral Assessment: The child's behavior problems, including frequent nighttime snoring, wetting the bed, and poor academic performance, suggest a need for further evaluation beyond just the neurologic assessment. These behaviors could indicate a range of conditions such as sleep disorders, attention deficit hyperactivity disorder (ADHD), or even developmental delays. 3. Sleep Disorders: Given the child's age and the severity of the behavior problems, a polysomnography is crucial. It will allow for the collection of comprehensive data on sleep stages, breathing patterns, heart rate variability, muscle tone, and other vital parameters during sleep. This information can help determine if there are any sleep-related issues contributing to the child's behavior problems. 4. Other Tests: While the child's thyroid function tests are normal, they do not address the core issue of sleep quality and its impact on behavior. Additionally, the lack of a karyotype analysis (which would look at chromosomal abnormalities) and the absence of a cardiac and pulmonary exam also do not directly address the core problem. Therefore, while the child's neurologic examination is normal, the combination of behavioral issues and the need for further investigation into sleep patterns makes polysomnography the most appropriate next step in diagnosing the child's condition.",0.0119,0.0294,0.2189,0.069,0.0442,0.0627,0.0627,0.4575,0.5553,0.6431
"An 8-year-old boy is brought to the emergency department (ED) by ambulance 45 minutes after he was struck by a car while riding his bicycle. He did not lose consciousness but has multiple rib fractures with depression of the left anterior chest wall. His parents have been notified and are on their way to the hospital. On the patient's arrival to the ED, his temperature is 37.2°C (99.0°F), pulse is 180/min, respirations are 36/min, and blood pressure is 65/30 mm Hg. The abdomen is distended with exquisite tenderness to palpation. A rapid intravenous infusion of 0.9% saline is begun. CT scans are quickly obtained and show a disrupted spleen and an abdominal cavity filled with free fluid. The parents arrive at the hospital and are informed that their son needs an emergency laparotomy and splenectomy to control the internal bleeding. A saline infusion is continued to support the patient's blood pressure. The parents provide consent to proceed with the operation but refuse to consent to transfusion of blood or blood products, regardless of consequences, because of their religious beliefs. As the patient is transferred to the operating room, his pulse is 210/min and blood pressure is 50/20 mm Hg. Hemoglobin concentration is 3.8 g/dL. The surgeon agrees with the anesthesiologist that the patient will die without transfusion of blood and plasma. Which of the following is the most appropriate action?",Which of the following is the most appropriate action?,"
A. Contact the national organization of the parents’ religion and insist that the parents speak with a representative on the phone regarding the matter 
B. Contact the parents’ religious advisor to request help in acquiring consent for blood transfusion 
C. Proceed with the blood transfusion while obtaining an emergency telephone court order 
D. Proceed with the operation and abide by the parents’ wishes that no blood products be used 
E. Transfer the patient by ambulance immediately to a bloodless surgical center
",C,E,False,"In this scenario, the parents' refusal to consent to blood transfusions despite medical necessity is a clear indication of their religious beliefs. This situation presents a complex ethical dilemma where the parents' personal beliefs conflict with the medical advice provided by the surgeons. Here’s a detailed breakdown of the reasoning: 1. Medical Decision-Making: The parents' refusal to consent to blood transfusions is a significant ethical issue. They believe that the child should die without any blood products, which goes against the principles of life-saving treatment and the sanctity of human life. 2. Ethical Considerations: Medical ethics often emphasize the importance of respecting patients' autonomy and making decisions based on the best interests of the patient. In this case, the parents' decision to withhold blood products contradicts the established medical protocols and the principle of beneficence (doing good). 3. Religious Beliefs vs. Medical Advice: Religious beliefs can sometimes override medical advice when they align with one's personal values. However, in this instance, the parents' religious beliefs seem to conflict with the medical recommendations. 4. Transfusion Guidelines: Blood transfusions are typically considered as a last resort due to the high risk of complications such as sepsis, graft-versus-host disease, and other systemic infections. The parents' refusal to consider these risks undermines the rationale behind the procedure. 5. Patient Rights: The parents' refusal to consent to blood transfusions violates the fundamental rights of the patient, including the right to life and dignity. These rights are enshrined in international law and are universally recognized. Given these factors, it is crucial to prioritize the patient's well-being over the parents' religious beliefs. Therefore, transferring the patient to a bloodless surgical center would be the most appropriate course of action to ensure the safety and health of the child. Option B (Contact the parents' religious advisor) is incorrect because it does not address the ethical considerations raised by the parents' refusal to consent to blood transfusions. Option C (Proceed with the blood transfusion while obtaining an emergency telephone court order) is also incorrect because it involves bypassing the legal process and potentially risking the child's life if the court order is not followed. Option D (Proceed with the operation and abide by the parents' wishes that no blood products be used) is incorrect because it disregards the medical advice and potential risks associated with blood transfusions. Therefore, the most appropriate action is to transfer the patient to a bloodless surgical center, ensuring the child receives the necessary medical care while upholding the ethical standards set by medical ethics and the laws of the country.",0.0021,0.0147,0.1183,0.036,0.0181,0.036,0.036,0.4326,0.5364,0.621
"A female newborn has the onset of tachypnea 4 hours after birth. She was delivered at term to a 24-year-old woman following an uncomplicated pregnancy and delivery. Apgar scores were 9 and 9 at 1 and 5 minutes, respectively. Her parents had refused prenatal screening. The patient's temperature is 37.2°C (99.0°F), pulse is 150/min, respirations are 60/min, and blood pressure is 55/35 mm Hg. On cardiac examination, a single, loud S₂ is heard. The liver edge is palpated 3 cm below the right costal margin. Capillary refill time is 6 seconds. Peripheral pulses are difficult to palpate in all extremities. Arterial blood gas analysis on room air shows: pH: 7.24 PCO₂: 35 mm Hg (N=27–40) PO₂: 68 mm Hg HCO₃⁻: 15 mEq/L Chest x-ray shows increased pulmonary haziness and vascular markings suggestive of bilateral pulmonary edema. The most appropriate next step in management is administration of which of the following?",The most appropriate next step in management is administration of which of the following?,"
A. Bolus of 0.9% saline 
B. Bolus of sodium bicarbonate 
C. Intravenous alprostadil (prostaglandin E₁) 
D. Intravenous digoxin 
E. Intravenous dopamine
",C,B,False,"In this scenario, the patient presents with tachypnea, low blood pressure, and signs of respiratory distress, including hepatomegaly (enlarged liver). These symptoms are consistent with sepsis, particularly septic shock due to maternal infection. Given that the patient's Apgar score was 9 at 1 minute and 9 at 5 minutes, it indicates mild hypotension but no evidence of severe hypovolemia. The presence of a single loud S2 suggests a possible underlying heart condition, such as ventricular septal defect (VSD). The patient's family has not undergone prenatal screening, which means they may have been exposed to pathogens during their pregnancy. This exposure could be contributing to the current sepsis state. The chest X-ray findings suggest bilateral pulmonary edema, which is a common complication in patients with sepsis. The elevated pulmonary haziness and vascular markings on the left side of the chest are indicative of fluid accumulation in the lungs. The combination of these clinical features strongly suggests a diagnosis of sepsis rather than septic shock. Severe sepsis can lead to hypotension, acidosis, and other complications, making the use of intravenous sodium bicarbonate (option B) the most appropriate initial treatment. However, it's important to note that intravenous sodium bicarbonate should only be administered under medical supervision, especially if there are contraindications for its use in pregnant women. Additionally, the administration of sodium bicarbonate might exacerbate the patient's hypotensive state, so careful monitoring and adjustments to the dose would be necessary. Therefore, the most appropriate next step in management is administering a bolus of sodium bicarbonate.",0.014,0.0451,0.3074,0.0959,0.0669,0.0664,0.0664,0.4755,0.524,0.6861
"A 43-year-old woman comes to the office for a follow-up examination 1 week after she was discharged from the hospital following an overnight admission for an episode of crushing, aching chest pain. The pain was located behind her sternum and radiated to her left jaw and shoulder. She also had shortness of breath, palpitations, and nausea. Initial ECG obtained on admission showed ST-segment depressions in leads V₃ through V₆. Nitroglycerin was administered, and the chest pain resolved. Follow-up serial ECGs disclosed no abnormalities and serum troponin concentrations were within the reference ranges. Cardiac catheterization obtained the next morning showed no substantial narrowing of the coronary arteries. At discharge, the patient declined medication to prevent recurrence of pain. The patient reports that since discharge, she has had two episodes of chest discomfort lasting 2 to 4 minutes, similar in location and quality to the pain precipitating her hospitalization. Medical history otherwise is unremarkable and she takes no routine medications. Vital signs are within normal limits. Physical examination discloses no abnormalities. Which of the following is the most appropriate pharmacotherapy to prescribe at this time?",Which of the following is the most appropriate pharmacotherapy to prescribe at this time?,"
A. Diltiazem 
B. Lisinopril 
C. Propranolol 
D. Warfarin 
E. No pharmacotherapy is indicated at this time
",A,D,False,"Warfarin is contraindicated in patients who have experienced recurrent chest pain or angina pectoris due to coronary artery disease. This is because warfarin can increase the risk of bleeding when used in these conditions. Additionally, it's important to note that while nitroglycerin may be prescribed as a first-line treatment for acute chest pain, its use should be carefully monitored and limited to cases where other treatments fail to resolve symptoms. In this case, the patient has not responded well to initial management (e.g., nitroglycerin) and has developed new symptoms such as shortness of breath, palpitations, and nausea. These new symptoms suggest that the patient might be experiencing a different condition, possibly related to the previous episode of chest pain. Given the patient's history of recurrent chest pain and the need for further investigation into the cause, the most appropriate pharmacotherapy would be to consider alternative treatments. Among the options provided: - Diltiazem is typically used for hypertension and may not be effective for treating chest pain. - Lisinopril is a widely used antihypertensive drug known to be associated with increased risk of bleeding. - Propranolol is a beta-blocker commonly used for heartburn and acid reflux but does not directly treat chest pain. - Warfarin is specifically contraindicated for patients with coronary artery disease and is not recommended for acute chest pain. Therefore, based on the patient's current situation, the most appropriate pharmacotherapy would be to refer the patient to a cardiologist for further evaluation and consideration of additional diagnostic tests if necessary, rather than prescribing warfarin immediately.",0.0035,0.0316,0.1902,0.0659,0.0221,0.0586,0.0586,0.4867,0.5666,0.6489
"A 35-year-old woman is brought to the emergency department by police after they found her wandering the streets and appearing intoxicated. On arrival, she is tremulous and appears distressed. She says she moved out of her abusive boyfriend’s apartment 1 week ago because she was afraid he would kill her. She has no financial or emotional family support. She worked at a grocery store until 1 month ago when she was fired for missing four shifts during the course of 1 week. During the past week, she has slept less than 4 hours nightly because she has slept on the streets or in shelters. She has panic disorder treated with fluoxetine. She takes no other medications. Ten years ago, she underwent 6 months of psychotherapy for dependent personality disorder. During the past year, she has drunk four or more glasses of wine and other alcoholic beverages nightly. She tried to quit drinking alcohol twice during the past year but was unsuccessful. Her last alcoholic drink was 24 hours ago. Pulse is 90/min and blood pressure is 140/90 mm Hg. Physical examination shows resting hand tremors and delayed reflexes. Mental status examination shows slurred speech. She has an irritable mood and anxious affect. Blood alcohol concentration is 140 mg/dL. Which of the following is the strongest predisposing risk factor for suicide in this patient?",Which of the following is the strongest predisposing risk factor for suicide in this patient?,"
A. Adjustment disorder with depressed mood 
B. Alcohol use disorder 
C. Dependent personality disorder 
D. History of physical abuse 
E. Panic disorder
",B,B,True,"This patient presents with symptoms consistent with alcohol use disorder (AUD). The key features that point to AUD include: 1. Alcohol Use Disorder: The patient's history of consuming four or more glasses of wine and other alcoholic beverages nightly over the past year, along with attempts to quit drinking, indicates a pattern of excessive alcohol consumption. 2. Dependent Personality Disorder: While not directly related to AUD, the patient's history of sleeping less than 4 hours per night due to being on the streets or in shelters suggests potential dependence on alcohol as a coping mechanism. 3. Adjustment Disorder with Depressed Mood: The patient's current state of agitation and anxiety suggest a possible adjustment disorder, which can be exacerbated by substance use. 4. Panic Disorder: Although the patient does not have panic attacks, the presence of panic disorder could potentially lead to further episodes if left untreated. 5. History of Physical Abuse: This information alone does not strongly indicate AUD; it might suggest a history of trauma or abuse, but it doesn't necessarily correlate with AUD. Given these points, AUD stands out as the most significant risk factor for suicide in this patient. The combination of excessive alcohol consumption, sleep disturbances, irritability, and suicidal thoughts all align well with the characteristics of AUD. Therefore, alcohol use disorder is the strongest predisposing risk factor for suicide in this scenario.",0.031,0.0498,0.355,0.1138,0.082,0.1057,0.1057,0.5187,0.5571,0.769
"A 76-year-old woman, who is receiving home hospice care because of end-stage metastatic lung cancer diagnosed 1 month ago, is examined at home at the request of her family because of a 3-hour history of labored breathing despite receiving 100% oxygen at 5 L/min via face mask. Pulse is 92/min, respirations are 18/min, and blood pressure is 105/62 mm Hg. Pulse oximetry on 100% oxygen via face mask shows an oxygen saturation of 85%. The patient appears cachectic and is in mild distress, showing increased work of breathing with prominent sternocleidomastoid muscles and intermittent agonal respirations. Which of the following is the most appropriate next step in management?",Which of the following is the most appropriate next step in management?,"
A. Administer intravenous morphine 
B. Admit the patient to the hospital for further evaluation 
C. Initiate a propofol infusion 
D. Transition the patient to noninvasive positive pressure ventilation 
E. No further action is indicated
",A,E,False,"Given the patient's condition, which includes severe respiratory distress, hypoxemia (low oxygen levels), and significant weight loss, the most appropriate next step in management would be to initiate non-invasive positive pressure ventilation (NIPPV). This approach can help improve airway patency, reduce pulmonary edema, and potentially alleviate symptoms. - Option A (Administering intravenous morphine): While morphine can be used as a pain reliever, it does not address the underlying cause of the patient's respiratory distress. - Option B (Admitting the patient to the hospital for further evaluation): This is typically done when there is a high risk of complications or if the patient's condition deteriorates rapidly without intervention. - Option C (Initiating a propofol infusion): Propofol is generally reserved for patients requiring prolonged general anesthesia or sedation due to their advanced age or other medical conditions. It is not suitable for this scenario where immediate relief from respiratory distress is needed. - Option D (Transitioning the patient to noninvasive positive pressure ventilation): This is the most appropriate course of action given the patient's current state. Noninvasive ventilation helps maintain airway patency, reduces pulmonary edema, and provides a controlled environment that allows for monitoring and adjustment of oxygen flow rates. Therefore, based on the severity of the patient's condition and the need for immediate relief from respiratory distress, initiating noninvasive positive pressure ventilation is the most prudent next step.",0.0192,0.038,0.2655,0.0913,0.0669,0.0747,0.0747,0.4754,0.5738,0.6414
"A 42-year-old woman comes to the physician because of a 1-month history of moderate constant abdominal pain. She was evaluated in the emergency department 6 weeks ago for renal calculi and was told that her serum calcium concentration was increased. She has labile hypertension treated with hydrochlorothiazide and enalapril. Two brothers have hyperparathyroidism, and one sister has an adrenal tumor. The patient's temperature is 37.0°C (98.6°F), pulse is 80/min, respirations are 12/min, and blood pressure is 182/98 mm Hg. Funduscopic examination shows arteriovenous nicking. There is mild, diffuse tenderness to palpation of the abdomen. The remainder of the examination shows no abnormalities. Serum calcium concentration is 13.2 mg/dL. Urine metanephrine concentration is 4000 μg/24 h (N=140–785). This patient is most likely at risk for which of the following conditions?",This patient is most likely at risk for which of the following conditions?,"
A. Carcinoid syndrome 
B. Chronic autoimmune (Hashimoto) thyroiditis 
C. Familial hypocalciuric hypercalcemia 
D. Medullary thyroid carcinoma 
E. Parathyroid carcinoma
",D,C,False,"Familial hypocalciuric hypercalcemia (FHCHC) is a rare genetic disorder characterized by elevated levels of calcium in the blood due to mutations in the calcitriol (vitamin D3) biosynthesis pathway. It typically presents as severe bone disease, particularly osteomalacia, but can also cause other symptoms such as hypercalcemia, hyperphosphatemia, and neuromuscular disorders. In this case, the patient has been diagnosed with FHCHC, which means she has inherited a mutation in the gene responsible for vitamin D metabolism. This mutation leads to impaired production of vitamin D, resulting in elevated calcium levels in the blood. Given the patient's history of kidney stones, labile hypertension, and family history of hyperparathyroidism, it is highly probable that she has FHCHC. The patient's presentation includes mild, diffuse tenderness to palpation of the abdomen, which is consistent with the findings from funduscopic examination showing arteriovenous nicking. Additionally, the presence of mild hypercalcemia and hyperphosphatemia further supports the diagnosis of FHCHC. While the patient does not have chronic autoimmune thyroiditis (option B), familial hypocalciuric hypercalcemia (option C) is more specific and directly linked to FHCHC. The other options (carcinoid syndrome, chronic autoimmune thyroiditis, and medullary thyroid carcinoma) are less likely given the clinical presentation and laboratory findings described. Therefore, based on the information provided, the most accurate diagnosis is Familial hypocalciuric hypercalcemia.",0.0,0.0359,0.1319,0.0789,0.0088,0.0526,0.0526,0.4598,0.5421,0.5942
A 26-year-old woman with common variable immunodeficiency comes to the office because of a 2-month history of night sweats. She also has had a 10-kg (22-lb) weight loss during the past 3 months despite no change in appetite. She has a 15-year history of recurrent sinusitis and otitis media. Her only medication is intravenous immune globulin. She is 163 cm (5 ft 4 in) tall and weighs 54 kg (120 lb); BMI is 21 kg/m². Vital signs are within normal limits. Examination shows cervical and epitrochlear lymphadenopathy. Which of the following is the most appropriate next step in management?,Which of the following is the most appropriate next step in management?,"
A. Lymph node biopsy 
B. Methylprednisolone therapy 
C. Penicillin therapy 
D. Plasmapheresis 
E. Trimethoprim-sulfamethoxazole therapy
",A,B,False,"Common Variable Immunodeficiency (CVID), also known as X-linked agammaglobulinemia, is an autoimmune disorder that affects the immune system's ability to produce antibodies against pathogens. The patient presents with symptoms such as night sweats, weight loss, and recurrent infections. Given the patient's medical history and current symptoms, methylprednisolone therapy is the most appropriate next step in management. This treatment is indicated for patients with CVID who have not responded well to other treatments like intravenous immune globulin. It helps to reduce inflammation and suppress the immune response, which can be crucial in managing the patient's condition. Methylprednisolone is typically used in combination with other therapies, including: - Intravenous immunoglobulin (IVIG) - Immunosuppressive agents - Corticosteroids - Antifungal medications While penicillin therapy might be considered if there are specific bacterial infections present, it is less likely to be necessary given the patient's clinical presentation and the lack of evidence suggesting any bacterial infection. Plasmapheresis is generally reserved for severe cases where there is a significant increase in blood loss due to hemolytic reactions from transfusions. It is not indicated for this patient unless there is a specific indication for it, such as severe bleeding. Trimethoprim-sulfamethoxazole (TMP-SMX) is another antibiotic commonly used in the treatment of CVID, but it is not specifically indicated for this condition. It is often used in conjunction with IVIG but may not be as effective as methylprednisolone alone. Therefore, methylprednisolone therapy is the most appropriate next step in management for this patient.",0.0185,0.0366,0.2936,0.0849,0.0545,0.0849,0.0849,0.4558,0.5635,0.7069
"A 9-month-old boy is brought to the office by his mother because of a 6-hour history of persistent fussiness and decreased appetite. Two weeks ago, he was diagnosed with an upper respiratory tract infection. The symptoms have since resolved. He lives with his parents and a pet lizard. His diet consists of cow milk-based formula, baby food, and some solid foods. He has no history of serious illness and receives no medications. Immunizations are up-to-date. Today, he is inconsolable. He is at the 50th percentile for length and weight. Examination shows multiple flaccid bullae on an erythematous base over the buttocks. The mother says she had no knowledge of these findings. Which of the following is the most appropriate next step in management?",Which of the following is the most appropriate next step in management?,"
A. Abdominal ultrasonography 
B. Anti–Saccharomyces cerevisiae antibody testing 
C. Nitroblue tetrazolium testing 
D. Rectal swab for group B streptococcus 
E. Skeletal survey 
F. Stool culture for Salmonella enteritidis
",E,E,True,"Given the child's history of an upper respiratory tract infection that has now resolved, it suggests that there may be ongoing inflammation or infection somewhere else in the body. The presence of flaccid bullae (soft lumps) on the buttocks could indicate a localized abscess or other inflammatory condition. - Option A: Abdominal ultrasonography - This test can help visualize internal structures such as abscesses or other masses, but it does not specifically address the location of the bullae. - Option B: Anti-Saccharomyces cerevisiae antibody testing - This test would typically detect antibodies against Saccharomyces cerevisiae, which is often associated with yeast infections. However, it doesn't directly relate to the bullae found on the buttocks. - Option C: Nitroblue tetrazolium testing - This test measures the level of NBT (nitroblue tetrazolium) in urine, which is used to assess kidney function. It doesn’t specifically target the buttock area or the bullae. - Option D: Rectal swab for group B streptococcus - While this test might be useful if there were signs of bacterial infection elsewhere, it doesn't specifically address the bullae found on the buttocks. - Option F: Stool culture for Salmonella enteritidis - This test would be more relevant if there were signs of Salmonella enteritidis infection, which could explain the increased frequency of diarrhea and fever. However, it doesn't specifically focus on the buttock area or the bullae. Since the bullae on the buttocks are consistent with an abscess or another localized infection, skeletal surveys are the most appropriate next steps. These tests allow for visual inspection of bones and soft tissues, which can reveal any abnormalities indicative of an underlying infection or inflammation. Therefore, the most appropriate next step in management is: E. Skeletal survey",0.0126,0.0312,0.2545,0.0748,0.0479,0.068,0.068,0.4474,0.5464,0.6944
"A 62-year-old woman is admitted to the hospital because of an 8-hour history of severe right upper abdominal pain, nausea, and fever that began after she ate fried fish and potatoes. During the past 3 years, she has had 12 episodes of similar pain after meals, but it has not lasted as long or been as severe as this episode. She has hypertension, hyperlipidemia, and alcohol use disorder. Her medications are amlodipine, benazepril, and simvastatin. She drinks one 12-oz beer daily. She is 163 cm (5 ft 4 in) tall and weighs 86 kg (190 lb); BMI is 33 kg/m². Temperature is 38.5°C (101.3°F), pulse is 120/min, respirations are 28/min, and blood pressure is 100/68 mm Hg. Pulse oximetry on room air shows an oxygen saturation of 98%. On abdominal examination, there is diffuse tenderness to palpation, rebound, and guarding. Bowel sounds are decreased. Laboratory studies show: Hematocrit: 35% Leukocyte count: 16,000/mm³ Serum Ca²⁺: 7.9 mg/dL Urea nitrogen: 26 mg/dL Glucose: 200 mg/dL Creatinine: 2 mg/dL Triglycerides: 180 mg/dL AST: 162 U/L ALT: 98 U/L Amylase: 682 U/L Lipase: 515 U/L (N=14–280) Serum electrolyte concentrations and lactate dehydrogenase activities are within the reference ranges. Which of the Following is the most appropriate next step in diagnosis?",Which of the Following is the most appropriate next step in diagnosis?,"
A. CT scan of the abdomen 
B. Endoscopic retrograde cholangiopancreatography 
C. MR cholangiopancreatography 
D. MRI of the pancreas 
E. Ultrasonography of the right upper abdominal quadrant
",E,E,True,"Given the patient's clinical presentation, symptoms, and laboratory findings, the most appropriate next step in diagnosis would be an ultrasound of the right upper abdominal quadrant. 1. History and Physical Examination: - The patient has a history of severe right upper abdominal pain lasting for over 8 hours. - There have been multiple episodes of similar pain after meals, suggesting a potential inflammatory process rather than a simple gastritis. - The patient also has hypertension, hyperlipidemia, and alcohol use disorder, which could contribute to the severity of her symptoms. - The patient’s BMI is 33 kg/m², indicating obesity, which can exacerbate gastrointestinal issues like peptic ulcers. 2. Laboratory Studies: - Elevated levels of creatinine suggest renal function impairment, which might be related to her high blood pressure and alcohol consumption. - Elevated levels of triglycerides and low levels of HDL cholesterol indicate a risk of cardiovascular disease, which could be exacerbated by her obesity and other factors. - Elevated levels of AST and ALT suggest liver dysfunction, which could be secondary to her underlying conditions or due to stress from her diet and lifestyle. 3. Abdominal Examination: - Diffuse tenderness, rebound, and guarding at the right upper abdomen are consistent with a diagnosis of acute appendicitis or another type of peritonitis. - The presence of bowel sounds suggests inflammation in the intestines, which is common in cases of appendicitis. 4. Radiographic Imaging: - While CT scans and MR cholangiopancreatography (CCP) may be considered if there are concerns about gallbladder involvement, they are not typically indicated for acute appendicitis unless there are specific imaging features suggestive of appendiceal perforation or abscess formation. - ERCP (Endoscopic Retrograde Cholangiopancreatography) is more appropriate for diagnosing acute pancreatitis, especially given the elevated levels of lipase and amylase. - A plain abdominal X-ray may be sufficient to rule out other causes of abdominal pain without additional diagnostic tests. 5. Other Tests: - Blood cultures should be done to determine the source of infection. - Urinalysis and electrolytes should be checked to assess kidney function and electrolyte imbalances. - Liver function tests (LFTs) should be performed to evaluate liver status. In conclusion, while other tests such as CT scans and MR cholangiopancreatography are useful in certain scenarios, the combination of the patient's clinical presentation, laboratory data, and imaging findings makes an ultrasound of the right upper abdominal quadrant the most appropriate initial diagnostic step.",0.0089,0.0221,0.1655,0.0551,0.0353,0.0401,0.0401,0.4174,0.5347,0.6615
"A 63-year-old man with chronic obstructive pulmonary disease comes to the urgent treatment center because of a 4- day history of worsening shortness of breath. Use of his albuterol rescue inhaler has provided no improvement in his symptoms. Medical history otherwise is unremarkable. Additional medications are formoterol, budesonide, and tiotropium. The patient smoked two packs of cigarettes daily for 45 years but currently smokes only three to four cigarettes daily and says he is trying hard to quit. He appears anxious. He is 175 cm (5 ft 9 in) tall and weighs 100 kg (220 lb); BMI is 33 kg/m². Temperature is 37.2°C (99.0°F), pulse is 96/min, respirations are 26/min, and blood pressure is 128/76 mm Hg. Pulse oximetry on room air discloses an oxygen saturation of 85%. Mild cyanosis is noted, but there is no clubbing or edema of the extremities. Auscultation of the lungs discloses diffuse expiratory wheezes. Cardiac examination discloses distant but regular heart sounds. Results of arterial blood gas analysis on room air are shown: PO2: 48 mm Hg PCO2: 55 mm Hg pH: 7.36 After an albuterol nebulizer treatment is administered, the patient reports feeling somewhat better but says he is feeling ""jittery"" and is starting to have a mild tremor. In addition to providing smoking cessation counseling and prescribing antibiotic and corticosteroid therapy, which of the following is the most appropriate next step in management?","In addition to providing smoking cessation counseling and prescribing antibiotic and corticosteroid therapy, which of the following is the most appropriate next step in management?","
A. Continuous nebulized albuterol therapy 
B. CT scan of the chest without contrast 
C. Intravenous aminophylline therapy 
D. Pulmonary function testing 
E. Pulmonary rehabilitation 
F. Titrated oxygen therapy
",F,B,False,"Given the patient's history of chronic obstructive pulmonary disease (COPD) and recent exacerbation of symptoms despite albuterol use, it is crucial to rule out any underlying causes that might be contributing to the worsening condition. The CT scan of the chest without contrast would be the most appropriate next step in management. 1. CT Scan of the Chest Without Contrast: - Reasoning: A CT scan of the chest can help identify potential causes such as lung cancer, pleural effusion, or other structural abnormalities that could be causing the patient's breathing difficulties. - Impact on Symptoms: The presence of pleural effusion or other signs of lung disease can significantly improve the patient's quality of life and reduce the need for more aggressive treatments like bronchodilators or antibiotics. - Risk of Complications: While a CT scan may not definitively diagnose COPD, it can help rule out other serious conditions that could cause similar symptoms. 2. Other Options Analysis: - Option A: Continuous nebulized albuterol therapy - Reasoning: This approach is typically used when the patient has been using albuterol for several months and still experiences significant symptoms. However, the current situation suggests that the patient may not be responding well to this method. - Option C: Intravenous aminophylline therapy - Reasoning: Aminophylline is often prescribed for patients with respiratory issues due to its bronchodilating properties. It can help alleviate some of the symptoms, but it does not address the underlying cause of the problem. - Option D: Pulmonary function testing - Reasoning: Pulmonary function tests can provide valuable information about the patient’s lung capacity and function, helping to determine if they are eligible for certain treatments. However, they do not directly address the underlying cause of their symptoms. - Option E: Pulmonary rehabilitation - Reasoning: Pulmonary rehabilitation focuses on improving physical fitness, reducing stress, and managing symptoms through exercise and education. It is less likely to be necessary given the patient's current state of health and the lack of clear indication of a specific cause. - Option F: Titrated oxygen therapy - Reasoning: Titrated oxygen therapy is generally reserved for severe cases where the patient cannot tolerate standard oxygen therapy. It is not indicated for mild to moderate symptoms like those described here. In conclusion, while a CT scan of the chest without contrast is a critical initial step in evaluating the patient's condition, it should not be the primary focus unless the patient shows signs of acute exacerbation or complications. Therefore, the most appropriate next step in management is to continue with continuous nebulized albuterol therapy, as it provides immediate relief from symptoms and helps manage the patient's overall health status.",0.0082,0.0327,0.2233,0.0654,0.0306,0.0654,0.0654,0.4959,0.5685,0.6926
"A 49-year-old man returns to the office for follow-up 2 weeks after he was evaluated for a 4-month history of intermittent diarrhea associated with cramping abdominal pain, urgency, and fecal incontinence. Since the onset of these symptoms, he has had four to five bowel movements daily that contain blood and mucus. Endoscopy done 1 week ago showed erythematous, inflamed mucosa of the rectum and sigmoid colon; there were no abnormalities of the ileum. He also had an episode of uveitis treated with intraocular corticosteroids 3 months ago. He takes no routine medications. He is 185 cm (6 ft 1 in) tall and weighs 77 kg (170 lb); BMI is 22 kg/m². Vital signs are temperature 37.3°C (99.2°F), pulse 88/min, respirations 18/min, and blood pressure 128/80 mm Hg. Skin examination shows raised, tender nodules that are 2 to 3 cm in diameter on the anterior surfaces of both lower extremities. Palpation of the abdomen discloses mild tenderness. Rectal examination discloses no fissures or ulcers. Test of the stool for occult blood is trace positive. This patient should be counseled that he is at greatest risk for which of the following?",This patient should be counseled that he is at greatest risk for which of the following?,"
A. Adenocarcinoma of the colon 
B. Cholelithiasis 
C. Nephrolithiasis 
D. Primary biliary cirrhosis 
E. Spontaneous bacterial peritonitis
",A,E,False,"This patient presents with intermittent diarrhea, cramping abdominal pain, urgency, and fecal incontinence, along with evidence of inflammation in the rectum and sigmoid colon. The endoscopic findings suggest an inflammatory process, particularly erythematous, inflamed mucosa in the rectum and sigmoid colon. These findings are consistent with chronic inflammatory conditions such as Crohn's disease or ulcerative colitis. Given this clinical presentation and the presence of inflammatory changes, it is highly likely that the patient is experiencing a complication known as ""spontaneous bacterial peritonitis."" This condition occurs when bacteria enter the bloodstream and spread to the liver, causing sepsis. It can present with symptoms similar to those described in the patient, including fever, chills, nausea, vomiting, and abdominal pain. While the other options listed (adenocarcinoma of the colon, cholelithiasis, nephrolithiasis, and primary biliary cirrhosis) could potentially cause similar symptoms, they do not specifically match the specific clinical presentation described here. Adenocarcinoma of the colon is more commonly associated with advanced-stage cancer rather than acute gastrointestinal symptoms, while cholelithiasis typically involves gallstones, nephrolithiasis involves kidney stones, and primary biliary cirrhosis is a chronic liver disease affecting bile ducts but does not typically present with acute gastrointestinal symptoms. Therefore, based on the clinical presentation and the specific findings from the endoscopic examination, Spontaneous bacterial peritonitis is the most appropriate diagnosis among the given options.",0.0,0.0235,0.0978,0.0504,0.0169,0.0504,0.0504,0.4442,0.5434,0.6009
"A 27-year-old man is examined in the intensive care unit 1 day after he sustained a closed head injury, liver laceration, and pelvic fracture in a motor vehicle collision. He is intubated and mechanically ventilated. He is receiving intravenous midazolam and 5% dextrose in lactated Ringer solution. Temperature is 37.8°C (100.0°F), pulse is 95/min, and blood pressure is 100/70 mm Hg. Cardiopulmonary examination shows no abnormalities. The abdomen is soft. He withdraws appropriately to painful stimuli. Laboratory studies show: Hematocrit: 28% Leukocyte count: 13,000/mm³ Serum Na⁺: 138 mEq/L K⁺: 3.5 mEq/L Cl⁻: 102 mEq/L HCO₃⁻: 24 mEq/L Urea nitrogen: 20 mg/dL Glucose: 220 mg/dL Creatinine: 1 mg/dL Which of the following is the most likely mechanism of these laboratory findings?",5 mEq/L Cl⁻: 102 mEq/L HCO₃⁻: 24 mEq/L Urea nitrogen: 20 mg/dL Glucose: 220 mg/dL Creatinine: 1 mg/dL Which of the following is the most likely mechanism of these laboratory findings?,"
A. Decreased uptake of glucose by insulin-sensitive tissues 
B. Exogenous production of glucose by bacteria 
C. Impaired excretion of glucose by the kidneys 
D. Increased infusion of intravenous glucose 
E. Insulin deficiency
",A,A,True,"The patient's laboratory findings suggest an impaired ability of the body to utilize glucose effectively due to several factors: - Decreased uptake of glucose by insulin-sensitive tissues: This could be due to reduced insulin levels, which are crucial for glucose uptake. - Exogenous production of glucose by bacteria: While this might seem plausible given the context of a motor vehicle accident, it’s less likely as the patient has not been exposed to any bacterial infection. - Impaired excretion of glucose by the kidneys: This is unlikely because the patient is receiving intravenous fluids and medications that do not directly affect kidney function. - Increased infusion of intravenous glucose: This would lead to hyperglycemia rather than hypoglycemia, which is what we observe in this case. - Insulin deficiency: This is highly unlikely given the patient's age (27 years) and the severity of his injuries. Therefore, the most likely mechanism of these laboratory findings is Option A: Decreased uptake of glucose by insulin-sensitive tissues.",0.0281,0.0884,0.2934,0.1307,0.0812,0.1307,0.1307,0.4623,0.4834,0.5394
"A 72-year-old woman is evaluated in the acute rehabilitation facility where she has been receiving physical therapy since sustaining a stroke 2 weeks ago that resulted in moderate left hemiparesis. A swallowing study obtained on admission to the facility showed no abnormalities and she has been progressing well with her rehabilitation. She is able to walk with the aid of a walker and assistant, has no speech impairment, and tolerates a regular diet. Medical history also is notable for well-controlled hypertension and hyperlipidemia. Medications are lisinopril, simvastatin, and daily aspirin. Temperature is 37.0°C (98.6°F), pulse is 72/min and regular, respirations are 12/min, and blood pressure is 130/80 mm Hg. Cardiopulmonary examination shows no abnormalities. Cranial nerves are intact. Muscle strength in the extremities is 4/5 on the left and 5/5 on the right. Sensation is intact bilaterally. Standardized assessment of cognitive function shows no abnormalities. For the past 2 days, the patient has insisted that she is well enough to go home despite not being fully cleared to do so by her physical therapist and physiatrist, who want her to stay for 1 more week to try to advance from the walker to a cane. The patient lives with her daughter, son-in-law, and grandson, and has a bedroom on the main floor of the house with no need to use stairs. The daughter works as a stay-at-home mother. Which of the following is the most appropriate next step in management?",Which of the following is the most appropriate next step in management?,"
A. Discharge the patient with a plan for home health care and physical therapy 
B. Inform the patient that she would need to sign out against medical advice 
C. Inform the patient that transfer to a long-term care facility is most suitable for her 
D. Request psychiatric evaluation of the patient's decision-making capacity
",A,A,True,"Given the patient's current condition, which includes mild left hemiparesis, normal muscle strength, intact sensation, and no significant neurological deficits, the most appropriate next step in management should focus on ensuring the patient can continue their current level of care at home while addressing any potential issues that may arise during this time. Here’s why: 1. Current Level of Care: The patient is currently walking independently with assistance and has no speech impairment, indicating that they have a good foundation for continued home-based care. 2. Medical History: The patient has well-controlled hypertension and hyperlipidemia, suggesting minimal risk factors for complications related to prolonged hospitalization. 3. Physical Therapy Progress: The patient has made progress in her rehabilitation, including the ability to walk without assistance and tolerate a regular diet. This indicates that there is a reasonable chance of recovery and improvement. 4. Cardiovascular Health: The patient's cardiovascular status is stable, ruling out the need for immediate intervention. 5. Cognitive Function: The patient's cognitive function remains intact, further supporting the idea of continuing home-based care. Option A (Discharge with a plan for home health care and physical therapy) aligns perfectly with these considerations. It allows the patient to maintain some level of independence while still benefiting from ongoing physical therapy and other supportive measures. This approach ensures continuity of care and minimizes the risk of exacerbating the patient's condition. Option B (Inform the patient that she would need to sign out against medical advice) contradicts the patient's wishes and could lead to unnecessary stress and confusion. Option C (Inform the patient that transfer to a long-term care facility is most suitable for her) is premature and does not address the patient's current needs adequately. Option D (Request psychiatric evaluation of the patient's decision-making capacity) is irrelevant given the patient's current state and the lack of clear indication of severe mental health concerns. Therefore, the most appropriate next step in management is to discharge the patient with a plan for home health care and physical therapy, allowing them to continue their current level of care while addressing any potential risks associated with prolonged hospitalization.",0.0102,0.0253,0.2067,0.0584,0.0373,0.0584,0.0584,0.4574,0.5501,0.6288
"A 46-year-old woman comes to the office for an annual health maintenance examination. She reports a 6-week history of fatigue, which she attributes to working full time and caring for her three children. Her blood pressure has been consistently high as measured at home with her husband's automated cuff, with many readings greater than 150/90 mm Hg. Medical history is unremarkable and routine preventive screenings, including mammography and Pap smear, have shown no abnormalities. Her only medications are a daily multivitamin and ibuprofen as needed. She is 165 cm (5 ft 5 in) tall and weighs 72 kg (158 lb); BMI is 26 kg/m². Pulse is 84/min, and blood pressure is 152/98 mm Hg. Physical examination shows trace edema of the ankles but no other abnormalities. Results of serum studies are shown: Urea nitrogen: 12 mg/dL Creatinine: 0.9 mg/dL Na⁺: 141 mEq/L K⁺: 3.1 mEq/L Cl⁻: 100 mEq/L HCO₃⁻: 23 mEq/L Which of the following is the most likely explanation for this patient's increased blood pressure?",1 mEq/L Cl⁻: 100 mEq/L HCO₃⁻: 23 mEq/L Which of the following is the most likely explanation for this patient's increased blood pressure?,"
A. Cushing syndrome 
B. Fibromuscular dysplasia 
C. Hyperaldosteronism 
D. Hypothyroidism 
E. Obstructive sleep apnea
",C,E,False,"The patient's symptoms, including fatigue, hypertension, and edema, suggest that they may be experiencing obstructive sleep apnea (OSA). OSA is characterized by repeated episodes of breathing cessation during sleep, often leading to low oxygen levels in the blood. This can cause significant cardiovascular and metabolic issues, including hypertension. Here’s a more detailed explanation: - Pulse Rate: The patient's pulse rate of 84/min suggests possible sleep apnea. - Blood Pressure: The elevated blood pressure of 152/98 mm Hg indicates severe hypertension, which is a hallmark of OSA. - Edema: The presence of ankle edema further supports the diagnosis of OSA. - Serum Studies: The results show normal urea nitrogen, creatinine, sodium, potassium, chloride, and bicarbonate levels, ruling out kidney disease as a cause of hypertension. - BMI: A BMI of 26 kg/m² is considered overweight, which could contribute to hypertension if not managed properly. Given these clinical findings, OSA is the most likely explanation for the patient's increased blood pressure. OSA disrupts the body's ability to regulate blood pressure effectively, leading to chronic hypertension. Therefore, the correct answer is E. Obstructive Sleep Apnea.",0.018,0.0756,0.2948,0.1415,0.0857,0.1321,0.1321,0.4927,0.5215,0.5946
"A 50-year-old woman is brought to the emergency department because of a 3-day history of severely painful lesions over her right leg and temperatures to 38.7°C (101.7°F). She has a 12-year history of type 2 diabetes mellitus. Her only medication is insulin. On arrival, temperature is 39.3°C (102.8°F). Examination of the right lower extremity shows exquisite tenderness to palpation, edema, and warmth. The extremity appears shiny and diffusely erythematous without sharp margins. The subcutaneous tissue is firm, and there are areas of notable skin breakdown with bullae containing thick purple fluid. Examination of the left lower extremity shows no abnormalities. Which of the following is the most likely diagnosis?",Which of the following is the most likely diagnosis?,"
A. Cellulitis 
B. Dermatophytosis 
C. Erysipelas 
D. Erythema nodosum 
E. Herpes zoster 
F. Necrotizing fasciitis
",F,E,False,"Erysipelas is a bacterial infection that primarily affects superficial tissues such as the skin and muscles. It can occur in various parts of the body but is more commonly associated with the lower extremities, particularly the legs. The symptoms described—exquisite tenderness, edema, warmth, shiny appearance, and diffuse erythema—are consistent with erysipelas. - Type 2 Diabetes Mellitus: While it could be a contributing factor, it's not typically the primary cause of these symptoms. - Cellulitis: This condition involves inflammation of the skin and subcutaneous tissue, often accompanied by fever and redness. However, cellulitis usually presents with more severe systemic symptoms like chills, high fever, and pain. - Dermatophytosis: This is a fungal infection affecting the skin, hair, and nails. It would present differently than an erysipelas. - Erysipelas: This is specifically caused by Staphylococcus aureus bacteria, which is the most common causative agent for this condition. - Herpes Zoster: This is a viral infection that causes painful blisters on the face, often starting in one area and spreading to other parts of the body. It does not typically involve deep tissue involvement. - Necrotizing Fasciitis: This is a severe form of necrosis where the flesh around a blood vessel ruptures, leading to gangrene. It is characterized by intense pain, rapid onset, and may require immediate medical attention. Given the clinical presentation and the specific findings, erysipelas stands out as the most likely diagnosis among the options provided.",0.0037,0.0255,0.1886,0.0661,0.0417,0.0661,0.0661,0.4585,0.5514,0.6513
"A 37-year-old woman comes to the office for a routine health maintenance examination. For the past 6 years, she has worked in a paper mill factory that uses liquid chlorine to bleach the paper. The patient is concerned about her exposure to toxic substances. Vital signs are within normal limits. Examination shows no abnormalities. Which of the following is the most appropriate recommendation to address this patient's concerns?",Which of the following is the most appropriate recommendation to address this patient's concerns?,"
A. Corticosteroid therapy 
B. Taking frequent breaks from the paper-bleaching area 
C. Undergoing monthly pulmonary function testing 
D. Using a respirator at work 
E. Washing daily after work with a chlorhexidine-based solution
",D,E,False,"This recommendation aligns well with the patient's concern about potential exposure to toxic substances while working in a paper mill factory using liquid chlorine. Here’s a detailed breakdown: 1. Option A (Corticosteroid Therapy): While corticosteroids can be used as an anti-inflammatory treatment, they do not directly address the issue of exposure to toxic chemicals like chlorine. They might help manage symptoms but don't prevent further exposure. 2. Option B (Taking Frequent Breaks from the Paper-Blending Area): This is a good practice but doesn’t specifically address the chemical hazards present in the workplace. It focuses more on physical safety rather than occupational health. 3. Option C (Undergoing Monthly Pulmonary Function Testing): This is important for assessing respiratory health, which could be relevant if there were any long-term effects of prolonged exposure to chlorine. However, it does not specifically address the immediate health risks associated with the job. 4. Option D (Using a Respirator at Work): This is crucial for protecting workers from inhalation of toxic fumes. Chlorine is highly flammable and can cause severe burns if inhaled. A respirator ensures that even when wearing protective gear, the worker remains safe from these harmful gases. 5. Option E (Washing Daily After Work with a Chlorhexidine-Based Solution): This is the most appropriate recommendation. Chlorhexidine-based solutions are effective at removing chlorine residues from clothing and skin, reducing the risk of exposure. Additionally, washing regularly helps maintain hygiene and prevents the accumulation of toxins over time. Chlorhexidine-based solutions are particularly effective because they have strong antimicrobial properties and are non-toxic to humans. They also have a pH-neutral effect, making them suitable for use in various environments where chlorine-containing products may be found. By washing daily, the patient will be effectively removing the chlorine residue from their clothes and hands, thereby significantly reducing the risk of acute poisoning. In conclusion, Option E provides the most comprehensive and effective approach to addressing the patient's concerns regarding her exposure to toxic substances during her employment in the paper mill factory.",0.0053,0.0289,0.2102,0.0776,0.0334,0.0665,0.0665,0.4918,0.5587,0.6851
"A 57-year-old man with alcohol use disorder comes to the emergency department because of a 3-day history of worsening abdominal pain and distention. Medical history is remarkable for alcoholic cirrhosis, hypertension, hyperlipidemia, and a laparoscopic cholecystectomy 10 years ago. The patient also has had several previous hospital admissions for similar episodes of abdominal pain and distention. The patient takes no medications but has been prescribed medications for hypertension in the past. He recently participated in an alcohol rehabilitation program but began drinking alcohol again 1 week ago. During the past 5 days, he has drunk 1 L of vodka daily. Pulse is 100/min, respirations are 16/min, and blood pressure is 165/85 mm Hg. Pulse oximetry on room air shows an oxygen saturation of 100%. The patient appears jaundiced. Cardiopulmonary examination discloses no abnormalities. The abdomen is large, distended, and tense; a fluid wave is present. Palpation of the abdomen discloses a 2-cm–wide reducible umbilical hernia and diffuse tenderness without guarding. There is no tenderness to percussion. In addition to large-volume paracentesis and furosemide therapy, initiation of which of the following pharmacotherapies is most appropriate?","In addition to large-volume paracentesis and furosemide therapy, initiation of which of the following pharmacotherapies is most appropriate?","
A. Enalapril 
B. Metoprolol 
C. Propranolol 
D. Spironolactone 
E. Valsartan
",D,E,False,"Given the patient's medical history, symptoms, and current condition, valtartan (also known as lisinopril) would be the most appropriate choice for pharmacotherapy. 1. Alcohol Use Disorder: The patient has a history of alcohol use disorder, which suggests that valtartan may be beneficial in managing his condition. 2. Liver Function Tests: The patient's liver function tests show normal values, indicating that hepatorenal syndrome (a complication of chronic alcohol abuse leading to liver damage) is not present. This supports the idea that valtartan might be more effective than other antihypertensive drugs like enalapril, metoprolol, or propranolol. 3. Abdominal Symptoms: The patient has multiple abdominal symptoms including distension, tenderness, and a fluid wave, all of which are consistent with valtartan's mechanism of action. It is well-documented that valtartan can reduce intrahepatic and extrahepatic vascular resistance, thereby alleviating symptoms associated with liver disease. 4. Cardiovascular Risk: The patient's heart rate is within the normal range (100 bpm), and there are no significant cardiac findings during physical examination. This further supports the use of valtartan. 5. Pain Management: The patient's pain management strategy includes paracentesis and furosemide therapy. These interventions are typically used to manage acute exacerbations of liver disease rather than long-term treatment. In conclusion, valtartan is the most appropriate choice given the patient's history, symptoms, and current condition.",0.0039,0.0545,0.2402,0.1074,0.0417,0.0826,0.0826,0.5354,0.527,0.6599
"A 48-year-old man is admitted to the hospital 2 hours after the onset of severe abdominal pain, nausea, and vomiting. The pain radiates to the back but improves when he bends forward. He has no history of serious illness and takes no medications. He does not smoke cigarettes. He drinks two 12-oz beers weekly. He appears restless. He is 173 cm (5 ft 8 in) tall and weighs 90 kg (198 lb); BMI is 30 kg/m² . Temperature is 38.0°C (100.4°F), pulse is 110/min, respirations are 20/min, and blood pressure is 110/60 mm Hg. On pulmonary examination, decreased breath sounds are heard at the lung bases; there is dullness to percussion. Abdominal examination shows distention and severe tenderness to palpation of the epigastrium and left upper quadrant. Laboratory studies show: Hemoglobin: 13.5 g/dL Serum Urea nitrogen: 30 mg/dL Glucose: 120 mg/dL Creatinine: 1.2 mg/dL Cholesterol: 300 mg/dL Triglycerides: 1500 mg/dL Total bilirubin: 1.1 mg/dL Amylase: 300 U/L Administration of intravenous fluids and analgesics is begun. The patient’s abdominal pain, nausea, and vomiting decrease. Which of the following is the most appropriate next step in management? Choose one among the choices below.",Which of the following is the most appropriate next step in management?,"
A. Apheresis 
B. Ezetimibe therapy 
C. Gemfibrozil therapy 
D. Metformin therapy 
E. Recommendation for weight loss
",C,B,False,"Ezetimibe is an antiplatelet drug that can help reduce the risk of bleeding associated with certain types of ulcers and gastrointestinal bleeding. It works by inhibiting the enzyme lipoprotein lipase, which breaks down cholesterol into bile acids. This reduction in bile acid production can lead to lower levels of cholesterol in the bloodstream, thereby reducing the risk of forming new blood vessels and increasing the likelihood of ulcer formation. In this case, the patient's symptoms include severe abdominal pain, nausea, and vomiting, which are common signs of peptic ulcer disease. Ezetimibe helps prevent these symptoms by reducing the risk of bleeding from ulcers. Additionally, it may also help manage the underlying cause of the pain, such as gastritis or peptic ulcer disease. While other options like gemfibrozil (a lipid-lowering medication) could potentially be used in conjunction with ezetimibe to address the specific issue of elevated triglycerides, ezetimibe itself is more directly relevant to the patient's condition and treatment needs. Therefore, based on the information provided, ezetimibe therapy is the most appropriate next step in managing the patient's condition.",0.0204,0.0452,0.3388,0.1031,0.0729,0.1031,0.1031,0.4988,0.5546,0.7132
"A 57-year-old man is admitted to the hospital 30 minutes after he was found wandering in the streets. Fingerstick blood glucose concentration obtained by paramedics prior to transport was 68 mg/dL. The patient's medical history is unknown. Temperature is 35.8°C (96.5°F), pulse is 80/min, respirations are 16/min, and blood pressure is 106/70 mm Hg. The patient appears disheveled and is not oriented to person, place, or time. Physical examination shows mild conjunctival icterus. Cardiopulmonary examination discloses no abnormalities. Abdominal examination discloses a small fluid wave. There is palmar erythema and 1+ pitting edema of the lower extremities. Gait is broad based and ataxic. The patient is unable to cooperate with ocular or neurologic examinations. ECG shows a regular sinus rhythm and no acute abnormalities. Results of toxicology screening are pending. The most appropriate initial step in management is to administer which of the following?",The most appropriate initial step in management is to administer which of the following?,"
A. Glucose 
B. Vitamin B₁ (thiamine) 
C. Vitamin B₂ (riboflavin) 
D. Vitamin B₆ (pyridoxine) 
E. Vitamin B₁₂ (cyanocobalamin)
",B,A,False,"In this scenario, the patient has been found wandering for 30 minutes without any apparent cause. Given that the patient's medical history is unknown, the first priority should be to stabilize their condition before proceeding with further diagnostic tests. Glucose is the primary treatment for hypoglycemia, which is the condition described here. It helps to raise blood sugar levels quickly, allowing the body to function properly again. Therefore, administering glucose would be the most appropriate initial step in managing this patient. Additional Consideration: - Temperature: 35.8°C (96.5°F) indicates a fever, which could indicate an infection or other health issue. - Pulse: 80/min suggests a high heart rate, which may indicate stress or anxiety. - Respiratory Rate: 16/min indicates shallow breathing, which can be concerning. - Blood Pressure: 106/70 mm Hg indicates low blood pressure, which might suggest shock or other critical conditions. - Abdomen Examination: Palmar erythema and 1+ pitting edema of the lower extremities suggest potential organ damage or infection. - Gait: Ataxia and lack of coordination suggest neurological issues, such as stroke or brain injury. - Cardiovascular Examination: Mild conjunctival icterus suggests possible liver disease or another underlying condition affecting the circulatory system. Given these factors, it is crucial to address the immediate need for stabilization and correction of hypoglycemia before considering more complex diagnostic procedures. Administering glucose will help restore normal blood sugar levels, which are essential for proper functioning of the body's systems.",0.0072,0.0357,0.3096,0.087,0.0478,0.087,0.087,0.4626,0.5322,0.7013
"Three days after an operation for uterine cancer, a hospitalized 67-year-old woman develops edema of the right lower extremity. Doppler ultrasonography shows a deep venous thrombosis (DVT). Review of the patient's record indicates that no DVT prophylaxis was initiated perioperatively. Which of the following is the best approach to prevent a similar adverse event in the future?",Which of the following is the best approach to prevent a similar adverse event in the future?,"
A. Conduct a nursing in-service regarding DVT prophylaxis 
B. Develop an institutional policy with standardized orders for DVT prophylaxis 
C. Encourage early ambulation during the postoperative period 
D. Prescribe low-molecular-weight heparin for all postoperative patients 
E. No intervention indicated because this is an isolated case and does not occur frequently
",B,B,True,"Developing an institutional policy with standardized orders for DVT prophylaxis is crucial for preventing such events from occurring again. This policy should include clear guidelines on when and how to initiate and monitor DVT prophylaxis, as well as specific protocols for monitoring and managing any potential complications related to DVT. Option A is incorrect because it suggests conducting a nursing in-service regarding DVT prophylaxis, which is not necessary given the current situation described. The patient has already developed symptoms of DVT, so initiating prophylactic measures would be premature. Option C is incorrect because encouraging early ambulation during the postoperative period can help reduce the risk of DVT, but it doesn't address the issue of ongoing prophylaxis initiation. Option D is incorrect because prescribing low-molecular-weight heparin for all postoperative patients is unnecessary and may lead to inappropriate use of anticoagulants, which could increase the risk of bleeding complications. Option B is correct because developing an institutional policy with standardized orders for DVT prophylaxis aligns with best practices in healthcare management. It ensures that all relevant personnel are aware of the appropriate procedures for initiating and monitoring DVT prophylaxis, thereby reducing the likelihood of similar adverse events in the future.",0.0,0.0566,0.3573,0.1187,0.0369,0.1005,0.1005,0.5357,0.6067,0.6865
"A clinical trial is performed to assess the efficacy of aspirin in decreasing the risk for myocardial infarction. Twenty-two thousand male physicians with no history of coronary artery disease are randomly assigned to receive aspirin (325 mg/d) or a placebo. After following the subjects for 5 years, results show that the incidence of myocardial infarction is 1.2% in the aspirin group and 2.2% in the placebo group. The reduction in incidence is statistically significant. Which of the following is the most accurate interpretation of these results?",Which of the following is the most accurate interpretation of these results?,"
A. Absolute risk reduction is 1% 
B. Absolute risk reduction is 10% 
C. Number needed to treat is 4 
D. Number needed to treat is 25 
E. Relative risk reduction is 25% 
F. Relative risk reduction is 75%
",A,B,False,"To determine the most accurate interpretation of the results from this clinical trial assessing the efficacy of aspirin in reducing the risk of myocardial infarction, we need to consider several key factors: 1. Statistical Significance: The study found a statistically significant reduction in the incidence of myocardial infarction when aspirin was administered compared to the placebo. This indicates that the observed effect is not due to chance but rather to the intervention. 2. Relative Risk Reduction: The relative risk reduction is calculated as the ratio of the incidence rate in the aspirin group to the incidence rate in the placebo group. In this case, the relative risk reduction is: \[ \text{Relative Risk Reduction} = \frac{\text{Incidence Rate in Aspirin Group}}{\text{Incidence Rate in Placebo Group}} = \frac{1.2\%}{2.2\%} = 0.5469 \] This value is approximately 54.69%, which is close to 10%. 3. Number Needed to Treat (NNT): The number needed to treat is a measure used to estimate how many patients would be needed to prevent one event (in this case, one myocardial infarction). It can be calculated using the formula: \[ \text{Number Needed to Treat} = \frac{1}{\text{Relative Risk Reduction}} \] Substituting the values: \[ \text{Number Needed to Treat} = \frac{1}{0.5469} \approx 1.81 \] This value is significantly larger than 4, indicating that more patients would need to be treated to achieve a similar reduction in risk. Given these points, the most accurate interpretation of the results is that there is an absolute risk reduction of 10%. Therefore, the correct answer is: The correct answer is [B].",0.0057,0.0284,0.187,0.08,0.044,0.0655,0.0655,0.4253,0.521,0.65
"An 18-year-old man is being prepared to undergo left temporal craniotomy for meningioma. General anesthesia has been administered. The surgeon reviews the patient's most recent MRI findings, which are hanging on a view box in the operating room, and prepares to clip the hair from the patient's right scalp. The circulating nurse is concerned because the signed operative consent form indicates a left temporal craniotomy. Which of the following is the most appropriate course of action for the circulating nurse?",Which of the following is the most appropriate course of action for the circulating nurse?,"
A. No action is required 
B. Review the MRI to determine the correct operative site 
C. Ask the surgeon to continue the operation only after the discrepancy is resolved 
D. Change the operative consent to match the surgeon's actions 
E. Call the waiting room to confirm the correct operative site with the patient's parents 
F. Write a postoperative incident report only
",C,E,False,"In this scenario, the circulatory nurse should not proceed with the surgery without first confirming that the patient's surgical site matches the informed consent provided by the patient. If the patient's surgical site does not match the informed consent, it would be unethical and potentially illegal to perform the procedure. Therefore, the circulatory nurse should call the waiting room to ensure that the patient's parents are present and can verify the correct surgical site before proceeding with the operation. Option A (No action is required) is incorrect because the circulatory nurse should not delay the surgery if there is any doubt about the surgical site. Option B (Review the MRI to determine the correct operative site) is also incorrect as the MRI findings are already known and do not need further review. Option C (Ask the surgeon to continue the operation only after the discrepancy is resolved) is incorrect because the surgeon has already reviewed the MRI findings and made an informed decision regarding the surgical site. Option D (Change the operative consent to match the surgeon's actions) is incorrect because changing the consent would violate the patient's rights and could lead to legal consequences. Option F (Write a postoperative incident report only) is incorrect because the circulatory nurse should not document the entire process but rather focus on ensuring that the patient's surgical site is correctly identified and confirmed.",0.0,0.0239,0.0998,0.0478,0.0,0.0398,0.0398,0.4691,0.5807,0.6229
"A 52-year-old man is brought to the emergency department because of a 2-day history of severe, progressive shortness of breath associated with exacerbation of his chronic cough. He has a 6-week history of pneumonia, which has responded slowly to treatment. Prior to the onset of his current symptoms, he had minimally productive cough and mild shortness of breath after walking one or two blocks. He also has had a low-grade fever for 6 days. He has no other history of serious illness. Current medications are erythromycin and an over-the-counter cough suppressant. He has smoked one pack of cigarettes daily for 20 years. On arrival, he appears ill. He is diaphoretic and in severe respiratory distress. Temperature is 38.1°C (100.6°F), pulse is 110/min, respirations are 36/min and shallow, and blood pressure is 70/50 mm Hg. Pulse oximetry on room air shows an oxygen saturation of 83%. Examination shows perioral cyanosis. There is no jugular venous distention. Diffuse crackles and wheezes are heard throughout the lungs. Heart sounds are normal. While a blood sample is being taken, the patient's blood pressure decreases, and he stops breathing. He is intubated, and mechanical ventilation is begun. Laboratory studies show: Hematocrit: 42% Leukocyte count: 16,000/mm³ Segmented neutrophils: 85% Lymphocytes: 15% Platelet count: 200,000/mm³ Arterial blood gas analysis on an FIO2 of 1.0 shows: pH: 7.35 PCO₂: 42 mm Hg PO₂: 55 mm Hg Chest x-ray shows diffuse alveolar infiltrates bilaterally and no cardiomegaly. Following intravenous administration of fluids, his blood pressure increases to 118/80 mm Hg. Which of the following is the most appropriate next step in management?",Which of the following is the most appropriate next step in management?,"
A. Continuation of mechanical ventilation at the current setting 
B. Administration of cyclophosphamide 
C. Administration of dexamethasone 
D. Extracorporeal membrane oxygenation 
E. Application of positive end-expiratory pressure
",E,D,False,"In this scenario, the patient presents with severe respiratory distress, hypoxemia, and evidence of pulmonary edema due to alveolar infiltrates. Given these clinical findings, ECMO stands out as the most appropriate next step in management. Here’s why: 1. Pulmonary Edema: The presence of diffuse alveolar infiltrates suggests that there is significant fluid accumulation in the alveoli, which can lead to pulmonary edema. ECMO allows for continuous removal of excess fluid from the body, thereby reducing the risk of pulmonary edema and improving oxygenation. 2. Hypoxemia: The high arterial blood gas analysis showing a pH of 7.35, PCO₂ of 42 mm Hg, and PO₂ of 55 mm Hg indicates severe hypoxemia. ECMO can help maintain adequate oxygenation by removing carbon dioxide and replacing oxygenated blood with deoxygenated blood. 3. Mechanical Ventilation: While mechanical ventilation is initially initiated, it may not be sufficient to address the underlying cause of the patient's condition. ECMO provides a more effective means of managing hypoxemia and preventing further lung injury. 4. Extracorporeal Membrane Oxygenation (ECMO): This procedure involves placing a machine outside the body to remove waste products and replace oxygenated blood back into the circulatory system. It is specifically designed to manage conditions like acute respiratory failure, sepsis, and other critical situations where oxygenation is crucial but mechanical ventilation alone is insufficient. Given the patient's current state of hypoxemia, pulmonary edema, and the need for continued mechanical ventilation while addressing the underlying causes, ECMO remains the most appropriate initial intervention. Therefore, the correct choice is [D] Extracorporeal Membrane Oxygenation.",0.0137,0.034,0.2055,0.0815,0.0522,0.0593,0.0593,0.4366,0.5274,0.7117
"A 14-year-old boy is brought to the emergency department by his parents 30 minutes after the sudden onset of confusion, sweating, and pallor. He has enuresis treated with imipramine. His parents refilled his prescription for imipramine 3 days ago and noted today that the bottle is empty. On arrival, the patient is awake but confused. Temperature is 37.0°C (98.6°F), pulse is 80/min, respirations are 8/min, and blood pressure is 100/60 mm Hg. Examination shows dilated pupils and flushed skin. In addition to ensuring an adequate airway and establishing intravenous access, which of the following is the most appropriate initial step in management?","In addition to ensuring an adequate airway and establishing intravenous access, which of the following is the most appropriate initial step in management?","
A. Cardiac monitoring 
B. Chest x-ray 
C. Echocardiography 
D. EEG 
E. Measurement of serum imipramine concentration
",A,E,False,"In this scenario, the patient's condition is critical due to the presence of severe hypotension (low blood pressure) and the need for immediate intervention. The symptoms include confusion, sweating, and pallor, which are indicative of shock. The patient also exhibits signs of enuresis, suggesting a potential urinary tract infection or other underlying conditions that could be contributing to the hypotensive state. Given these factors, the most appropriate initial step in managing this patient would be to measure the serum imipramine concentration. Imipramine is a medication used to treat depression and anxiety, and its levels can be monitored to assess the effectiveness of treatment and adjust dosages if necessary. This information will help determine whether the patient requires additional supportive care such as fluid resuscitation or further medical evaluation. While cardiac monitoring (option A) might be considered initially, it is not typically indicated unless there are specific heart-related concerns. Chest x-rays (option B) may be useful in assessing lung function, but they do not directly address the hypotensive state. An echocardiogram (option C) is generally not required given the lack of evidence of heart disease. EEG (option D) is not relevant to the current situation since it measures brain activity, not blood pressure or electrolyte levels. Therefore, the measurement of serum imipramine concentration is the most appropriate initial step in managing this patient's condition.",0.0159,0.0549,0.3445,0.112,0.0484,0.104,0.104,0.5286,0.5811,0.6711
"A 65-year-old man with mild hypertension comes to the veterans’ administration outpatient clinic because he is concerned about having an abdominal aortic aneurysm. He says he feels well. His medications are metoprolol and lisinopril. His older brother, who was ""seemingly in good health,"" recently underwent emergency repair of a ruptured abdominal aortic aneurysm that had not been diagnosed previously. The patient retired from the military 15 years ago. He smoked one-half pack of cigarettes daily for 20 years but quit 20 years ago. He is 183 cm (6 ft 0 in) tall and weighs 84 kg (185 lb); BMI is 25 kg/m². Pulse is 72/min and regular, and blood pressure is 140/85 mm Hg. Abdominal examination shows no organomegaly or tenderness to palpation. The aortic pulsation is estimated at 3 cm in width. A midepigastric bruit is heard. The remainder of the examination shows no abnormalities. Which of the following is the most appropriate next step in diagnosis?",Which of the following is the most appropriate next step in diagnosis?,"
A. CT scan of the abdomen and pelvis 
B. Digital angiography of the aorta 
C. Duplex ultrasonography of the abdomen 
D. X-ray of the abdomen 
E. No diagnostic imaging is indicated
",C,B,False,"The patient's symptoms suggest a potential risk of developing an abdominal aortic aneurysm due to his history of smoking, which can increase the risk of atherosclerosis and other cardiovascular complications. Given this information, the most appropriate next step in diagnosis would be: Option B: Digital angiography of the aorta Digital angiography is specifically designed to visualize the internal structures of the aorta, including its walls, lumen, and any abnormalities such as aneurysms. This procedure provides clear images of the aorta without the need for invasive imaging like CT scans or ultrasound, making it the most suitable choice for evaluating the patient's condition. While other options may also be considered, digital angiography offers the highest level of detail and specificity needed to accurately diagnose and treat an abdominal aortic aneurysm. Therefore, Option B is the most appropriate next step in diagnosis.",0.0329,0.0645,0.4221,0.1429,0.1053,0.1429,0.1429,0.5318,0.6381,0.8046
"A 57-year-old man comes to the physician because of a 1-month history of fatigue and moderate low back pain. He also has had a mildly decreased appetite resulting in a 1.8-kg (4-lb) weight loss during this period. He has a 1-week history of headache. He has had no fever, sweating, or chills. He has hypertension well controlled with triamterene-hydrochlorothiazide. Other medications include 81-mg aspirin, ibuprofen, and a daily multivitamin. He appears tired. Examination shows slightly pale conjunctivae. A grade 2/6 systolic flow murmur is heard best at the lower left sternal border. The remainder of the examination shows no abnormalities. Test of the stool for occult blood is negative. Laboratory studies show: Hematocrit: 32% Mean corpuscular volume: 102 μm³ Leukocyte count :9200/mm³ Segmented neutrophils: 66% Bands: 3% Lymphocytes: 31% Platelet count: 325,000/mm3 Red cell distribution width: 15.6% (N=13%–15%) Serum Ca²⁺: 10.8 mg/dL Urea nitrogen: 18 mg/dL Glucose: 108 mg/dL Creatinine: 1.5 mg/dL Albumin: 3 g/dL X-rays of the lumbosacral spine show mild osteopenia. Which of the following is the most appropriate next step in diagnosis?",Which of the following is the most appropriate next step in diagnosis?,"
A. Serum protein electrophoresis 
B. Echocardiography 
C. Bone scan 
D. Colonoscopy 
E. Esophagogastroduodenoscopy
",A,E,False,"Given the patient's symptoms, including fatigue, weight loss, headaches, and elevated creatinine levels, it is crucial to rule out kidney disease as a potential cause of these symptoms. The presence of a grade 2/6 systolic murmur at the lower left sternal border suggests an enlarged prostate, which can be associated with benign prostatic hyperplasia (BPH) or other conditions that may not be immediately apparent on physical examination alone. While the patient does have hypertension well-controlled with triamteren hydrochlorothiazide, this information alone is insufficient to diagnose kidney disease definitively. Therefore, further diagnostic steps beyond those typically recommended for primary care patients would be necessary. In contrast, the options provided do not align directly with the clinical presentation: - Option A (Serum Protein Electrophoresis): This test is used to assess protein concentration in the blood and is not relevant to the specific clinical findings described. - Option B (Echocardiography): While echocardiography can help identify structural abnormalities such as an enlarged prostate, it is not specifically used to diagnose kidney disease based on the given symptoms. - Option C (Bone Scan): This imaging technique is often used to detect bone metastases, but it is not commonly used to diagnose kidney disease unless there is evidence of renal involvement. - Option D (Colonoscopy): This procedure is highly sensitive and specific for detecting early-stage colon cancer, which could explain the elevated creatinine levels and the presence of a grade 2/6 systolic murmur. It is particularly useful for diagnosing kidney disease if the patient has a history of chronic kidney disease or is suspected of having a kidney disorder. Therefore, among the available options, the most appropriate next step in diagnosis is a colonoscopy, as it provides the highest level of specificity and sensitivity for identifying kidney disease based on the given clinical presentation.",0.0118,0.0292,0.237,0.0707,0.0388,0.0707,0.0707,0.466,0.564,0.6709
"A 38-year-old woman, gravida 1, para 1, comes to the office because she has been unable to conceive for the past year. She and her husband have had unprotected sexual intercourse three times weekly during this time. They have a 6-year-old daughter. During the past year, menses have occurred at irregular 90- to 120-day intervals. Her last menstrual period was 2 months ago. Menses previously occurred at regular 30-day intervals. She used an oral contraceptive for 4 years after the birth of her daughter but discontinued it 14 months ago. She has no history of serious illness and takes no medications. The patient appears well. She is 163 cm (5 ft 4 in) tall and weighs 63 kg (140 lb); BMI is 24 kg/m². Vital signs are within normal limits. Examination shows no abnormalities. Results of serum studies are shown: Thyroid-stimulating hormone: 3 μU/mL Follicle-stimulating hormone: 100 mIU/mL Prolactin: 10 ng/mL β-hCG: negative This patient’s diagnosis puts her at risk for which of the following?",Results of serum studies are shown: Thyroid-stimulating hormone: 3 μU/mL Follicle-stimulating hormone: 100 mIU/mL Prolactin: 10 ng/mL β-hCG: negative This patient’s diagnosis puts her at risk for which of the following?,"
A. Breast cancer 
B. Endometrial cancer 
C. Obesity 
D. Osteoporosis 
E. Unplanned pregnancy
",D,E,False,"Given the patient's medical history and current symptoms, the most likely diagnosis is unplanned pregnancy. Here's the reasoning: 1. Menstrual Irregularities: The patient has experienced irregular menses over the past year, which could be indicative of ovulation disorders or other hormonal imbalances that might suggest pregnancy. 2. Previous Contraceptive Use: The patient has used an oral contraceptive for 4 years after the birth of her daughter, indicating ongoing reproductive health issues related to contraception. 3. BMI and Height: The patient's BMI is 24 kg/m², which is considered healthy. However, the fact that her height is 163 cm suggests potential fertility issues due to factors like obesity. 4. Serum Studies: Thyroid-stimulating hormone (TSH), follicle-stimulating hormone (FSH), and prolactin levels are all within normal ranges. These tests do not point to any specific condition that would necessitate pregnancy as a diagnosis. 5. Follicle-Stimulating Hormone (FSH): A FSH level of 100 mIU/mL is typically associated with menopause rather than pregnancy. It is also below the threshold for ovulatory activity, suggesting a possible endometrial disorder. 6. β-HCG Negative: While β-HCG is generally positive in early pregnancy, it can be negative if there is a delay in the development of the pregnancy. Given the patient's age and the absence of other abnormal findings, this test result does not strongly indicate pregnancy. 7. Height and Weight: Although these values are within normal limits, they do not directly correlate with the likelihood of pregnancy based on the information provided. Given the patient's history of multiple pregnancies, irregular menses, and the presence of thyroid function and FSH levels, the most plausible diagnosis is unplanned pregnancy. Therefore, the correct answer is E. Unplanned pregnancy.",0.0031,0.0697,0.2728,0.1615,0.0625,0.118,0.118,0.5355,0.4905,0.6409
"A 27-year-old man comes to the physician because of a 1-month history of progressive fatigue and episodes of moderate abdominal pain. He has a 4-year history of recurrent nosebleeds that have increased in frequency despite undergoing cauterization of the nasal mucosa 6 months ago. He takes no medications. His sister has anemia associated with recurrent nosebleeds and heavy menstrual periods; she also had postpartum hemorrhage that required transfusion. The patient's vital signs are within normal limits. Examination shows pallor; no other abnormalities are noted. Laboratory studies show: Hemoglobin: 7.1 g/dL Erythrocyte count: 2.1 million/mm³ Leukocyte count: 13,500/mm³ Platelet count: 250,000/mm³ Prothrombin time: 12 sec (INR=1) Partial thromboplastin time: 45 sec Which of the following is the most likely diagnosis?","1 million/mm³ Leukocyte count: 13,500/mm³ Platelet count: 250,000/mm³ Prothrombin time: 12 sec (INR=1) Partial thromboplastin time: 45 sec Which of the following is the most likely diagnosis?","
A. Bernard-Soulier syndrome 
B. Glanzmann thrombasthenia 
C. Hemophilia A 
D. Hereditary hemorrhagic telangiectasia 
E. von Willebrand disease
",E,B,False,"Glanzmann thrombasthenia is a rare genetic disorder characterized by impaired function of the antithrombin III protein, which is crucial for blood clotting. This condition can lead to prolonged bleeding after minor injuries, such as nosebleeds, and may cause recurrent nosebleeds. - Hemoglobin levels: The patient's hemoglobin level is low at 7.1 g/dL, which is below the normal range. - Platelet count: The platelet count is high at 250,000/mm³, indicating a significant increase in platelets. - Leukocyte count: The leukocyte count is elevated at 13,500/mm³, suggesting inflammation or infection. - Prothrombin time (PT): The PT is prolonged at 12 seconds, which is typically seen in patients with hemophilia A. - Partial thromboplastin time (PTT): The PTT is prolonged at 45 seconds, which is characteristic of Glanzmann thrombasthenia. Given these clinical features, including the presence of glanzmann thrombasthenia, the most likely diagnosis is Glanzmann thrombasthenia. Therefore, the correct answer is B. Glanzmann thrombasthenia.",0.0054,0.1658,0.4772,0.2796,0.1413,0.2258,0.2258,0.6171,0.5337,0.6056
"A 37-year-old woman comes to the office for a follow-up examination 3 weeks after testing confirmed a mass in her left breast to be benign. She says that despite the test results, she has had anxiety, insomnia, and a preoccupation with cancer since noticing the lump. Two weeks ago, she had a 20-minute episode of markedly intense anxiety characterized by heart palpitations and the fear that she was dying. She says she has always been a tense, nervous person and is uncomfortable in social situations. She says she frequently worries and is fearful of the future and apprehensive of dying. She has no other history of panic episodes, traumatic events, or serious illness and takes no medications. She does not drink alcohol or use illicit drugs. Physical examination shows a 2-cm mass in the left breast. On mental status examination, she is cooperative but worried. Her thought processes are linear, and content focuses on possible negative eventualities. Which of the following is the most likely diagnosis?",Which of the following is the most likely diagnosis?,"
A. Avoidant personality disorder 
B. Generalized anxiety disorder 
C. Illness anxiety disorder (hypochondriasis) 
D. Persistent depressive disorder (dysthymia) 
E. Social anxiety disorder (social phobia)
",B,B,True,"1. Symptoms Description: The patient describes symptoms such as anxiety, insomnia, preoccupation with cancer, and a fear of death, which aligns closely with the characteristics of generalized anxiety disorder (GAD). GAD is characterized by persistent worry about various life events, including physical health issues like a mass in the breast. 2. Mental Status Examination: The patient's behavior and thought patterns suggest a pattern of worry and fear, which is consistent with the presentation of GAD. The patient's anxious thoughts, particularly those related to potential future harm, are typical of GAD. 3. Physical Examination: A 2-cm mass in the left breast is also consistent with a benign tumor, further supporting the diagnosis of GAD. 4. Risk Factors: The patient mentions having a history of anxiety, insomnia, and a preoccupation with cancer, all of which are common features of GAD. Additionally, the fact that she took no medication suggests it might be a primary condition rather than a secondary one. 5. Other Options Analysis: - Avoidant Personality Disorder (APD): While this can cause anxiety, it typically involves avoidance behaviors rather than excessive worry. - Illness Anxiety Disorder (HED): This is more commonly associated with chronic illnesses and is less likely to present with anxiety alone. - Persistent Depressive Disorder (PDD): PDD often presents with mood swings and suicidal ideation, but it doesn't specifically focus on anxiety or insomnia. - Social Anxiety Disorder (SAD): SAD is characterized by excessive fear of being judged or criticized, which may include feelings of impending doom, but it doesn’t specifically involve anxiety or insomnia. Given the clinical presentation and the specific symptoms described, Generalized Anxiety Disorder is the most likely diagnosis.",0.0061,0.0212,0.1945,0.0563,0.0284,0.0563,0.0563,0.4527,0.5326,0.6573
"A 55-year-old man comes to the emergency department because of a 6-hour history of diffuse abdominal pain and subjective fever. His most recent bowel movement 4 hours ago was loose but not bloody. He reports no chills or urinary symptoms. Medical history is remarkable for gastroesophageal reflux disease and alcoholic cirrhosis. Medications are furosemide, spironolactone, lactulose, and pantoprazole. The patient appears uncomfortable. Temperature is 37.8°C (100.0°F), pulse is 88/min, respirations are 14/min, and blood pressure is 104/66 mm Hg. Physical examination shows conjunctival icterus and abdominal distention. Bowel sounds are normal. There is moderate diffuse abdominal tenderness with mild guarding but no rebound tenderness. Results of laboratory studies are shown: Serum ALT: 70 U/L AST: 85 U/L Alkaline phosphatase: 66 U/L Total bilirubin: 3.5 mg/dL Creatinine: 0.6 mg/dL Blood Hematocrit: 39% Hemoglobin: 13.0 g/dL Leukocyte count: 11,300/mm³ Platelet count: 66,000/mm³ Partial thromboplastin time: 39 seconds Prothrombin time: 17.2 seconds Abdominal paracentesis is done, and analysis of the ascitic fluid shows a segmented neutrophil cell count of 288 cells/mm³. Results of blood and ascitic fluid cultures are pending. Which of the following is the most appropriate pharmacotherapy at this time?",Which of the following is the most appropriate pharmacotherapy at this time?,"
A. Cefotaxime 
B. Clindamycin 
C. Metronidazole 
D. Oxacillin 
E. Vancomycin 
F. No pharmacotherapy is indicated at this time
",A,A,True,"To determine the most appropriate pharmacotherapy for this patient, we need to consider several factors including the patient's medical history, current medications, and the results of the laboratory tests. 1. Medical History: The patient has a history of gastroesophageal reflux disease (GERD) and alcoholic cirrhosis, which suggests that he may be at risk for complications from these conditions. Additionally, he has been experiencing persistent abdominal pain and fever, indicating potential infection. 2. Current Medications: The patient is on furosemide, spironolactone, lactulose, and pantoprazole, all of which are used to manage GERD and liver function. These drugs can contribute to the development of infections if not properly managed. 3. Laboratory Studies: The patient's serum ALT, AST, ALP, total bilirubin, creatinine, hemoglobin, and platelets are within normal ranges. However, the presence of a segmented neutrophil count in the ascitic fluid suggests an infection, particularly given the patient's history of cirrhosis and GERD. Given these considerations: - Option A: Cefotaxime - This antibiotic is typically used for infections caused by Gram-negative bacteria, such as those associated with urinary tract infections or respiratory tract infections. It would not be appropriate for a patient with a history of GERD and liver disease. - Option B: Clindamycin - This antibiotic is effective against gram-positive bacteria and is often used for infections caused by such organisms. While it could potentially be considered for a bacterial infection, it might not be necessary due to the patient's history of GERD and liver disease. - Option C: Metronidazole - This medication is primarily used for infections caused by anaerobic bacteria, such as those found in the intestines. Given the patient's history of GERD and liver disease, metronidazole might be less likely to be relevant compared to other options. - Option D: Oxacillin - This is another broad-spectrum antibiotic commonly used for infections. While it might be considered for a bacterial infection, its use in this context is less likely due to the patient's history of liver disease. - Option E: Vancomycin - This is a strong antimicrobial agent specifically designed for infections caused by methicillin-resistant Staphylococcus aureus (MRSA). Although it is effective against some types of bacteria, it is not typically used for infections caused by Gram-negative bacteria like those seen in this patient's case. - Option F: No pharmacotherapy is indicated at this time - This option aligns well with the patient's condition, where there is evidence of an infection despite the absence of specific pathogens. Since the patient is already on antacid therapy and has a segmentally elevated neutrophil count, antibiotics are unlikely to be needed unless there is a specific indication for them. Therefore, based on the patient's history, current medications, and the findings from the laboratory tests, Metronidazole is the most appropriate choice for treating this patient's infection.",0.0038,0.0189,0.1443,0.0461,0.0295,0.0377,0.0377,0.4192,0.5601,0.6562
A 45-year-old man is brought to the emergency department because of moderate chest pain after a generalized tonic-clonic seizure 30 minutes ago. He has seizure disorder for which he has taken carbamazepine and phenobarbital for the past 20 years. X-ray of the chest shows generalized osteopenia with several rib fractures. Which of the following is the most likely nutritional deficiency?,Which of the following is the most likely nutritional deficiency?,"
A. Folic acid 
B. Iron 
C. Magnesium 
D. Vitamin B₂ (riboflavin) 
E. Vitamin D 
F. Zinc
",E,B,False,"Given that the patient has seizure disorder and significant bone fractures, iron deficiency anemia is a potential cause. The chest X-ray findings suggest generalized osteopenia, which can be associated with iron-deficiency anemia due to chronic blood loss from the broken bones. - Folic Acid: While folic acid is important for neural development and red blood cell formation, it does not directly contribute to bone health. - Magnesium: This mineral is crucial for muscle function, nerve conduction, and energy metabolism but is not typically associated with bone health issues in this context. - Vitamin B₂ (Riboflavin): Riboflavin is essential for energy production and is often deficient in individuals with vitamin B12 deficiencies, which could explain the symptoms of generalized osteopenia seen on the X-ray. - Vitamin D: Although important for calcium absorption and bone health, vitamin D levels are generally not affected by bone fractures alone. - Zinc: Zinc is involved in various physiological processes including immune function and DNA synthesis but is not commonly associated with bone health issues like those caused by fractures. Therefore, given the patient's history of seizure disorder and recent fracture, iron deficiency anemia is the most likely nutritional deficiency contributing to his symptoms.",0.0137,0.036,0.2911,0.087,0.0488,0.087,0.087,0.4614,0.5674,0.6661
A 32-year-old man comes to the office because of a 2-day history of redness of the right eye. He has not had sensitivity to light or the sensation of a foreign body in the eye. He has no history of serious illness and takes no medications. Examination of the right eye shows erythema and clear discharge. Examination of the left eye shows no abnormalities. The physician prescribes ketorolac ophthalmic solution. Which of the following is the most appropriate way for the physician to write the prescription?,Which of the following is the most appropriate way for the physician to write the prescription?,"
A. Ketorolac 0.5% solution, 1 drop in right eye, four times daily 
B. Ketorolac .5% solution, 1 drop in right eye QID 
C. Ketorolac 0.5% solution, 1 drop OD four times daily 
D. Ketorolac 0.5% solution, 1 drop OD, QID
",A,A,True,"This prescription aligns with standard medical practice for treating conjunctivitis (redness of the eyes). Ketorolac is an anti-inflammatory medication that can be used to reduce inflammation and relieve symptoms associated with conjunctivitis. - Ketorolac 0.5% solution: This formulation contains 0.5% ketorolac sodium, which is effective at reducing inflammation and relieving symptoms such as itching, burning, and swelling. - 1 drop in right eye: This dosage is typically given twice daily, which is consistent with the typical schedule for treating conjunctivitis. - Four times daily: This frequency is common for managing acute conjunctivitis, ensuring timely treatment and preventing recurrence. Options B and C do not match the typical dosing regimen for conjunctivitis: - Option B: Ketorolac .5% solution, 1 drop in right eye QID - This would require one drop per day, which is too frequent and does not address the specific needs of a patient who has not experienced significant discomfort. - Option C: Ketorolac 0.5% solution, 1 drop OD four times daily - This would need to be administered once every two hours, which is less than the recommended frequency for acute conjunctivitis. Therefore, Option A is the most appropriate and accurate prescription for this case.",0.0044,0.0482,0.2076,0.1143,0.0385,0.0857,0.0857,0.4499,0.567,0.6759
"A 14-year-old girl is brought to the physician by her mother for a well-child examination. Vital signs are within normal limits. On breast examination, the areolae are 3 cm in diameter and form a secondary mound bilaterally. Cardiopulmonary and abdominal examinations show no abnormalities. Pelvic examination shows dark, curly, coarse hair that spreads sparsely over the pubic area but not over the thighs. Which of the following is the most accurate assessment of this patient's development?",Which of the following is the most accurate assessment of this patient's development?,"
A. Pubic Hair Development: Delayed; Breast Development: delayed 
B. Pubic Hair Development: Delayed; Breast Development: normal 
C. Pubic Hair Development: Normal; Breast Development: delayed 
D. Pubic Hair Development: Normal; Breast Development: normal
",D,C,False,"This question involves assessing the development of pubic hair and breast tissue based on the given information about the patient's physical examination. 1. Pubic Hair Development (PVD): - The patient has pubic hair that is 3 cm in diameter. - This indicates that pubic hair is present at birth and is growing normally. - Therefore, PVD should be considered normal. 2. Breast Development (BD): - The patient has breast tissue that forms a secondary mound bilaterally. - This suggests that breast development is occurring normally. - However, the size of the breast mound is described as ""secondary,"" which could imply that there may be other factors affecting breast development beyond just the primary breast. Given these points, it seems more likely that the patient's breast development is being influenced by other factors such as hormonal changes or genetic predispositions rather than simply due to the initial presence of pubic hair. Therefore, the most accurate assessment of this patient's development is: [C] Pubic Hair Development: Normal; Breast Development: Delayed]",0.0256,0.0556,0.3906,0.1453,0.1017,0.1341,0.1341,0.4861,0.5722,0.6676
A healthy 19-year-old woman comes to the clinic requesting advice regarding contraception. Menses occur at regular 28-day intervals with heavy flow. She is sexually active and has had three lifetime male partners. She has smoked one-half pack of cigarettes daily for 2 years. She lives in a college dormitory and says that she often does not sleep in her own room and has trouble remembering to take medications regularly. Her only medication is a daily multivitamin. She is 163 cm (5 ft 4 in) tall and weighs 58 kg (128 lb); BMI is 22 kg/m². Vital signs are within normal limits. Physical examination shows no abnormalities. Which of the following is the most appropriate recommendation regarding contraception for this patient?,Which of the following is the most appropriate recommendation regarding contraception for this patient?,"
A. Condoms with spermicidal foam 
B. Diaphragm with spermicidal foam 
C. Oral contraceptive therapy 
D. Subdermal contraceptive implant 
E. Vaginal contraceptive ring
",D,B,False,"This patient presents with symptoms consistent with endometriosis, which can be managed through medical intervention. The key points to consider include: - Endometriosis: This condition involves the growth of tissue outside the uterus, typically in the pelvic area. It can cause menstrual pain, abnormal bleeding, and infertility. - Diaphragm with spermicidal foam: This is a common method used for contraception due to its effectiveness against sperm. However, it should be noted that diaphragms may have side effects such as irregular periods, increased risk of infection, and potential for hormonal imbalance. - Oral contraceptive therapy: While effective, oral contraceptives can sometimes lead to weight gain, mood changes, and other side effects. They also require daily administration, which might not be feasible for someone living in a dormitory. - Subdermal contraceptive implant: This is an injectable form of contraception that releases hormones under the skin. It's less invasive than pills but still requires daily administration. It’s generally considered safer than implants because it doesn’t interfere with hormone levels. - Vaginal contraceptive ring: This is another type of intrauterine device (IUD), similar to a ring inserted into the vagina. It’s designed to prevent pregnancy without interfering with hormone production. It’s more discreet and less intrusive compared to implants. Given these considerations, the diaphragm with spermicidal foam is the most appropriate choice for this patient. It provides long-term protection against pregnancy while being relatively safe and easy to use. Additionally, it offers better control over menstrual cycles and side effects compared to oral contraceptives. Therefore, the correct recommendation is: The correct answer is [B. Diaphragm with spermicidal foam].",0.0033,0.0357,0.2351,0.086,0.0361,0.0717,0.0717,0.4897,0.5783,0.6975
"A previously healthy 17-year-old girl comes to the emergency department because of a 3-day history of moderate right lower quadrant pain, fever, and loss of appetite. She has not had abnormal vaginal discharge. Four months ago, she was treated with oral antibiotics for cystitis. She currently takes no medications. Menses occur at regular 28-day intervals. Her last menstrual period was 10 days ago. She has been sexually active with two male partners during the past 6 months and uses condoms inconsistently. Temperature is 38.5°C (101.3°F), pulse is 105/min, respirations are 14/min, and blood pressure is 127/82 mm Hg. Abdominal examination shows tenderness to palpation of the lower quadrants with rebound in the right lower quadrant; there is no distention. Bowel sounds are decreased. Pelvic examination shows blood-tinged discharge from the cervical os and cervical motion tenderness. There is a 5-cm mass in the right adnexal region. Which of the following is the most likely diagnosis?",Which of the following is the most likely diagnosis?,"
A. Appendicitis 
B. Ectopic pregnancy 
C. Ovarian torsion 
D. Pyelonephritis 
E. Tubo-ovarian abscess
",E,E,True,"The patient presents with symptoms consistent with a tubo-ovarian abscess, which is a common cause of right lower quadrant pain that can be complicated by appendicitis if left untreated. The combination of abdominal pain, fever, and loss of appetite along with the presence of a 5 cm mass in the right adnexal region suggests this is indeed a tubo-ovarian abscess. Here's the reasoning: 1. Abdominal Examination: The patient reports tenderness to palpation of the lower quadrants with rebound in the right lower quadrant, indicating an abscess. 2. Pelvic Examination: The patient also mentions bowel sounds being decreased, which is characteristic of a tubo-ovarian abscess. 3. Blood-tinged Discharge: The presence of a 5 cm mass in the right adnexal region is a strong indicator of a tubo-ovarian abscess. 4. Symptoms Not Associated: The patient does not have any other typical symptoms such as nausea, vomiting, or fever, which would suggest appendicitis. Given these clinical features, including the presence of a tubo-ovarian abscess, the most likely diagnosis is E. Tubo-ovarian abscess. This condition requires prompt medical attention due to its potential complications, including infection spread to the ovaries and potentially causing infertility.",0.0046,0.032,0.2227,0.0773,0.039,0.0773,0.0773,0.44,0.5359,0.5683
"A 15-year-old girl is brought to the office because she has never had a menstrual period. She has no history of serious illness and receives no medications. Growth and development are appropriate for age. Breast development began at the age of 10 years. She has never been sexually active. She is at the 90th percentile for height, 75th percentile for weight, and 69th percentile for BMI. Sexual maturity rating is 4 for breast development. Pelvic examination shows a normal-appearing vagina; the cervix and uterus cannot be palpated. Her serum testosterone concentration is 340 ng/dL (N=5–40). Serum concentrations of luteinizing hormone, follicle-stimulating hormone, thyroid-stimulating hormone, 17α-hydroxyprogesterone, and prolactin are within the reference ranges. Serum β-hCG testing is negative. Pelvic ultrasonography shows no uterus. Her karyotype is 46,XY. Which of the following is the most appropriate next step in management?",Which of the following is the most appropriate next step in management?,"
A. Estrogen and progestin therapy 
B. Gonadectomy 
C. Gonadotropin-releasing hormone agonist therapy 
D. Progestin therapy only 
E. No further management is indicated
",B,A,False,"Estrogen and progesterone are essential hormones that play crucial roles in reproductive health. They help regulate the menstrual cycle, support pregnancy, and prevent miscarriage. In this case, since the patient has not experienced menstruation, estrogen and progestin therapy can be considered as an appropriate next step. These medications can help manage symptoms such as irregular periods, reduce the risk of endometrial cancer, and promote ovulation if necessary. While other options like gonadectomy (removal of one testicle) or gonadotropin-releasing hormone agonists (GnRHa) might also be considered, they are less common and may have different side effects compared to estrogen-progestin therapy. Therefore, estrogen and progestin therapy remains the most appropriate initial management approach for this patient.",0.0,0.0682,0.3327,0.1406,0.0635,0.0938,0.0938,0.5106,0.5687,0.6663
"A 50-year-old man returns to the office for a follow-up examination. During the past 2 months, he has had increased blood pressure readings during several checks at the office and at home. He says he has felt well. He has major depressive disorder and gout. Medications are fluoxetine and allopurinol. His maternal grandfather had congestive heart failure and the patient's older brother has hypertension. The patient has smoked one-half pack of cigarettes daily for 32 years. He is 180 cm (5 ft 11 in) tall and weighs 95 kg (210 lb); BMI is 29 kg/m². Pulse is 70/min and blood pressure is 152/90 mm Hg. Physical examination discloses no abnormalities. Which of the following medications is contraindicated in this patient?",Which of the following medications is contraindicated in this patient?,"
A. Amlodipine 
B. Doxazosin 
C. Hydrochlorothiazide 
D. Lisinopril 
E. Metoprolol
",C,D,False,"The patient presents with symptoms consistent with hypertension, including elevated blood pressure readings, which suggests an underlying condition that may be contributing to his high blood pressure. Among the options provided: - Option A: Amlodipine - Amlodipine is a calcium channel blocker commonly used to treat hypertension. It does not typically cause significant side effects when taken as prescribed. - Option B: Doxazosin - Doxazosin is a beta-blocker that can help lower blood pressure by relaxing the blood vessels. While it is generally safe, it should only be used under medical supervision due to its potential side effects such as dry mouth, blurred vision, and dizziness. - Option C: Hydrochlorothiazide - Hydrochlorothiazide is a diuretic medication primarily used to reduce fluid retention and edema. It is often prescribed for conditions like heart failure, but it can also have side effects such as headache, nausea, and orthostatic hypotension. - Option D: Lisinopril - Lisinopril is a widely used ACE inhibitor that helps control blood pressure by reducing the production of angiotensin II. It is generally well-tolerated and effective, though it can cause some side effects such as tachycardia, dry cough, and hypotension. - Option E: Metoprolol - Metoprolol is a beta-blocker that is commonly used to treat hypertension. It is generally well-tolerated and effective, though it can cause some side effects such as dry mouth, blurred vision, and tachycardia. Given the patient’s history of hypertension, smoking, and family history of cardiovascular disease, lisinopril is the most appropriate choice because it is specifically designed to manage hypertension without causing significant side effects. Therefore, the correct answer is: The correct answer is [Lisinopril].",0.0,0.0129,0.0852,0.0364,0.0,0.0291,0.0291,0.4185,0.5129,0.5409
"A 23-year-old woman is brought to the emergency department by her friends 30 minutes after the sudden onset of nausea, facial flushing, and chest pressure while eating at a Thai restaurant. She does not have any known allergies to foods or medications. She had asthma during childhood but has not required treatment for 5 years. On arrival, she is diaphoretic and appears anxious. Temperature is 37.1°C (98.8°F), pulse is 92/min, respirations are 20/min, and blood pressure is 126/68 mm Hg. Pulse oximetry on room air shows an oxygen saturation of 99%. Examination of the neck shows erythema; no masses or nodules are palpated. Cardiopulmonary examination shows no abnormalities. Which of the following is the most likely diagnosis?",Which of the following is the most likely diagnosis?,"
A. Asthma exacerbation 
B. Carcinoid syndrome 
C. Panic attack 
D. Reaction to food additive 
E. Systemic mastocytosis 
F. Thyrotoxicosis
",D,B,False,"Carcinoid syndrome is a rare condition characterized by symptoms such as gastrointestinal complaints, skin changes, and other systemic manifestations. The patient's presentation—sudden onset of nausea, facial flushing, chest pressure, and hypotension—is consistent with carcinoid syndrome. - Asthma exacerbation: While possible in some cases, it would typically present with more typical respiratory symptoms like wheezing or coughing rather than the specific symptoms described. - Panic attack: This is a medical term that describes a sudden, intense emotional response often triggered by panic attacks. It doesn't fit the clinical presentation provided. - Reaction to food additive: This is unlikely given the absence of any known allergens and the absence of any food-related symptoms. - Systemic mastocytosis: This is a condition where there is an overproduction of mast cells, leading to various symptoms including hives, itching, and swelling. There is no mention of these symptoms in this case. - Thyrotoxicosis: This is a condition caused by hyperthyroidism, which can cause symptoms such as anxiety, sweating, tremors, and heart rate increase. However, the presence of hypotension alone is insufficient to diagnose thyroid dysfunction specifically. Therefore, based on the clinical presentation and the lack of any known allergy or medication history, carcinoid syndrome is the most likely diagnosis.",0.0086,0.0297,0.2509,0.0755,0.0381,0.0755,0.0755,0.4665,0.5628,0.6418
"A 45-year-old woman returns to the office to discuss results of a fine-needle aspiration biopsy of a 0.5-cm right breast mass obtained 1 week ago. She is unaccompanied. Medical history is unremarkable and she takes no medications. Her mother and maternal aunt were diagnosed with breast cancer at the ages of 45 and 52 years, respectively. Physical examination discloses no palpable axillary nodes. The biopsy specimen showed malignant cells. The patient is counseled that she has an excellent chance of cure with lumpectomy and radiation therapy. She adamantly refuses this treatment plan and states that she will try natural therapies, including megavitamins and herbal remedies instead. After exploring the reasons behind the patient's decision, which of the following is the most appropriate response?","After exploring the reasons behind the patient's decision, which of the following is the most appropriate response?","
A. Advise the patient that there is no proof that these alternative therapies work and that she is essentially throwing her life away 
B. Agree to the alternative therapies and schedule a follow-up visit in 6 months 
C. Ask the patient if she would be willing to return to the office in 2 weeks to discuss treatment options again 
D. Inform the patient that she will be referred to another physician based on her treatment decision
",C,C,True,"This scenario involves a patient who has undergone a fine-needle aspiration biopsy (FNAB) for a 0.5 cm right breast mass. Despite having no palpable axillary nodes, the biopsy revealed malignant cells. The patient is adamant about continuing with traditional treatments such as lumpectomy and radiation therapy. Given the patient's refusal to consider alternative therapies like megavitamins and herbal remedies, it makes sense to address their concerns directly. Here’s how we can proceed: 1. Advise the Patient That There Is No Proof That These Alternative Therapies Work: This approach acknowledges the patient's decision but does not offer any evidence to support the alternatives. It simply informs them that they have no basis for believing in these therapies. 2. Agree to the Alternative Therapies and Schedule a Follow-Up Visit in 6 Months: This option suggests that the patient agrees to the alternative therapies but then schedules a follow-up appointment in six months. While this might seem reasonable given the patient's refusal, it doesn't fully address the core issue of whether the patient truly believes in the effectiveness of these therapies. 3. Ask the Patient If She Would Be Willing to Return to the Office in 2 Weeks to Discuss Treatment Options Again: This option allows the patient to express their willingness to reconsider their decision after a brief period. However, it still doesn’t address the fundamental question of whether the patient genuinely believes in the efficacy of the alternative therapies. 4. Inform the Patient That She Will Be Referring to Another Physician Based on Her Treatment Decision: This option implies that the patient will seek further medical advice from someone else. While it could potentially help alleviate some of the patient's anxiety, it doesn't necessarily resolve the underlying issue of their refusal to consider alternative therapies. Option C provides the most balanced and effective response. By asking the patient if she would be willing to return to the office in 2 weeks to discuss treatment options again, the healthcare provider addresses both the patient's current decision and their desire to explore other options. This approach respects the patient's autonomy while also addressing their concerns about the potential benefits of alternative therapies.",0.0,0.0281,0.17,0.0614,0.0257,0.0512,0.0512,0.4671,0.5701,0.6616
"A 47-year-old woman comes to the office because of a 2-month history of progressive weakness and numbness of her right leg. She has a 3-year history of type 2 diabetes mellitus treated with metformin. She has worked as a stock person in a storeroom for 12 years; she often moves and lifts heavy objects and sometimes crawls into tight spaces. On neurologic examination, muscle strength is 5−/5 in the hip extensor, thigh abductor, hamstring, and gastrocnemius muscles on the right and intact on the left. Muscle strength is intact in the iliopsoas, thigh adductor, quadriceps, and tibial anterior muscles bilaterally. Deep tendon reflexes are 1+ in the right ankle and 2+ in the left ankle. Sensation to light touch is mildly decreased over the lateral and inferior aspects of the right foot. Sensation otherwise is intact. Which of the following is the most likely diagnosis?",Which of the following is the most likely diagnosis?,"
A. Common peroneal neuropathy 
B. Femoral neuropathy 
C. L2 radiculopathy 
D. L4 radiculopathy 
E. Obturator neuropathy 
F. S1 radiculopathy
",F,C,False,"The patient presents with progressive weakness and numbness in the right lower extremity, which aligns with the symptoms of L2 radiculopathy. This condition involves damage to the nerve roots exiting the lumbar spine, leading to sensory deficits and motor impairments in the affected side. - Common peroneal neuropathy: While this can cause similar symptoms, it typically affects only one leg. - Femoral neuropathy: This condition primarily affects the femoral nerve (the nerve that innervates the inner thigh), not the sciatic nerve. - L2 radiculopathy: This is the most common form of radiculopathy affecting the lumbar spinal cord, causing pain, numbness, and weakness in the legs. - L4 radiculopathy: Similar to L2, this condition affects the lumbar spinal cord, but it's more severe and may involve additional symptoms like bowel dysfunction. - Obturator neuropathy: This condition affects the nerves supplying the buttocks, but it doesn't specifically target the sciatic nerve. - S1 radiculopathy: This condition affects the sacral nerve, which causes pain, numbness, and weakness in the lower back and legs. Given the patient's history of diabetes mellitus and work in a stock room, the risk of developing L2 radiculopathy is higher compared to other conditions listed. The combination of diabetic neuropathy, repetitive lifting, and prolonged standing could lead to significant neurological damage if untreated. Therefore, L2 radiculopathy is the most probable diagnosis based on the clinical presentation and medical history provided.",0.0,0.0225,0.125,0.0591,0.017,0.0591,0.0591,0.4416,0.5538,0.6662
