background,question,option,ground_truth,prediction,acc,explanation,bleu4,bleu1,meteor,rouge1,rouge2,rougeL,rougeLsum,bertscore_f1,bertscore_f1_avg_sent,bertscore_f1_max_sent
"A 30-year-old woman comes to the office because of a 3-day history of joint pain in her hands and a rash over her chest and arms that is slowly resolving. The joint pain in her hands has persisted and is exacerbated by writing or typing. She rates the pain as a 3 on a 10-point scale. The patient is a preschool teacher and reports that one of her students had a facial rash and fever 1 week prior to the development of her symptoms. The patient's medical history is unremarkable and her only medication is an oral contraceptive. She is in a monogamous relationship with her husband. She does not smoke cigarettes, drink alcoholic beverages, or use illicit drugs. BMI is 22 kg/m² . Vital signs are temperature 38.1°C (100.5°F), pulse 94/min, respirations 18/min, and blood pressure 107/58 mm Hg. Physical examination discloses a blanching, erythematous, papular rash on the anterior chest and proximal upper extremities. The first and second metacarpophalangeal joints of both hands are tender and swollen. The wrist joints also are tender to palpation but there is minimal swelling. Which of the following microorganisms is most likely to have caused this patient's symptoms?",Which of the following microorganisms is most likely to have caused this patient's symptoms?,"
A. Adenovirus 
B. Borrelia burgdorferi 
C. Coxsackievirus 
D. Ehrlichia chaffeensis 
E. Parvovirus B19
",E,B,False,"The patient presents with joint pain and a rash over her chest and arms, which are characteristic of Lyme disease. This pattern aligns well with the clinical presentation of Lyme disease, particularly the involvement of the joints and skin lesions. Borrelia burgdorferi, commonly known as Lyme borreliosis, can cause these types of symptoms due to its ability to infect the central nervous system and affect multiple organs, including the joints and skin. - Adenovirus: While adenoviruses can cause respiratory infections, they do not typically present with joint pain or rash. - Coxsackievirus: These viruses can cause gastroenteritis, but they do not typically cause joint pain or rash. - Ehrlichia chaffeensis: This bacterium is associated with tick-borne encephalitis, but it does not cause joint pain or rash. - Parvovirus B19: This virus primarily causes respiratory infections such as bronchitis and gastroenteritis, but it does not cause joint pain or rash. Therefore, based on the clinical presentation and the specific characteristics of Lyme disease, Borrelia burgdorferi is the most likely causative agent for the patient's symptoms.",0.0,0.0406,0.2936,0.1176,0.0432,0.0963,0.0963,0.4937,0.5822,0.6954
"A 34-year-old woman comes to the office because of a 1-month history of worsening right upper quadrant abdominal pain and discomfort. She describes the pain as a dull ache and says it is not affected by eating or defecating. She has not had nausea or changes in appetite or bowel habits. She feels the pain constantly while she is awake, but it rarely keeps her from sleeping. Acetaminophen provides occasional relief. She has been otherwise healthy. Medical history is unremarkable and her only other medication is an oral contraceptive. Vital signs are normal. Abdominal examination discloses hepatomegaly but no palpable masses or evidence of cirrhosis. Results of liver function tests and serum α-fetoprotein concentration are within the reference ranges. Serologic studies for hepatitis B and C are negative. Ultrasonography of the abdomen shows a 4×4-cm mass in the right lobe of the liver. Which of the following is the most likely diagnosis?",Which of the following is the most likely diagnosis?,"
A. Hepatic adenoma 
B. Hepatocellular cancer 
C. Hydatid cyst 
D. Metastatic ovarian cancer
",A,B,False,"The patient's symptoms, including persistent right upper quadrant abdominal pain that worsens with eating and defecation, lack of nausea or changes in appetite or bowel habits, and the absence of significant weight loss or changes in bowel habits, are consistent with the characteristics of hepatocellular carcinoma (HCC). HCC is a type of liver cancer that typically presents with chronic liver disease, such as cirrhosis, which can lead to symptoms like the one described. Here’s a more detailed explanation: 1. Symptoms: The patient mentions a persistent right upper quadrant pain that does not improve with rest and is often constant. This is characteristic of HCC, where the tumor can compress surrounding structures causing pain. 2. Abdominal Examination: The presence of a 4x4 cm mass in the right lobe of the liver is suggestive of HCC. Liver masses in this size are common in HCC patients. 3. Liver Function Tests: The results of liver function tests (LFTs) and serum AFP concentration are within the reference range, indicating that the liver is functioning normally without any abnormalities. 4. Serological Studies: Negative serologic studies for hepatitis B and C confirm that there is no evidence of current infection. 5. Ultrasonography: A 4x4 cm mass in the right lobe of the liver on ultrasound is typical of HCC, especially when combined with the findings of liver fibrosis and ascites. While the patient also reports having eaten recently, this symptom alone is not sufficient to diagnose HCC. Other conditions like gallstones or biliary obstruction could cause similar symptoms, but they do not fit the specific presentation described here. Therefore, based on the clinical presentation and imaging findings, the most likely diagnosis is HCC, leading to the conclusion that the correct answer is [B] Hepatocellular cancer.",0.003,0.0211,0.1619,0.0533,0.0268,0.0533,0.0533,0.4441,0.5368,0.6029
"A 12-year-old girl is brought to the emergency department by her mother because of a 1-week history of worsening swelling in her legs. The patient also noticed blood in her urine yesterday. The bleeding has not recurred. She had an upper respiratory tract infection and sore throat 1 week ago that caused her to miss several days of school. Medical history is otherwise unremarkable and she takes no routine medications. Menarche has not yet occurred. BMI is 20 kg/m². Vital signs are temperature 37.0°C (98.6°F), pulse 78/min, respirations 12/min, and blood pressure 136/84 mm Hg. Pulse oximetry on room air shows an oxygen saturation of 100%. Physical examination discloses erythema of the posterior pharynx, mild cervical lymphadenopathy, and 3+ pitting edema to both knees. Results of urinalysis are shown: Protein: 150 mg/dL Blood: Positive Leukocyte esterase: Positive Nitrite: Negative WBCs: 5−10/hpf RBCs: 10−25/hpf Casts:1−2/lpf Results of which of the following laboratory studies are most likely to be abnormal in this patient?",Results of urinalysis are shown: Protein: 150 mg/dL Blood: Positive Leukocyte esterase: Positive Nitrite: Negative WBCs: 5−10/hpf RBCs: 10−25/hpf Casts:1−2/lpf Results of which of the following laboratory studies are most likely to be abnormal in this patient?,"
A. Bleeding time 
B. Erythrocyte count 
C. Serum concentration of C3 
D. Serum IgA concentration 
E. Serum rheumatoid factor assay
",C,C,True,"To determine the most likely abnormalities in this patient's laboratory tests, we need to consider the clinical presentation and the specific findings from the urinalysis. - Option A: Bleeding Time (BT) - This test measures the amount of blood left in the body after a period of rest. It is typically normal for children under 12 years old but can sometimes be elevated due to certain medical conditions. - Option B: Erythrocyte Count (EC) - Normal Range: The normal range for a 12-year-old girl is between 4.5 to 10.0 million red blood cells per microliter (mL). Given the patient’s age and the presence of proteinuria, it is plausible that the erythrocyte count could be slightly elevated, especially if there is evidence of hemolysis or microvascular issues. - Option C: Serum Concentration of C3 (C3): Normal Range: The serum C3 level is usually within the normal range for healthy individuals. However, given the patient's history of recurrent infections and recent upper respiratory tract infection, it is possible that the C3 levels may be slightly elevated. - Option D: Serum IgA Concentration (IgA): Normal Range: The serum IgA level is generally low in children and adults. Given the patient's history of recurrent infections and recent sore throat, it is unlikely that the IgA level would be significantly elevated. - Option E: Serum Rheumatoid Factor (RF) Assay: Rheumatoid factor is often elevated in patients with systemic lupus erythematosus (SLE). While the patient does have a history of recurrent infections, the presence of a positive RF suggests a more complex etiology than SLE alone. Considering the patient's symptoms, physical exam findings, and the results of the urinalysis, the most likely abnormalities are those related to hemolysis and possibly inflammation. Therefore, the correct answer is: The correct answer is [C].",0.0,0.063,0.1972,0.1111,0.0294,0.0585,0.0585,0.5058,0.4862,0.5468
"A 45-year-old woman comes to the office because she has noticed during the past several months that her fingernails have become white, increasingly brittle, and seem to lift off her nail beds easily. During this time, she also has had episodes of feeling warm and perspiring. Medical history is remarkable for intravenous drug use 25 years ago. The patient takes only a multivitamin. Last menstrual period was 3 weeks ago. She appears thin and mildly anxious. She is 170 cm (5 ft 7 in) tall and weighs 48.5 kg (107 lb); BMI is 17 kg/m² . Vital signs are temperature 37.0°C (98.6°F), pulse 106/min, respirations 20/min, and blood pressure 136/92 mm Hg. Physical examination of the hands shows a white discoloration of the nail beds. The remainder of the examination shows no abnormalities. Which of the following is the most likely diagnosis?",Which of the following is the most likely diagnosis?,"
A. Chronic obstructive pulmonary disease 
B. Diabetes mellitus 
C. Endocarditis 
D. Hyperthyroidism 
E. Perimenopause
",D,E,False,"The symptoms described—increased brittleness of fingernails, increased sweating, weight loss, and mild anxiety—are consistent with perimenopausal symptoms. These conditions typically occur as a result of hormonal changes associated with menopause, which can include fluctuations in estrogen levels and other hormones affecting skin and nails. - Chronic Obstructive Pulmonary Disease (COPD): While COPD can cause weight loss and fatigue, it does not typically present with an increase in hair loss or frequent sweating. - Diabetes Mellitus: This condition often leads to weight gain and increased sweating due to hyperglycemia, but it doesn't specifically affect fingernail health. - Endocarditis: This is a bacterial infection of the heart valves, which would be more likely to cause persistent bleeding from the nails rather than just increasing brittleness. - Hyperthyroidism: This condition results in increased metabolism and heat production, leading to increased sweating and weight loss. It's less common compared to perimenopause-related symptoms. - Perimenopause: This refers to the transitional phase between menopause and postmenopausal years. It involves significant hormonal changes including fluctuations in estrogen and progesterone levels, which can lead to various physical and emotional symptoms such as hair loss, increased sweating, and mood swings. Given the patient's age, medical history, and clinical presentation, the most probable diagnosis is perimenopause, where there are significant hormonal changes contributing to these symptoms.",0.0,0.0282,0.1712,0.0708,0.0179,0.0531,0.0531,0.4424,0.5344,0.6022
"A 48-year-old man comes to the clinic because of a 10-year history of recurrent, intrusive thoughts that his house will be broken into and damaged by criminals or accidentally destroyed by a fire when he is not home. These thoughts have worsened during the past 2 months. He reports now spending 4 hours daily checking that the doors and windows are closed and locked and that the stove and oven are turned off; he previously spent 2 hours daily doing these tasks. He says he cannot keep a job or leave the house very much because of the amount of time he spends checking these things. He has no other history of serious illness and takes no medications. Physical examination shows no abnormalities. On mental status examination, he has an anxious mood and a sad affect. He is fully oriented. He is not having hallucinations or delusions. The most effective pharmacotherapy for this patient is an agent that targets which of the following neurotransmitters?",The most effective pharmacotherapy for this patient is an agent that targets which of the following neurotransmitters?,"
A. γ-Aminobutyric acid 
B. Dopamine 
C. Glutamate 
D. Norepinephrine 
E. Serotonin
",E,D,False,"Norepinephrine (NE) is primarily involved in the regulation of arousal and stress responses. It plays a crucial role in the body's fight-or-flight response, particularly in situations where immediate threats may exist. In individuals who experience anxiety disorders such as those described here, norepinephrine levels tend to increase due to its effects on the sympathetic nervous system, leading to increased heart rate, blood pressure, and alertness. In the context of the patient's symptoms, including intrusive thoughts about potential burglars or fires, the high levels of norepinephrine would likely exacerbate these thoughts and make them more intense and persistent. This is consistent with the patient's reported increased need to check locks and appliances, indicating a heightened state of alertness and vigilance. While the other options (γ-Aminobutyric Acid, Dopamine, and Glutamate) can also play roles in stress and arousal, they do not directly target the specific neurotransmitter responsible for the patient's symptoms. Therefore, norepinephrine stands out as the most appropriate choice among the given options.",0.0,0.027,0.2102,0.0865,0.0219,0.0541,0.0541,0.5221,0.5643,0.6006
"Researchers from a large neurology center are conducting a study to examine the relationship between stress levels and fibromyalgia-related pain. Two hundred patients with fibromyalgia are randomly selected from the center for participation in the study. During recruitment, a baseline interview is conducted with each participant to obtain sociodemographic and personality data. Participants are given a study-provided portable digital device and asked to maintain a daily schedule of their fibromyalgia pain and stress levels for 30 days using two well-validated and reliable self-reporting scales. Results show a positive and statistically significant relationship between stress levels and fibromyalgia-related pain (P<.05). Similarly, statistically significant relationships were found between Type A personality participants and increased stress levels (P<.01), as well as increased levels of fibromyalgia-related pain (P<.005). Which of the following is the most appropriate method to control for the potential confounding effect of patients with a Type A personality?",Which of the following is the most appropriate method to control for the potential confounding effect of patients with a Type A personality?,"
A. Matching 
B. Post hoc analysis 
C. Randomization 
D. Standardization 
E. Stratification
",E,E,True,"To address the issue of confounding effects due to patients with a Type A personality, stratification can be an effective method. Stratification involves dividing the population into subgroups based on specific characteristics that may influence the outcome being studied. In this case, we could divide the 200 patients into three groups: those who have a Type A personality, those who do not, and a control group without any personality traits. By stratifying the sample, we can ensure that the comparison between different groups does not rely on the presence or absence of Type A personality traits. This approach helps to minimize bias and ensures that the results are more generalizable to the entire patient population. Let's briefly discuss why the other options are incorrect: A. Matching: While matching can help reduce selection bias, it doesn't directly address the type of confounding effect we're trying to control. Matching focuses on comparing individuals within the same stratum but doesn't account for differences in personality types among them. B. Post hoc analysis: This method is used when there is no clear statistical significance to test, and it allows researchers to draw conclusions about the relationship even if they don't find a direct correlation. However, it doesn't specifically address the type of confounding effect we're dealing with. C. Randomization: Randomization is a technique where participants are assigned to different treatment groups at random. It helps to eliminate biases related to assignment rather than confounding factors. However, it still doesn't address the specific type of confounding effect we're concerned with. In conclusion, stratification provides a robust method to control for the potential confounding effect of Type A personality by ensuring that comparisons are made across different subgroups, thereby reducing the impact of individual differences on the observed relationship between stress levels and fibromyalgia-related pain.",0.0274,0.0574,0.3223,0.1145,0.0788,0.0964,0.0964,0.5246,0.5981,0.7821
"A 12-year-old boy with sickle cell disease and type 1 diabetes mellitus is brought to the office by his mother for an initial visit. The family recently moved to the area. Type 1 diabetes mellitus was diagnosed in the patient 6 years ago. Since that time, he has been treated with insulin and dietary management. His insulin regimen has not changed during the past year; however, his mother says he has been only marginally compliant with his insulin and dietary regimens. His diabetic diary shows home fingerstick blood glucose concentrations ranging from 140–200 mg/dL during the past 3 months. He admits to checking his glucose concentrations infrequently. Measurement of hemoglobin A1c obtained last week was 5.4%. The patient's vital signs are temperature 36.8°C (98.2°F), pulse 72/min, respirations 24/min, and blood pressure 110/64 mm Hg. Physical examination shows no abnormalities. Which of the following is the most likely explanation for the discrepancy between the patient's home fingerstick blood glucose concentrations and his hemoglobin A1c?",Which of the following is the most likely explanation for the discrepancy between the patient's home fingerstick blood glucose concentrations and his hemoglobin A1c?,"
A. He has iron deficiency anemia 
B. His daily glucose control is better than recorded 
C. His glucometer is reading falsely high and should be replaced 
D. His hemoglobin A1c is likely a result of laboratory error and should be repeated 
E. His sickle cell disease is affecting his hemoglobin A1c
",E,E,True,"The discrepancy between the patient's home fingerstick blood glucose levels and his hemoglobin A1c suggests that there may be some underlying issue related to his condition. Let's analyze each option: - Option A: Iron deficiency anemia - This would explain low hemoglobin levels but does not directly relate to the discrepancy in blood glucose readings. - Option B: His daily glucose control is better than recorded - While this could potentially explain the discrepancy, it doesn't necessarily mean that the current level of glucose is abnormal. It might simply indicate that the patient is managing their condition effectively. - Option C: His glucometer is reading falsely high and should be replaced - This is unlikely because the patient's glucose readings are consistent with normal levels. If the glucometer were reading falsely high, it would suggest a problem with the device itself rather than the patient's condition. - Option D: His hemoglobin A1c is likely a result of laboratory error and should be repeated - This is also unlikely because the patient's hemoglobin A1c levels are within the normal range. Laboratory errors can cause significant deviations from the expected values, especially when dealing with chronic conditions like diabetes. - Option E: His sickle cell disease is affecting his hemoglobin A1c - This is the most plausible explanation. Sickle cell disease affects red blood cells, which have a unique shape that can lead to reduced oxygen transport. As a result, the patient's hemoglobin A1c levels will typically show higher values compared to those without the disease. Given that the patient's recent diagnosis of sickle cell disease aligns with the discrepancy observed, this is the most likely cause. Therefore, based on the information provided and considering the options available, Option E is the most likely explanation for the discrepancy between the patient's home fingerstick blood glucose levels and his hemoglobin A1c.",0.0392,0.0627,0.412,0.1386,0.1091,0.1386,0.1386,0.5513,0.6321,0.8572
"A 35-year-old man, who has been your patient for the past year, comes to the office to request that a copy of his medical records be sent to another physician in town. The patient has an overdue account balance of $750, which he has not paid for several months. He signs an office form authorizing release of health information and provides the name and address of the other physician to whom he would like the records sent. It is most appropriate to inform this patient of which of the following regarding his request for release of his medical records?",It is most appropriate to inform this patient of which of the following regarding his request for release of his medical records?,"
A. They will be released to his new physician promptly 
B. They will be released when he makes a payment on his account 
C. They will be released when he pays his balance in full 
D. They will be released when his new physician contacts your office and requests them
",A,C,False,"This scenario involves a patient requesting access to their medical records from another physician due to an unpaid balance. When a patient requests access to their medical records, it's important to ensure they understand the implications of releasing these records. Here’s how you can handle this situation: 1. Documentation: Ensure that all necessary documentation is available, including the patient's signature on the release form, the patient's name and address, and any relevant financial documents (such as bank statements) showing the balance. 2. Communication: Clearly communicate the nature of the request and the consequences of releasing the records. Explain that releasing the records could result in the patient being charged for the service, potentially leading to additional costs if the balance cannot be paid within the specified timeframe. 3. Legal Considerations: If there are legal implications, such as potential liability or damages, discuss these matters with the patient. Provide clear instructions on what actions should be taken if the patient fails to pay the balance. 4. Patient Education: Educate the patient about the importance of paying balances in full before making such a request. This helps prevent misunderstandings and ensures compliance with the terms of the agreement. 5. Alternative Solutions: Suggest alternative solutions, such as providing a written statement explaining the situation and the reasons behind the request, or offering to help the patient find ways to make payments without causing further complications. By following these steps, you can effectively communicate the implications of releasing the patient's medical records and ensure that the process is handled appropriately while respecting the patient's rights and obligations.",0.0,0.0471,0.2035,0.1031,0.0138,0.0756,0.0756,0.5213,0.56,0.6838
"A 47-year-old man is admitted to the intensive care unit because of lower gastrointestinal bleeding. He has a history of alcohol-induced cirrhosis. Physical examination shows marked ascites and splenomegaly; the spleen tip is palpated 4 cm below the left costal margin. Results of laboratory studies are shown: Serum Blood Creatinine 1.5 mg/dL Hematocrit 29% Hemoglobin 9.7 g/dL Platelet count 105,000/mm³ PT 25 seconds INR 2.5 Which of the following mechanisms most increases this patient’s risk for bleeding?",5 Which of the following mechanisms most increases this patient’s risk for bleeding?,"
A. Decreased production of factor VII 
B. Defective platelet aggregation 
C. Deficiency of thrombopoietin 
D. Inhibition of vitamin K epoxide reductase 
E. Splenic sequestration
",A,D,False,"In patients with liver disease such as alcoholic cirrhosis, there can be an increase in the risk of bleeding due to several factors related to vitamin K metabolism. Vitamin K plays a crucial role in blood clotting by facilitating the conversion of prothrombin to thrombin. When vitamin K levels are low, it can lead to impaired clotting function, which is particularly relevant in conditions like alcohol-induced cirrhosis where the body's ability to produce sufficient vitamin K may be compromised. - Option A (Decreased production of factor VII): This is not directly linked to vitamin K deficiency. - Option B (Defective platelet aggregation): While this could potentially contribute to bleeding, it is more commonly associated with other causes like anticoagulant therapy or certain medications. - Option C (Deficiency of thrombopoietin): Thrombopoietin is another hormone that regulates platelet production. It is typically produced in response to growth factors and is not directly linked to vitamin K deficiency. - Option D (Inhibition of vitamin K epoxide reductase): This is the key mechanism that increases the risk of bleeding. Vitamin K epoxide reductase is involved in the conversion of vitamin K to its active form, which is essential for the synthesis of coagulation factors. In cases of vitamin K deficiency, this enzyme becomes inactive, leading to reduced vitamin K availability and increased risk of bleeding. Therefore, the inhibition of vitamin K epoxide reductase is the primary mechanism responsible for increasing the risk of bleeding in this patient.",0.0,0.0255,0.1639,0.0784,0.0079,0.0627,0.0627,0.4958,0.6081,0.7004
"A 57-year-old woman comes to the office for a preoperative evaluation 2 weeks before undergoing scheduled laparoscopic cholecystectomy. Medical history is otherwise unremarkable and the patient takes no medications. Family history is significant for stable angina in her father and rheumatoid arthritis in her mother. The patient has a 102-year-old grandmother who resides in a nursing care facility and has Parkinson disease. The patient does not smoke cigarettes or drink alcoholic beverages. During the interview, her face is expressionless. She has a flexed posture and is unable to open her mouth wide. She is 173 cm (5 ft 8 in) tall and weighs 81 kg (179 lb); BMI is 27 kg/m2. Vital signs are normal. Physical examination discloses thickening and hardening of the skin over the dorsum of the hands and forearms, as well as mild kyphosis. Strength testing shows no abnormalities; muscle tension is normal. Passive and active range of motion of the upper extremities is full. Gait is slow and deliberate. The remainder of the physical examination discloses no abnormalities. Prior to surgery, further evaluation is indicated for which of the following conditions in this patient?","Prior to surgery, further evaluation is indicated for which of the following conditions in this patient?","
A. Osteitis deformans (Paget disease) 
B. Parkinson disease 
C. Progressive supranuclear palsy 
D. Sarcopenia 
E. Systemic sclerosis (scleroderma)
",E,D,False,"Sarcopenia refers to the progressive loss of muscle mass and strength due to aging and other factors such as diet, exercise, and certain medical conditions. Given that the patient's age is 57 years old, she falls into the category of older adults, which is a risk factor for sarcopenia. While the patient mentions being 102 years old, which might indicate an advanced stage of osteoarthritis, it doesn't directly affect the diagnosis of sarcopenia. The key issue here is that the patient is already experiencing age-related changes affecting her mobility and overall health, which would be more indicative of sarcopenia rather than any other condition listed above. Furthermore, the patient's family history of chronic diseases like stable angina and rheumatoid arthritis, combined with her recent history of Parkinson disease, strongly suggests a predisposition towards sarcopenia. Given these points, the most appropriate conclusion is that sarcopenia is the condition the patient is experiencing, making Option D the correct answer. Therefore, the final answer is: The correct answer is [D].",0.0,0.0474,0.1549,0.0856,0.0,0.0749,0.0749,0.4876,0.5521,0.6114
"A 32-year-old man comes to the office because of a 10-day history of a red rash that has spread over his entire torso. He says the rash is not itchy or painful. He reports having a flu-like illness nearly 5 weeks ago, with associated headache, neck stiffness, muffled hearing, and a canker sore on his tongue. All of these symptoms have resolved without treatment. Additional medical history is unremarkable and he takes no medications. BMI is 18 kg/m². Vital signs are normal. Specific additional history should be obtained to determine whether which of the following has occurred during the past 6 months?",Specific additional history should be obtained to determine whether which of the following has occurred during the past 6 months?,"
A. Blood transfusions 
B. Exposure to toxic chemicals 
C. International travel 
D. Tobacco use 
E. Unprotected sexual intercourse
",E,B,False,"The patient's symptoms, including a 10-day rash that has spread across his entire body, a recent flu-like illness, headache, neck stiffness, muffled hearing, and a canker sore on his tongue, along with his normal BMI and vital signs, suggest a potential exposure to toxins or other environmental factors rather than blood transfusions, international travel, tobacco use, or unprotected sexual intercourse. - Option A (Blood transfusions): While some blood transfusions may cause skin reactions, the patient’s symptoms do not align with typical manifestations of blood transfusion reactions. - Option B (Exposure to toxic chemicals): This option fits well as the patient mentions experiencing headaches, neck stiffness, and a canker sore, all of which are indicative of poisoning from certain industrial chemicals or environmental pollutants. - Option C (International travel): Traveling internationally does not typically lead to skin rashes like those described in this case, which could include allergic reactions or parasitic infections. - Option D (Tobacco use): Smoking tobacco is known to trigger various allergic responses and respiratory issues, but there is no mention of any respiratory problems such as canker sores or fever. - Option E (Unprotected sexual intercourse): This option would be highly unlikely given the patient’s age and the absence of any sexually transmitted diseases noted. Therefore, based on the information provided, the most likely causes of the patient's symptoms are related to exposure to toxic chemicals or tobacco use, making Option B the most appropriate answer for determining what has occurred during the past 6 months.",0.0138,0.041,0.2612,0.0889,0.0522,0.0815,0.0815,0.451,0.5127,0.6613
"The nurse at a local elementary school contacts you about 12 children he has seen in the past 2 weeks. All of the children had similar symptoms of nasal congestion, sneezing, nonproductive coughing, and eye irritation. None of the children had fevers. Several teachers and support staff have reported having the same symptoms. No similar outbreaks have been reported in the community. There was a fire in the school several weeks ago with significant smoke and water damage to classrooms, the cafeteria, and the school ventilation system. Repairs were quickly made and classes resumed. The most likely cause for the students' and teachers' symptoms is exposure to which of the following?",The most likely cause for the students' and teachers' symptoms is exposure to which of the following?,"
A. Asbestos 
B. Legionella pneumophila 
C. Mold spores 
D. Mycoplasma pneumoniae 
E. Respiratory syncytial virus
",C,C,True,"The symptoms described—nasal congestion, sneezing, nonproductive coughing, and eye irritation—are consistent with mold spores. These conditions are commonly associated with environmental exposure to mold, particularly in damp, humid environments like classrooms and schools. While other factors such as respiratory infections can also lead to these symptoms, the specific combination of symptoms strongly suggests that the exposure to mold spores is responsible. Mold spores are microscopic organisms that grow on surfaces and are found in various environments including buildings, soil, and air. They can be airborne and pose health risks if inhaled, especially in areas where they accumulate over time due to moisture and humidity. In this case, the presence of mold spores in classrooms and schools would explain the observed symptoms without any indication of asbestos exposure (option A), Legionella pneumophila infection (option B), or mycoplasma pneumoniae (option D). It's important to note that while mold spores are a potential risk, they should not be considered a direct cause of all cases of the symptoms mentioned. The severity of the symptoms may vary depending on individual susceptibility and exposure levels. However, based solely on the given information, mold spores seem to be the most probable cause among the options provided.",0.0,0.0478,0.1582,0.1,0.0275,0.0727,0.0727,0.518,0.5884,0.6247
"A 20-year-old man comes to the office at the request of his family for an examination 1 day after a motor vehicle accident for which he was at fault. The patient was arrested for the third time after police discovered he had been driving under the influence of alcohol. He has been your patient since early adolescence, and he has a history of truancy, shoplifting, and two attempts to run away from home. He dropped out of high school in his senior year. He was fired from his most recent job because he threatened a coworker with a hammer. He has been unemployed for the past 8 months, and as a result he has many unpaid debts. He seems unconcerned about his current difficulties and has no plans for seeking employment or paying his debts. Despite these facts, you find the patient charming and interactive, and he conveys a sincere intention to change his behavior. Which of the following is the most likely diagnosis?",Which of the following is the most likely diagnosis?,"
A. Antisocial personality disorder 
B. Borderline personality disorder 
C. Conduct disorder 
D. Narcissistic personality disorder 
E. Schizotypal personality disorder
",A,A,True,"Antisocial Personality Disorder (APD) is characterized by a pervasive pattern of hostility toward others and a lack of remorse for their actions. This includes behaviors such as being dishonest, manipulative, controlling, and often exhibiting a disregard for social norms and laws. While APD can be associated with antisocial traits, it's important to note that the patient described does not fit this description well. Let's analyze the options: A. Antisocial Personality Disorder - This fits the patient’s profile perfectly. The patient is described as having a history of truancy, shoplifting, running away from home, dropping out of high school, unemployment, and significant debt. These behaviors align closely with the characteristics of antisocial personality disorder. Additionally, the patient shows a genuine interest in changing their behavior and demonstrates concern about their current difficulties, indicating a willingness to address them. B. Borderline Personality Disorder - This condition involves unstable relationships and emotional instability but does not typically include a history of drug or alcohol use, theft, frequent absences from school, or severe financial problems. The patient's symptoms do not match those of borderline personality disorder. C. Conduct Disorder - This disorder involves recurrent and inappropriate behavior, including delinquency, impulsivity, and a tendency to engage in sexual activity without consent. The patient does exhibit some signs of impulsivity and potential sexual behavior, but these are not the core features of conduct disorder. D. Narcissistic Personality Disorder - This disorder involves a person who displays a highly self-centered and arrogant personality trait. However, the patient's behavior suggests a lack of empathy, disregard for authority, and a focus on personal gain rather than others' needs. There is no evidence of narcissism in this case. E. Schizotypal Personality Disorder - This disorder is characterized by a mix of schizoid and grandiose traits, including eccentricities, a sense of detachment from reality, and a lack of empathy. The patient's behaviors and symptoms do not fit this description either. Given the patient's history of truancy, shoplifting, running away from home, dropping out of high school, unemployment, and significant debt, the most fitting diagnosis would be Antisocial Personality Disorder.",0.0,0.0149,0.0965,0.0333,0.0056,0.0333,0.0333,0.4029,0.5465,0.591
"A 45-year-old man comes to the office for an initial appointment because he would like you to fill out and sign a legal document at the request of his attorney. The patient works as a limousine driver. He states that he is filing a lawsuit against the limousine company that employs him because he developed post-traumatic stress disorder following a motor vehicle collision. He appears irritable and tense as he provides his history. He relays his symptoms by reading them aloud from a written list. At this time, which of the following is the most appropriate approach toward confirming the underlying diagnosis of this patient?","At this time, which of the following is the most appropriate approach toward confirming the underlying diagnosis of this patient?","
A. Administer amobarbital and then interview the patient 
B. Ask the patient to provide a narrative with detailed description of the incident and of his symptoms 
C. Interview the patient under hypnosis 
D. Interview the patient while paying close attention to his willingness to make eye contact 
E. Tell the patient he is exhibiting behaviors that are suggestive of malingering and see how he responds
",B,B,True,"In diagnosing post-traumatic stress disorder (PTSD), it's crucial to gather comprehensive information about the patient's experiences leading up to the onset of symptoms. Here’s why Option B is the most appropriate approach: 1. Comprehensive Information: A detailed narrative can help establish a clear picture of the events leading up to the PTSD symptoms. This includes details about the traumatic event itself, how it occurred, and any significant changes in behavior or emotions. 2. Detailed Description of Symptoms: Providing a detailed account of the symptoms helps clarify what the patient perceives as their symptoms and when they occur. This allows for accurate assessment of the severity and frequency of the condition. 3. Patient's Perspective: By asking the patient to recount their symptoms, you can gain insight into whether they are experiencing the full range of symptoms associated with PTSD. If the patient feels unable to fully articulate their symptoms, it suggests there might be issues with self-reporting or memory. 4. Avoiding Malingering: When interviewing patients under hypnosis, it's important to avoid making false statements or providing responses that do not align with reality. This could lead to misdiagnosis or treatment-resistant conditions. Option C is incorrect because it involves using hypnosis, which has been shown to increase anxiety rather than alleviate it. It also doesn't provide enough detail about the patient's experience to diagnose PTSD effectively. Option D is incorrect because it implies that the patient will only respond if closely observed and willing to engage in conversation. While it may be true that the patient is unwilling to talk, it does not address the core diagnostic criteria needed to accurately diagnose PTSD. Option E, however, is problematic because it assumes the patient will exhibit behaviors suggestive of malingering. However, in clinical practice, many patients who develop PTSD report engaging in activities that seem unnatural or exaggerated. For example, someone who develops PTSD after witnessing a violent crime might claim to have seen a car crash multiple times without actually seeing anything. Therefore, offering hints or questions that suggest malingering does not provide a reliable basis for diagnosing PTSD. In conclusion, Option B is the most appropriate method for gathering information necessary to confirm the underlying diagnosis of the patient.",0.0073,0.034,0.2156,0.0754,0.0404,0.0603,0.0603,0.5108,0.5803,0.7718
"A 39-year-old woman comes to the office because of gradually increasing shortness of breath while doing her usual household activities. She also reports fatigue, a feeling of heaviness in her chest with exertion, trouble sleeping, and the very recent onset of a rapid heart beat and fluttering in her chest. She says, ""I was always sick as a child."" She does not smoke cigarettes, and she is not currently taking any medications other than occasional aspirin. Her father died of a myocardial infarction at age 55 years. She is married and has two teenaged children. She did have some shortness of breath at the end of her second pregnancy. Physical examination today shows a thin woman with an irregular pulse of 130/min. Thyroid gland is normal to palpation. There is a prominent diastolic rumble heard best over the apical area of her heart. Lungs are clear; there is no hepatomegaly or pretibial edema. Which of the following is the most helpful diagnostic study at this time?",Which of the following is the most helpful diagnostic study at this time?,"
A. Chest x-ray 
B. ECG 
C. Serum anti-streptolysin O titer 
D. Serum C-reactive protein concentration 
E. Serum thyroid-stimulating hormone (TSH) concentration
",B,B,True,"- Echocardiography: While it can show abnormalities in the cardiac structure, it doesn't specifically diagnose arrhythmias like atrial fibrillation or ventricular tachycardia. - Cardiac Magnetic Resonance Imaging (MRI): This can provide detailed images of the heart, but it doesn't directly assess for arrhythmias unless combined with echocardiography. - Chest X-ray: It helps identify pulmonary emboli, which could cause angina-like symptoms. - Serum Anti-streptolysin O titer: This test measures the level of antibodies against Streptococcus pyogenes, which might indicate bacterial infections. - Serum C-reactive protein (CRP): Elevated levels of CRP are common in inflammatory conditions but don’t specifically correlate with arrhythmias. The combination of ECG findings (thoracodiastolic rumbling, systolic murmur) and the presence of atrial fibrillation suggest that arrhythmias may be present. However, without additional information such as a complete blood count (CBC), electrolyte panel, and possibly a transesophageal echocardiogram, the ECG alone cannot definitively rule out arrhythmias. Therefore, Option B (ECG) is the most appropriate initial diagnostic step to evaluate for possible arrhythmias associated with these clinical manifestations.",0.0,0.0299,0.2241,0.0874,0.0331,0.0765,0.0765,0.4661,0.5451,0.638
"A 10-year-old boy with a traumatic brain injury sustained during infancy is examined in the nursing care facility where he resides because he has had no urine output during the past 24 hours. During the past 4 days, he has had decreasing urine output, intermittent fever, rhinorrhea, and cough. As a result of his brain injury, the patient has severe developmental delay and a seizure disorder. He is fed orally, but he is nonverbal and nonambulatory. Medications are levetiracetam, docusate, and multivitamins. The patient is 131 cm (4 ft 2 in; 10th percentile) tall and weighs 26 kg (57 lb; 10th percentile). BMI is 14 kg/m² (10th percentile). Vital signs are temperature 38.8°C (101.8°F), pulse 80/min, respirations 25/min, and blood pressure 110/80 mm Hg. Pulse oximetry on room air shows an oxygen saturation of 95%. The patient appears thin. He is awake and is not in apparent distress. He is responsive to touch. Auscultation of the lungs discloses scattered coarse crackles and rhonchi but good air entry and normal work of breathing. Results of laboratory studies are shown: Serum Blood Urea nitrogen 78 mg/dL Creatinine 3.2 mg/dL Na+ 131 mEq/L K+ 5.6 mEq/L Cl− 88 mEq/L HCO³ −16 mEq/L Urine Specific gravity 1.030 (N=1.003–1.029) Creatinine 90 mg/dL Na+ 8 mEq/L Hematocrit 37% Hemoglobin 12.5 g/dL WBC 12,000/mm3 Neutrophils, segmented 60% Lymphocytes 40% Platelet count 250,000/mm3 Which of the following is the most likely cause of this patient's altered kidney function?","5 g/dL WBC 12,000/mm3 Neutrophils, segmented 60% Lymphocytes 40% Platelet count 250,000/mm3 Which of the following is the most likely cause of this patient's altered kidney function?","
A. Acute tubular necrosis 
B. Decreased intravascular volume 
C. Medication-related interstitial nephritis 
D. Neurogenic bladder 
E. Pyelonephritis
",B,D,False,"The patient exhibits symptoms consistent with a neurogenic bladder, which can be caused by several factors: 1. Neurological Complications: A 10-year-old child with a traumatic brain injury who has developed severe developmental delay and seizures could have neurological complications such as hydrocephalus due to retained cerebrospinal fluid, which can lead to increased urinary tract obstruction and decreased renal function. 2. Urinary Tract Infection (UTI): Although the patient does not have a UTI currently, chronic infections can contribute to urinary tract obstruction if the infection persists. This can affect the kidney's ability to filter waste products from the bloodstream. 3. Acute Renal Failure: Severe developmental delay may impair kidney function, leading to acute renal failure, especially if there is reduced glomerular filtration rate due to the brain injury. This condition can also lead to decreased kidney function. 4. Medication-Related Interstitial Nephritis: While not directly related to urinary function, medication side effects or interactions can sometimes lead to reduced kidney function, particularly in cases where medications like levetiracetam, docusate, and multivitamins are being administered. Given these points, the most likely cause of the patient's altered kidney function is neurogenic bladder, which can result from neurological conditions affecting urinary detrusor muscle function or the development of new neural pathways for controlling urination. Therefore, the most appropriate answer is ""D. Neurogenic bladder.""",0.012,0.0512,0.259,0.1172,0.0709,0.1016,0.1016,0.4752,0.5011,0.5656
"A 27-year-old man comes to the office with his wife because of a recent episode of loss of muscle control. He says, ""I was at a reception, someone told a joke, and when I laughed, my legs collapsed!"" His wife says that he recovered in a few seconds and he did not lose consciousness. He has a long history of sleepiness and he is able to go to sleep quickly. He usually awakens feeling refreshed after a short nap. He has no history of similar episodes or hallucinations. There is no family history of similar problems. Vital signs are normal. Physical examination shows no abnormalities. Which of the following is the most likely diagnosis?",Which of the following is the most likely diagnosis?,"
A. Narcolepsy 
B. Primary hypersomnia 
C. A seizure disorder 
D. Sleep paralysis 
E. Vasovagal syndrome
",A,C,False,"1. History and Symptoms: The patient describes episodic episodes of limb weakness upon laughter, which can last for a few seconds but then resolve without significant neurological deficits. This description aligns closely with the typical symptoms of a seizure disorder, such as jerky movements, confusion, and sudden onset of weakness. 2. Vital Signs and Physical Examination: The patient's vital signs (normal) suggest no abnormal findings. Physical examination also indicates no abnormalities, further supporting the diagnosis. 3. Family History: The absence of any family history of similar issues points towards a condition where the exact cause remains unknown and the pattern of symptoms consistent across multiple individuals. 4. Neurological Evaluation: The absence of any neurological deficits like headaches, dizziness, or other symptoms that might indicate a brain-related issue would rule out conditions like primary hypothyroidism, epilepsy, or other neurologic disorders. Given these points, the most plausible diagnosis is a primary hypersomnia, which refers to an inability to fall asleep or stay asleep despite being tired, often associated with sleepwalking or night terrors. Therefore, the diagnosis fits the scenario described more accurately than the others listed.",0.0,0.0279,0.1471,0.0718,0.0104,0.0615,0.0615,0.4731,0.534,0.6251
A study is being conducted to assess mesothelioma in shipyard workers. A large shipyard firm has provided the asbestos exposure records of all employees during the past 50 years. The health insurer for the workers has provided claims data that documents all chest x-rays and diagnoses of mesothelioma among current workers and retirees. The study enrolled shipyard workers who were diagnosed with mesothelioma and shipyard workers who were not diagnosed with mesothelioma. All subjects in the study had to have chest x‐rays. Which of the following is the best rationale for selecting a comparison group that had chest x-rays?,Which of the following is the best rationale for selecting a comparison group that had chest x-rays?,"
A. Address confounding 
B. Demonstrate causality 
C. Minimize ascertainment bias 
D. Reduce recall bias
",C,B,False,"1. Address Confounding: The comparison group should be free from any potential confounding factors that could influence the results. Chest X-rays are considered a valid diagnostic tool for assessing asbestos exposure. If these individuals do not also have asbestos-related conditions, they will not contribute to the observed differences in cancer risk. 2. Demonstrate Causality: Demonstrating causation requires rigorous statistical analysis that controls for other variables that might influence the outcomes. The use of chest X-rays as a control measure helps in establishing a clear causal link between exposure to asbestos and the development of mesothelioma. 3. Reduce Recall Bias: To minimize recall bias, it's important to ensure that both groups are well-informed about their exposure history. Chest X-rays serve this purpose well since they provide direct evidence of asbestos exposure without requiring participants to recall specific details. By using chest X-rays as a comparison group, the researchers can effectively isolate the effects of asbestos exposure on mesothelioma occurrence and establish a clear causal relationship between asbestos exposure and the disease. Therefore, Option B provides the most appropriate justification for selecting such a comparison group.",0.0,0.0493,0.2793,0.1148,0.0483,0.0766,0.0766,0.502,0.5615,0.6754
"An 88-year-old man with osteoarthritis is brought to the office by his daughter because of a 2-day history of severe low back pain and inability to walk. He says he has not fallen and does not recall any trauma to his back. Five years ago, he underwent bilateral hip replacement. His pain and mobility improved following the operation but have worsened during the past year. He now is most comfortable using a wheelchair for ambulation but is able to ambulate for short distances with a walker and assistance. One year ago, carcinoma of the prostate was diagnosed, but he declined therapy and said, ""I'm an old man. When my time comes, I want to die. Just keep me as comfortable as you can."" Vital signs today are temperature 36.6°C (97.9°F), pulse 88/min, respirations 16/min, and blood pressure 188/66 mm Hg. The patient is grimacing with pain and holding his lower back. Palpation discloses point tenderness over L3 through L4, and S1. X-rays of the lumbosacral spine show lytic lesions and compression fracture. The patient refuses additional diagnostic studies. The daughter fears that her father will be ""abandoned"" if he is not evaluated for additional treatment. Which of the following is the most appropriate next step in response to the daughter's concern?",Which of the following is the most appropriate next step in response to the daughter's concern?,"
A. Explain the daughter's concerns to the patient and persuasively present the advantages of further evaluation 
B. Explain to the daughter that no significant treatment will result from further testing and recommend having a home health nurse 
C. Obtain consultation with an oncologist to assess the patient's need for further testing 
D. Reassure the daughter and recommend hospice care consultation 
E. Reassure the daughter and recommend transfer of the patient to an assisted living facility
",D,B,False,"To address the daughter's concern about her father's continued comfort and potential abandonment, it's crucial to understand the nuances of the situation and the implications of delaying further diagnostic tests. ### Analysis: - Patient's Condition: The patient is experiencing severe low back pain, which has significantly impacted his ability to walk and ambulate. - Diagnostic Concerns: Despite being five years older than the last lumbar puncture, there were no previous spinal issues noted. This suggests that the recent symptoms might be related to musculoskeletal strain rather than a new herniated disk or other structural problems. - Sonography Findings: The x-rays showed lytic lesions and compression fractures, indicating bone damage. However, these findings do not necessarily mean that the patient will experience long-term disability; they could indicate ongoing deterioration or progression of his condition. ### Recommendations: Given the sonographic evidence suggesting a risk of disease progression, especially concerning the presence of lytic lesions and compression fractures, the most appropriate course of action would be to continue monitoring the patient closely. Here’s how this recommendation aligns with the options provided: - Option A: This approach might initially reassure the daughter but may lead to delayed diagnosis and possibly unnecessary interventions. It doesn't address the underlying cause of the patient's discomfort or the need for further evaluation. - Option B: This suggestion involves explaining the daughter's concerns to the patient and presenting the advantages of further evaluation. This approach acknowledges the patient's age and current condition while emphasizing the importance of early intervention. It also provides reassurance that the daughter will be informed of the upcoming tests and their benefits, reducing anxiety. - Option C: While obtaining an oncological assessment is a prudent next step, it does not directly address the immediate concern about the patient's quality of life or comfort. Therefore, this option is less relevant to the current scenario. - Option D: Recommending hospice care consultation is inappropriate given the patient's advanced age and the specific nature of the diagnosis. It focuses on end-of-life planning rather than addressing the current medical needs. - Option E: Reassuring the daughter and recommending transfer to an assisted living facility is premature. Assisted living facilities typically don’t offer comprehensive care for elderly patients like hospices do. Instead, they focus on supportive care and companionship rather than immediate treatment. In conclusion, Option B is the most appropriate next step in response to the daughter's concern due to its emphasis on the patient's overall well-being and the urgency of further diagnostic evaluations.",0.0196,0.0302,0.2186,0.0726,0.0592,0.0726,0.0726,0.4841,0.6047,0.7356
"A 23-year-old man comes to the office because of a 7-day history of fever, crampy abdominal pain, and diarrhea. He says the abdominal pain worsens with oral intake. He has been having 8 to 10 episodes of diarrhea daily. He has not traveled recently and has had no sick contacts. Medical history is unremarkable and he takes no medications. He does not smoke cigarettes, drink alcoholic beverages, or use illicit drugs. He is not sexually active. Vital signs are temperature 38.3°C (101.0°F), pulse 118/min, respirations 18/min, and blood pressure 108/58 mm Hg. Bowel sounds are hyperactive. The abdomen is diffusely tender to palpation; no masses are palpated. Neither the liver edge nor the spleen can be palpated. Digital rectal examination shows grossly bloody stool. A stool culture is obtained, and empiric pharmacotherapy is initiated. Which of the following microorganisms is the most likely cause of this patient's condition?",Which of the following microorganisms is the most likely cause of this patient's condition?,"
A. Campylobacter jejuni 
B. Candida albicans 
C. Enterovirus 
D. Giardia lamblia
",A,D,False,"Based on the symptoms described—fever, abdominal pain, diarrhea, and the presence of bloody stools—the most probable causative agent for this patient's condition is Giardiasis. 1. Symptoms Matching: The patient presents with fever, abdominal pain, diarrhea, and bloody stools. These symptoms align closely with giardiasis, which is caused by Giardia lamblia parasites. 2. Abdominal Pain and Diarrhea: Both fevers and abdominal pain are classic features of giardiasis. The patient’s gastrointestinal symptoms suggest an infection, particularly in the large intestine where Giardia can thrive. 3. Blood Stool: The presence of bloody stool indicates that Giardia infections can lead to severe complications such as intestinal perforation, sepsis, and even death if untreated. This matches the clinical presentation well. 4. Other Considerations: - Campylobacter jejuni: While it can also cause similar symptoms, it typically causes more severe symptoms like joint pain, arthritis, and can present differently from the typical GI symptoms. - Candida albicans: It can cause localized skin conditions but does not typically cause systemic symptoms like those seen in giardiasis. - Enteroviruses: While they can cause gastrointestinal symptoms, they do not usually present with fever or bloody stools. Therefore, based on the specific combination of symptoms and laboratory findings, Giardiasis is the most likely cause of this patient's condition.",0.0248,0.0449,0.3481,0.1161,0.0811,0.1161,0.1161,0.489,0.5606,0.7439
"A 23-year-old man comes to the office because of a 7-day history of fever, crampy abdominal pain, and diarrhea. He says the abdominal pain worsens with oral intake. He has been having 8 to 10 episodes of diarrhea daily. He has not traveled recently and has had no sick contacts. Medical history is unremarkable and he takes no medications. He does not smoke cigarettes, drink alcoholic beverages, or use illicit drugs. He is not sexually active. Vital signs are temperature 38.3°C (101.0°F), pulse 118/min, respirations 18/min, and blood pressure 108/58 mm Hg. Bowel sounds are hyperactive. The abdomen is diffusely tender to palpation; no masses are palpated. Neither the liver edge nor the spleen can be palpated. Digital rectal examination shows grossly bloody stool. A stool culture is obtained, and empiric pharmacotherapy is initiated. Results of the stool culture show growth of Campylobacter jejuni. The patient returns to the office 3 weeks later. He reports total resolution of his fever and gastrointestinal symptoms after completion of prescribed ciprofloxacin therapy, but he has had pain and swelling of his left knee during the past 3 days. The pain worsens with weight bearing. He rates the pain as a 6 on a 10-point scale. Vital signs are temperature 37.1°C (98.8°F), pulse 78/min, respirations 16/min, and blood pressure 112/58 mm Hg. Physical examination discloses erythema and warmth of the left knee with marked synovitis. Direct palpation and flexion of the knee elicit pain. Which of the following is the most appropriate diagnostic study to determine the cause of this patient's symptoms?",Which of the following is the most appropriate diagnostic study to determine the cause of this patient's symptoms?,"
A. Blood cultures 
B. CD4+ T-lymphocyte count 
C. Human leukocyte antigen-B27 assay 
D. Serum rheumatoid factor assay 
E. Stool culture
",C,E,False,"For diagnosing the cause of the patient's symptoms, the most appropriate diagnostic study would be a stool culture. This test is crucial for identifying the causative organism in Campylobacter jejuni, which causes food poisoning. 1. Stool Culture: This is the standard diagnostic method used to detect bacteria such as Campylobacter jejuni in patients. The stool sample from the patient will be examined under a microscope for the presence of Campylobacter jejuni. If positive, it confirms that the infection is due to this bacterium. 2. Other Options Analysis: - Blood Cultures: While blood cultures may help rule out other infections, they are not typically performed initially unless there are specific indications like severe bleeding or hemolysis. - CD4+ T-lymphocyte count: This is primarily used to assess immune function rather than bacterial pathogen identification. - Human leukocyte antigen-B27 assay: This is used to screen for autoimmune conditions but not specifically for bacterial infections. - Serum Rheumatoid Factor Assay: This is more relevant for systemic lupus erythematosus (SLE) rather than bacterial gastroenteritis. Given these considerations, the stool culture is the most direct and effective way to identify the causative agent of the patient's symptoms, including the recent onset of fever, abdominal pain, and knee joint inflammation. Therefore, the correct choice is E. Stool Culture.",0.0083,0.0617,0.3024,0.1478,0.0877,0.1217,0.1217,0.5415,0.5803,0.7626
"A 46-year-old woman, gravida 1, para 1, comes to the office because of a 2-week history of black discharge from her right nipple. The patient had mammography and ultrasonography of the breasts 2 months ago for evaluation of increased glandularity, palpated in the upper outer quadrant of the right breast, noted at her most recent annual examination. The studies showed likely benign findings with recommended follow-up in 6 months. Medical history is otherwise unremarkable and she takes no medications. BMI is 30 kg/m2 . Vital signs are normal. Palpation of the right breast discloses glandularity in the upper outer quadrant but no other masses. There is scant, black discharge from the right nipple. Which of the following is the most appropriate next step in diagnosis?",Which of the following is the most appropriate next step in diagnosis?,"
A. Ductography 
B. Excisional biopsy of glandular tissue 
C. Repeat mammography 
D. Repeat ultrasonography of the right breast 
E. No further workup is indicated
",A,B,False,"Given the patient's clinical presentation, which includes black discharge from the right nipple and palpable glandularity in the upper outer quadrant of the right breast without any other significant masses, the most appropriate next step in diagnosis would be an excisional biopsy of the glandular tissue. Here’s the rationale: 1. Black Discharge: The presence of black discharge suggests that there might be an underlying cause contributing to this symptom, such as infection, inflammation, or cancer. This could indicate that the lesion is not benign and requires a thorough evaluation. 2. Palpable Glandularity: The palpable nature of the glands indicates that there is a mass present within these structures. This is crucial information as it helps differentiate between benign and malignant conditions. 3. Vital Signs: Despite the normal vital signs, the presence of black discharge and palpable glands strongly suggests that there may be some pathology affecting the glands. A biopsy can help confirm whether the abnormality is benign or if there is a more serious condition like cancer. 4. Mammographic and Ultrasound Findings: While the mammogram and ultrasound did show possible benign findings, the absence of other masses suggests that the lesions are less likely to be benign. The high-risk nature of breast cancer increases the likelihood of malignancy even in the absence of obvious masses. 5. BMI and Other Clinical Factors: Although the patient has a BMI of 30 kg/m², which is considered overweight, the presence of the abnormal glands does not directly correlate with this risk factor alone. Therefore, the initial assessment should consider all relevant factors before proceeding with a biopsy. In conclusion, the excisional biopsy of the glandular tissue provides the definitive diagnostic tool needed to rule out or confirm the presence of a malignancy while ensuring a thorough understanding of the overall health status of the patient.",0.0119,0.0296,0.2076,0.0692,0.0443,0.0629,0.0629,0.464,0.5343,0.6197
"A physician is conducting a retrospective review of a trial involving the use of Drug X in patients with a specific disease. It is known that Drug X is associated with an increased probability of cancer in patients who use the drug. A total of 600 individuals with a specific disease were included in the trial. Of the participants, 200 individuals received Drug X and 400 individuals did not receive it. One hundred individuals who received Drug X died of a particular type of cancer and 100 individuals who did not receive the drug died of the same type of cancer. Based on these data, which of the following is the relative risk of death from this type of cancer in individuals who take Drug X as compared with individuals who do not take Drug X?","Based on these data, which of the following is the relative risk of death from this type of cancer in individuals who take Drug X as compared with individuals who do not take Drug X?","
A. Individuals who take Drug X have an equal risk of dying from this type of cancer 
B. Individuals who take Drug X have four times the risk of dying from this type of cancer 
C. Individuals who take Drug X have three times the risk of dying from this type of cancer 
D. Individuals who take Drug X have two times the risk of dying from this type of cancer 
E. The risk for dying cannot be determined from the data
",D,B,False,"Identify the number of deaths for each group: - For individuals who took Drug X: - Number of deaths = 100 (individuals who died from the type of cancer) - Risk of death per person = \( \frac{100}{200} = 0.5 \) (each death represents one individual) - For individuals who did not take Drug X: - Number of deaths = 100 (individuals who died from the type of cancer) - Risk of death per person = \( \frac{100}{400} = 0.25 \) (each death represents one individual) 2. Calculate the relative risk (RR): - Relative risk is calculated using the formula: \[ RR = \frac{\text{Number of deaths taking Drug X}}{\text{Number of deaths not taking Drug X}} \] - Substituting the values: \[ RR = \frac{0.5}{0.25} = 2 \] 3. Interpret the result: - A relative risk of 2 means that the risk of dying from this type of cancer is twice as high among individuals who took Drug X compared to those who did not take it. Conclusion: Based on the calculation, the relative risk of death from this type of cancer in individuals who take Drug X as compared with individuals who do not take Drug X is 2. Therefore, the correct answer is: The correct answer is B. Individuals who take Drug X have four times the risk of dying from this type of cancer.",0.0782,0.1077,0.4859,0.249,0.2186,0.2329,0.2329,0.5232,0.6459,0.8749
"A 23-year-old woman is brought to the emergency department by her friend because of headache, vomiting, and diarrhea that developed rapidly 6 hours ago. She also has had associated fever, chills, generalized muscle pain, and diffuse rash. The patient previously was healthy and has had no known exposure to anyone who has been ill. Medical history is unremarkable and her only medication is an oral contraceptive. She is currently menstruating. She does not smoke cigarettes or use illicit drugs. She drinks one to two alcoholic beverages weekly. She is disoriented to person, place, and time. Vital signs are temperature 39.2°C (102.6°F), pulse 114/min, respirations 26/min, and blood pressure 82/44 mm Hg. Pulse oximetry on oxygen at 2 L/min via nasal cannula shows an oxygen saturation of 90%. Examination of the skin shows diffuse macular erythema. Lungs are clear to auscultation. Cardiac examination discloses normal heart sounds and no murmur. Bowel sounds are hypoactive. Results of laboratory studies are shown: Serum Blood ALT: 164 U/L Hemoglobin: 16.4 g/dL AST: 130 U/L WBC 14,300/mm³ with left shift Urea nitrogen: 57 mg/dL Platelet count 52,000/mm3 Creatinine 2.2 mg/dL Can you provide me a diagnosis for this case? Given your diagnosis, a response to which of the following choices below is the most likely cause of this patient's condition?","Given your diagnosis, a response to which of the following choices below is the most likely cause of this patient's condition?","
A. Bacterial endotoxin 
B. Bacterial exotoxin 
C. Immunoglobulin E antibody 
D. Immunoglobulin G antibody 
E. Viral capsid 
F. Viral coat
",B,B,True,"Given that the patient has had no known exposure to bacteria and is experiencing rapid onset symptoms such as severe diarrhea, chills, and high fever, it is highly probable that she contracted a bacterial infection, particularly one causing toxemia or sepsis. Let's analyze each option: A. Bacterial endotoxin: This term is typically used in the context of endotoxins from Gram-negative bacteria, but given the patient’s symptoms, especially the presence of toxins like endotoxins, it would be less likely to fit the description. B. Bacterial exotoxin: Similar to endotoxins, these are often found in Gram-positive bacteria and can lead to similar symptoms, including those seen here. C. Immunoglobulin E antibody: While antibodies play a role in immune responses, they do not directly contribute to the pathogenesis of TSS. They are involved in allergic reactions rather than infectious processes. D. Immunoglobulin G antibody: Like immunoglobulin E, antibodies also play roles in immune responses but are not specific to infections. They might play a role in the initial inflammation but are not responsible for the systemic toxic effects seen in TSS. E. Viral capsid: Viral capsids are structures that protect viral particles and are not relevant to the pathophysiology of TSS, which involves the release of virions into the bloodstream. F. Viral coat: Similarly, viral coats are protective layers around viruses and are not related to the pathogenesis of TSS. Considering the severity and rapid onset of symptoms, combined with the presence of toxins (like endotoxins), the most likely diagnosis is that of a bacterial endotoxin. A bacterial endotoxin specifically fits the criteria of causing systemic toxic shock syndrome based on the combination of symptoms, rapid onset, and involvement of the immune system. Therefore, the correct diagnosis is: The correct answer is [B] Bacterial Endotoxin.",0.0,0.0382,0.1975,0.0943,0.0316,0.0629,0.0629,0.4575,0.5456,0.5972
"A 68-year-old man comes to the office because of a 4-week history of increasing stiffness in his shoulders and upper arms. He is an avid golfer and has been unable to play in the morning because of the stiffness. He says that the stiffness is somewhat improved in the afternoon. He also has felt fatigued and sometimes ""headachy and feverish."" Medical history is significant for arthritis in his knees treated with acetaminophen, which has not relieved his shoulder and arm pain, and hyperlipidemia treated with pravastatin. He is a retired radiologist. Vital signs are temperature 37.7°C (99.8°F), pulse 76/min, respirations 18/min, and blood pressure 145/80 mm Hg. There is no tenderness in the shoulder girdle, and range of motion is normal bilaterally. The remainder of the physical examination discloses no abnormalities. Results of additional laboratorystudies are shown: Serum Blood Creatine kinase 88 U/L Hematocrit 36% Hemoglobin 12.0 g/dL WBC 8600/mm3 ESR 88 mm/h Which of the following is the most significant risk factor for the development of this patient's condition?",0 g/dL WBC 8600/mm3 ESR 88 mm/h Which of the following is the most significant risk factor for the development of this patient's condition?,"
A. Age 
B. Gender 
C. History of osteoarthritis 
D. Previous occupation 
E. Use of pravastatin
",A,C,False,"To determine the most significant risk factor for the development of the patient's condition, we need to consider both current symptoms and the context of their medical history. 1. Age: While age itself does not directly cause stiff necks, it can contribute to chronic conditions like osteoarthritis, which may be exacerbated over time. 2. Gender: Men have higher rates of arthritis compared to women, but this does not necessarily mean they will develop the same type of stiffness as women. 3. History of Osteoarthritis: The patient mentions having had knee arthritis treated with acetaminophen, which hasn't helped alleviate his shoulder and arm stiffness. This indicates a past history of arthritic issues, suggesting that the stiffness might be due to degenerative changes rather than an acute exacerbation. 4. Previous Occupation: The fact that he used to be a retired radiologist suggests a sedentary lifestyle, which could lead to decreased muscle strength and flexibility, potentially contributing to the stiffness. 5. Use of Pravastatin: The use of pravastatin, a statin medication, was mentioned but did not improve the patient’s symptoms. This doesn’t necessarily rule out the possibility of another underlying issue. Given these points, the most significant risk factor for the development of the patient's condition appears to be: Osteoarthritis This conclusion is based on the specific symptoms described—stiffness, fatigue, and headachy—and the lack of improvement from treatment. However, it's important to note that while osteoarthritis is a common cause of joint stiffness, other factors should also be considered when assessing the severity of the condition. In summary, while osteoarthritis is a potential risk factor, it alone is not the primary reason for the patient's stiffness without other contributing factors such as inadequate exercise, improper posture, or underlying health issues. Therefore, osteoarthritis is the most significant risk factor for the development of this patient's condition.",0.0292,0.0435,0.3023,0.1,0.0828,0.1,0.1,0.4642,0.5055,0.6864
"A 16-month-old girl is brought to the emergency department by emergency medical technicians because of a generalized tonic-clonic seizure that began 25 minutes ago and has continued despite administration of 0.5 mg/kg rectal diazepam 10 minutes ago. The patient was at home at the time of the seizure. In the emergency department, she is given an additional 0.5 mg/kg dose of diazepam intravenously and the convulsion terminates. Within 2 minutes, her oxygen saturation drops to 75% and she appears cyanotic. Respirations are 10/min and shallow. She receives bag-valve-mask ventilation, followed by intubation and mechanical ventilation. Medical history is unremarkable. She takes no medications. Temperature is 39.1°C (102.5°F). Which of the following is the most likely underlying cause of the patient's respiratory insufficiency?",Which of the following is the most likely underlying cause of the patient's respiratory insufficiency?,"
A. Airway occlusion 
B. Encephalitis 
C. Medication-induced suppression of central respiratory drive 
D. Meningitis 
E. Ongoing nonconvulsive seizure activity
",C,E,False,"The patient presents with symptoms of respiratory distress, including hypoxemia (low oxygen levels), cyanosis (blue discoloration of the skin), and rapid breathing. Given these clinical manifestations, it is crucial to consider several potential causes for respiratory insufficiency in this young child. - Option A: Airway Occlusion - This is unlikely as the child does not show signs of airway obstruction such as nasal flaring, coughing, or difficulty breathing. - Option B: Encephalitis - Encephalitis is a condition where there is inflammation of the brain tissue. While seizures can occur in children with encephalitis, they are typically more severe and often associated with other neurological symptoms rather than just generalized tonic-clonic seizures. - Option C: Medication-Induced Suppression of Central Respiratory Drive - This is plausible as medication side effects like diazepam can lead to decreased respiration due to its sedative properties. However, the presence of hypoxia and cyanosis would suggest a need for intervention beyond simply administering a sedative. - Option D: Meningitis - Meningitis is a serious infection of the membranes surrounding the brain and spinal cord. It can cause significant respiratory compromise but is less common in pediatric patients compared to other conditions listed. Given the clinical presentation of hypoxemia, cyanosis, and rapid breathing, the most likely underlying cause of respiratory insufficiency is: Answer: E. Ongoing nonconvulsive seizure activity - Nonconvulsive seizures are those that do not result in a loss of consciousness and have no aura. They typically affect multiple areas of the brain and are usually accompanied by motor seizures, muscle twitching, and sometimes vomiting. - Seizures in children under 18 months old are generally considered nonconvulsive and may be triggered by various factors such as stress, fever, or environmental stimuli. The absence of any other apparent signs of seizure suggests a diagnosis of a nonconvulsive seizure. - The combination of hypoxemia, cyanosis, and rapid breathing in a child under 16 months underscores the possibility of ongoing nonconvulsive seizure activity, which could potentially cause respiratory distress if left untreated.",0.0081,0.032,0.192,0.0826,0.0534,0.0649,0.0649,0.51,0.5965,0.7087
"A 32-year-old woman comes to the emergency department because of a 3-day history of fatigue and postural light- headedness. She also reports nausea with one episode of vomiting this morning and adds that her stools and urine have been darker than usual lately. Medical history is significant for stage III-B Hodgkin lymphoma. She started the first cycle of chemotherapy 8 days ago. Additional medications include ferrous gluconate, hydrocodone, and prochlorperazine. She is currently receiving 0.9% saline at 75 mL/hr. Vital signs today are temperature 37.5°C (99.5°F), pulse 76/min supine and 80/min standing, respirations 16/min, and blood pressure 125/65 mm Hg supine and 120/60 mm Hg standing. Pulse oximetry on room air shows an oxygen saturation of 94%. Lungs are clear to auscultation. Cardiac examination discloses a soft systolic murmur at the left upper sternal border. There is no hepatosplenomegaly or tenderness on abdominal examination. Rectal examination discloses no masses. Stool is black and test for occult blood is negative. Results of laboratory studies are shown: Blood Urine Hematocrit 24% Specific gravity 1.032 (N=1.010–1.025) WBC 2400/mm3 Bilirubin Negative Platelet count 78,000/mm3 RBC Negative Which of the following is the most likely explanation for the patient's current condition?","025) WBC 2400/mm3 Bilirubin Negative Platelet count 78,000/mm3 RBC Negative Which of the following is the most likely explanation for the patient's current condition?","
A. Adverse effect of medications 
B. Bone marrow metastases 
C. Gastrointestinal blood loss 
D. Hemodilution 
E. Hemolytic anemia
",A,E,False,"The patient's symptoms—fatigue, postural light-headedness, nausea, darkened stools and urine—are consistent with a diagnosis of hemolytic anemia, which occurs when there is an imbalance in red blood cell production leading to reduced levels of normal hemoglobin in the bloodstream. Why Each Option Is Correct: - Option A (Adverse effect of medications): While some medications can cause side effects like fatigue, it’s less common for medication-induced anemia to present exclusively as fatigue and other nonspecific symptoms. - Option B (Bone marrow metastases): This is a serious medical condition where bone marrow cells spread from another site to the central nervous system. It typically presents with neurological symptoms such as numbness, tingling, or weakness, but not necessarily fatigue or darkened stools. - Option C (Gastrointestinal bleeding): While gastrointestinal bleeding can lead to fatigue due to decreased hemoglobin levels, it doesn’t specifically correlate with the specific symptoms described here. - Option D (Hemodilution): This refers to the dilution of blood volume through vomiting and diarrhea. However, it does not explain the presence of darkened stools or the specific symptoms described. Given the patient's clinical presentation and the available information about their medications, including ferrous gluconate and hydrocodone, it's more likely that the hemolytic anemia is responsible for these symptoms rather than any direct interaction between medications and hematological conditions.",0.0,0.0402,0.1403,0.0884,0.0162,0.0643,0.0643,0.4582,0.4953,0.5229
"A male neonate, who was born at 36 weeks' gestation 2 hours ago in the labor and delivery unit of the hospital, now shows signs of respiratory difficulty. The mother, an 18-year-old primigravid woman, smoked one pack of cigarettes daily throughout her pregnancy. She received prenatal care during most of the pregnancy. One episode of chlamydial cervicitis was detected during the last trimester and treated with azithromycin. The neonate was born via cesarean delivery due to fetal heart rate decelerations. The amniotic fluid was stained with light particulate meconium. Apgar scores were 9 and 9 at 1 and 5 minutes, respectively. The patient is 50 cm (20 in; 50th percentile) long and weighs 3005 g (6 lb 10 oz; 50th percentile); head circumference is 35 cm (14 in; 50th percentile). The infant's vital signs now are temperature 36.6°C (97.8°F), pulse 150/min, and respirations 70/min. Pulse oximetry on room air shows an oxygen saturation of 95%. Physical examination discloses mild subcostal and intercostal retractions. Chest x-ray shows prominent pulmonary vascular markings and fluid in the intralobar fissures. Which of the following diagnoses is most likely and explain your rationale on each choice?",Which of the following diagnoses is most likely and explain your rationale on each choice?,"
A. Chlamydial pneumonia 
B. Group B streptococcal sepsis 
C. Meconium aspiration syndrome 
D. Respiratory distress syndrome 
E. Transient tachypnea of newborn
",E,E,True,"To determine the most likely diagnosis for this neonate, we need to consider several factors including the clinical presentation, the history of smoking, and the imaging findings. 1. Chlamydial Pneumonia: - Neonates can develop pneumonitis from chlamydia infection, but it is usually associated with other symptoms such as fever, cough, and weight loss rather than sudden respiratory difficulties. - The presence of chlamydial cilia staining suggests a possible viral etiology, which could be a concern if the patient has been exposed to infectious agents. 2. Group B Streptococcus (GBS): - GBS is another potential cause of respiratory tract infections in infants, especially those under 2 years old. However, its incubation period is typically shorter than that of chlamydial pneumonia. - The presence of light particulate meconium in the amniotic fluid further supports the possibility of GBS infection. 3. Meconium Aspiration Syndrome (MAS): - This condition involves the aspiration of meconium into the bronchi, leading to respiratory distress and other complications. - While there have been reports of MAS in infants, it is more commonly associated with severe respiratory distress syndrome (RDS) rather than transient tachypnea of newborns. 4. Respiratory Distress Syndrome (RDS): - RDS can manifest as persistent hypoxic episodes or acute respiratory distress in premature infants. - It often begins within the first few days after birth and resolves spontaneously without significant intervention. - The fact that the patient has a prolonged history of chlamydial infection and respiratory distress does not strongly suggest RDS unless the respiratory distress is severe enough to warrant intervention. 5. Transient Tachypnea of Newborn (TTN): - TTN refers to a temporary increase in breathing rate that resolves without treatment. - While TTN can occur in some premature infants, it is less common than respiratory distress syndromes and generally requires immediate intervention. Given the clinical presentation, the history of smoking, and the imaging findings (light particulate meconium, prominence of pulmonary vascular markings, and fluid in the intralobar fissures), the diagnosis of respiratory distress syndrome (RDS) seems the most appropriate. Therefore, the diagnosis is E. Transient Tachypnea of Newborn.",0.0,0.015,0.0735,0.0403,0.0058,0.0288,0.0288,0.4067,0.5115,0.6217
"A 26-year-old woman comes to the office 1 day after she passed bloody mucus with her stool. She noticed mild abdominal cramping and some constipation preceding the episode; she has not had diarrhea or melanotic stools. She has not had any exposure to unusual or poorly kept food or to any known infectious agents. She says she has been under considerable stress because she is anticipating the defense phase of her PhD thesis soon. Her only medication is acetaminophen for occasional headaches. Her father had colon cancer and died at age 48 years from metastatic disease. She recalls being told that an aunt died of an unknown abdominal tumor. The patient's temperature is 37.6°C (99.6°F), pulse is 90/min, respirations are 18/min, and blood pressure is 110/74 mm Hg. Abdomen is mildly distended, nontympanitic, and tender to palpation only in the right lower quadrant. There is no rebound tenderness or guarding. Pelvic examination shows no masses or mucosal lesions. Rectal examination elicits pain and bloody mucus. Which of the following is the most appropriate diagnostic study?",Which of the following is the most appropriate diagnostic study?,"
A. Colonoscopy 
B. Esophagogastroduodenoscopy 
C. Lower gastrointestinal barium study 
D. Ultrasonography of the appendix 
E. Upper gastrointestinal barium study with small-bowel follow-through
",A,E,False,"This diagnosis aligns perfectly with the clinical presentation provided by the patient. The symptoms described—bleeding, abdominal cramps, and discomfort—are consistent with a perforated ulcer in the duodenum, which would be evident on upper GI barium studies. Additionally, the presence of bleeding could be indicative of an acute inflammatory process such as an acute appendicitis, given the history of previous appendectomy. To further confirm the diagnosis, we should consider the possibility of other conditions that might present similarly. However, since these symptoms suggest an acute injury rather than chronic inflammation, the upper GI barium study remains the most appropriate initial investigation. If necessary, additional tests like CT scan of the abdomen, MRI of the abdomen, or even endoscopic retrograde cholangiopancreatography (ERCP) can help clarify the cause if needed. Therefore, based on the information provided, the upper gastrointestinal barium study with small-bowel follow-through is the most appropriate diagnostic test to identify and treat the underlying condition causing the bleeding.",0.0114,0.0447,0.2676,0.1053,0.0592,0.0936,0.0936,0.4927,0.5904,0.6662
"A 15-year-old girl is brought to the office by her parents because of a 2-month history of progressively worsening gait disturbance. She has fallen several times, once striking her head and causing a brief loss of consciousness. Her parents state that she has had behavioral changes during this time. Medical history is remarkable for asthma treated with a corticosteroid inhaler as needed. Family history is remarkable for multiple sclerosis in a maternal aunt, parkinsonism in her paternal grandfather, and cancer in several paternal relatives, including a grandmother who died from a hemangioblastoma. Vital signs are normal. The patient is awake and alert, but she avoids eye contact and will not answer questions. Auscultation of the lungs discloses expiratory wheezing. Cardiac and abdominal examinations disclose no abnormalities. She has mild bilateral papilledema. Her stance and gait are wide-based, and she is unable to perform a tandem walk. Toxicology screening of the urine is positive for marijuana and cocaine metabolites. Which of the following is the most likely initial working diagnosis?",Which of the following is the most likely initial working diagnosis?,"
A. Cerebellar tumor 
B. Drug-related ataxia 
C. Epidural hematoma 
D. Juvenile-onset parkinsonism 
E. Multiple sclerosis
",A,E,False,"Given the clinical presentation described (progressive worsening gait disturbance, frequent falls, avoidance of eye contact, and lack of response), it is clear that the patient is experiencing symptoms consistent with multiple sclerosis (MS). Here’s why: 1. Gait Disturbance: The child's inability to perform a tandem walk suggests involvement of the central nervous system, which often includes MS. 2. Frequent Falls: This is a hallmark symptom of MS, where patients experience repetitive episodes of falling due to balance issues caused by lesions in the brainstem or spinal cord. 3. Avoidance of Eye Contact: This indicates a neurological deficit affecting visual processing, another common feature of MS. 4. Abnormal Lung Function: The presence of mild bilateral papilledema supports a diagnosis of multiple sclerosis, as these findings are characteristic of the disease. While the other options can be considered possibilities, they do not match the specific presentation provided: - Option A (Cerebellar tumor) is unlikely given the severity of the gait disturbance and the absence of any cranial nerve palsies. - Option B (Drug-related ataxia) is also less likely since there is no mention of any drug-induced neurological deficits. - Option C (Epidural hematoma) is highly improbable given the absence of any significant internal bleeding. - Option D (Juvenile-onset Parkinsonism) is less likely as the onset of symptoms is 2 months after childhood, whereas the presented presentation would typically occur later in life. Therefore, based on the clinical features described, the most probable initial working diagnosis is Multiple sclerosis.",0.0,0.031,0.2227,0.0775,0.0313,0.0698,0.0698,0.4715,0.5416,0.7092
"A 70-year-old man is brought to the emergency department by his son because of a 2-day history of right upper quadrant abdominal pain, chills, and confusion. He has vomited twice during this time despite decreased food intake. The patient has hypertension controlled with hydrochlorothiazide. Medical and surgical history is otherwise unremarkable. Vital signs are temperature 40.2°C (104.4°F), pulse 110/min, respirations 18/min, and blood pressure 100/60 mm Hg. The patient appears seriously ill without evidence of jaundice. Abdominal examination discloses tenderness to palpation over the liver without guarding. Results of laboratory studies are shown: Serum: Amylase 350 U/L Bilirubin total 2.1 mg/dL Blood: WBC 16,500/mm3 with prominent immature forms Neutrophils, segmented 42% total Neutrophils, bands 25% Serum urea nitrogen and creatinine concentrations are within the reference ranges, as are results of liver function tests. Ultrasonography of the abdomen shows multiple stones in the gallbladder and a common bile duct measuring 9 mm in diameter. Intravenous fluids and a broad-spectrum antibiotic are administered. Which of the following is the most likely diagnosis?",Which of the following is the most likely diagnosis?,"
A. Acute cholecystitis 
B. Acute pancreatitis 
C. Cholangitis 
D. Hepatitis 
E. Liver abscess
",C,B,False,"The patient's presentation, including the history of right upper quadrant abdominal pain, chills, confusion, and jaundice, strongly suggests acute pancreatitis. The combination of symptoms such as fever, jaundice, and sudden onset of severe abdominal pain is indicative of an inflammatory condition that may lead to pancreatic injury. - Chronic Pancreatitis: While it can present similarly, chronic pancreatitis typically presents with more persistent symptoms like fatigue, weight loss, and abdominal pain. It does not commonly cause significant systemic effects like those seen in acute pancreatitis. - Acute Cholecystitis: This condition usually presents with sudden, sharp upper abdominal pain, chills, fever, nausea, and vomiting. It often involves localized inflammation but generally does not result in the same degree of shock and systemic involvement as acute pancreatitis. - Acute Pancreatitis: This is the most consistent with the clinical presentation described. The presence of fever, jaundice, and the need for intravenous fluids and antibiotics aligns well with acute pancreatitis, which is characterized by inflammation affecting the pancreas. - Cholangitis: While cholangitis can be associated with similar symptoms, it typically presents with fever, jaundice, and other systemic complications. It is less likely given the specific findings on ultrasound and the absence of hepatosplenomegaly. - Hepatitis: Hepatitis is a general term for inflammation of the liver. While it could potentially mimic some aspects of acute pancreatitis, especially if there were concurrent viral hepatitis, the specific clinical features (fever, jaundice) and location (right upper quadrant) do not match those seen in acute pancreatitis. Therefore, based on the provided information and typical presentations of acute pancreatitis, the most probable diagnosis is B. Acute Pancreatitis.",0.0,0.0222,0.1438,0.059,0.0223,0.0517,0.0517,0.4092,0.5591,0.6681
"A 70-year-old woman comes to the office because of worsening tremor of her hands. The tremor has been present for most of her life and initially was mild and would occur only when she was tired or stressed. During the past month the shaking has become more noticeable and frequent. She is now embarrassed to eat with other people because of how obvious the tremor has become. The patient has been taking fluoxetine for the past 3 weeks to help her to cope with the death of her husband 2 months ago. Medical history is also remarkable for essential hypertension controlled with lisinopril and hyperlipidemia controlled with atorvastatin. Her only other medication is occasional ibuprofen for joint pain. She used to drink one to two alcoholic beverages monthly but now drinks one glass of wine daily because, she says, it reduces her tremor. She is 168 cm (5 ft 6 in) tall and weighs 70 kg (155 lb); BMI is 25 kg/m2. Vital signs are temperature 36.4°C (97.6°F), pulse 80/min, respirations 18/min, and blood pressure 130/85 mm Hg. Physical examination shows a moderate tremor of both hands that is not present at rest. Complete blood count, serum chemistry profile, and serum thyroid function tests are ordered and results are pending. Which of the following is the most likely cause of the patient's worsening tremor?",Which of the following is the most likely cause of the patient's worsening tremor?,"
A. Adverse effect of fluoxetine therapy 
B. Bereavement reaction 
C. Early Parkinson disease 
D. Increase in alcohol consumption 
E. Mini-strokes
",A,C,False,"The patient presents with a severe, progressive tremor that worsens over time despite ongoing treatment with fluoxetine (an antidepressant). This characteristic indicates a condition known as dystonia, which is characterized by involuntary muscle contractions. - Option A: Adverse effect of fluoxetine therapy - Fluoxetine is typically well-tolerated and associated with few adverse effects, including sedation and weight gain. Given the patient’s age and the severity of the tremor, this option seems less likely given the progression described. - Option B: Bereavement reaction - While bereavement can have significant physical impacts, it does not explain the gradual onset and worsening of the tremor. The tremor is consistent with a psychiatric disorder rather than a physical one. - Option C: Early Parkinson disease - Early Parkinson disease typically develops slowly and often begins with a combination of motor symptoms such as stiffness, bradykinesia (slowness of movement), and dyskinesias. The progression from mild to severe tremors could be indicative of early Parkinson disease, especially if the tremor has already started during the course of the illness. - Option D: Increase in alcohol consumption - Alcoholism is associated with tremors due to its impact on neurotransmitters like dopamine, which can lead to muscle rigidity and tremors. However, while this could be a contributing factor, it is not the primary cause here. Given these considerations, the most probable cause of the patient's worsening tremor is early Parkinson disease, particularly in conjunction with an underlying mental health issue like depression or anxiety. The rapid onset and progression described suggest a neurological disorder rather than a typical side effect of antidepressants. The correct answer is [C].",0.0099,0.0393,0.2664,0.1004,0.0578,0.0932,0.0932,0.5065,0.5936,0.7118
"A 70-year-old woman comes to the office because of a 1-month history of gradually worsening shortness of breath. Medical history is significant for hypertension and hyperlipidemia. Routine medications are atorvastatin and lisinopril. The patient appears to be in respiratory distress. Vital signs are temperature 36.7°C (98.0°F), pulse 122/min and irregularly irregular, respirations 28/min, and blood pressure 144/88 mm Hg. Pulse oximetry on room air shows an oxygen saturation of 90%. Pulmonary examination discloses dullness to percussion three-quarters of the way up on the left. Results of laboratory studies are shown: Serum Blood Urea nitrogen 29 mg/dL Hematocrit 38% Creatinine 1.0 mg/dL Hemoglobin 12.9 g/dL Na+ 142 mEq/L WBC 7800/mm3 K+ 4.1 mEq/L Cl− 99 mEq/L HCO3 − 24 mEq/L Glucose 102 mg/dL ECG shows atrial fibrillation with a rapid ventricular response. Chest x-ray shows a large left pleural effusion. Which of the following is the most appropriate next step in evaluation?",Which of the following is the most appropriate next step in evaluation?,"
A. Bone marrow biopsy 
B. Pericardiocentesis 
C. Pleurodesis 
D. Thoracentesis 
E. Video-assisted thoracoscopy
",D,C,False,"- Pleurodesis: This is a surgical procedure used to seal the pleural space between the lungs and the chest wall, which helps to prevent fluid from accumulating within the pleural cavity. In this scenario, the patient has developed a large left pleural effusion, which indicates an accumulation of fluid in the pleural space. This condition can lead to complications such as pulmonary edema, pneumothorax, or even death if not addressed promptly. Pleurodesis is indicated to prevent further fluid buildup and maintain the integrity of the pleural membrane. Given the patient's symptoms and clinical presentation, it is crucial to address the issue of pleural fluid accumulation early to prevent further complications. Therefore, performing pleurodesis would be the most appropriate next step in evaluating the patient's condition. - Option A: Bone marrow biopsy - While bone marrow biopsies can provide valuable information about the underlying cause of the patient's complaints, they are typically reserved for cases where there is suspicion of malignancy or other serious conditions requiring immediate intervention. - Option B: Pericardiocentesis - Pericardiocentesis involves inserting a needle into the pericardium to remove fluid. It is often used to manage heart failure or to treat certain types of pleurisy but is not typically recommended unless the patient has a specific indication for it. - Option C: Pleurodesis - Pleurodesis is the correct choice for treating the patient's pleural effusion. By sealing the pleural space, pleurodesis prevents further fluid accumulation and maintains the integrity of the pleural membrane, thereby reducing the risk of complications. - Option D: Thoracentesis - Thoracentesis is a procedure used to relieve pleural effusions by drawing out excess fluid. While it may be necessary to perform this procedure, it is not typically considered the first-line treatment for pleural effusions. - Option E: Video-assisted thoracoscopy - Video-assisted thoracoscopy (VATS) is a minimally invasive surgery technique used to access and repair damaged lung tissue. While it might be considered in some severe cases of pleural effusions, it is not usually the initial step in managing these patients. Therefore, the most appropriate next step in evaluating the patient's condition is to perform pleurodesis. This approach aims to stabilize the patient's respiratory status, control the fluid accumulation, and potentially alleviate any complications associated with the pleural effusion.",0.0073,0.0217,0.2009,0.0519,0.0366,0.0519,0.0519,0.4251,0.5664,0.7271
"A 67-year-old man, who has been recovering in the hospital following surgical repair of a contained ruptured abdominal aortic aneurysm 10 days ago, suddenly develops severe abdominal pain. He does not have chest pain or shortness of breath. The patient's postoperative course had been uncomplicated until 4 days ago, when he developed a low-grade fever. He has been unable to tolerate a full liquid diet during the past 4 days. Medical history is remarkable for hypertension, hypercholesterolemia, and a myocardial infarction 6 years ago. Regular medications include metoprolol, lovastatin, and an 81-mg aspirin daily. He has smoked one pack of cigarettes daily for the past 40 years, and he typically drinks three to five beers daily. Vital signs now are temperature 38.1°C (100.6°F), pulse 68/min and regular, respirations 16/min, and blood pressure 150/90 mm Hg. Physical examination shows bilateral cataracts. Auscultation of the chest discloses diffuse mild wheezes and a grade 1/6 soft systolic ejection murmur at the cardiac apex. Palpation of the abdomen discloses mild to moderate mid and right upper quadrant abdominal tenderness. There is no guarding, rebound, or palpable mass. Rectal examination shows no abnormalities. Peripheral pulses are normal. Neurologic examination discloses no abnormalities. Serum electrolyte concentrations are within the reference ranges. Leukocyte count is 15,800/mm³ with mild left shift. Urinalysis shows no abnormalities. ECG shows an old inferior myocardial infarction. Chest x-ray shows scarring at the left and right cardiac bases; no masses or infiltrates are present. Which of the following is the most appropriate additional diagnostic study?",Which of the following is the most appropriate additional diagnostic study?,"
A. Arteriography of the abdomen 
B. Blood cultures 
C. MRI of the abdomen 
D. Ultrasonography of the abdomen 
E. No additional studies are needed
",D,E,False,"This scenario involves evaluating a patient recovering from a surgical repair of a ruptured abdominal aortic aneurysm. Given the patient's history of hypertension, hypercholesterolemia, and myocardial infarction six years prior, there is a high risk of complications such as aneurysmal dissection, which could be exacerbated by underlying cardiovascular disease. The patient's current symptoms—severe abdominal pain, fever, coughing up purulent sputum, and bilateral cataracts—are consistent with a potential septicemia complicating the surgical procedure. This condition requires immediate attention due to the risk of disseminated intravascular coagulation (DIC) and other life-threatening complications. While arterial imaging (option A) may help identify vascular compromise, it is primarily used to rule out internal bleeding or other vascular issues that might necessitate urgent intervention. Additionally, while blood cultures (option B) can confirm bacterial infection, they do not address the primary issue of systemic inflammation or sepsis. MRI of the abdomen (option C) is more relevant for assessing acute inflammatory processes and potential ischemic changes in the abdomen, but it cannot definitively diagnose DIC without further clinical evaluation. Ultrasonography of the abdomen (option D) is less invasive than other modalities like CT scans or MRI, making it ideal for assessing acute liver and kidney function, as well as identifying any localized areas of inflammation or necrosis that might be contributing to the patient's condition. Therefore, given the critical nature of this situation, arterial imaging (option A) should be prioritized for the assessment of vascular compromise and subsequent management, including possible intervention if necessary.",0.0,0.0141,0.0886,0.038,0.0077,0.038,0.038,0.457,0.5632,0.5871
"A 31-year-old woman, gravida 3, para 2, who is at 32 weeks' gestation, is admitted to the hospital because of a 1-week history of progressive dyspnea and wheezing. She says her heart is ""racing"" and she is coughing up a small amount of blood-streaked sputum. Medical history is significant for hypothyroidism, for which she takes levothyroxine. An intravenous catheter is placed. Vital signs are temperature 36.9°C (98.4°F), pulse 132/min, respirations 32/min, and blood pressure 135/78 mm Hg. Pulse oximetry on 100% oxygen via nasal cannula shows an oxygen saturation of 92%. Auscultation of the lungs discloses decreased breath sounds at the bases with expiratory crackles bilaterally. Cardiac examination discloses an irregularly irregular rhythm, an indistinct point of maximal impulse, and a loud S1. A grade 3/6, low-pitched, diastolic, rumbling murmur is audible at the apex; a distinct snapping sound precedes the murmur. Fetal heart rate is 144/min. Which of the following is the most likely cause of the findings in this patient?",Which of the following is the most likely cause of the findings in this patient?,"
A. Atrial septal defect with development of pulmonary hypertension 
B. Chronic mitral regurgitation secondary to rheumatic heart disease 
C. Coarctation of the aorta 
D. Congenital aortic stenosis 
E. Mitral stenosis complicated by atrial fibrillation
",E,C,False,"This patient presents with progressive dyspnea, wheezing, and evidence of fetal distress due to potential congenital aortic stenosis (CAS). The symptoms align well with the typical presentation of CAS, including recurrent episodes of dyspnea and wheezing that progressively worsen over time. Additionally, the presence of a grade 3/6 systolic murmur at the apex, a low-pitched, diastolic rumbling murmur, and a distinct snapping sound preceding the murmur suggest the presence of a valve lesion. To clarify the causes: - Atrial septal defect (ASD) typically presents with chronic systolic murmurs and may be associated with other cardiac abnormalities like tricuspid regurgitation, but it's not as commonly associated with acute dyspnea and wheezing. - Chronic mitral regurgitation (CMR) secondary to rheumatic heart disease can present with symptoms such as dyspnea, tachycardia, and bilateral lower extremity edema, but it doesn't specifically manifest with the respiratory system signs described here. - Coarctation of the aorta often presents with lower extremity edema, peripheral edema, and bradycardia, but its primary features include a high-pitched systolic murmur and the appearance of a ventricular septal defect (VSD). - Congenital aortic stenosis has been shown to present with both dyspnea and wheezing, particularly in cases where there is evidence of the valve leaflet being narrowed or replaced. - Mitral stenosis complicated by atrial fibrillation can lead to symptoms similar to those seen in CAS, but it usually manifests with a different rhythm (usually atrial fibrillation instead of sinus rhythm). Given these details, the combination of symptoms, auscultation findings, and echocardiography results strongly indicate that the patient has a diagnosis of congenital aortic stenosis. Therefore, the correct answer is [C] Congenital aortic stenosis.",0.0,0.0284,0.141,0.0697,0.0211,0.0557,0.0557,0.4189,0.5328,0.5936
"A 70-year-old man is admitted to the hospital through the emergency department because of a 12-hour history of severe nausea and four episodes of vomiting of undigested food. During the past week, he has had worsening nausea, heartburn following meals, and early satiety. Medical history is significant for type 2 diabetes mellitus diagnosed 20 years ago, hyperlipidemia, and hypertension. Medications are intermediate-acting insulin twice daily and insulin lispro before meals. He also takes enalapril and atorvastatin. On admission, the patient appears uncomfortable. Vital signs are temperature 36.2°C (97.1°F), pulse 102/min, respirations 16/min, and blood pressure 105/78 mm Hg. Pulse oximetry on room air shows an oxygen saturation of 98%. Physical examination discloses mild epigastric tenderness to palpation. The remainder of the examination discloses no abnormalities. Results of laboratory studies ordered in the emergency department are shown: Serum Blood ALT 23 U/L AST 26 U/L Alkaline phosphatase 85 U/L Amylase 104 U/L Urea nitrogen 42 mg/dL Creatinine 1.32 mg/dL Hemoglobin A1c 8.2% X-rays of the chest and abdomen disclose no abnormalities. Which of the following will best explain the patient's condition?",Which of the following will best explain the patient's condition?,"
A. Accumulation of calcium carbonate and hemoglobin breakdown products in the bile ducts 
B. Decreased gastric myoelectrical activity 
C. Decreased gastric pH 
D. Increased cholecystokinin activity
",B,D,False,"The patient presents with symptoms consistent with acute pancreatitis due to chronic pancreatitis. Pancreatic exocrine insufficiency can lead to impaired secretion of pancreatic enzymes, particularly amylase, which is responsible for breaking down carbohydrates into simpler sugars like glucose. In this case: - Serum Bile Acid Levels: Elevated levels of bilirubin, including bilirubin that forms in the liver, indicate bile acid accumulation. - Amylase Levels: Elevated levels suggest a failure in pancreatic enzyme production, leading to increased amylase activity. - Cholesterol Profile: Elevated cholesterol levels can be indicative of chronic pancreatitis, as it often precedes the development of acute pancreatitis. - X-ray Findings: Abnormalities in the chest and abdomen could include evidence of fluid buildup, which might be related to pancreatic inflammation. These factors collectively point towards an increase in cholecystokinin activity, likely resulting from pancreatic dysfunction and subsequent inflammation. Therefore, the most appropriate explanation for the patient's condition is: The correct answer is [D].",0.0,0.0279,0.2192,0.0859,0.0373,0.0859,0.0859,0.4781,0.556,0.6735
"A 70-year-old woman comes to the office for an annual health maintenance examination. She describes a 1-year history of slowly progressive fatigue, diffuse muscle aches, and generalized pain. Medical history is significant for osteoporosis diagnosed 5 years ago. Medications include alendronate and calcium supplementation. Vital signs are normal. Physical examination is unremarkable for her age, with no point tenderness on palpation. Results of complete blood count, serum electrolyte and thyroid-stimulating hormone concentrations, liver function tests, and erythrocyte sedimentation rate are all within the reference ranges. Screening mammography and colonoscopy done 1 year ago disclosed no abnormalities. Which of the following is the most appropriate next step in evaluation?",Which of the following is the most appropriate next step in evaluation?,"
A. DEXA scan 
B. Electromyography and nerve conduction studies 
C. MRI of the cervical spine 
D. Serum antinuclear antibody assay 
E. Serum 25-hydroxyvitamin D assay 
F. No additional evaluation is indicated
",E,E,True,"This is because the patient has a history of osteoporosis that predates the current year of 70. The presence of osteoporosis is associated with decreased levels of 25-hydroxyvitamin D (also known as vitamin D3), which is typically elevated in individuals with osteoporosis. Therefore, it would be prudent to perform a serum 25-hydroxyvitamin D assay to evaluate bone health and identify any risk factors for fractures or other complications related to osteoporosis. Here’s a more detailed explanation: 1. Osteoporosis Diagnosis: Osteoporosis is characterized by increased bone density loss due to reduced estrogen production. It can lead to fragility fractures over time, particularly vertebral compression fractures. This is why screening for osteoporosis is important. 2. Serum 25-hydroxyvitamin D Assay: This test measures the amount of 25-hydroxyvitamin D in the blood, which reflects the body's ability to produce this vitamin. A deficiency in vitamin D leads to low levels of 25-hydroxyvitamin D, which is indicative of osteoporosis. 3. Other Tests: While not essential, some other tests might be considered: - Electromyography and nerve conduction studies: These may help assess nerve function and potential damage from osteoporotic changes. - MRI of the cervical spine: This could help rule out spinal issues that might contribute to the symptoms. - Serum antinuclear antibody assay: Although less specific than 25-hydroxyvitamin D, this can still provide information about autoimmune conditions that might contribute to the fatigue. Given the patient’s history of osteoporosis and the need to identify osteoporotic changes early, the serum 25-hydroxyvitamin D assay is the most appropriate initial diagnostic tool. If further evaluation reveals that the patient does not have osteoporosis, then the other tests mentioned would be relevant but not necessary.",0.0031,0.0246,0.1468,0.061,0.0273,0.0542,0.0542,0.4267,0.5315,0.5954
"A 22-year-old man comes to the emergency department because of a 4‐day history of cough productive of green sputum as well as fever, chills, and rigors. He also has had a 3‐day history of progressive shortness of breath; he now has shortness of breath at rest. He was evaluated in an urgent care center 1 day ago and was prescribed azithromycin, but his symptoms have worsened. He is using accessory muscles of respiration. He is diaphoretic and is able to give only one- to two-word answers to questions. Vital signs are temperature 39.1°C (102.3°F), pulse 138/min, respirations 40/min, and blood pressure 103/56 mm Hg. Pulse oximetry on room air shows an oxygen saturation of 80%, and 100% oxygen is administered via nonrebreather face mask. Skin is mottled and there is cyanosis of the fingers and toes. Pupils measure 4 mm in diameter and are reactive to light. Mucous membranes are dry. Auscultation of the lungs discloses bilateral crackles. The remainder of the physical examination discloses no abnormalities. Laboratory studies are ordered; results of arterial blood gas analysis on 100% oxygen via nonrebreather face mask are shown: PO2: 50 mm Hg PCO2: 44 mm Hg pH: 7.34 Oxygen saturation: 85% Chest x-ray shows bilateral infiltrates with a normal cardiac silhouette and no effusions. Which of the following is the most likely underlying cause of this patient's condition?",Which of the following is the most likely underlying cause of this patient's condition?,"
A. Abnormalities of diffusion of oxygen 
B. Hypoventilation 
C. Obstructive lung disease 
D. Ventilation-perfusion mismatch and shunt
",D,C,False,"This patient presents with respiratory distress, fever, chills, and dyspnea that worsen despite antibiotic therapy. The combination of these clinical features strongly suggests obstructive pulmonary disease (OPD). Here’s the reasoning behind this diagnosis: 1. Symptoms of Fever: The high body temperature (39.1°C) and associated chills suggest inflammation and infection, which is characteristic of OPD. 2. Chronic Shortness of Breath: This indicates that the patient is experiencing difficulty breathing, which is common in OPD due to reduced ventilation or obstruction. 3. Progressive Dyspnea: Rapid onset and worsening dyspnea necessitates consideration for an acute exacerbation of existing respiratory conditions. 4. Pulmonary Edema: Elevated oxygen saturations and hypoxemia are typical of OPD, where fluid can accumulate in the alveoli leading to edema. 5. Bronchial Asthma: The presence of crackles and the need for supplemental oxygen may indicate bronchitis or asthma, both of which can lead to dyspnea and respiratory failure if not managed appropriately. 6. Diaphoresis and Diarrhea: These are common in OPD, often due to systemic inflammatory response syndrome (SIRS). 7. Skin Changes: The presence of mottling and cyanosis could be indicative of shock, another complication of OPD. Given the combination of these clinical manifestations and the findings from the arterial blood gas analysis, the most probable underlying cause is Obstructive Lung Disease (Option C). It accounts for the severe dyspnea, the elevated oxygen levels, and the diffuse nature of the infiltrates observed on chest x-ray.",0.0,0.0321,0.1852,0.0949,0.0319,0.0711,0.0711,0.5091,0.539,0.6623
"A 33-year-old male physician reports for a shift in the emergency department. A nurse alerts you that he noticed a faint odor of alcohol near the physician. When approached, the physician appears tired and more disheveled than usual. There is an odor of alcohol on his breath. He is a skilled and talented physician with no known history of substance or alcohol use disorder. He is married with three children, and his wife is pregnant with twins. The physician was recently hired and has had no actions on his license by any state medical board. Which of the following is the most appropriate next step?",Which of the following is the most appropriate next step?,"
A. Ask the physician if he is sober, and if he says yes, allow him to complete his shift 
B. Explain to the physician that you suspect he is intoxicated and ask him to submit to a blood sample to check his blood alcohol concentration 
C. Relieve the physician of duty and alert the hospital's patient safety officer 
D. Tell the physician that you can cover the remainder of the shift alone, so that he can sleep in his office 
E. Tell the physician you detect alcohol on his breath, and he needs to go home and should not return until he is sober
",C,E,False,"1. Understanding the Situation: The scenario involves a physician who seems to be under significant stress due to recent hiring and potential pregnancy complications. The physician's behavior suggests possible intoxication, given the odor of alcohol on his breath and his apparent fatigue and disarray. 2. Actionable Next Steps: - Option B (Explain to the physician that you suspect he is intoxicated and ask him to submit to a blood sample): This is generally not advisable because it could lead to legal consequences, especially since there is no evidence of past substance abuse. - Option C (Relieve the physician of duty and alert the hospital’s patient safety officer): This would likely result in further delays and unnecessary administrative burden, which may also have negative repercussions for the healthcare team. - Option D (Tell the physician you can cover the remainder of the shift alone, so that he can sleep in his office): While this might help manage some aspects of the situation temporarily, it doesn’t address the core issue of the physician being intoxicated or at risk of harm. Covering shifts without proper supervision could expose staff to risks they’re not equipped to handle. - Option E (Tell the physician you detect alcohol on his breath, and he needs to go home and should not return until he is sober): This is the most appropriate course of action. It ensures immediate detection, reduces the risk of harm, and allows for prompt intervention. If the physician does not show signs of intoxication after the initial assessment, it will be easier to identify and safely remove him from the scene. 3. Reasons for Option E: - Detection of Alcohol on Breath: By detecting alcohol on the physician’s breath, you can quickly assess whether he is indeed intoxicated. This method minimizes the time needed for a thorough evaluation and eliminates the need for further checks like a blood test, reducing the likelihood of delayed treatment or false positives. - Immediate Action: Immediate detection helps prevent further exposure to substances that could cause serious health issues. - Controlled Environment: Keeping the physician in his office allows for quick interventions if necessary, such as ensuring safe passage through areas where he might pose a danger to himself or others. - Reduced Risk to Staff: By allowing someone else to take over the shift, you minimize the workload on the physician and ensure continuity of care, which is crucial during emergencies. In conclusion, Option E provides the most effective and timely solution to address the immediate threat posed by the physician's intoxication, while minimizing potential hazards and ensuring the safest environment for all involved.",0.0021,0.0122,0.1061,0.036,0.0181,0.0315,0.0315,0.439,0.5288,0.5875
"A 60-year-old man comes to the office because of a 1-year history of progressive left groin pain. The pain is worse with exercise and is relieved with rest. He says the pain is beginning to affect his ability to carry out his daily activities. He says, ""It even hurts when I'm turning over in bed."" He does not recall any trauma to the area. He also has had generalized mild stiffness of his joints during the past 3 years. He takes atorvastatin for hyperlipidemia and lisinopril for hypertension. Medical history is otherwise unremarkable. He does not smoke cigarettes. He drinks one alcoholic cocktail daily. He is 178 cm (5 ft 10 in) tall and weighs 68 kg (150 lb); BMI is 22 kg/m². Vital signs are temperature 37.4°C (99.3°F), pulse 82/min, respirations 18/min, and blood pressure 120/78 mm Hg. The patient walks with a slight limp and has difficulty changing position. Abduction of the left hip elicits pain. Physical examination of the patient's other joints discloses no abnormalities. Which of the following is the most appropriate imaging study at this time?",Which of the following is the most appropriate imaging study at this time?,"
A. CT scan of the hips 
B. MRI of the hips 
C. Radionuclide bone scan 
D. Plain x-ray of the left hip 
E. Skeletal survey
",D,B,False,"MRI (Magnetic Resonance Imaging) of the hips is the most appropriate choice for this patient due to several reasons: 1. Osteoarthritis Identification: Osteoarthritis is a common cause of joint pain and stiffness. MRI provides high-resolution images of the soft tissues surrounding the joints, which can reveal areas of degeneration and sclerosis characteristic of osteoarthritis. 2. Tissue Integrity Assessment: The MRI can evaluate the integrity of the surrounding soft tissue structures, such as tendons, ligaments, and muscles, which are crucial for diagnosing joint instability or adhesions associated with arthritis. 3. Detailed Joint Examination: MRI allows for a thorough evaluation of all joint surfaces, including the cartilage, synovial membrane, and underlying connective tissues, providing insights into the extent of joint damage and inflammation. 4. Surgical Consideration: In cases where the primary diagnosis is osteoarthritis, an MRI helps assess whether surgical intervention is necessary to stabilize the affected joint and prevent further degeneration. While the other options have their merits, they do not align well with the specific clinical presentation described: - CT Scan of the hips: While it may be useful for evaluating soft tissue injuries, it does not specifically address the presence of osteoarthritis or the need for surgery. - Radionuclide Bone Scan: This test detects bone metabolism and can be used to assess for bone fragility, but it is not specific to osteoarthritis or its treatment. - Plain X-Ray of the left hip: This simple imaging method would show only the superficial changes and might miss subtle structural issues that could indicate ongoing inflammation. Therefore, MRI of the hips is the most appropriate and diagnostic imaging modality for this patient given the clinical description of progressive left groin pain, generalized stiffness, and the absence of significant trauma to the pelvis.",0.0031,0.0242,0.1394,0.0596,0.0267,0.0596,0.0596,0.463,0.5487,0.6546
A 2-stage screening program for ovarian cancer is being designed. Which of the following sets of sensitivity and specificity is most likely preferred for Stage 1 and Stage 2 of the program?,Which of the following sets of sensitivity and specificity is most likely preferred for Stage 1 and Stage 2 of the program?,"
A. Stage 1: High Sensitivity, Low Specificity; Stage 2: High Sensitivity, Low Specificity 
B. Stage 1: High Sensitivity, Low Specificity; Stage 2: Low Sensitivity, High Specificity 
C. Stage 1: Low Sensitivity, High Specificity; Stage 2: High Sensitivity, Low Specificity 
D. Stage 1: Low Sensitivity, High Specificity; Stage 2: Low Sensitivity, Low Specificity
",B,B,True,"In designing a two-stage screening program for ovarian cancer, it's important to balance sensitivity (the ability to detect disease) and specificity (the ability to correctly identify patients without the disease). The sensitivity and specificity of the screening programs need to be carefully considered to ensure that both stages can be effectively detected. For Stage 1 of the program, which involves early detection through imaging tests like ultrasound and MRI, a high sensitivity is generally preferred because it allows for earlier detection of ovarian cancer, especially in cases where the cancer may not have progressed beyond the primary lesion. This approach helps in reducing the risk of overtreatment and allowing for more aggressive treatment options. On the other hand, for Stage 2 of the program, which involves monitoring for recurrence after initial detection, a low specificity is needed to minimize false positive results. This is because even if a patient has ovarian cancer, they might still have residual tumor cells that may recur later. Therefore, it's crucial to maintain high sensitivity during this stage to reduce the likelihood of missed cases and unnecessary treatments. Therefore, the optimal set of sensitivity and specificity would be: - Stage 1: High Sensitivity, Low Specificity - Stage 2: Low Sensitivity, High Specificity This balanced approach ensures that both stages of the screening program can be successfully identified, thereby improving the overall accuracy and effectiveness of the screening process.",0.0116,0.0651,0.3061,0.1406,0.0866,0.1094,0.1094,0.4771,0.5964,0.6415
"A 35-year-old woman comes to the office for follow-up of chronic pelvic pain. The patient has had deep pelvic pain since undergoing total abdominal hysterectomy and radiation therapy for treatment of cervical cancer 5 years ago. She reports constant, severe aching pain; she rates the pain at its maximum as a 10 on a 10‐point scale. The pain worsens during intercourse. All subsequent cancer follow-up has been negative. Medical history otherwise is unremarkable. The patient has taken oxycodone for her pain for 3 years, but she now reports that the oxycodone only partially relieves her pain. She requests either an increased dose of oxycodone or a change in her prescription to controlled-release morphine, which was recently given to her by a friend. She has smoked one pack of cigarettes daily for the past 15 years. She does not drink alcoholic beverages. BMI is 18 kg/m². She appears lethargic. She is oriented to person, place, and time but speaks slowly with slurred speech. Vital signs are normal. Examination of the skin shows no abnormalities. Pupils are pinpoint and react sluggishly. Which of the following is the most appropriate next step in management?",Which of the following is the most appropriate next step in management?,"
A. Inform the patient that she must find a new physician 
B. Maintain the dose of oxycodone and add naproxen 
C. Order a urine toxicology screening 
D. Report the patient's unauthorized drug use to the police 
E. Switch oxycodone to sustained-release morphine
",C,E,False,"The patient's symptoms suggest chronic pelvic pain due to endometriosis, particularly post-cervical cancer. Given the severity and persistence of the pain, it is crucial to manage this condition effectively. Here’s the rationale behind the choice of option E:- Pain Management: The patient's pain is described as ""constant, severe,"" indicating that the pain persists despite taking oxycodone for three years. This suggests that there may be underlying causes contributing to the pain, such as endometriosis. - Medical History: The patient has undergone multiple medical procedures (total abdominal hysterectomy, radiation therapy) and has reported a worsening of their symptoms after discontinuing oxycodone. This indicates that the primary cause might still be related to endometriosis. - Symptom Severity: The patient mentions that the pain worsens during intercourse, suggesting that hormonal changes could exacerbate the issue. Oxycontin (oxycodone) is typically used for short-term relief of moderate to severe pain. However, because the pain persists and is not alleviated by regular doses of oxycodone, switching to a more potent analgesic like oxycodone extended release (Oxycodone ER) would be advisable. - Other Options Analysis: - Option A: Informing the patient about finding a new physician (""inform the patient that she must find a new physician"") might be premature. The pain seems to be persistent and warrants further evaluation rather than immediate referral. - Option B: Maintaining the current dose of oxycodone and adding naproxen is also inappropriate because it doesn't address the root cause of the pain. Naproxen is a nonsteroidal anti-inflammatory drug (NSAID) commonly used for arthritis pain but has not shown significant efficacy for endometriosis pain. - Option C: Ordering a urine toxicology screening is unlikely to address the underlying cause of the pain. Urine analysis can help identify substances harmful to the kidneys, but it doesn’t directly address the physical manifestations of endometriosis. - Option D: Reporting the patient's unauthorized drug use to the police is inappropriate. Unauthorized drug use should not be reported unless there are serious health risks involved. In conclusion, the most appropriate course of action is to switch the patient from oxycodone to a more effective long-acting analgesic like oxycodone ER, ensuring that they receive adequate pain relief while addressing the underlying cause of their chronic pelvic pain.",0.0,0.0142,0.1066,0.0417,0.0157,0.0312,0.0312,0.4402,0.5485,0.6071
"A 35-year-old woman comes to the office for follow-up of chronic pelvic pain. The patient has had deep pelvic pain since undergoing total abdominal hysterectomy and radiation therapy for treatment of cervical cancer 5 years ago. She reports constant, severe aching pain; she rates the pain at its maximum as a 10 on a 10‐point scale. The pain worsens during intercourse. All subsequent cancer follow-up has been negative. Medical history otherwise is unremarkable. The patient has taken oxycodone for her pain for 3 years, but she now reports that the oxycodone only partially relieves her pain. She requests either an increased dose of oxycodone or a change in her prescription to controlled-release morphine, which was recently given to her by a friend. She has smoked one pack of cigarettes daily for the past 15 years. She does not drink alcoholic beverages. BMI is 18 kg/m2. She appears lethargic. She is oriented to person, place, and time but speaks slowly with slurred speech. Vital signs are normal. Examination of the skin shows no abnormalities. Pupils are pinpoint and react sluggishly. Urine toxicology screening is positive for diazepam, methadone, and oxycodone. The patient returns to the office 1 week later to discuss these results. Which of the following is the most appropriate opening remark?",Which of the following is the most appropriate opening remark?,"
A. ""I am concerned that you are abusing pain medicine. I would like for you to consider a substance use disorder treatment program."" 
B. ""I cannot be your physician any longer because of your drug use disorder. I'm going to give you 30 days to find a new physician."" 
C. ""I would like to know where you have been getting the methadone and diazepam that you are taking."" 
D. ""The test showed that you take other drugs that I have not prescribed to you. I must report this to the police.""
",A,C,False,"This scenario presents a complex situation involving chronic pelvic pain due to prolonged chemotherapy (cervical cancer) and recent opioid abuse. Given the patient's medical history and current symptoms, it's crucial to address their pain management needs while also addressing potential addiction concerns. Option C is the most appropriate opening remark: - It acknowledges the need for a substance use disorder treatment program. - It implies that the patient should seek professional help promptly rather than continuing to receive medications without proper evaluation. - This approach aligns well with the patient's desire to improve their quality of life and manage her condition effectively. Options A and B are less suitable: - Option A focuses on the issue of drug misuse, which isn't directly related to the patient's specific health issues. - Option B suggests discontinuing medication, which might exacerbate the patient's pain rather than alleviate it. - Option D talks about illegal substances, which is unrelated to the context of pain management and substance use disorders. In conclusion, Option C provides the most balanced and appropriate opening remark that addresses both the physical pain aspect and the potential substance use disorder concerns, ensuring that the patient receives necessary care while also being aware of the risks associated with continued medication use.",0.0133,0.0349,0.2228,0.0818,0.055,0.0727,0.0727,0.4679,0.5767,0.694
"A 24-year-old woman, gravida 1, para 1, comes to the office because she and her husband have been trying to conceive for the past year without success. She gave birth to her first child at age 18 years by cesarean delivery following fetal distress. She then developed postpartum endometritis that resolved with intravenous antibiotic therapy. She used an intrauterine device (IUD) for 1 year following her first pregnancy but had the device removed because of intermenstrual bleeding. Medical history is also remarkable for chlamydial cervicitis treated with antibiotic therapy as an outpatient at age 21 years, and recurrent bacterial vaginosis that had been treated with metronidazole therapy during her pregnancy and on two other occasions. Vital signs today are within normal limits. Breast and pelvic examinations disclose no abnormalities. Hysterosalpingography shows bilateral hydrosalpinx. Which of the following factors in this patient's history most increased her risk for development of her condition?",Which of the following factors in this patient's history most increased her risk for development of her condition?,"
A. Bacterial vaginosis 
B. Cesarean delivery 
C. Chlamydial cervicitis 
D. Postpartum endometritis 
E. Use of an IUD
",C,A,False,"To determine which factor most increased the patient's risk for developing the condition, let’s analyze each option: Option A: Bacterial vaginosis - This infection is associated with an increased risk of ectopic pregnancy due to its impact on the uterine lining. It can lead to premature rupture of membranes and may cause cervical edema, increasing the risk of infection. Option B: Cesarean delivery - The use of a cesarean section is known to increase the risk of infections such as endometritis, especially if there was prior exposure to bacteria from previous pregnancies. Option C: Chlamydial cervicitis - Chlamydia can infect both the reproductive tract and the uterus, leading to various complications including endometritis and potentially affecting fertility. However, it is more commonly associated with lower-grade infections rather than severe ones like endometritis. Option D: Postpartum endometritis - Endometritis is a common complication after childbirth, often exacerbated by hormonal changes and prolonged rest. While it can be related to certain infections, it does not typically occur without additional factors such as previous vaginal infections. Option E: Use of an IUD - An intrauterine device (IUD) has been identified as a risk factor for infertility due to its ability to interfere with ovulation cycles and reduce sperm motility. This could explain the patient's inability to become pregnant despite having a healthy pregnancy. Given these considerations, the correct answer is Option A, ""Bacterial vaginosis,"" because it directly increases the risk of developing endometritis, which is one of the conditions described in the patient's medical history. Bacterial vaginosis is well-established as a major risk factor for ectopic pregnancy, particularly when combined with previous infections such as those from previous pregnancies. It can disrupt the delicate balance of microorganisms in the vagina, making it easier for infections to develop and persist, thereby increasing the risk of endometritis and subsequent complications like infertility.",0.0,0.035,0.1878,0.0917,0.0246,0.0673,0.0673,0.5203,0.5813,0.6859
"Patient Information Age: 62 years Gender: M, self-identified Ethnicity: white, self-identified Site of Care: office History Reason for Visit/Chief Concern: ""My legs hurt when I walk, and it's getting worse."" History of Present Illness: 3-month history of worsening leg pain, pain exacerbated by walking; peak intensity after 1 block, pain resolves completely with rest, pain rated 4/10 at worst Past Medical History: hypertension, mild angina, type 2 diabetes mellitus Medications: lisinopril, metoprolol, furosemide, glyburide, lovastatin Allergies: no known drug allergies Psychosocial History: has smoked one-half pack of cigarettes daily for 44 years Physical Examination Temp 36.0°C (96.8°F) Pulse 72/min Resp 14/min BP 140/90 mmHg O2Sat - Height 164 cm (5 ft 5 in) Weight 90 kg (198 lb) BMI 33 kg/m² Appearance: no acute distress HEENT: funduscopic shows grade 2/4 arteriovenous nicking Neck: no jugular venous distention Pulmonary: clear to auscultation; mildly diminished lung sounds Cardiac: no bruits; distant heart sounds Abdominal: obese; no tenderness, guarding, masses, bruits, or hepatosplenomegaly Extremities: no joint erythema, edema, or warmth; no hair on toes; no femoral bruits; dorsalis pedis, radial, and femoral pulses intact Neurologic: sensation to vibration intact Question: Which of the following is the most appropriate diagnostic study?","8°F) Pulse 72/min Resp 14/min BP 140/90 mmHg O2Sat - Height 164 cm (5 ft 5 in) Weight 90 kg (198 lb) BMI 33 kg/m² Appearance: no acute distress HEENT: funduscopic shows grade 2/4 arteriovenous nicking Neck: no jugular venous distention Pulmonary: clear to auscultation; mildly diminished lung sounds Cardiac: no bruits; distant heart sounds Abdominal: obese; no tenderness, guarding, masses, bruits, or hepatosplenomegaly Extremities: no joint erythema, edema, or warmth; no hair on toes; no femoral bruits; dorsalis pedis, radial, and femoral pulses intact Neurologic: sensation to vibration intact Question: Which of the following is the most appropriate diagnostic study?","
A. Ankle brachial index 
B. Arteriography 
C. ECG 
D. Echocardiography 
E. MUGA scan
",A,D,False,"An echocardiogram is the gold standard for diagnosing valvular heart disease, which can cause symptoms like chest pain and leg pain that may be mistaken for other conditions such as peripheral arterial disease or osteoarthritis. The key advantage of an echocardiogram over other tests is its ability to visualize the structure and function of the heart valves and surrounding structures. Here’s a more detailed explanation: 1. Understanding the Patient's Symptoms: The patient reports severe leg pain that worsens with prolonged activity. This suggests involvement of the lower extremity arteries, which often leads to complications if left untreated. 2. Echocardiogram Characteristics: - Valve Function Assessment: The presence of valve stenosis (狭窄) or regurgitation (返流) in the lower extremity arteries is common in patients with chronic coronary artery disease. - Heart Valve Status: The findings from an echocardiogram will indicate whether there is aortic insufficiency, mitral regurgitation, or tricuspid regurgitation. - Vein Flow Analysis: The results will help differentiate between pulmonary congestion and systemic circulation issues, which could explain the increased pulse pressure and reduced oxygen saturation. 3. Other Tests: - Arteriography: While useful for evaluating peripheral vascular disease, it is less specific than an echocardiogram in diagnosing deep-seated causes like aortic dissection. - Angiography: Useful for assessing blood flow and vessel anatomy but not specifically for valvular heart disease. - Mug A (Magnetic Urography): Used primarily for imaging the kidneys, ureters, and bladder but does not directly evaluate heart function. - Ultrasonography (Ultrasound): Can show fluid in veins but is not as sensitive as echocardiography for detecting valve disease. Given the combination of symptoms, physical examination findings, and the need for accurate diagnosis, an echocardiogram stands out as the most appropriate initial diagnostic test.",0.0,0.1159,0.1623,0.094,0.021,0.0627,0.0627,0.4954,0.4585,0.5287
"In determining the usefulness of a D-dimer assay in ruling out pulmonary embolism as a diagnosis in a 27-year-old woman with pleuritic chest pain and nonproductive cough, a recent study in the medical literature is reviewed. The study evaluates the use of D-dimer assay in 1500 patients (705 female and 795 male) ranging in age from 19 years to 57 years (mean age is 36 years), whose examining physicians had a low clinical suspicion that the patients had pulmonary embolism. All patients in the study underwent a D-dimer assay, followed by CT angiography of the chest to confirm or exclude the diagnosis of pulmonary embolism. Study results are shown: D-Dimer Positive and CT Angiography Positive: 88 D-Dimer Negative and CT Angiography Positive: 0 D-Dimer Positive and CT Angiography Negative: 312 D-Dimer Negative and CT Angiography Negative: 1100 Total CT Angiography Positive: 88 Total CT Angiography Negative: 1412 Total D-Dimer Positive: 400 Total D-Dimer Negative: 1100 Which of the following is the most appropriate conclusion about this data in regard to patients with low clinical suspicion for pulmonary embolism?",Study results are shown: D-Dimer Positive and CT Angiography Positive: 88 D-Dimer Negative and CT Angiography Positive: 0 D-Dimer Positive and CT Angiography Negative: 312 D-Dimer Negative and CT Angiography Negative: 1100 Total CT Angiography Positive: 88 Total CT Angiography Negative: 1412 Total D-Dimer Positive: 400 Total D-Dimer Negative: 1100 Which of the following is the most appropriate conclusion about this data in regard to patients with low clinical suspicion for pulmonary embolism?,"
A. D-Dimer assay results should be used to determine the need for ordering CT angiography for patients suspected of having a pulmonary embolism 
B. False-negative D-dimer assay results are common in patients with confirmed pulmonary embolism 
C. False-positive D-dimer assay results are rarely encountered 
D. A negative D-dimer assay has a high negative predictive value for excluding the diagnosis of pulmonary embolism 
E. A positive D-Dimer assay has a high positive predictive value for diagnosing pulmonary embolism
",D,A,False,"The review of the study indicates that when the examining physicians had low clinical suspicion that the patients had pulmonary embolism, there was an overrepresentation of false-negative results. This suggests that the initial clinical assessment might have been incomplete or inaccurate. Here's how we can interpret the findings: - D-Dimer Assay Results: For patients with low clinical suspicion (D-Dimer Positive and CT Angiography Positive), 88% tested positive. - CT Angiography Results: For these same patients, 312 patients were found to have negative CT Angiography results, while only 1100 did not have a negative result. This pattern of false-negative results is concerning because it implies that some patients who initially showed signs of pulmonary embolism might actually have normal D-dimer levels despite having an actual pulmonary embolism. Therefore, the conclusion that supports the correct answer is that ""D-Dimer assay results should be used to determine the need for ordering CT angiography for patients suspected of having a pulmonary embolism"" is accurate. It emphasizes the importance of considering both the presence and absence of a specific marker like D-dimer alongside other clinical indicators to make a more comprehensive diagnosis. While options B, C, and E do touch on relevant aspects but don't fully capture the nuanced issue described in the study, they are not directly related to the primary concern raised - the potential for false-negative results due to low suspicion. Thus, the most appropriate conclusion based on the provided data is that D-Dimer assay results should be used to determine the need for ordering CT angiography for patients suspected of having a pulmonary embolism. Therefore, the final answer is [Option A].",0.0202,0.1433,0.3658,0.3249,0.1408,0.1905,0.1905,0.5267,0.4589,0.5269
"A 45-year-old man is admitted to the hospital because of a 6-hour history of bilateral vision loss. He is otherwise asymptomatic. He has no history of serious illness and takes no medications. Vital signs are within normal limits. Physical examination findings are consistent with psychogenic blindness. A medical student on the patient's treatment team suggests to the attending physician that they administer a placebo 0.9% saline injection to the patient but tell the patient it is a new medication that will ""confirm a diagnosis of blindness by temporarily recovering your vision."" Which of the following best describes the appropriateness of the medical student's suggestion?",""" Which of the following best describes the appropriateness of the medical student's suggestion?","
A. It is appropriate because it can prove that the patient is not blind 
B. It is appropriate because the medical student's intent is to help the patient 
C. It is inappropriate because it is invasive and could be painful 
D. It is inappropriate because the physician would not be stating the truth 
E. It is inappropriate without the approval of the hospital ethics committee
",D,C,False,"This scenario presents an ethical dilemma involving both medical practice and informed consent. Here’s a detailed breakdown of why this approach is inappropriate: 1. Intrusion into Patient Privacy: Administering a placebo medication to a patient in such a manner undermines their privacy rights and dignity. Patients should have the autonomy to make decisions about their own health care, including deciding whether to receive a placebo rather than a real medication. 2. Potential Harm: Injecting a placebo into a patient who may already be experiencing severe side effects (such as delirium) poses significant risks. This could lead to further complications, potentially worsening the condition and complicating the diagnosis process. 3. Inadequate Consideration for Patient Safety: Informed consent requires careful consideration of potential risks and benefits. Providing a placebo might be considered if there were concerns about harm from another type of intervention, which is unlikely here given the context of a patient with psychogenic blindness. 4. Misalignment with Medical Ethics: Ethical guidelines often emphasize respect for patients' autonomy and minimization of harm. Using a placebo in this way goes against these principles, making the decision questionable. Conclusion: Given the considerations above, administering a placebo to a patient with psychogenic blindness is not only inappropriate ethically but also impractical and potentially harmful to the patient. Therefore, the medical student's suggestion is inappropriate and would require immediate review and possibly reconsideration by the healthcare provider.",0.0039,0.0307,0.2172,0.0806,0.0325,0.0726,0.0726,0.4793,0.5511,0.6288
"A 5-week-old infant is brought to the office by his mother for an initial well-child visit. He was born at 37 weeks' gestation via cesarean delivery because of chorioamnionitis. The infant had fetal distress that was documented by fetal monitoring during labor. The mother became jaundiced in the immediate postpartum period and was found to have hepatitis C (HCV) and HIV infection. She is unaware of her hepatitis B (HBV) status but knows that her son received the hepatitis B vaccination on the second day of life. The infant's weight today is 3912 g (8 lb 10 oz); physical examination shows no abnormalities. The mother wants to know what chance her child has of having contracted HIV or HCV infection from her. The risk for vertical transmission of HIV is approximately 20%. The mother is advised and appropriate management is planned for the infant regarding HIV. To determine the risk of HCV transmission, a recently published study of risk factors for perinatal transmission of HCV in 155 mothers coinfected with HIV and HCV is reviewed. Results of the study are shown: Association of Gestational and Infant Factors With Mother-to-Infant HCV Transmission 155 Mothers with HIV and HCV Infection Factor: Gestational Age <37 weeks - HCV Transmission 8.4%, RR 1.0, 95% CI - Factor: Gestational Age ≥37 weeks - HCV Transmission 8.3%, RR 0.99, 95% CI 0.32 to 3.06, p Value 0.99 Factor: No Cesarean Delivery - HCV Transmission 6.0%, RR 1.0, 95% CI - Factor: With Cesarean Delivery - HCV Transmission 13.3%, RR 2.21, 95% CI 0.69 to 7.06, p Value0.24 Factor: No Chorioamnionitis - HCV Transmission 7.0%, RR 1.0, 95% CI - Factor: With Chorioamnionitis - HCV Transmission 33.3%, RR 4.77, 95% CI 0.86 to 26.3, p Value 0.21 Factor: Did not use Fetal Electrode - HCV Transmission 7.0%, RR 1.0, 95% CI — Factor: Used of Fetal Electrode - HCV Transmission 3.3%, RR 0.66, 95% CI 0.09 to 4.89, p Value 0.99 Factor: Infant Not HIV-infected - HCV Transmission 5.4%, RR 1.0 95% CI — Factor: Infant HIV-infected - HCV Transmission 17.1%, RR 3.19, 95% CI 1.14 to 8.93, p Value 0.04 RR=relative risk; CI=confidence interval Based on these data, which of the following is the most appropriate conclusion regarding the five potential risk factors for transmission of HCV?","04 RR=relative risk; CI=confidence interval Based on these data, which of the following is the most appropriate conclusion regarding the five potential risk factors for transmission of HCV?","
A. All factors appeared to have an effect on HCV transmission 
B. Fetal electrode monitoring was protective against HCV 
C. Infant HIV infection was the only significantly associated factor 
D. Maternal chorioamnionitis was the most significantly associated factor 
E. No factor was significantly associated
",C,A,False,"Factor: Gestational Age <37 weeks - HCV Transmission: This indicates that there is a significant association between being less than 37 weeks pregnant and the transmission of HCV. - Option A: ""All factors appeared to have an effect on HCV transmission."" - This statement is true based on the data provided. It suggests that the presence of any of the listed factors increases the risk of HCV transmission, though it does not account for all possible factors. 2. Factor: Gestational Age ≥37 weeks - HCV Transmission: This indicates that there is a significant association between being more than 37 weeks pregnant and the transmission of HCV. - Option B: ""Fetal electrode monitoring was protective against HCV."" - This statement is false. The data do not suggest that fetoscopy was protective against HCV transmission. 3. Factor: No Cesarean Delivery - HCV Transmission: This indicates that there is a significant association between not using cesarean delivery and the transmission of HCV. - Option C: ""Infant HIV infection was the only significantly associated factor."" - This statement is incorrect. The data show that both infant HIV infection and maternal chorioamnionitis were associated with HCV transmission. 4. Factor: With Cesarean Delivery - HCV Transmission: This indicates that there is a significant association between using cesarean delivery and the transmission of HCV. - Option D: ""Maternal chorioamnionitis was the most significantly associated factor."" - This statement is incorrect. The data show that maternal chorioamnionitis was associated with HCV transmission, but it is not the most significantly associated factor among the four factors considered. 5. Factor: Did not use Fetal Electrode - HCV Transmission: This indicates that there is a significant association between not using the fetal electrocardiogram (ECG) and the transmission of HCV. - Option E: ""No factor was significantly associated."" - This statement is incorrect. The data show that some factors (such as gestational age) were associated with HCV transmission, so none of them are definitively non-associated. ### Conclusion: Based on the analysis, the most appropriate conclusion regarding the five potential risk factors for transmission of HCV is: Option A: All factors appeared to have an effect on HCV transmission. Therefore, the final answer is: The correct answer is [A].",0.0255,0.0506,0.2449,0.1102,0.0844,0.105,0.105,0.4671,0.5472,0.6967
"A 45-year-old man comes to the community health center because of a 1-week history of fever, chills, sweating, mild shortness of breath, and nonproductive cough. Medical history is remarkable for AIDS and pneumonia 3 years ago that required hospitalization. Today, he says that he lost his job 6 months ago and cannot afford to buy his antiretroviral medications. Vital signs are temperature 38.6°C (101.5°F), pulse 82/min, respirations 20/min, and blood pressure 116/72 mmHg. Pulse oximetry on room air shows an oxygen saturation of 97%. The health center is very busy with several patients waiting to be evaluated. Which of the following is the most appropriate next step?",Which of the following is the most appropriate next step?,"
A. Arrange a direct admission to the hospital for this patient 
B. Continue with obtaining a thorough history and examining this patient 
C. Place masks on the patient and yourself and then continue to evaluate him 
D. Send this patient for chest x-rays, and while they are being obtained examine the next patient
",C,B,False,"This is the most appropriate next step in managing this patient's condition due to the combination of symptoms including fever, chills, shortness of breath, and low oxygen levels. Given that the patient has a history of AIDS and pneumonia three years ago which required hospitalization, it suggests a potentially serious underlying infection or illness that requires immediate attention. Option A involves arranging a direct admission to the hospital, which may not be feasible given the current medical condition and the patient's need for ongoing care. This could lead to potential complications such as increased risk of transmission to others. Option C involves placing masks on the patient and yourself and then continuing to evaluate him. While this might help maintain privacy and comfort, it does not address the primary issue of evaluating the patient's current state and needs. Option D suggests sending the patient for chest x-rays and having them examined by another healthcare provider. Although this might be necessary if there are concerns about the patient's overall health, it doesn't directly address the current issues of fever, chills, and respiratory distress without causing further complications. Therefore, Option B (continue with obtaining a thorough history and examining this patient) is the most appropriate next step as it aligns with the patient's medical history and the urgency of their current condition.",0.0126,0.0332,0.2395,0.0759,0.0426,0.0759,0.0759,0.4727,0.5491,0.6295
"A 45-year-old man comes to the office for a follow-up examination 2 days after he was seen in the emergency department for a generalized tonic-clonic seizure. He was prescribed chlordiazepoxide upon being discharged but did not fill the prescription. The patient says that this was his third seizure in the past 2 years; prior to that he had no history of seizures. Medical history is also remarkable for a 10-year history of daily ingestion of two six-packs of beer. He has not had any alcoholic beverages for the past 5 days. He takes no medications. The patient says that his seizures usually occur after he abstains from alcohol for a period of time. Vital signs are normal. Physical examination shows scattered spider angiomata on his chest and abdomen. Liver is enlarged, smooth, and nontender. CT scan of the head with contrast done in the emergency department 2 days ago showed no abnormalities. Which of the following is the most appropriate next step?",Which of the following is the most appropriate next step?,"
A. Lumbar puncture for examination of cerebrospinal fluid 
B. MRI of the brain 
C. Repeat CT scan of the head in 1 week 
D. Sleep-deprived electroencephalography 
E. No further evaluation is necessary
",E,B,False,"This scenario involves evaluating a patient who has experienced several seizures despite avoiding alcohol consumption over the previous 10 years. Given the patient's history of chronic alcoholism (with only one recent episode) and the presence of spider angiomas (a characteristic sign of liver disease), it is crucial to rule out potential underlying causes. Option B (MRI of the brain) is the most appropriate initial step because: 1. Diagnostic Value: Magnetic resonance imaging (MRI) can detect subtle changes in the brain that might be missed by plain X-rays or CT scans. 2. Risk of Confusion: A non-invasive test that doesn't require sedation or anesthesia can help differentiate between benign conditions like liver disease and more serious neurological issues. 3. Prevalent in Patients with Chronic Alcohol Use: While MRI can be used to diagnose various brain diseases, especially those associated with long-term alcohol use, it is less commonly used for acute presentations such as seizures due to its limited sensitivity compared to other tests. Options A (Lumbar puncture for examination of cerebrospinal fluid) and D (Sleep-deprived electroencephalography) may be considered if the patient presents with symptoms suggestive of a metabolic disorder (like epilepsy) rather than a brain pathology. However, these tests are generally reserved for specific cases where there is clear evidence of brain pathology. Option C (Repeat CT scan of the head in 1 week) could be considered initially but would likely miss the underlying cause of the seizures. Given the patient's history of alcoholism and chronicity, repeat testing would be premature without further investigation. Therefore, the MRI of the brain remains the most appropriate initial diagnostic procedure given the patient's history of alcohol abuse and the presence of spider angiomas.",0.0032,0.0219,0.1261,0.047,0.027,0.047,0.047,0.4444,0.5232,0.6498
"A case-control study is conducted to assess risk factors predicting inpatient mortality among geriatric patients with community-acquired pneumonia. Results of the study include the odds ratios shown below, which were calculated from a multivariable logistic regression equation: Predictor Variables: Hypotension (systolic blood pressure ≤100 mm Hg) - Odds Ratio: 3.32, 95% CI (1.65 to 5.11) Hypoxemia (PO2 ≤ 50 mm Hg) - Odds Ratio: 2.43, 95% CI (1.55 to 3.32) Lung infiltrate present on chest x-ray at time of admission - Odds Ratio: 1.35, 95% CI (0.76 to 2.24) When the other covariates are controlled, which of the following is the most appropriate conclusion regarding these data?","24) When the other covariates are controlled, which of the following is the most appropriate conclusion regarding these data?","
A. The risk for inpatient mortality is greater for patients with hypotension than for those without hypotension 
B. The risk for inpatient mortality is increased more by hypoxemia than by hypotension 
C. The risk for inpatient mortality is increased when there is a pulmonary infiltrate present on chest x-ray at the time of admission 
D. The risk for inpatient mortality is significantly affected by all of these predictor variables
",A,C,False,"To determine the most appropriate conclusion based on the given results, let's analyze the information provided about the predictors and their relationships: - Hypotension has an odds ratio of 3.32, indicating that patients with systolic blood pressure ≤100 mm Hg have a 3.32 times higher risk of inpatient mortality. - Hypoxemia has an odds ratio of 2.43, suggesting that patients with PO2 ≤50 mm Hg also have a 2.43 times higher risk of inpatient mortality. - Lung infiltrate present on chest x-ray at admission has an odds ratio of 1.35, implying that patients with lung infiltrates on chest x-rays at the time of admission have a 1.35 times higher risk of inpatient mortality. Given this information, we need to consider how these predictors interact with each other to understand overall risk. Let's break down the relationships: 1. Hypertension vs. Hypoxemia: Both conditions increase the risk of inpatient mortality. However, hypertension alone does not necessarily increase the risk as much as hypoxemia does. This suggests that hypoxemia may be contributing to the observed increased risk, but it might not be the primary driver. 2. Pulmonary Infiltrates: The presence of a pulmonary infiltrate increases the risk of inpatient mortality compared to absence of such an infiltrate. This indicates a potential confounding effect where the presence of an infiltrate can influence the outcome rather than being a direct predictor. 3. Combining Factors: When both hypotension and hypoxemia are considered together, the combined odds ratio of 2.43 is still relatively high, but it's important to note that this is due to the interaction between these two factors, not solely because they contribute to the overall risk. Considering all these points, the most appropriate conclusion is that the risk for inpatient mortality is increased when there is a pulmonary infiltrate present on chest x-ray at the time of admission. Therefore, the correct answer is C. This conclusion is supported by the analysis of the interactions between the different predictor variables and the resulting odds ratios. While all three variables individually increase the risk of inpatient mortality, the combination of hypotension and hypoxemia, particularly in the presence of a pulmonary infiltrate, amplifies this relationship. This highlights the importance of considering multiple risk factors in the context of hospital admissions for geriatric patients with community-acquired pneumonia.",0.0024,0.0311,0.1361,0.0587,0.0197,0.044,0.044,0.4365,0.5503,0.6314
"A 38-year-old man comes to the office because of a 2-month history of intermittent episodes of hot flushes, chest discomfort, and excessive sweating, with associated panic. The episodes have been increasing in frequency and now are occurring daily. The patient says there is no specific precipitating cause of the episodes, but he has noticed that the episodes occur most frequently in the afternoon. He does not have any new stressors in his life. Medical history is significant for hypertension and type 2 diabetes mellitus. Medications are lisinopril and metformin. Family history is significant for hyperparathyroidism in an aunt and the death of an uncle from medullary thyroid cancer. The patient's BMI is 33 kg/m². Vital signs are temperature 36.9°C (98.4°F), pulse 74/min, respirations 18/min, and blood pressure 138/92 mm Hg. Physical examination discloses no abnormalities. Results of serum laboratory studies are shown: Calcium 9.8 mg/dL Urea nitrogen 15 mg/dL Creatinine 1.0 mg/dL Na+ 140 mEq/L K+ 3.8 mEq/L Cl− 102 mEq/L HCO3 −28 mEq/L ECG shows no abnormalities. Which of the following is the most appropriate diagnostic study at this time?",Which of the following is the most appropriate diagnostic study at this time?,"
A. Plasma renin activity 
B. Serum aldosterone concentration 
C. Serum free metanephrine concentration 
D. Serum parathyroid hormone concentration 
E. No study is indicated
",C,D,False,"For a diagnosis of hyperparathyroidism, it is crucial to obtain serum levels of parathyroid hormone (PTH). This test can help differentiate between primary hyperparathyroidism and secondary hyperparathyroidism. In primary hyperparathyroidism, the presence of multiple glands may be present, leading to elevated PTH levels. Given the patient's symptoms and the fact that they do not have new stressors in their life, the absence of new findings on physical examination suggests that the issue might be related to the pituitary gland rather than other endocrine disorders. Therefore, obtaining a serum PTH level would be essential to rule out secondary causes of the symptoms. While the other options are relevant to the clinical context (such as calcium, urea nitrogen, creatinine, sodium, potassium, and chloride) and can potentially provide additional information, the primary focus is on diagnosing primary hyperparathyroidism, which is more directly supported by the patient's medical history and physical examination findings. In conclusion, serum parathyroid hormone concentration is the most appropriate diagnostic study given the patient's presentation and the lack of new stressors.",0.0156,0.041,0.2742,0.107,0.0649,0.0856,0.0856,0.4834,0.5632,0.6723
"A 19-year-old woman is referred to the office by her counselor for evaluation of possible depression. The counselor describes the patient as polite, conscientious, cooperative, open to therapy, and always present and on time for her weekly sessions. The patient's relationship with her high school boyfriend ended 6 months ago. She had dated him through high school, and he had ""looked out for her as a friend"" since the 6th grade. She says, ""I feel helpless and don't know what to do without him."" She admits that she often cannot make decisions, such as whether to go to college. She says, ""I always mess things up."" She is still sad and often tearful about her ex-boyfriend, but she has not had alterations in her sleep habits, appetite, weight, or energy level. She has not had any thoughts about death. Medical history is unremarkable and she takes no medications. BMI is 24 kg/m². Vital signs are normal and physical examination discloses no abnormalities. Which of the following is the most appropriate initial response to this patient's self-deprecating description?",Which of the following is the most appropriate initial response to this patient's self-deprecating description?,"
A. ""College is full of many great once-in-a-lifetime opportunities. You should go."" 
B. ""Everyone makes mistakes. In your case, though, that doesn't mean you always mess things up."" 
C. ""If you find yourself needing some guidance, call me."" 
D. ""You're overreacting. You just need to give it a little more time.""
",B,B,True,"This response aligns well with the patient's self-deprecating description and reflects the therapist's understanding of the situation. The patient acknowledges that they sometimes struggle with making decisions and expresses feelings of helplessness due to past experiences with her ex-boyfriend. - Option A (College is full of many great once-in-a-lifetime opportunities. You should go.): This suggestion goes beyond the patient's concerns and implies that the patient should go to college immediately, which is not relevant to the current context of her emotional state and decision-making difficulties. - Option C (If you find yourself needing some guidance, call me.): While this might be helpful advice, it does not address the patient’s specific challenges related to her mood and behavior. - Option D (You're overreacting. You just need to give it a little more time.): This suggests a solution rather than addressing the patient's underlying issues. It focuses on giving the patient an immediate resolution instead of providing support during their difficult time. Option B directly addresses the patient's feelings and helps them understand that everyone makes mistakes and that it doesn’t necessarily mean they always mess things up. It also provides practical advice that could alleviate her feelings of helplessness and anxiety. Therefore, Option B is the most appropriate and empathetic response to the patient's self-deprecating description.",0.0042,0.0496,0.3147,0.1224,0.0741,0.1143,0.1143,0.5054,0.5844,0.8006
"A 35-year-old man comes to the office because of 1-week history of mid low back pain that radiates down his right leg. The pain began after the patient lifted a heavy box onto his truck. He rates his current pain as an 8 on a 10-point scale. He has been unable to find a comfortable position and has been sleeping in a recliner. Medical history is unremarkable and he takes no medications. He has smoked one pack of cigarettes daily for the past 25 years, and he drinks a six-pack of beer on Friday and Saturday nights. BMI is 27 kg/m². He appears uncomfortable and stands during the physical examination. Vital signs are normal. Straight-leg raise test is positive on the right, with loss of right ankle reflex. The remainder of the physical examination discloses no abnormalities. Which of the following is the most likely explanation for this patient’s symptoms?",Which of the following is the most likely explanation for this patient’s symptoms?,"
A. Displacement of the nucleus pulposus 
B. Hypertrophy of the facet joints 
C. Osteophyte formation 
D. Spondylolisthesis 
E. Thickening of ligamentum flavum
",A,E,False,"This scenario presents a classic case of spondylolisthesis, where there is a partial or complete separation of the lumbar vertebrae. In the absence of any other significant findings, the thickening of the ligamentum flavum (the soft connective tissue that connects the vertebrae) would be the most probable explanation for the patient's symptoms. Here's the reasoning behind this conclusion: 1. Symptoms: The patient reports severe lower back pain that radiates down his right leg, which aligns with the typical symptoms of spondylolisthesis. 2. Physical Examination: The examiner notes that the patient is uncomfortable and stands during the physical examination. This suggests that the patient is not in a comfortable position, indicating discomfort from the condition. 3. Radiographic Evidence: The straight-leg raise test result being positive on the right indicates that the patient can still stand, suggesting that there may be some residual mobility in the spine due to the disorder. 4. Other Factors: - Smoking is a risk factor for spondylolisthesis but does not explain all symptoms. - BMI is within the healthy range, so it cannot account for the lack of mobility. - Alcohol consumption, although mentioned, does not directly correlate with the specific symptom of lower back pain. Given these points, the thickening of the ligamentum flavum is the most logical explanation for the patient's symptoms and the presence of the straight-leg raise test result. This condition disrupts the normal alignment of the vertebrae and causes the patient to experience pain and difficulty standing, which matches the clinical presentation described.",0.0,0.0318,0.1712,0.0899,0.0453,0.0824,0.0824,0.5,0.569,0.6807
"A 71-year-old woman is brought to the emergency department by her daughter for evaluation of her mental status. The daughter says, ""I visited mom today for the first time in 6 months; her memory has worsened, her bills are unpaid, and her house is unusually messy."" The patient says, ""I'm perfectly healthy."" Medical history is significant for hypertension diagnosed more than 25 years ago, and two small strokes occurring 3 years and 7 months ago. The daughter gives you three empty medicine bottles from her mother's home: metoprolol, hydrochlorothiazide, and aspirin. The patient is 165 cm (5 ft 5 in) tall and weighs 59 kg (130 lb); BMI is 22 kg/m². Vital signs are temperature 36.4°C (97.6°F), pulse 76/min, respirations 16/min, and blood pressure 196/112 mm Hg. Pulse oximetry on room air shows an oxygen saturation of 93%. Muscle strength in her left hand is 1/5. Strength in the right extremities is 4/5. The patient is oriented only to self; she does not know the day of the week or today's date. She recalls 0 of 3 words at 5 minutes, and she is unable to name 2 objects, correctly draw interlocking pentagons, or count backwards by serial sevens. Complete blood count, renal function studies, liver function studies, and urinalysis are all within the reference ranges. ECG shows no abnormalities. Which of the following is the most likely underlying cause of the patient's symptoms?",Which of the following is the most likely underlying cause of the patient's symptoms?,"
A. Alzheimer disease 
B. Amyotrophic lateral sclerosis 
C. Cortical basal ganglionic degeneration 
D. Neurosyphilis 
E. Vascular dementia
",E,C,False,"To determine the most likely underlying cause of the patient's symptoms, we need to consider the neurological deficits described and rule out other potential causes such as Alzheimer disease, amyotrophic lateral sclerosis (ALS), cortico-subcortical infarction, or vascular dementia. 1. Alzheimer Disease: While this condition can lead to cognitive decline, it typically presents with more severe memory loss and more frequent problems with daily activities compared to the patient's symptoms. 2. Amyotrophic Lateral Sclerosis (ALS): This is characterized by progressive muscle weakness and atrophy, often starting in the limbs but affecting various body parts over time. However, ALS typically presents with more pronounced motor dysfunction and less typical memory issues compared to the patient's symptoms. 3. Cortical Basal Ganglionic Degeneration (CBD): This is a form of neurodegenerative disorder that primarily affects the basal ganglia, which are involved in motor control. CBD can cause cognitive impairments, including memory problems, language difficulties, and behavioral changes. It typically develops slowly and is associated with age-related changes rather than sudden onset. 4. Vascular Dementia: This condition involves damage to the brain caused by stroke or cerebral edema. Symptoms can include memory loss, confusion, disorientation, and difficulty performing basic tasks like walking and bathing. It generally develops over several years and may be preceded by mild cognitive impairment due to other factors. Given the patient's symptoms—memory loss, financial difficulties, unusual clutter, lack of word recall, inability to name objects, and limited ability to draw figures—it aligns closely with the characteristics of cortical basal ganglionic degeneration. Therefore, the most likely underlying cause of the patient's symptoms is Cortical Basal Ganglionic Degeneration.",0.0195,0.0387,0.3163,0.0972,0.0699,0.0903,0.0903,0.4828,0.5521,0.755
"A 45-year-old woman with a history of seizure disorder comes to the office because she has had seizures daily for the past 3 weeks, despite adhering to her medication regimen. Medical history is also significant for borderline hypertension for the past year and alcohol use disorder. She admits that she has been drinking two beers daily since she lost her job 3 weeks ago. Medications include phenobarbital. Family history is significant for type 2 diabetes mellitus and hypertension in both parents and in all of her grandparents, heart disease in her sister, and death of her paternal grandfather of complications from alcohol use disorder. The patient smoked one pack of cigarettes daily for 20 years but quit smoking 1 year ago. Since losing her job, the patient has been earning money by driving her neighbors' children to school and driving another neighbor to hospital appointments. BMI is 22 kg/m². Vital signs are temperature 37.1°C (98.8°F), pulse 80/min, respirations 16/min, and blood pressure 138/86 mm Hg. Physical examination discloses no abnormalities. Serum phenobarbital concentration is obtained and results are pending. Which of the following is the priority in management at today's visit?",Which of the following is the priority in management at today's visit?,"
A. Discussing a new treatment regimen for the patient's seizure disorders 
B. Evaluating the patient for depressive disorder 
C. Evaluating the patient's ability/desire to stop drinking alcoholic beverages 
D. Instructing the patient to stop driving
",D,C,False,"This scenario involves a 45-year-old woman with a history of seizure disorder who recently developed severe seizures due to borderline hypertension and alcohol use disorder. Given these factors, the immediate priority should be focused on addressing the patient's current health status, particularly their ability to abstain from alcohol. Let's break down why this is the most appropriate choice: 1. Seizure Disorder: Seizures have been recurring and persistent over the past three weeks, which requires ongoing medical attention and possibly referral to a specialist if not already done. This highlights the need for continuous monitoring and possibly additional treatments. 2. Alcohol Use Disorder: Despite adherence to medication, the patient has continued to drink excessively. This suggests a higher risk of alcohol-related health issues such as liver damage, cardiovascular problems, and other neurological complications. Prompt intervention is essential to prevent further harm. 3. Borderline Hypertension: A recent diagnosis of borderline hypertension indicates a high risk of developing more serious conditions like kidney damage, heart disease, and stroke if left untreated. Immediate management of hypertension is crucial. 4. Family History: The presence of family members with heart disease, diabetes, and other serious health conditions adds to the patient's overall risk profile. Addressing these underlying health issues is imperative. 5. Smoking: Smoking cessation is critical given its long-term negative impact on lung function, heart health, and overall quality of life. However, it may take time to fully resolve this issue without immediate intervention. Option C - ""Evaluating the patient's ability/desire to stop drinking alcoholic beverages"" - aligns perfectly with the urgency of the situation. If the patient does not want to stop drinking, they cannot continue to adhere to their medication regimen and could face severe consequences. Therefore, prioritizing evaluation of their desire to stop drinking is paramount. In conclusion, evaluating the patient's desire to stop drinking is the primary priority at this moment. This ensures that any necessary changes in medication are made promptly and effectively, reducing the risk of worsening symptoms and complications associated with excessive alcohol consumption.",0.0,0.0206,0.1066,0.056,0.0113,0.0392,0.0392,0.4224,0.5426,0.6584
"A randomized controlled trial is conducted to assess the effectiveness of a new combination-drug antihypertensive therapy (Drug X) compared with a standard antihypertensive single-drug therapy. Study participants include 140 women (70%) and 60 men (30%) ages 30 to 60 years, with baseline blood pressure measurements of 150/95 mm Hg or higher. The investigators defined antihypertensive therapy as effective if the treatment resulted in a blood pressure measurement below 140/90 mm Hg. When designing the study, the investigators set the probability of wrongly finding that Drug X is more effective than the standard therapy as 1%; they set the probability of wrongly finding that the effectiveness of the two drugs is the same as 10%. Which of the following is the most accurate estimate of the statistical power in this study?",Which of the following is the most accurate estimate of the statistical power in this study?,"
A. 1% 
B. 10% 
C. 40% 
D. 90% 
E. 99%
",D,A,False,"- Probability of Type I Error: The probability of incorrectly rejecting the null hypothesis when it is true (Type I error). Here, this would mean finding the drug to be more effective than it really is. - Probability of Type II Error: The probability of failing to detect an effect when one exists (Type II error). Here, this would mean not detecting the drug to be less effective than it really is. ### Given Information: - Probability of wrongly finding Drug X is \( p_X = 0.01 \). - Probability of wrongly finding Drug X is \( p_{\text{false}} = 0.10 \). ### Calculating Effect Size: Since we don't have specific information about the true differences in blood pressures before and after using Drug X, we'll assume a hypothetical effect size for demonstration purposes. Let's say the true difference in blood pressure reduction between Drug X and the standard therapy is 2 mm Hg (this is just an example; actual values depend on the true difference). The effect size (\( d \)) is calculated as follows: \[ d = \frac{\Delta Y}{n} \] Where: - \( \Delta Y \) is the change in systolic blood pressure (the difference between the two groups' means). - \( n \) is the number of participants in each group. For simplicity, let’s assume the change in systolic blood pressure (\(\Delta Y\)) is 2 mm Hg (this is a common assumption without additional data): \[ d = \frac{2}{20} = 0.1 \] ### Determining Statistical Power: Statistical power (\( \beta \)) is calculated using the formula: \[ \beta = \alpha + \gamma \] Where: - \( \alpha \) is the significance level (e.g., 1%, 0.01). - \( \gamma \) is the desired power (effect size divided by 2), which is 0.5 (since we want to detect a difference of at least 0.5 mm Hg). So, \[ \beta = 0.1 + 0.5 = 0.6 \] ### Conclusion: Given that the probability of falsely concluding that Drug X is more effective than it truly is is 10%, which is lower than the required 5% to achieve statistical power of 80%, the statistical power of this study is approximately 80%. Therefore, the correct answer is: Option A: 1% This reflects the fact that even though the researchers set a very low probability of Type I error (1%), the study still has a statistically significant effect despite the small sample size.",0.0,0.0203,0.1231,0.0615,0.0206,0.0564,0.0564,0.4055,0.5394,0.5984
"Essepro™ (lesystolol) Reduces Blood Pressure Significantly No significant interactions with commonly used medications were observed. No significant interactions with hydrochlorthiazide, furosemide, losartan orlisinopril. No significant interactions with digoxin, warfarin or simvastatin. Drugs that inhibit CYP2C9 can increase plasma levels of Essepro. Patients on Essepro who are also treated with drugs that inhibit or induce this enzyme shhould be monitored closely, and dosage of Essepro may need to be adjusted based on blood pressure response. Important Safety Information Patients treated with Essepro should be advised against sudden discontinuation of therapy. When discontinuing therapy, dosage should be gradually tapered over 2 weeks. Essepro is contraindicated i patients with bradycardia, heart block greater than first degree, cardiogenic shock, decompensated cardiac failure, severe hepatic impairment, and in patients who are hypersensitive to any component of this product. Essepro should be used with caution in patients with peripheral vascular disease, renal impairment or thyrotoxicoses. Caution should be used in diabetics, as beta blockers may mask some manifestations of hypoglycemia. In general, patients with bronchospastic disease should not receive beta blockers. A 65-year-old woman comes to the office for blood pressure medication management. Medical history is significant for poorly controlled hypertension, psoriasis, and psoriatic arthritis previously treated with methotrexate. Additional medical history is significant for alcohol use disorder and elevated liver function tests. Medications include enalapril, spironolactone, and topical corticosteroids. Vital signs are normal except for a blood pressure of 160/104 mm Hg. Physical examination discloses thick, scaly plaques on the scalp, buttocks, and upper and lower extremities. There are several spider angiomata on the chest and abdomen. The abdomen is distended and a fluid wave is noted. She has 2+ lower extremity edema. The patient says she would like to try a new drug called Essepro to treat her hypertension because she can get a 3-month supply of the medication for free. 66. Which of the following is the most appropriate response to the patient's request for the medication?",Which of the following is the most appropriate response to the patient's request for the medication?,"
A. Essepro should be prescribed because she can get it for free 
B. Essepro should not be prescribed because it can worsen her psoriasis 
C. Essepro should not be prescribed because it is similar to her other medications 
D. Essepro should not be prescribed because the patient has severe liver disease 
E. Essepro should only be used for hypertensive emergencies
",D,E,False,"This question involves evaluating the appropriateness of prescribing Essepro to a patient with hypertension due to their underlying health conditions. 1. Option A: ""Essepro should be prescribed because she can get it for free"" - This statement aligns with the patient's request. If Essepro could be obtained for free, it might encourage the patient to take it instead of purchasing it from another source. However, free medication typically does not guarantee efficacy or safety; it’s important to ensure there are no potential risks associated with taking it. 2. Option B: ""Essepro should not be prescribed because it can worsen her psoriasis"" - This option suggests that Essepro cannot be used if her psoriasis is worsening. However, since the patient already has a diagnosis of psoriasis and is experiencing symptoms such as spider angiomas and edema, using Essepro now would likely exacerbate her condition rather than improve it. 3. Option C: ""Essepro should not be prescribed because it is similar to her other medications"" - Similar to Option B, this implies that Essepro cannot be used if she has multiple medications already taken. Given that she has been prescribed these medications before, it seems unlikely that an additional drug will help alleviate her current symptoms without increasing the risk of adverse effects. 4. Option D: ""Essepro should not be prescribed because the patient has severe liver disease"" - While severe liver disease might affect drug metabolism, it doesn't directly impact the efficacy or safety of Essepro. Therefore, using Essepro in this situation wouldn’t necessarily lead to better outcomes but might have its own set of challenges. Given the patient's health status and the severity of her symptoms, the most prudent recommendation is: Answer: E. Essepro should only be used for hypertensive emergencies Hypertension is a serious condition requiring immediate attention. - Even though Essepro is available at a reduced cost, its benefits must outweigh the risks, particularly given the patient's existing medical history and the specific issues described. - The importance of being cautious when prescribing potentially life-threatening drugs necessitates monitoring and possibly adjusting dosages to ensure optimal treatment effectiveness while minimizing side effects.",0.0,0.0302,0.1567,0.0701,0.0217,0.0539,0.0539,0.4646,0.5458,0.6522
"A 19-year-old woman comes to her university's health center because of a 1-week history of nasal stuffiness, occasional clear rhinorrhea, and a mild sore throat. Two days ago, she began to feel hot, but she has not taken her temperature. Medical history is unremarkable and her only medication is an oral contraceptive. She has no history of allergies. She does not smoke cigarettes. BMI is 22 kg/m². Vital signs are temperature 38.1°C (100.6°F), pulse 88/min, respirations 16/min, and blood pressure 116/74 mm Hg. Physical examination discloses tenderness over the left maxillary sinus without purulent drainage. There is clear fluid behind the left tympanic membrane, enlarged tonsils bilaterally, and pain with tapping of the left upper incisors. The left frontal sinus does not transilluminate. Cardiopulmonary examination discloses no abnormalities. Which of the following is the most likely underlying mechanism of this patient's sinusitis?",Which of the following is the most likely underlying mechanism of this patient's sinusitis?,"
A. Eustachian tube dysfunction 
B. Mucosal edema 
C. Nasal polyps 
D. Oral contraceptive use 
E. Tonsillar hyperplasia
",B,E,False,"This patient presents with symptoms consistent with sinusitis, including nasal stuffiness, clear rhinorrhea, and a mild sore throat. The presence of tenderness over the left maxillary sinus, clear fluid behind the left tympanic membrane, enlarged tonsils bilaterally, and pain with tapping of the left upper incisors suggest a potential infection in one of the paranasal sinuses. Tonsillar hyperplasia is characterized by excessive growth of the tonsil tissue, which can lead to inflammation and infection if not managed properly. It typically causes enlargement of the tonsils and may result in increased susceptibility to infections like sinusitis. Therefore, given the clinical presentation and imaging findings, tonsillar hyperplasia is the most plausible underlying mechanism for this patient's sinusitis. While Eustachian tube dysfunction could also be present, it is less commonly associated with nasal symptoms alone and more often affects middle ear conditions rather than the paranasal sinuses directly. Mucosal edema would be less likely given the absence of any visible purulent discharge from the left maxillary sinus, as well as the absence of other signs of bacterial infection such as fever or coughing. Cardiovascular issues (such as hypertension) are uncommon in young adults and do not align with the clinical presentation described. Additionally, the mention of oral contraceptive use being unremarkable further supports that there is no evidence of systemic illness contributing to the symptoms. Therefore, based on the information provided, tonsillar hyperplasia is the most probable cause of the patient's sinusitis.",0.0,0.0453,0.2715,0.1094,0.0551,0.0937,0.0937,0.5251,0.6147,0.7488
"A 40-year-old woman comes to the office because of a 2-month history of fatigue, and generalized aching and weakness of the proximal muscles of all four extremities. The patient initially noticed the weakness only while she was getting in and out of her car, but during the past 2 weeks, the weakness has progressed, so that she now has difficulty combing her hair. Since the symptoms began, she also has had aching of the joints in her hands that has responded partially to ibuprofen. She was adopted and family history is unknown. She has two teenaged children who are well. She appears uncomfortable. She is 170 cm (5 ft 7 in) tall and weighs 68 kg (150 lb); BMI is 24 kg/m². Vital signs are temperature 37.7°C (99.8°F), pulse 90/min, respirations 20/min, and blood pressure 110/70 mm Hg. The patient is alert and fully oriented. Physical examination discloses cracking of the skin of both hands that involves the tips and lateral sides of several fingers. The muscles of the upper arms and legs are somewhat tender to pressure. Results of serum laboratory studies show a creatine kinase concentration of 600 U/L and a lactate dehydrogenase concentration of 800 U/L. Results of complete blood count are within the reference ranges. Which of the following is the most likely diagnosis?",Which of the following is the most likely diagnosis?,"
A. Fibromyalgia 
B. Myasthenia gravis 
C. Polymyositis 
D. Scleroderma
",C,B,False,"The patient's clinical presentation, including the progression of muscle weakness over time, joint pain, and elevated creatine kinase levels, strongly suggest a diagnosis of myasthenia gravis. Myasthenia gravis is characterized by an autoimmune response against acetylcholine receptors on the postsynaptic membrane of skeletal muscle. This leads to a decrease in the ability of muscle fibers to receive and transmit acetylcholine, resulting in muscle weakness and fatigue. The typical symptoms include: - Progressive muscle weakness in the proximal muscles of the limbs - Fatigue - Difficulty combing hair - Crackling sounds heard when pressing on the skin - Increased sensitivity to cold The presence of these specific symptoms, along with elevated creatine kinase levels, confirms that myasthenia gravis is the most likely diagnosis. While other conditions like fibromyalgia can present with similar symptoms, they often have different etiologies and may not always manifest as rapidly or at such a high level of intensity as myasthenia gravis does. Therefore, the correct answer is B. Myasthenia gravis.",0.0112,0.0387,0.2329,0.0828,0.0599,0.0828,0.0828,0.4814,0.5562,0.591
"A new diagnostic test for HIV infection is developed. The new serum biomarker concentration is measured in 711 men and women, ages 25 to 65 years. Of these individuals, 336 were previously determined to have HIV and 375 do not have HIV. Stratified results of the new serum biomarker test are shown: Serum Biomarker Concentration >100 U/mL Positive for HIV 120 Negative for HIV 10 Serum Biomarker Concentration 76–100 U/mL Positive for HIV 100 Negative for HIV 130 Serum Biomarker Concentration 51–75 U/mL Positive for HIV 75 Negative for HIV 75 Serum Biomarker Concentration 26–50 U/mL Positive for HIV 30 Negative for HIV 60 Serum Biomarker Concentration 0–25 U/mL Positive for HIV 11 Negative for HIV 200 Total Number of Positive for HIV = 336 Total Number of Negative for HIV = 375 Which of the following is the likelihood ratio that is associated with a serum biomarker concentration greater than 100 U/mL?",Stratified results of the new serum biomarker test are shown: Serum Biomarker Concentration >100 U/mL Positive for HIV 120 Negative for HIV 10 Serum Biomarker Concentration 76–100 U/mL Positive for HIV 100 Negative for HIV 130 Serum Biomarker Concentration 51–75 U/mL Positive for HIV 75 Negative for HIV 75 Serum Biomarker Concentration 26–50 U/mL Positive for HIV 30 Negative for HIV 60 Serum Biomarker Concentration 0–25 U/mL Positive for HIV 11 Negative for HIV 200 Total Number of Positive for HIV = 336 Total Number of Negative for HIV = 375 Which of the following is the likelihood ratio that is associated with a serum biomarker concentration greater than 100 U/mL?,"
A. 2 
B. 8 
C. 13 
D. 25 
E. 33
",C,B,False,"- Serum Biomarker Concentration 51–75 U/mL: Indicates a low-to-moderate level of the biomarker. - Serum Biomarker Concentration 26–50 U/mL: Indicates a moderate-to-low level of the biomarker. - Serum Biomarker Concentration 0–25 U/mL: Indicates a low-to-medium level of the biomarker. Next, we'll calculate the proportion of positive cases among those with a biomarker concentration greater than 100 U/mL: - Positive for HIV > 100 U/mL: - Number of individuals with a biomarker concentration > 100 U/mL: 120 - Number of individuals with a biomarker concentration ≥ 100 U/mL: 120 Therefore, the proportion of positive cases among those with a biomarker concentration > 100 U/mL: \[ \frac{120}{120} = 1 \] - Positive for HIV ≥ 76 U/mL: - Number of individuals with a biomarker concentration ≥ 76 U/mL: 100 - Number of individuals with a biomarker concentration ≥ 76 U/mL: 100 Therefore, the proportion of positive cases among those with a biomarker concentration ≥ 76 U/mL: \[ \frac{100}{100} = 1 \] - Positive for HIV ≥ 51 U/mL: - Number of individuals with a biomarker concentration ≥ 51 U/mL: 75 - Number of individuals with a biomarker concentration ≥ 51 U/mL: 75 Therefore, the proportion of positive cases among those with a biomarker concentration ≥ 51 U/mL: \[ \frac{75}{75} = 1 \] - Positive for HIV ≥ 26 U/mL: - Number of individuals with a biomarker concentration ≥ 26 U/mL: 30 - Number of individuals with a biomarker concentration ≥ 26 U/mL: 30 Therefore, the proportion of positive cases among those with a biomarker concentration ≥ 26 U/mL: \[ \frac{30}{30} = 1 \] - Positive for HIV ≥ 0 U/mL: - Number of individuals with a biomarker concentration ≥ 0 U/mL: 11 - Number of individuals with a biomarker concentration ≥ 0 U/mL: 11 Therefore, the proportion of positive cases among those with a biomarker concentration ≥ 0 U/mL: \[ \frac{11}{11} = 1 \] From this calculation, it appears that all biomarker concentrations greater than 100 U/mL result in a high proportion of positive cases, indicating they are likely associated with the presence of HIV. Thus, the likelihood ratio that is associated with a serum biomarker concentration greater than 100 U/mL is 1, as all concentrations above 100 U/mL are indicative of positive HIV status. Therefore, the correct answer is: The correct answer is [B]",0.0536,0.1581,0.3564,0.3347,0.2389,0.2903,0.2903,0.6382,0.5174,0.6261
"A 40-year-old man comes to the office for a preemployment physical examination. The patient has been generally healthy. Medical history is unremarkable and he takes no routine medications. Vital signs are normal. Physical examination shows a palpable nodule in the right lobe of the thyroid gland. Serum thyroid-stimulating hormone concentration is within the reference range. Ultrasonography of the thyroid gland confirms a solid, 1-cm nodule. Which of the following is the most appropriate next step in evaluation?",Which of the following is the most appropriate next step in evaluation?,"
A. CT scan of the neck 
B. Fine-needle aspiration of the nodule 
C. Radionuclide thyroid scan 
D. Thyroidectomy 
E. Observation only
",B,B,True,"For a patient who is 40 years old, particularly one who has not taken routine medications but is otherwise healthy, the initial assessment should be focused on identifying the nature of the nodule. Given that the patient's medical history is unremarkable and they take no routine medications, the first step should ideally focus on evaluating the nodule itself rather than performing additional imaging studies like ultrasound. The presence of a palpable nodule in the right lobe of the thyroid gland suggests a possible benign thyroid nodule. However, as the patient is still young and likely to have good overall health, it might be prudent to proceed with further diagnostic workup before definitive diagnosis. Option A: CT Scan of the Neck - While a CT scan can help rule out other causes of the nodule, it may also reveal more concerning pathology such as malignancy if the nodule is larger or irregularly shaped. - It does not specifically target a specific type of thyroid nodule without further investigation. Option C: Radionuclide Thyroid Scan - This test can help identify whether the nodule is functional or non-functioning, which could indicate malignancy or other issues. - However, given the age and general health status, this test might not be necessary unless there are concerns about malignancy. Option D: Thyroidectomy - For a benign nodule, surgical removal is often recommended because it is a common procedure in the early stages of thyroid disease. - It provides immediate access to remove any suspicious tissue, which can help confirm the diagnosis and determine its size and nature. Option E: Observation Only - This option implies waiting until the nodule becomes symptomatic or enlarges to observe its progression. While monitoring can be useful, especially in cases where the nodule grows rapidly, it does not address the underlying cause of the nodule. In conclusion, given the patient's good overall health and the absence of symptoms suggestive of malignancy, the most appropriate next step would be to perform a fine-needle aspiration of the nodule. This approach allows for the identification of the nature of the nodule while minimizing unnecessary tests and complications associated with invasive procedures.",0.0052,0.0231,0.186,0.0546,0.0275,0.0437,0.0437,0.448,0.555,0.6031
"A 35-year-old man was admitted to the hospital 3 days ago because of pneumonia, but he has shown no clinical improvement despite ceftriaxone and azithromycin therapy. Upon admission, the patient exhibited blood-streaked sputum and chest x-ray showed hilar adenopathy. Medical history is otherwise unremarkable. The patient is a construction worker and he returned home 1 week ago from the southwest United States, where he had been temporarily employed. He does not smoke cigarettes. BMI is 20 kg/m². Vital signs today are temperature 38.5°C (101.3°F), pulse 106/min, respirations 22/min, and blood pressure 110/70 mm Hg. Pulse oximetry on room air shows an oxygen saturation of 95%. PPD skin test is nonreactive. Acid-fast smears of three sputum samples were all negative. Complete blood count at the time of admission showed a normal leukocyte count with 15% eosinophils. Results of blood culture have been negative since admission. Which of the following is most likely to provide a diagnosis?",Which of the following is most likely to provide a diagnosis?,"
A. Bacterial culture of sputum 
B. CT scan of the chest 
C. Fungal culture of the blood 
D. Serologic study for Coccidioides immitis 
E. Sputum cytologic study 
F. Urine assay for Legionella antigen
",D,E,False,"Based on the patient's symptoms, medical history, and laboratory findings, the most likely diagnosis is bacterial infection rather than fungal or parasitic infections.- Patient History: The patient is a 35-year-old man who presented with pneumonia and had a history of returning home from the southwest United States, indicating travel-related exposure. - Laboratory Findings: Blood cultures are negative, suggesting that bacterial infection is unlikely due to travel or other sources of infection. However, the presence of pleural effusion and hilar adenopathy suggests possible lung infection. - Clinical Presentation: The patient exhibits blood-streaked sputum and chest x-rays showing hilar adenopathy, which could be indicative of an extrapulmonary source of infection. These findings are consistent with pneumonia rather than bronchitis or pneumothorax. Given these points, the sputum cytology would provide valuable information about the nature of the infection. A positive result in this examination could indicate bacterial infection, such as Streptococcus pneumoniae or Staphylococcus aureus, which can cause pneumonia. While it is also possible that there might be a secondary bacterial infection secondary to the initial viral or bacterial infection, the absence of a clinical sign of pneumonia makes it more plausible to rule out bacterial pneumonia. Therefore, among the given options, sputum cytologic study is the most likely diagnostic method to determine the exact type of bacterial infection present. This procedure allows for direct analysis of the cells within the sputum sample to identify specific bacteria, aiding in the identification of the underlying pathogen causing the patient's symptoms.",0.0,0.0325,0.1793,0.0763,0.0154,0.0534,0.0534,0.444,0.581,0.669
"A 25-year-old man is brought to the office by his parents. The patient has Down syndrome and mild intellectual developmental disorder. He is their only child, and they are concerned that his current lifestyle is increasing his risk for coronary artery disease and stroke. The patient has a systolic murmur and also underwent surgical repair of an atrial septal defect at 1 year of age. He has smoked one pack of cigarettes daily for 5 years. He lives in a group home and works about 25 hours each week in a fast-food restaurant. He has a few friends and is romantically involved with a woman from his church group. The patient is 157 cm (5 ft 2 in) tall and weighs 91 kg (200 lb); BMI is 36 kg/m². Vital signs are normal. A grade 2/6 systolic murmur is heard best at the apex. The parents would like him to stop smoking and follow a healthier diet, and they feel the only way to monitor and control his behavior is for him to move back into their home. They request your assistance in obtaining legal guardianship of their son. Which of the following is the most appropriate initial recommendation?",Which of the following is the most appropriate initial recommendation?,"
A. Advise the parents not to influence their son's decision in this matter 
B. Arrange for evaluation of their son's competency 
C. Enroll their son in a smoking cessation program 
D. Initiate a family meeting to discuss the parents' concerns with their son 
E. Obtain legal advice regarding guardianship
",D,E,False,"Given the circumstances described, it seems the most appropriate initial recommendation involves obtaining legal advice regarding guardianship. Here’s a detailed breakdown of why this approach is considered optimal: 1. Risk Assessment: The father and mother have expressed concern about their son's health and well-being due to his predisposition towards coronary artery disease and stroke. This indicates that there may be underlying issues related to cardiovascular health that need attention. Legal advice can help assess these risks and determine if intervention is necessary. 2. Behavior Modification: Although the patient has already made some changes to his lifestyle—such as quitting smoking and adhering to a healthier diet—it's important to ensure that these changes are sustainable over time. Legal advice can help outline a plan for monitoring and controlling behaviors that might continue to increase his risk factors. 3. Legal Guardianship: While arranging for a guardian could be beneficial, the primary focus should be on addressing the underlying medical concerns and behavioral issues rather than simply providing a guardian. It's crucial to prioritize health management and prevent further deterioration before considering legal guardianship. 4. Family Meeting: While having a family meeting is valuable, it doesn't address the specific issue of parental behavior and health. Family meetings can still be productive but don't directly address the root causes of the son's current condition. Option B (Arrange for evaluation of their son's competency) is less relevant because competency evaluations typically involve assessing cognitive abilities, which are not relevant to heart health or behavior modification. Option C (Enroll their son in a smoking cessation program) is generally recommended for managing smoking-related health issues, but it does not specifically address the parent-child relationship or the need for guardianship. Option D (Initiate a family meeting to discuss the parents' concerns with their son) is a good starting point but lacks the depth needed to effectively manage the situation without immediate intervention. Additionally, while discussing the son's behavior with the father is important, the family meeting should focus more on the overall health and well-being of both parents. Therefore, Option E (Obtain legal advice regarding guardianship) is the most appropriate and effective initial recommendation given the context of the patient's condition and the family's desire to improve his life quality.",0.0074,0.0195,0.1584,0.0452,0.0303,0.0402,0.0402,0.4329,0.5497,0.6811
"A 45-year-old woman comes to the office because of a 3-day history of nasal congestion, headache, sore throat, and general malaise. She has developed a cough during the past 24 hours that is mildly productive of clear sputum. Except for occasional seasonal allergies, she has no previous history of medical problems. She takes no medications on a regular basis but during the past 3 days she has been taking an over-the-counter oral cold medication. She follows a strict low-fat vegetarian diet and she drinks three to four glasses of wine per week. She jogs 3 miles a day when she is not sick. Vital signs today are temperature 37.5°C (99.5°F), pulse 90/min, and blood pressure 140/94 mm Hg. Height is 170 cm (5 ft 7 in); weight is 54 kg (120 lb); BMI is 19 kg/m². On physical examination she appears slightly anxious. Nasal mucosa is erythematous and swollen, and sinuses are nontender. Posterior pharynx is also erythematous but there are no exudates. Lungs are clear on auscultation and cardiac examination is normal. Repeat blood pressure measurement at the end of the examination is 142/96 mm Hg in the left arm and 138/94 mm Hg in the right arm. Which of the following is the most likely cause of her elevated blood pressure?",Which of the following is the most likely cause of her elevated blood pressure?,"
A. Acute viral illness 
B. Chronic sinusitis 
C. Essential hypertension 
D. Her alcohol intake 
E. Over-the-counter cold medication
",E,E,True,"- Option A: Acute viral illness - While acute viral illnesses can lead to elevated blood pressure, this is typically associated with symptoms like fever, chills, and muscle pain rather than just one episode. - Option B: Chronic sinusitis - This condition often causes persistent sinus congestion, which can be accompanied by high blood pressure due to increased vascular load from swelling and inflammation. - Option C: Essential hypertension - This is a specific type of hypertension characterized by persistently elevated blood pressure without any identifiable cause. It's more commonly seen as part of chronic kidney disease or other systemic conditions, not solely related to over-the-counter cold medication use. - Option D: Her alcohol intake - Alcohol consumption can raise blood pressure temporarily but does not directly cause it unless combined with other factors such as obesity, diabetes mellitus, or certain underlying health issues. Given the patient’s clinical presentation and the fact that she is taking an over-the-counter cold medication, the most plausible explanation for the elevated blood pressure is over-the-counter cold medication. The combination of the cold medicine's effects on the respiratory system (including bronchial constriction) and its side effect of causing temporary elevation of blood pressure could explain the sudden increase observed upon waking in the morning.",0.0,0.0435,0.2275,0.1071,0.036,0.0804,0.0804,0.5224,0.5864,0.6393
"A 41-year-old woman comes to the emergency department because of a 3-day history of fever and a 2-day history of worsening flank pain with frequent and painful urination. She describes the pain as constant and says it worsens when she coughs or lies on her right side. She rates the pain as a 5 on a 10-point scale; ibuprofen has provided moderate relief of her pain. She also reports intermittent nausea but has not had vomiting or change in bowel habits. Medical history is significant for several uncomplicated urinary tract infections, most recently 8 months ago. Each infection resolved with antibiotic therapy. She currently takes no medications aside from her recent use of ibuprofen. She is sexually active with one male partner and uses condoms regularly. Vital signs are temperature 39.4°C (103.0°F), pulse 76/min, respirations 20/min, and blood pressure 128/74 mm Hg. Auscultation of the chest discloses normal S1 and S2. Abdomen is soft with normal bowel sounds. There is guarding on the right lateral side and tenderness to compression over the right costophrenic angle. Results of laboratory studies are shown: Serum: Urea nitrogen 18 mg/dL Creatinine 0.9 mg/dL Blood: Hemoglobin 12.8 g/dL WBC 20,000/mm3 Neutrophils, segmented 80% Lymphocytes 15% Eosinophils 2% Monocytes 3% Urine: Specific gravity 1.015 (N=1.003–1.029) Protein Negative Occult blood Negative Leukocyte esterase Positive WBC Too numerous to count Casts Occasional Urine and blood cultures are obtained and sent for analysis. Antibiotic therapy is initiated. Which of the following is the most appropriate next step?",Which of the following is the most appropriate next step?,"
A. Cystoscopy 
B. Echocardiography 
C. MRI of the abdomen 
D. Renal ultrasonography 
E. No additional study is indicated
",E,B,False,"Given that the patient has multiple urinary tract infections (UTIs) and there is a history of recurrent UTIs, echocardiography is the most appropriate next step. This imaging modality can help assess the structural integrity of the heart, including the valves and heart chambers, which may be affected by previous infections. Additionally, echocardiography can detect any complications related to the UTIs, such as heart failure, valvular disease, or perforation of the urethra, all of which could require surgical intervention. The other options are less suitable: - A. Cystoscopy: While this examination might be necessary if there's an immediate need for treatment, it's typically used for diagnostic purposes rather than monitoring or guiding treatment. - C. MRI of the abdomen: Although useful for detecting organ damage secondary to UTIs, it is more invasive than echocardiography and would likely cause discomfort and delay diagnosis. - D. Renal ultrasound: This test is primarily used to evaluate kidney function and is unlikely to provide definitive information about urinary tract infections unless combined with additional tests. Therefore, echocardiography is the best choice given the patient's history and current condition.",0.0145,0.0381,0.2681,0.0933,0.0628,0.0725,0.0725,0.4819,0.5392,0.6184
"A 41-year-old woman is brought to the emergency department by her husband because of nausea and dizziness that began suddenly 4 hours ago. She says she feels like the room is spinning. She has not vomited. She recalls receiving a blow to the left side of her neck 1 week ago when her dog jumped on her, but she has had no ill effects from that incident. Medical history is unremarkable. She takes no medications. Vital signs are normal. Physical examination shows mild ptosis of the left eyelid. The right pupil measures 4 mm in diameter and the left pupil measures 2 mm in diameter. Both pupils are reactive to light. Ocular motility is full. Nystagmus is present in both eyes on left lateral gaze. Left corneal reflex is diminished. Sensation to pinprick and cold is reduced over the left side of the face, right side of the chest, abdomen, and right upper and lower extremities. Which of the following pathophysiologic processes most accurately explains this patient's left-sided ptosis and decreased pupil size?",Which of the following pathophysiologic processes most accurately explains this patient's left-sided ptosis and decreased pupil size?,"
A. Parasympathetic overactivity 
B. Parasympathetic underactivity 
C. Postsynaptic neuromuscular junction defect 
D. Presynaptic neuromuscular junction defect 
E. Sympathetic overactivity 
F. Sympathetic underactivity
",F,A,False,"- Pathophysiological Process: The patient presents with a left-sided ptosis (drooping of the upper eyelid) and a reduced pupil size (smaller pupil). This condition is known as ""ptosis of the left eye"" or ""ptosis of the left eyelid."" The ptosis is caused by a reduction in the amount of muscle activity in the left eyelid muscles. - Cause: Posterior superior medial rectus (PSMR) muscle dysfunction results in ptosis. The PSMR muscle is responsible for elevating the upper eyelid. When it becomes weak or paralyzed due to injury or disease, the result is ptosis. - Explanation of the Pathophysiology: - Parasympathetic Overactivity: There is no evidence of increased sympathetic nervous system activity in the patient’s physiology. Therefore, parasympathetic overactivity would be unlikely to explain the ptosis. - Parasympathetic Underactivity: While the patient does have ptosis, there is no indication of underactivity in the sinoatrial node or other sympathetic ganglia. Therefore, this option is incorrect. - Postsynaptic Neuromuscular Junction Defects: There is no mention of any neural or muscular defects at the postsynaptic level. Therefore, this option is incorrect. - Presynaptic Neuromuscular Junction Defects: The patient has been taking no medication, which suggests that presynaptic neuromuscular junction defects might not be present. However, without further information about the patient’s health status, this option cannot be definitively ruled out. - Correct Option: [Option A] (Parasympathetic overactivity) This diagnosis aligns perfectly with the clinical presentation of ptosis of the left eye and reduced pupil size, making [Option A] the most appropriate explanation among the given options.",0.0,0.03,0.187,0.0977,0.0379,0.0677,0.0677,0.4946,0.5617,0.6839
"A 34-year-old woman comes to the office because of a 3- to 4-week history of swelling of her legs and a 9-kg (20-lb) weight gain. Medical history is significant for sickle cell trait and mild anemia. She has been taking 800 mg of ibuprofen three times daily for Achilles tendinitis diagnosed 1 month ago. She has smoked five cigarettes daily for the past 15 years, and she drinks one to five beers on weekends. She experimented with cocaine briefly 16 years ago, but she has never used intravenous drugs. She has been in a monogamous sexual relationship for the past 12 years. Today, vital signs are temperature 37.2°C (99.0°F), pulse 88/min, respirations 16/min, and blood pressure 145/95 mm Hg. Physical examination discloses periorbital edema but no jugular venous distention. Lungs are clear to auscultation. Cardiac examination discloses an S1 and S2 without murmurs or gallops. Abdominal examination discloses bulging flanks and shifting dullness to percussion. Examination of the lower extremities shows pitting edema from the mid thigh to the ankles bilaterally. Results of which of the following studies are most likely to be abnormal in this patient?",Results of which of the following studies are most likely to be abnormal in this patient?,"
A. Echocardiography 
B. HIV antibody study 
C. Serum B-type natriuretic peptide concentration 
D. Toxicology screening of the urine 
E. Urine protein concentration
",E,C,False,"This test is particularly relevant given the patient's medical history and symptoms. The serum B-type natriuretic peptide (BNP) concentration can provide valuable information about fluid retention and heart function. In this case, the patient has been diagnosed with sickle cell trait and mild anemia, indicating that their hemodynamic status may be compromised due to these underlying conditions. - Option A (Echocardiography): While echocardiography can provide insights into cardiac structure and function, it does not specifically measure BNP levels. - Option B (HIV antibody study): The presence of HIV antibodies would indicate recent infection rather than recent clinical manifestations like swelling or weight gain. - Option D (Toxicology screening of the urine): This test would typically involve collecting urine samples for various tests including toxicological analysis, but it does not directly correlate with fluid balance or kidney function. - Option E (Urine protein concentration): The presence of proteinuria could suggest renal dysfunction or chronic kidney disease, which might be contributing to the patient’s clinical presentation despite having a normal blood pressure and other normal laboratory findings. Therefore, serum B-type natriuretic peptide concentration is the most appropriate biomarker to assess for potential fluid retention or renal function issues in this patient. It provides insight into both systemic fluid dynamics and urinary output, which are crucial aspects of understanding the patient's overall health status.",0.0,0.0438,0.2058,0.0924,0.0254,0.0672,0.0672,0.4812,0.5589,0.6298
"A 54-year-old woman comes to the office because she has had intermittent shooting pain over her right cheek and jaw during the past 3 weeks. Each episode of pain lasts for 1 second or less. The pain is often triggered by cold air, chewing, tactile stimulation, and brushing her teeth. She has had no trauma to the face or head. Medical history is remarkable for tension headaches, obesity, and gastric bypass surgery. She is 165 cm (5 ft 5 in) tall and weighs 62 kg (137 lb); BMI is 23 kg/m². Vital signs are normal. The patient cannot tolerate touch over the right side of the face. There is no facial weakness or loss of sensation. The remainder of the physical examination shows no abnormalities. CT scan of the head with and without contrast shows no abnormalities. Which of the following is the most appropriate pharmacotherapy at this time?",Which of the following is the most appropriate pharmacotherapy at this time?,"
A. Carbamazepine 
B. Lamotrigine 
C. Levetiracetam 
D. Topiramate 
E. Zonisamide
",A,D,False,"The patient's symptoms are consistent with post-traumatic headache associated with an underlying cause such as a stroke or traumatic brain injury. Given that the patient has a history of chronic conditions like tension headaches, obesity, and gastric bypass surgery, it would be prudent to consider these factors when selecting a medication. - Option A: Carbamazepine - While carbamazepine is commonly used for chronic seizures, its effectiveness in treating post-traumatic headaches from strokes or traumatic brain injuries is limited. - Option B: Lamotrigine - Lamotrigine is primarily used to treat epilepsy, particularly partial-onset seizures, which could explain the patient’s symptoms. However, it may not be effective for acute or subacute migraines associated with stroke or traumatic brain injury. - Option C: Levetiracetam - Levetiracetam is an anticonvulsant medication well-tolerated by patients with multiple sclerosis, bipolar disorder, and other neurological disorders. It is also effective in treating migraine headaches caused by stroke or traumatic brain injury. - Option D: Topiramate - Topiramate is generally considered safe for use in adults with mild-to-moderate headaches due to its non-selective blockade of gamma-aminobutyric acid (GABA) receptors. However, it can have significant side effects including cognitive impairment and liver toxicity. - Option E: Zonisamide - Zonisamide is an antiepileptic drug that can be effective in treating migraine headaches but is contraindicated in pregnant women and those with severe hepatic dysfunction. Given the patient’s medical history, the combination of chronic conditions and potential complications from her stroke or gastric bypass surgery, topiramate stands out as the most appropriate choice. This medication is known to work better than carbamazepine and lamotrigine in treating chronic migraine headaches associated with strokes or traumatic brain injury. Additionally, since topiramate does not interfere with seizure threshold and has fewer side effects compared to other medications, it provides a more reliable therapeutic option. Therefore, the most appropriate pharmacotherapy at this time is: The correct answer is [Topiramate].",0.0114,0.0283,0.2276,0.0673,0.0431,0.0673,0.0673,0.4653,0.5754,0.7325
"A 25-year-old man, who was admitted to the hospital 5 hours ago because of nausea, light-headedness, and muscle aches that began after he completed a marathon, now reports worsening pain in his right leg. On admission, the patient reported only mild muscle aching, but he now rates the pain in his right lower extremity as a 9 on a 10-point scale. Laboratory studies on admission were notable for a serum creatine kinase concentration of 10,000 U/L and a serum creatinine concentration of 1.7 mg/dL. Since admission the patient has received 5 L of 0.9% saline and his nausea and light-headedness have resolved. He is alert and fully oriented. Vital signs are temperature 36.9°C (98.5°F), pulse 88/min, respirations 16/min, and blood pressure 126/82 mmHg. Pulse oximetry on room air shows an oxygen saturation of 97%. Cardiopulmonary and abdominal examinations disclose no abnormalities. Passive flexion of the toes elicits pain over the anterior portion of the right lower extremity below the knee. Distal pulses are present in the lower extremities bilaterally. The remainder of the physical examination discloses no abnormalities. Results of laboratory studies obtained 1 hour ago are shown: Serum: Urea nitrogen 12 mg/dL Creatinine 1.2 mg/dL Na+ 140 mEq/L K+ 4.0 mEq/L Cl− 100 mEq/L HCO3 −24 mEq/L Blood: Hemoglobin 14.0 g/dL WBC 14,000/mm3 Neutrophils, segmented 60% Which of the following is the most appropriate next step in management?","0 g/dL WBC 14,000/mm3 Neutrophils, segmented 60% Which of the following is the most appropriate next step in management?","
A. Application of ice to the right lower extremity 
B. Cyclobenzaprine therapy 
C. Measurement of lower extremity compartment pressures 
D. MRI of the right lower extremity 
E. Nonsteroidal anti-inflammatory drug therapy
",C,E,False,"Given the patient's symptoms and medical history, the most appropriate next step in management would be NSAID therapy. Here’s the reasoning behind this choice: 1. Serum Creatinine Concentration: The elevated creatinine level (1.7 mg/dL) suggests that the kidneys may not be functioning optimally due to chronic kidney disease or other underlying conditions. This could indicate the need for a more aggressive treatment plan involving medications like nonsteroidal anti-inflammatory drugs (NSAIDs). 2. Muscle Aches and Pain: While the patient initially rated the right lower extremity pain at 9 out of 10, this assessment should be updated based on the current situation. The severity and nature of the pain suggest that there might be additional issues requiring specific treatments, such as nerve block anesthesia or intravenous analgesics. 3. Laboratory Findings: Elevated levels of creatine kinase (CK) and urea nitrogen (UN) further support the suspicion of a kidney issue. These findings often correlate with acute kidney injury, which can progress rapidly if left untreated. 4. Patient Condition: Despite receiving initial symptomatic relief from passive flexion tests, the patient still exhibits signs of discomfort and pain in the right lower extremity despite the administration of NSAIDs. This indicates that the primary goal should be to manage the pain rather than address the underlying cause. 5. No Other Immediate Concerns: The patient's vital signs (temperature, heart rate, respiratory rate) are within normal ranges, indicating good overall health. However, the presence of a persistent musculoskeletal complaint warrants careful monitoring. ### Conclusion: Nonsteroidal anti-inflammatory drugs (NSAIDs) are indicated as a next step due to the elevated creatinine level, potential renal impairment, and the need to address the patient's musculoskeletal pain. They are particularly effective in managing severe acute kidney injury and reducing the risk of complications such as sepsis or organ failure. Therefore, the most appropriate next step is to initiate NSAID therapy.",0.0112,0.0361,0.1933,0.0716,0.042,0.0537,0.0537,0.4814,0.5092,0.5987
"A 9-year-old boy is brought to the office by his parents to establish care after recently moving to the area. The patient has not been evaluated by a physician in 4 years. He has been generally healthy. Medical history is significant for pneumonia at age 3 years. He takes no medications. He is at the 25th percentile for height, weight, and BMI. Vital signs are temperature 37.0°C (98.6°F), pulse 82/min, respirations 20/min, and blood pressure 112/74 mm Hg. Cardiac examination discloses a grade 3/6 systolic murmur audible along the left sternal border at the third and fourth intercostal spaces. Femoral pulses are weak and brachial pulses are strong; there is a radiofemoral delay. Chest x-ray discloses mild cardiomegaly with left ventricular prominence. ECG shows left ventricular hypertrophy. This patient is at greatest risk for which of the following complications?",This patient is at greatest risk for which of the following complications?,"
A. Atrial fibrillation 
B. Cor pulmonale 
C. Systemic hypertension 
D. Tricuspid valve regurgitation
",C,B,False,"Cor pulmonale occurs when there is pulmonary edema leading to decreased cardiac output. Given the patient's symptoms and findings on chest x-ray, it is clear that he has developed left ventricular dysfunction, likely due to right-sided heart failure caused by chronic obstructive pulmonary disease (COPD). This would result in pulmonary congestion and edema, which can lead to pulmonary hypertension and subsequently cor pulmonale if left untreated. Option C (Systemic hypertension) is incorrect because while the patient has hypertension, it does not specifically indicate an increased risk for cor pulmonale. Hypertension alone doesn't necessarily correlate with the progression of pulmonary edema associated with COPD. Option D (Tricuspid valve regurgitation) is incorrect because tricuspid valve regurgitation typically affects the lower left part of the heart, making it less relevant to the situation described here. It's more common in conditions like mitral valve prolapse or tricuspid regurgitation but is not directly linked to the described clinical presentation. Therefore, based on the patient's medical history, physical examination findings, and imaging results, the most probable complication is cor pulmonale, as it involves pulmonary edema resulting from right-sided heart failure.",0.0,0.0385,0.1932,0.0788,0.0199,0.0591,0.0591,0.481,0.5615,0.6043
"A 25-year-old woman comes to the office because of a 2-day history of right lower quadrant abdominal pain and vaginal spotting. She describes the abdominal pain as cramping and rates it as a 4 on a 10-point scale. Medical history is unremarkable and the patient takes no medications. Menses are typically irregular but she thinks her last menstrual period was approximately 5 weeks ago. She is sexually active with one male partner and they use condoms occasionally. Vital signs are temperature 37.2°C (99.0°F), pulse 90/min, respirations 16/min, and blood pressure 110/65 mm Hg. Abdominal examination discloses tenderness to palpation of the right lower quadrant. Pelvic examination discloses dark blood in the vaginal vault. Hematocrit is 36%. Urine pregnancy test is positive. Pelvic ultrasonography shows a thickened endometrial lining and no adnexal masses. Which of the following is the most appropriate next step in management?",Which of the following is the most appropriate next step in management?,"
A. Admission to the hospital for observation 
B. Diagnostic laparoscopy 
C. Dilatation and curettage 
D. Follow-up pelvic ultrasonography in 1 week 
E. Serial serum β-hCG concentrations
",E,C,False,"- Option A (Admission to the hospital for observation): This is not appropriate given that the patient has already been admitted due to abdominal pain and vaginal bleeding, indicating possible internal issues. - Option B (Diagnostic laparoscopy): While this procedure can be useful in certain cases, it is primarily used for surgical intervention rather than immediate management of an emergency situation like suspected ectopic pregnancy or appendicitis. - Option C (Dilatation and curettage): This is indeed the most appropriate initial step in managing this patient's condition. It allows for immediate access to the reproductive system without invasive procedures and provides a definitive diagnosis. The ultrasound findings suggest an ectopic pregnancy, and dilatation and curettage is a standard diagnostic method to confirm the diagnosis and remove any potentially ruptured tissue before proceeding with surgery if necessary. - Option D (Follow-up pelvic ultrasonography in 1 week): Although ultrasound might show changes, it does not address the primary concern of an ectopic pregnancy or appendicitis. Therefore, this is not a suitable follow-up unless there is evidence of progression or complication. - Option E (Serial serum β-hCG concentrations): These tests are more indicative of endometritis rather than the specific conditions described in this case, so they are not relevant to the immediate management of the patient's current situation. Therefore, based on the patient's symptoms and medical history, the most appropriate course of action is to proceed with a dilatation and curettage to definitively diagnose and treat the ectopic pregnancy or appendicitis.",0.0,0.0323,0.1593,0.0695,0.0311,0.0618,0.0618,0.466,0.5756,0.6802
"A 32-year-old woman, gravida 4, para 4, comes to the office 1 week after an uncomplicated vaginal delivery of a 3020-g (6-lb 11-oz) term female newborn. She has been breast-feeding her daughter since birth. The patient says that she cries frequently for no reason, is irritable, and is worried about her infant's long-term health. The patient reports having no appetite. She says that her husband and mother say that she is depressed and think she is anorexic. She has not had auditory hallucinations, confusion, or disorientation. She denies suicidal or homicidal ideation. She has a history of postpartum psychosis following the birth of her first child; she had no similar symptoms after the births of her second and third children. Which of the following factors in this patient's history most strongly indicates a poor prognosis?",Which of the following factors in this patient's history most strongly indicates a poor prognosis?,"
A. Anorexia 
B. Depressed mood 
C. History of psychosis 
D. Multiparity
",C,B,False,"This patient presents with frequent crying, irritability, concerns about her infant’s health, and an absence of appetite. These symptoms are typically associated with depression, particularly major depressive disorder. The fact that the patient also mentions being ""depressed"" suggests a significant risk of poor prognosis. To elaborate further on this point: 1. Frequent Crying and Irritability: Frequent crying and irritability can be indicators of stress, anxiety, or other mental health issues. In the context of a multiparous woman who has just given birth, these symptoms might indicate underlying psychological distress that could impact her ability to care for her newborn effectively. 2. Concerns About Infant Health: Expressing worry about her infant's long-term health is concerning and often points towards serious emotional distress. This concern can lead to further isolation and may exacerbate existing mental health issues. 3. History of Postpartum Psychosis: Having experienced a previous episode of postpartum psychosis would significantly increase the likelihood of developing a more severe form of depression, as well as increased vulnerability to other mental health disorders such as anxiety and eating disorders. 4. Multiparity: Multiparity refers to multiple pregnancies, which increases the potential for complications and stresses, including those related to pregnancy and breastfeeding. These conditions can contribute to both immediate and long-term mental health issues. Given these factors, it is clear that the presence of these symptoms—such as recurrent crying, irritability, and worries about her infant’s health—is strongly indicative of a poor prognosis. Therefore, the correct answer is B. Depressed mood.",0.0,0.0281,0.2643,0.0963,0.0224,0.0667,0.0667,0.4835,0.5604,0.7055
"A 47-year-old man comes to the office to establish care. He recently moved to the area and has not been evaluated by a physician for more than 3 years. He reports a 1-year history of bilateral knee pain that worsens after prolonged standing, but he otherwise has felt well. Medical history is unremarkable and his only medication is acetaminophen as needed for his knee pain. Family history is significant for hypothyroidism in his mother and myocardial infarction in a paternal uncle at age 55 years. The patient drinks five to six beers weekly and does not smoke cigarettes. BMI is 32 kg/m² . Vital signs are temperature 36.1°C (97.0°F), pulse 78/min, respirations 12/min, and blood pressure 138/89 mm Hg. The patient is not in distress. Physical examination discloses no abnormalities. Results of fasting serum lipid studies obtained in preparation for today's visit are shown: Cholesterol Total 264 mg/dL HDL 54 mg/dL LDL 170 mg/dL Triglycerides 200 mg/dL Which of the following is the most appropriate next step in management regarding the patient's laboratory study results?",Results of fasting serum lipid studies obtained in preparation for today's visit are shown: Cholesterol Total 264 mg/dL HDL 54 mg/dL LDL 170 mg/dL Triglycerides 200 mg/dL Which of the following is the most appropriate next step in management regarding the patient's laboratory study results?,"
A. Prescribe atorvastatin 
B. Prescribe cholestyramine 
C. Recommend diet and low-impact exercise 
D. Refer the patient to a cardiologist 
E. Repeat fasting laboratory studies in 1 month
",C,D,False,"Based on the patient's clinical presentation and laboratory findings, it is crucial to consider potential cardiovascular risk factors. The patient has a history of bilateral knee pain lasting 1 year, which could be related to joint inflammation or other conditions. Additionally, his high cholesterol levels (total cholesterol > 200 mg/dL) suggest an increased risk of heart disease. Given these considerations, the most appropriate next step would be to refer the patient to a cardiologist for further evaluation and potentially recommending lifestyle modifications and possibly additional tests such as an echocardiogram or stress test. This approach ensures that the patient receives comprehensive care while addressing their overall health status.",0.0254,0.1405,0.3017,0.25,0.1013,0.175,0.175,0.5955,0.558,0.6081
"A 37-year-old man comes to the emergency department because he has felt nauseated and light-headed for the past hour. Medical history is significant for esophageal varices secondary to alcohol-related cirrhosis and ascites treated with spironolactone. He drinks eight to ten alcoholic beverages daily. While you are obtaining additional history, the patient vomits a large volume of bright red blood and becomes difficult to arouse. Vital signs are temperature 36.0°C (96.8°F), pulse 110/min, respirations 12/min, and blood pressure 90/50 mm Hg. Following initiation of intravenous fluids, which of the following is the most appropriate immediate management?","Following initiation of intravenous fluids, which of the following is the most appropriate immediate management?","
A. Arrange for transjugular intrahepatic portal vein shunting 
B. Begin intravenous vasopressin therapy 
C. Do endotracheal intubation 
D. Do upper endoscopy 
E. Insert an esophageal tube for balloon tamponade
",C,E,False,"This scenario involves a patient experiencing severe bleeding from the esophagus due to the presence of ascites associated with liver cirrhosis and alcohol-induced varices. The symptoms described—nausea, light-headedness, vomiting bright red blood, difficulty in arousing—are indicative of hematemesis (vomiting blood). Given these clinical presentations, the most appropriate immediate management would be to perform an esophageal tube placement. This procedure allows for direct visualization of the esophagus and can effectively manage hematemesis by ensuring that any retained blood is expelled through the esophageal cannula. Here's a brief overview of why the other options are not as suitable: A. Transjugular intrahepatic portal vein shunting (TIPV): This is primarily used for hemostasis in cases where there is a obstruction within the hepatic veins but does not address the source of bleeding. B. Intravenous vasopressin therapy: This is generally reserved for severe hemorrhage caused by shock rather than bleeding from the esophagus itself. C. Endotracheal intubation: This is not indicated for esophageal bleeds and could potentially lead to complications such as airway obstruction or aspiration into the lungs. D. Upper endoscopy: This procedure is typically reserved for esophageal variceal rupture and is not necessary given the nature of the bleeding (hematemesis) without prior esophageal damage. Therefore, the use of an esophageal tube for balloon tamponade is the most appropriate initial intervention to address the patient's condition and prevent further complications.",0.0119,0.0392,0.2357,0.081,0.049,0.0648,0.0648,0.5036,0.5723,0.7093
"A 25-year-old man was admitted to the hospital yesterday with a massive hemothorax sustained as a result of a stab wound. Left lateral thoracotomy was done because more than 2 L of blood returned following chest tube placement. The thoracotomy disclosed a bleeding intercostal vessel that was repaired by suture ligation. Vital signs now are temperature 36.0°C (96.8°F), pulse 100/min, respirations 18/min, and blood pressure 120/78 mm Hg. Pulse oximetry on 5 L/min of oxygen via nasal cannula shows an oxygen saturation of 95%. Physical examination discloses a well-approximated staple line at the incision site and mild erythema. Decreased respiratory excursion is noted on the left side. The chest tube is draining a small amount of serosanguineous fluid; no air leak is noted. Which of the following is the most appropriate next step in management? Why not the other choices?",Why not the other choices?,"
A. Administration of broad-spectrum antibiotics 
B. Initiation of tube feedings 
C. Pain reduction 
D. Physical therapy 
E. Psychological evaluation for post-traumatic stress disorder
",C,B,False,"Given the patient's condition, particularly the massive hemithorax and the presence of a bleeding intercostal vessel, initiating tube feeding is indeed the most appropriate next step in management. Here’s a detailed rationale: 1. Vital Signs: The patient has a high fever (36.0°C) which can be due to multiple factors including hypovolemic shock from excessive bleeding, but it also suggests underlying conditions such as infection or sepsis. Initiating tube feeds helps manage fluid volume and potentially improve overall circulation. 2. Respiratory Changes: The decreased respiratory excursion on the left side indicates possible pneumothorax or mediastinal effusion, both of which could complicate further treatment if they aren't managed immediately. 3. Blood Volume: The patient has a large amount of blood returning from the chest tube, indicating significant hemorrhage. This should prompt immediate intervention to control the bleeding and prevent further complications. 4. Pulse Oximetry: With a low oxygen saturations (e.g., 95%) and the need for tube feedings, this finding suggests a severe hypoxemia, requiring immediate attention to address the issue before it worsens. 5. Physical Examination: The well-defined staple line at the incision site and mild erythema suggest inflammation and possibly infection, necessitating prompt antibiotic therapy to reduce inflammation and promote healing. In contrast, the other options do not align well with the current situation: - Option A (Antibiotics): While important, the patient's hemodynamic instability makes antibiotics less likely to be effective until the patient's condition improves. - Option C (Pain Reduction): While pain management is crucial, the initial focus is on stabilizing the patient rather than managing pain. - Option D (Physical Therapy): Although physical therapy might be beneficial, the primary goal is to stabilize the patient's condition and support recovery rather than managing symptoms. Therefore, initiating tube feeds is the most prudent course of action given the severity of the patient's condition and the potential for worsening without intervention.",0.0,0.0082,0.0355,0.0186,0.0062,0.0124,0.0124,0.364,0.4568,0.5197
"A 45-year-old man returns to the office for ongoing treatment of tuberculous pericarditis. Pericardiocentesis 9 weeks ago showed a serosanguineous effusion; culture of the effusion was positive for Mycobacterium tuberculosis, and therapy with isoniazid, rifampin, and ethambutol was initiated. During the past 2 weeks, he has had increasing shortness of breath on minimal exertion, cough, pain in the right upper quadrant, and swelling of the lower extremities. BMI is 26 kg/m² . Vital signs today are temperature 37.0°C (98.6°F), pulse 100/min, respirations 22/min, and blood pressure 105/65 mm Hg. Physical examination discloses 10 cm of jugular venous distention. Lungs are clear to auscultation and percussion. Cardiac examination discloses distant but normal heart sounds. The liver is tender and is palpated 3 cm below the right costal margin. There is 2+ to 3+ pitting edema from the knees distally. HIV antibody test is negative. ECG shows nonspecific ST-T changes. Chest x-ray today is unchanged from the x-ray obtained at the time of diagnosis, which showed resolution of apical and perihilar infiltrates and a normal-sized heart. Which of the following is the most appropriate next step in management?",Which of the following is the most appropriate next step in management?,"
A. Add furosemide therapy and reevaluate in 4 weeks 
B. Add prednisone therapy 
C. Add streptomycin and cycloserine therapy 
D. Order bronchoscopy for brushings and cytology 
E. Order echocardiography
",E,B,False,"The patient's symptoms suggest involvement of the hilar lymph nodes, likely due to an infection secondary to TB. Given that the patient is 45 years old and has been treated for 9 weeks with isoniazid, rifampin, and ethambutol, it is reasonable to consider this as a potential cause of his current symptoms. Option A: Add furosemide therapy and reevaluate in 4 weeks - This approach would be premature because the clinical presentation does not support the need for immediate intervention. - Furosemide is contraindicated in patients with active pulmonary TB, especially given the presence of pleural effusions and respiratory distress. Option B: Add prednisone therapy - Prednisone can be used in some cases of TB to reduce inflammation and improve lung function. - However, since the patient's symptoms do not meet the criteria for acute rejection syndrome associated with TB, adding prednisone might delay proper diagnosis and treatment. Option C: Add streptomycin and cycloserine therapy - These drugs are typically used to treat TB infections caused by Mycobacterium bovis. - While they are effective against TB, their use should only be considered if there is a specific indication such as severe pulmonary TB without other complications. - In this case, streptomycin and cycloserine could be used cautiously and may not be necessary unless the patient has developed resistance to these agents. Option D: Order bronchoscopy for brushings and cytology - Bronchoscopy is indicated when there is suspicion of airway obstruction or inflammation. - It is not recommended here because the patient’s condition suggests no evidence of airway obstruction or inflammation, making bronchoscopy inappropriate. Option E: Order echocardiography - Echocardiography can help assess the extent of left ventricular dysfunction and determine if there is any evidence of pulmonary edema. - While important, echocardiography alone is not sufficient to diagnose the cause of the patient's symptoms. Conclusion: Given the patient's history, clinical presentation, and available tests, the most appropriate next step in management would be to add prednisone therapy. This approach aligns well with the patient's clinical picture and allows for more targeted and timely management of his TB infection.",0.0105,0.0261,0.189,0.0563,0.0397,0.0563,0.0563,0.4562,0.552,0.6497
"A 40-year-old woman, gravida 2 para 2, comes to the office because of bulging veins in her legs that have slowly become more visible since she first noticed them 2 years ago. She says they seem to worsen when she stands for long periods of time, but she reports no associated pain. She is concerned that this problem may be life-threatening. Medical history is otherwise unremarkable and she takes no medications. Both of her pregnancies resulted in uncomplicated vaginal deliveries at 40 weeks' gestation. BMI is 23 kg/m². Vital signs are normal. Physical examination discloses compressible veins in both lower extremities below the knees that are worse on the left. The remainder of the examination discloses no abnormalities. Which of the following is the most appropriate next step?",Which of the following is the most appropriate next step?,"
A. Compression stockings 
B. Surgical ligation of the largest veins 
C. Venography 
D. Venous duplex ultrasonography 
E. Warfarin therapy
",A,E,False,"Given the patient's symptoms, which include bulging veins in the legs that worsen when standing, this could potentially indicate deep vein thrombosis (DVT). DVT can lead to pulmonary embolism if not treated promptly. Therefore, it would be prudent to consider warfarin therapy as an appropriate next step. Warfarin is commonly used to prevent blood clots from forming, especially in individuals at higher risk due to age, pregnancy, or certain medical conditions like atrial fibrillation. It helps maintain the proper balance between anticoagulation and other clotting factors in the body. While compression stockings might help manage leg swelling, their primary role isn't directly related to preventing DVT; rather, they focus on reducing swelling and improving circulation. Venography is generally performed after surgery or trauma to visualize blood vessels and detect blockages. While it provides valuable information about blood flow, it doesn't address the specific issue of venous problems without further diagnostic tests. Venous duplex ultrasound offers high-resolution imaging of veins, particularly useful for detecting small, localized blockages or even smaller air bubbles within veins. However, it's not typically used to treat DVT unless specifically ordered by a healthcare provider. Therefore, based on the patient's clinical presentation and the need to address potential DVT risks, warfarin therapy is the most appropriate initial step.",0.0042,0.0335,0.2415,0.0793,0.0444,0.0705,0.0705,0.4689,0.5388,0.692
"A 39-year-old woman, gravida 2, para 2, comes to the community-based health center because of a 6-month history of a copious, foul-smelling vaginal discharge. She also reports spotting that began 6 months ago and has progressed to heavy bleeding during the past 3 weeks. Medical history is significant for an abnormal Pap smear in her 20s; her most recent Pap smear was done 12 years ago during her second pregnancy, and she recalls the results as being normal. She takes no medications. The patient was married for 16 years; her husband died 4 years ago and had undergone vasectomy after the birth of their last child. The patient has not had any new sexual partners since her husband's death. BMI is 32 kg/m². Vital signs are temperature 37.2°C (99.0°F), pulse 90/min, respirations 14/min, and blood pressure 155/96 mm Hg. Speculum examination discloses normal vaginal mucosa. The cervix is friable with a 1-cm exophytic mass lateral to the cervical os at the nine o'clock position. Which of the following is the most critical factor in formulating a management plan for this patient?",Which of the following is the most critical factor in formulating a management plan for this patient?,"
A. Future fertility plans 
B. Hypertension 
C. Obesity 
D. Patient age 
E. Stage of disease
",E,D,False,"This scenario involves a patient who has experienced multiple pregnancies, including one resulting in a vasectomy, along with a history of chronic pelvic inflammatory disease (PID). Given these circumstances, the most critical factors in managing this patient are those related to the progression of PID rather than other specific medical conditions such as hypertension or obesity. ### Factors Related to PID: 1. Stage of Disease: PID can progress from mild to severe over time, which is characteristic of a 39-year-old woman who has been pregnant multiple times. 2. Patient Age: Although the patient is 39 years old, the severity of the condition may be more pronounced due to her history of recurrent pregnancies and previous vasectomy. 3. Previous History of Vaginal Discharge: Having a history of copious, foul-smelling vaginal discharge suggests that PID may have progressed further, potentially leading to a more severe infection. 4. Symptoms and Diagnostic Results: The presence of a friable cervical mass and the 1-cm exophytic mass at the nine o'clock position suggest that PID is likely present and progressing. ### Other Factors: - Future Fertility Plans: While not directly relevant to the current clinical presentation, future fertility planning should be considered if there are concerns about the persistence of PID. - Hypertension: This would be less critical given the absence of hypertension mentioned in the initial description. - Obesity: Although the BMI is noted at 32 kg/m², the lack of any additional risk factors for obesity (such as smoking, excessive alcohol consumption) makes it less critical compared to the ongoing PID. Given the context of the patient’s history and symptoms, the most critical factor in formulating a management plan is the stage of PID. Therefore, the correct answer is: Option A: Future fertility plans",0.0178,0.0441,0.2813,0.1039,0.0719,0.0844,0.0844,0.4895,0.5539,0.7397
"A 28-year-old man comes to the office for an annual health maintenance examination. He says he has been generally healthy. Three months ago he began walking three times weekly for at least 30 minutes, and he has eliminated salt from his diet after a blood pressure measurement at a local pharmacy was 160/96 mm Hg. Medical history is unremarkable and he takes no medications. Family history is remarkable for hyperlipidemia, hypertension, type 2 diabetes mellitus, and coronary artery disease. The patient is 188 cm (6 ft 2 in) tall and weighs 135 kg (298 lb); BMI is 38 kg/m². Vital signs are temperature 36.8°C (98.2°F), pulse 102/min, respirations 18/min, and blood pressure 156/98 mm Hg. The abdomen is protuberant with no masses. The remainder of the physical examination discloses no abnormalities. Results of fasting laboratory studies are shown: Serum Cholesterol Total - 202 mg/dL HDL - 33 mg/dL LDL - 137 mg/dL Triglycerides - 158 mg/dL Glucose - 104 mg/dL Blood Hematocrit - 46% Hemoglobin - 15.6 g/dL WBC - 9800/mm³ Pharmacotherapy should be directed toward which of the following?",6 g/dL WBC - 9800/mm³ Pharmacotherapy should be directed toward which of the following?,"
A. Aiding with metabolism of glucose 
B. Decreasing pulse rate 
C. Decreasing serum LDL-cholesterol concentration 
D. Lowering blood pressure 
E. Suppressing appetite
",D,C,False,"To determine the appropriate pharmacotherapy for this patient, we need to consider several factors including the patient's medical history, current condition, and laboratory results. Let’s analyze each option: - Option A: Aiding with metabolism of glucose - This option suggests that the goal is to improve the body's ability to metabolize sugar. While this can indirectly help in lowering cholesterol levels, it does not directly address the primary issue of high triglyceride levels. - Option B: Decreasing pulse rate - Pulse rate reduction might help manage heart rhythm issues but does not directly address lipid levels or blood pressure. - Option C: Decreasing serum LDL-cholesterol concentration - High LDL cholesterol levels are associated with increased risk of cardiovascular diseases. Therefore, decreasing these levels would be beneficial for reducing the risk of such conditions. - Option D: Lowering blood pressure - Lowering blood pressure is crucial in managing hypertension and preventing further complications like heart attacks and strokes. It is essential for overall cardiovascular health. - Option E: Suppressing appetite - Suppressing appetite is unlikely to affect lipid levels or blood pressure; rather, it may lead to weight gain if not managed properly. Considering all these points, the most direct approach to improving lipid profiles and blood pressure would be to decrease serum LDL-cholesterol concentrations. Additionally, since the patient has a family history of hyperlipidemia, it makes sense to address this first before considering other treatments. Therefore, the best answer is: C. Decreasing serum LDL-cholesterol concentration",0.0,0.0145,0.0847,0.0312,0.0,0.0312,0.0312,0.4283,0.5096,0.5393
"A 22-year-old man comes to the office for evaluation 3 days after his girlfriend was diagnosed with trichomoniasis vaginalis. The patient has not had urethral discharge, dysuria, testicular pain, or genital skin lesions. He has been monogamous with his girlfriend and has been dating her for the past 6 months. He previously had one sexual partner at age 20 years. The patient has not consistently used condoms. He has never had any sexually transmitted diseases. Medical history is unremarkable and he takes no medications. Vital signs are normal. Genitourinary examination discloses no lesions or urethral discharge. Testes are symmetrical without tenderness or masses. There are shotty inguinal lymph nodes. In addition to recommending condom use, which of the following is the most appropriate next step?","In addition to recommending condom use, which of the following is the most appropriate next step?","
A. Obtain a urethral swab for potassium hydroxide preparation 
B. Order urinalysis and urine culture 
C. Prescribe ceftriaxone and doxycycline therapy 
D. Prescribe metronidazole therapy 
E. Reassure the patient that no treatment is necessary
",D,B,False,"To address the patient's condition, the most appropriate next steps would be to perform an urinalysis and urine culture. These tests help determine whether there have been recent infections from partners, which could be contributing factors to his symptoms. - Urinalysis: This test helps identify any pathogens present in the urine, which can indicate the presence of bacteria from his previous sexual partners. - Urine Culture: This procedure involves growing bacteria from the urine sample under controlled conditions to detect specific organisms responsible for urinary tract infections (UTIs). Here’s why these tests are crucial: 1. Detection of Previous Infections: Since the patient has been monogamous and has not used condoms, it is possible that they may have had previous bacterial infections from partners. The culture can confirm if any such infections occurred. 2. Identifying Potential Sources of Infection: Urinalysis can help pinpoint where the infection originated, either through testing the urine from his past partners or his current environment. 3. Preventive Measures: If a UTI were confirmed, proper antibiotics would be prescribed as per medical guidelines to prevent further infections and improve overall health. 4. Monitoring Progress: Once the infection is identified, regular monitoring of his symptoms and response to treatment will allow healthcare providers to adjust the treatment plan accordingly. Therefore, ordering both a urinalysis and urine culture is essential to ensure that all potential sources of infection are thoroughly investigated and addressed, thereby providing the best care for his condition.",0.0037,0.0365,0.2542,0.0775,0.0234,0.0465,0.0465,0.4842,0.5375,0.6613
"A 25-year-old man comes to the office because he has had a ""coating"" on his tongue during the past 2 weeks and has had an unintentional 4.5-kg (10-lb) weight loss during the past 6 months. He has not had oral pain or difficulty swallowing. Medical history is unremarkable and he takes no medications. He has smoked one pack of cigarettes daily for the past 5 years and he drinks two to three beers weekly. He is sexually active with two male partners and does not consistently use condoms. BMI is 25kg/m². Vital signs are temperature 37.1°C (98.8°F), pulse 83/min, respirations 16/min, and blood pressure 114/74 mm Hg. Oral examination shows a white plaque on the lateral aspect of the tongue bilaterally; an attempt to scrape the lesion from the tongue is unsuccessful. Anterior and posterior cervical lymph nodes are enlarged bilaterally but are mobile and not tender to palpation. The remainder of the physical examination discloses no abnormalities. A rapid HIV test is positive. Results of other laboratory studies are shown: Blood CD4+ T-lymphocyte count - 128/mm³ Hematocrit - 36% Hemoglobin - 12.0 g/dL WBC - 1400/mm³ Neutrophils, segmented - 79% Eosinophils - 3% Lymphocytes - 11% Monocytes - 7% Platelet count - 124,000/mm³ Which is of the following is the most appropriate clinical intervention at this time?","0 g/dL WBC - 1400/mm³ Neutrophils, segmented - 79% Eosinophils - 3% Lymphocytes - 11% Monocytes - 7% Platelet count - 124,000/mm³ Which is of the following is the most appropriate clinical intervention at this time?","
A. Antiretroviral therapy 
B. Liquid nitrogen therapy applied to the tongue lesions 
C. Micafungin therapy 
D. Surgical excision of the tongue lesions 
E. Systemic chemotherapy with liposomal doxorubicin
",A,B,False,"To determine the most appropriate clinical intervention for this patient, we need to consider several factors including the presence of antiretroviral therapy, the extent of the infection, the severity of the symptoms, and the overall health status. Given that the patient has been diagnosed with HIV (human immunodeficiency virus) and presents with symptoms such as a white plaque on the tongue, difficulty swallowing, and weight loss, it's crucial to rule out opportunistic infections like candidiasis or herpes simplex virus (HSV). Additionally, given the significant weight loss and potential side effects of smoking, surgical options should be considered if feasible. ### Option Analysis: - Antiretroviral Therapy: This treatment can help manage viral load and reduce the risk of transmission, which could explain the weight loss. - Liquid Nitrogen Therapy Applied to the Tongue Lesions: While this might offer temporary relief from discomfort, it would not address the underlying cause of the infection or treat the disease. - Micafungin Therapy: This is typically used in cases of candidiasis, which fits well with the patient’s presentation. - Surgical Excision of the Tongue Lesions: Although this may seem attractive due to the size of the lesions, it carries risks associated with surgery, especially when dealing with sensitive areas like the tongue. - Systemic Chemotherapy with Liposomal Doxorubicin: This treatment involves systemic administration of anthracycline drugs, which can have serious side effects and is generally not recommended unless there are specific indications. ### Conclusion: Based on the patient's symptoms and the available evidence, Micafungin therapy appears to be the most appropriate initial course of action. It addresses both the infection caused by the human immunodeficiency virus and the possible causes of weight loss, particularly since the patient has been experiencing weight loss despite previous attempts to lose weight through diet and exercise. Thus, the correct answer is: Option B: Liquid nitrogen therapy applied to the tongue lesions Liquid nitrogen therapy is specifically designed to kill bacteria and viruses without causing harm to normal cells, making it ideal for treating infections like candidiasis or herpes simplex virus. Given the patient's condition, liquid nitrogen therapy offers a viable and effective alternative to surgical intervention.",0.005,0.0394,0.132,0.0567,0.0259,0.0464,0.0464,0.4406,0.4753,0.5129
A 24-year-old recent college graduate comes to the office because of a 3-year history of increased frequency of urination and occasional incontinence whenever she travels. She says the urinary symptoms typically begin a few days before she is going to fly and they stop the day after she arrives at her destination. She says she is anxious about flying. She reports having had similar but milder symptoms prior to examinations before graduating. Medical history is otherwise unremarkable. Her only medication is an oral contraceptive. Vital signs are normal. Physical examination discloses no abnormalities. Urinalysis and urine culture are normal. Which of the following is the most appropriate next step?,Which of the following is the most appropriate next step?,"
A. Recommend behavioral therapy 
B. Recommend psychoanalytic psychotherapy 
C. Recommend that the patient avoid any stressful activities that cause the problem 
D. Review the patient's sexual history 
E. Reassure the patient that her symptoms will resolve in time
",A,E,False,"This scenario involves a patient who has experienced recurrent urinary incontinence (UI) related to travel, which has persisted for over three years. The primary concern here is addressing the potential causes and managing the symptoms effectively. Here’s a breakdown of the options: A. Recommend behavioral therapy - Behavioral therapy might be beneficial if the patient is experiencing stress-related UI, as it can help manage anxiety associated with travel. However, since this is a recurring issue, more immediate attention may be needed to address the underlying psychological factors. B. Recommend psychoanalytic psychotherapy - Psychoanalysis could be considered due to the patient's reported anxiety and travel-related UI. This approach can potentially identify underlying issues such as trauma, unresolved emotions, or past experiences that contribute to the current symptoms. C. Recommend that the patient avoid any stressful activities that cause the problem - This is not recommended because avoiding these activities would likely exacerbate the symptoms rather than alleviate them. It’s important to focus on lifestyle modifications and management strategies. D. Review the patient's sexual history - While some patients may experience sexual dysfunction, this particular case does not seem to fit the pattern described. The review of the sexual history is less relevant given the absence of sexually transmitted infections. E. Reassure the patient that her symptoms will resolve in time - Given the duration of the symptoms (over three years), it is crucial to reassess the situation regularly. If the symptoms do not improve or worsen, further evaluation should be conducted to rule out other conditions such as diabetes, kidney disease, or hormonal imbalances. Regular follow-up appointments can help in making informed decisions about treatment and management strategies. Therefore, based on the information provided and considering the nature of the patient's symptoms, recommending reassessment and management strategies is the most appropriate course of action.",0.003,0.0176,0.1585,0.0443,0.0255,0.0443,0.0443,0.4576,0.5394,0.6301
"A 22-year-old woman comes to the emergency department because of a 5-day history of sore throat and fever. During the past 3 days, she also has noticed a change in her voice and has had increased pain with swallowing. She has been taking acetaminophen since her symptoms began. Medical history is unremarkable and she takes no routine medications. Vital signs are temperature 40.0°C (104.0°F), pulse 130/min, respirations 18/min, and blood pressure 102/66 mm Hg. Pulse oximetry on room air shows an oxygen saturation of 97%. Examination of the oropharynx shows erythema, edema, and anterior displacement of the right side of the soft palate. The uvula is deviated to the left. There is a white exudate on the right tonsil. Trismus is noted. Palpation of the neck discloses enlarged, tender, mobile anterior cervical lymph nodes. In addition to antibiotic therapy, which of the following is the most appropriate management?","In addition to antibiotic therapy, which of the following is the most appropriate management?","
A. Incision and drainage 
B. Intravenous methylprednisolone therapy 
C. Oral nystatin therapy 
D. Salt water gargle 
E. Tonsillectomy
",A,E,False,"This patient presents with a 5-day history of sore throat and fever, along with changes in voice, increased pain with swallowing, and swelling in the neck. These symptoms are consistent with an infection, particularly streptococcal pharyngitis. Given these clinical findings, the most appropriate management would be a surgical intervention. - Option A (Incision and Drainage): While this procedure can be effective for acute infections like pharyngitis, it's not typically used for chronic conditions such as recurrent streptococcal pharyngitis. - Option B (Intravenous Methylprednisolone Therapy): This treatment is often reserved for severe cases of rheumatoid arthritis or other inflammatory diseases where there may be signs of systemic inflammation that require immediate attention. - Option C (Oral Nystatin Therapy): Nystatin is an antifungal medication used to treat bacterial infections but is not indicated for viral infections like streptococcal pharyngitis. - Option D (Salt Water Gargle): This method is generally considered safe for mild oral infections but should only be used as a last resort due to its potential for exacerbating the condition. Given the patient's current condition—symptoms suggestive of streptococcal pharyngitis, combined with the presence of enlarged lymph nodes—it is crucial to manage the infection promptly to prevent complications such as abscesses and sepsis. Therefore, the most appropriate course of action would be to perform a tonsillectomy. Tonsillectomies are performed to remove infected tonsils, thereby addressing the source of the infection rather than just treating the symptoms. They are highly effective at reducing inflammation and preventing further spread of bacteria, making them a critical component of managing streptococcal pharyngitis effectively.",0.0034,0.0307,0.1688,0.0733,0.0295,0.0586,0.0586,0.4852,0.5876,0.6961
"A 26-year-old man, who is admitted to the hospital to undergo cholecystectomy, bleeds excessively during the procedure and then develops a large wound hematoma. Medical history discloses that he has always tended to bruise excessively with trauma. His wounds oozed blood for 3 days following a dental extraction, which was his only previous surgical procedure. He says that his maternal grandfather and uncle were ""bleeders."" Initial coagulation studies show a normal platelet count, bleeding time, and prothrombin time. The partial thromboplastin time is moderately prolonged. Which of the following is the most appropriate statement to this patient and his wife regarding their children?",Which of the following is the most appropriate statement to this patient and his wife regarding their children?,"
A. There is no evidence of a familial coagulation defect 
B. Half of their daughters will have a clinically evident coagulation disorder 
C. The sons of their daughters will be at risk for a clinically evident coagulation disorder 
D. Their sons will be at risk for a clinically evident coagulation disorder 
E. Their sons and daughters will be at risk for a significant coagulation disorder
",C,D,False,"This scenario involves a family where two parents (the father and mother) have a history of excessive bleeding and bruising due to trauma. The son from their first child has developed a large wound hematoma after undergoing surgery. However, there is no direct evidence of a familial coagulation defect based on the provided information. Let's break down the details: 1. Family History: The patient has a history of bruising with trauma, including a dental extraction in childhood. 2. Initial Coagulation Studies: These results suggest a normal platelet count, bleeding time, and prothrombin time, but the partial thromboplastin time (PTT) is mildly prolonged. 3. Wound Oozing: After the dental extraction, there was ongoing oozing, which may indicate a clotting issue rather than a coagulation disorder. Given these points, we can infer that while there is an increased risk of bleeding complications, it does not necessarily mean they will develop a clinical coagulation disorder. The PTT being mildly prolonged suggests a mild hemostatic problem, but it doesn't definitively point towards a more severe condition like a coagulation disorder. Therefore, the most appropriate statement to this patient and his wife regarding their children would be that half of their daughters will have a clinically evident coagulation disorder. Thus, the correct answer is [D].",0.0413,0.0653,0.4037,0.1478,0.1053,0.1391,0.1391,0.5041,0.5463,0.7326
"A 29-year-old woman, gravida 3, para 3, comes to the office because of a 1-year history of recurrent low back pain. Rest and analgesics typically resolve the pain within 2 weeks. However, the pain recurs every 2 to 3 months. Medical history is remarkable for gestational diabetes during her pregnancies. She takes no medications except for an oral contraceptive. She walks 3 miles daily for exercise and works as a sales representative for a computer software company. She is 165 cm (5 ft 5 in) tall and weighs 100 kg (220 lb); BMI is 37 kg/m². Vital signs are normal, and physical examination discloses no abnormalities. Which of the following is the most appropriate next step?",Which of the following is the most appropriate next step?,"
A. Administer an epidural injection of methylprednisolone 
B. Order MRI of the lumbosacral spine 
C. Order x-rays of the lumbosacral spine 
D. Recommend beginning a weight loss program 
E. Recommend decreasing physical activity
",D,B,False,"Given the patient's medical history of gestational diabetes, it makes sense to start considering imaging studies that can help diagnose the cause of the low back pain more definitively. MRI scans of the lumbar spine can detect issues such as spinal stenosis, which is common in pregnant women due to the increased pressure on the lower back. Let's break down why this is the most appropriate choice and why the other options might not be as suitable: ### Option A: Administer an epidural injection of methylprednisolone - Misleading: While this could potentially relieve some symptoms, it is not specific enough to determine the underlying cause. - Not Specific: The use of methylprednisolone would likely only reduce inflammation rather than address the root cause of the low back pain. ### Option C: Order x-rays of the lumbar spine - Sufficient: X-rays can provide clear images of the lumbar spine, helping to rule out fractures, tumors, or other conditions that might explain the pain. - Specific: They can identify any structural changes or abnormal bone growth that could contribute to chronic low back pain. ### Option D: Recommend beginning a weight loss program - Unnecessary: Although losing weight can sometimes alleviate symptoms, it does not directly address the cause of the low back pain. - Incomplete: It doesn't fully address the issue without addressing the underlying causes. ### Option E: Recommend decreasing physical activity - Incorrect: While physical activity can improve overall health and reduce stress, it alone cannot cure the condition unless there is another underlying issue like osteoporosis or scoliosis. - Inadequate: Physical activity should be part of a comprehensive management plan, but it isn't necessarily the first line of treatment. Therefore, ordering an MRI of the lumbar spine is the most appropriate next step based on the patient's medical history and current state of health. This will allow for accurate diagnosis and appropriate management of the patient's condition.",0.0084,0.0221,0.1358,0.0554,0.0372,0.0554,0.0554,0.4562,0.5373,0.6393
"A 46-year-old woman comes to the office because of a 4-month history of irregular vaginal bleeding that occurs every 2 weeks and lasts 3 to 5 days. Until 5 months ago when she missed a period, her periods had occurred at regular 30-day intervals and lasted for 5 days. She has not had vaginal pain or discharge, headache, dizziness, chest pain, or shortness of breath. Medical history is unremarkable. She takes no medications. Vital signs are temperature 37.0°C (98.6°F), pulse 80/min, respirations 16/min, and blood pressure 120/60 mm Hg. Pelvic examination discloses normal external female genitalia. There is a small amount of blood in the cervical os. Uterus is 10 cm, mobile, anteverted, nontender, and irregular in shape. Adnexa are without masses or tenderness. Hemoglobin concentration is 10.2 g/dL. Which of the following is the most appropriate next step in evaluation?",Which of the following is the most appropriate next step in evaluation?,"
A. Determination of serum thyroid-stimulating hormone and prolactin concentrations 
B. CT scan of the pelvis 
C. Endometrial biopsy 
D. Hysteroscopy with dilatation and curettage 
E. Trial of hormone replacement therapy
",C,A,False,"This option addresses the primary cause of the patient's symptoms – an overactive thyroid gland (hyperthyroidism). Hyperthyroidism typically presents with symptoms such as irregular vaginal bleeding, fatigue, weight loss, and menstrual disorders. The TSH level being elevated suggests hyperthyroidism, which would prompt further investigation into whether this condition is causing the bleeding. - Option B (CT scan of the pelvis): While a pelvic ultrasound can help assess for potential abnormalities, it does not directly address the underlying cause of the bleeding. - Option C (Endometrial biopsy): Although endometrial tissue might be present in cases of hyperthyroidism, the presence of blood in the cervical mucosa alone is insufficient to diagnose hyperthyroidism specifically due to the abnormality of the cervical mucosa. - Option D (Hysteroscopy with dilatation and curettage): This procedure involves examining the uterus through a hysteroscope and removing any tissue from the cervix and fallopian tubes to rule out other causes of bleeding. It is indeed appropriate if there are concerns about other causes like endometritis or tubal pregnancy. - Option E (Trial of hormone replacement therapy): Hormone replacement therapy should be considered initially as well, especially if the bleeding pattern continues despite conservative management. However, it is crucial to confirm the cause before proceeding with hormonal interventions. In conclusion, the determination of serum thyroid-stimulating hormone and prolactin levels provides the necessary diagnostic tools to identify the source of the patient's bleeding and initiate appropriate treatment. Therefore, Option A is the most appropriate initial step in evaluating the patient's condition.",0.0035,0.0281,0.2194,0.069,0.0386,0.069,0.069,0.4683,0.5623,0.7468
"A 36-year-old woman is referred to the office for evaluation of a fasting serum total cholesterol concentration of 249 mg/dL. She has a family history of early coronary artery disease (CAD) and her father died suddenly at age 46 years of myocardial infarction. She tells you that she has never had chest pain. She is not currently sexually active and has no children. The patient works as an advertising executive. She claims that her high-stress lifestyle makes it impossible for her to eat regular meals or to follow a special diet, and she usually eats fast food. She exercises two or three times a week for about 20 minutes on a treadmill. She has smoked one pack of cigarettes daily for the past 20 years. Her only medication is acetaminophen for tension headaches. She is 165 cm (5 ft 5 in) tall and weighs 76 kg (167 lb); BMI is 28 kg/m². Vital signs today are normal. Physical examination discloses no abnormalities except for mild obesity. Institution of which of the following is the most essential step in the prevention of CAD in this patient?",Institution of which of the following is the most essential step in the prevention of CAD in this patient?,"
A. Biofeedback-based stress reduction program 
B. More rigorous and consistent exercise program 
C. Smoking cessation program 
D. Strict low-calorie diet 
E. Strict low-fat diet
",C,E,False,"For a 36-year-old woman who has been diagnosed with high cholesterol levels (serum total cholesterol concentration of 249 mg/dL), the primary goal of intervention should be focused on reducing overall dietary fat intake. This is because: 1. Cardiovascular Risk Factors: High cholesterol levels increase the risk of heart disease, stroke, and other cardiovascular diseases. A high-fat diet can exacerbate these risks. 2. Weight Management: Even though the patient mentions being overweight, maintaining a healthy weight is crucial. Being overweight increases the risk of developing cardiovascular problems due to its association with insulin resistance, increased triglyceride levels, and elevated blood pressure. 3. Reducing Stress: Chronic stress can contribute to the development of high cholesterol. By adopting a more relaxed lifestyle, including strict low-fat diets, smoking cessation programs, and regular physical activity, the patient's body will naturally become less sensitive to stress hormones, thereby helping to lower their overall cholesterol levels. 4. Regular Exercise: Regular physical activity helps to reduce both LDL (bad) cholesterol and triglycerides. However, it also promotes weight loss, which can help improve cardiovascular health. While options B and C address specific aspects of lifestyle modification, they do not directly address the core issue of reducing total cholesterol levels. Option D, while important, does not specifically address cholesterol levels but rather focuses on diet and nutrition. Therefore, the most essential step in preventing CAD for this patient would involve a combination of lifestyle modifications aimed at reducing total cholesterol levels through diet, exercise, and stress management. In conclusion, strictly adhering to a low-fat diet combined with appropriate exercise is the most comprehensive approach to managing high cholesterol and related cardiovascular risks.",0.0063,0.0466,0.2563,0.1074,0.0405,0.0805,0.0805,0.5147,0.5596,0.7054
"A 57-year-old man was admitted to the intensive care unit from the emergency department 3 hours ago for treatment of an acute exacerbation of chronic obstructive pulmonary disease. He was brought to the emergency department by ambulance following a 2-hour history of severe shortness of breath and non-productive cough. Chest x-ray obtained on arrival showed significant air-trapping but no infiltrate. The patient was intubated in the emergency department, but now his ventilator pressure alarm is sounding and his blood pressure is dropping. Medical history is otherwise unremarkable. Medications include ipratropium and prednisone. He has smoked 11⁄2 packs of cigarettes daily for about 40 years. Vital signs are temperature 37.7°C (99.9°F), pulse 106/min, respirations 12/min on intermittent mandatory ventilation, and blood pressure 72/46 mm Hg. Pulse oximetry on 40% FIO₂ shows an oxygen saturation of 91%. He appears obtunded and is poorly responsive. Physical examination shows jugular venous distention in the supine position; trachea is midline. Auscultation of the lungs discloses decreased breath sounds bilaterally with inspiratory and expiratory wheezing and a prolonged expiratory phase. Examination of the upper extremities shows 2+ digital clubbing bilaterally. There is no cyanosis or edema. Which of the following is the most appropriate management?",Which of the following is the most appropriate management?,"
A. Adjustment of the ventilator settings 
B. Insertion of bilateral chest tubes 
C. Intravenous dopamine 
D. Intravenous low-molecular-weight heparin 
E. 1-L bolus of intravenous 0.9% saline 
F. Needle decompression
",A,E,False,"Given the patient's clinical presentation, which includes acute exacerbation of chronic obstructive pulmonary disease (COPD) symptoms such as respiratory distress, hypoxemia, jugular venous distention, tracheal deviation, and clubbing, the primary concern should be addressing the underlying cause rather than managing symptoms. Here’s the rationale behind this choice: 1. Chest X-Ray Findings: Significant air trapping and no infiltrates suggest a diagnosis of COPD exacerbation, likely with concurrent infection. 2. Ventilator Pressure Alarm: This indicates that the patient may have developed a complication such as pneumonia, possibly due to the presence of a bacterial infection. 3. Blood Pressure Drop: While the patient has been stable for several days without improvement, a drop in blood pressure could indicate sepsis or other complications. 4. Medication Status: Despite being on medications like ipratropium and prednisone, these drugs alone do not address the underlying issue of infection. 5. Clinical Presentation: Jugular venous distention, tracheal deviation, clubbing, and dyspnea all point towards potential lung infections or complications related to the COPD exacerbation. Considering the above points, the most appropriate management would involve immediate intervention to manage the underlying infection or treat any existing infection if it exists. Intravenous antibiotics would be crucial to combat the bacterial infection causing the acute exacerbation. Therefore, the best course of action would be to adjust the ventilator settings, insert bilateral chest tubes, or administer intravenous antibiotics. None of the other options (e.g., Dopamine, heparin, or 1-l bolus of saline) would effectively manage the condition based on the current evidence. Thus, E is the most appropriate management option among the given choices.",0.0065,0.0224,0.1721,0.0584,0.0368,0.0584,0.0584,0.4115,0.5067,0.6927
"A 32-year-old woman comes to the office because of a 2-week history of burning rectal pain and bleeding. She says, ""The pain is like being burned with a hot poker."" The pain is at its worst when she has a bowel movement and for approximately 20 minutes after defecation. She rates the pain at its worst as an 8 on a 10-point scale. She has noticed small amounts of bright red blood on the toilet paper when wiping, as well as drops of blood on her underwear. Medical history is unremarkable and she takes no medications. BMI is 28 kg/m². Vital signs are normal. Abdominal examination discloses no abnormalities. The patient has pain during rectal examination. Anoscopy shows a small tear in the anal mucosa. Test of the stool for occult blood is positive. Which of the following is the most appropriate next step in management?",Which of the following is the most appropriate next step in management?,"
A. Colonoscopy 
B. Excision and drainage 
C. Internal banding 
D. Oral docusate 
E. Sclerotherapy
",D,A,False,"Based on the patient's symptoms, medical history, physical exam findings (pain during rectal examination), and test results (positive stool occult blood), the initial diagnosis seems to be hemorrhoids, particularly a small tear in the anal mucosa. Given these clinical features, colonoscopy would be the most appropriate next step in managing this condition. ### Why Colonoscopy Is Appropriate: 1. Diagnosis: Colonoscopy can confirm that there is indeed a small tear in the anal mucosa and that the underlying cause of hemorrhoids is not the hemorrhaging itself but rather the damage caused by the tear. 2. Preparation: Patients often undergo a colonic preparation before undergoing colonoscopy to minimize discomfort and ensure smooth passage through the colon. 3. Treatment Options: After confirming the presence of a tear, treatment options include: - Excision and Drainage: Removal of the tear and subsequent drainage if necessary. - Internal Banding: Application of medication around the tear site to reduce bleeding and promote healing. - Sclerotherapy: Application of a sclerosant to reduce bleeding and inflammation. - Oral Docusate: Use of oral medications to help prevent recurrence of hemorrhoids. 4. Long-term Management: Treatment outcomes depend on whether the tear heals completely or if it recurs. If the tear does heal, regular follow-up is recommended to monitor for recurrence. Given the patient's history, the risk of complications such as recurrent tears or severe bleeding from the anal canal is lower than with other treatment options. Therefore, colonoscopy provides the best assurance of achieving a definitive diagnosis and initiating appropriate treatment without unnecessary risks.",0.0103,0.0305,0.1659,0.0758,0.0458,0.0606,0.0606,0.4737,0.5428,0.6922
"A 16-year-old girl is brought to the office by her mother because she is concerned that she may have contracted meningitis from her soccer teammate, who was diagnosed with meningococcal meningitis and admitted to the hospital yesterday. The patient's soccer team traveled to a neighboring state to participate in a tournament 1 week ago and she shared a hotel room with the girl who was hospitalized. The patient feels well but is concerned she may have ""caught the same bug."" Medical history is remarkable for asthma. Medications include inhaled albuterol. Vital signs are temperature 37.2°C (98.9°F), pulse 64/min, respirations 16/min, and blood pressure 107/58 mm Hg. Physical examination shows no abnormalities. Which of the following is the most appropriate intervention for this patient at this time?",Which of the following is the most appropriate intervention for this patient at this time?,"
A. Administer the meningococcal vaccine 
B. Prescribe doxycycline 
C. Prescribe penicillin 
D. Prescribe rifampin 
E. Assure the patient that no anti-infective prophylaxis is necessary
",D,D,True,"Given the patient's history of asthma and the fact that they are seeking medical attention due to concerns about contracting meningitis, it makes sense to start with antibiotics as a precautionary measure. Rifampin is an antibiotic that can be used for various infections, including bacterial meningitis. It is particularly effective against meningococci, which are common causes of meningitis. While aspirin has been recommended for children under 18 years old who are at high risk for bacterial meningitis, it is not typically considered first-line treatment for meningococcal meningitis unless there are contraindications such as severe gastrointestinal illness or allergic reactions to other medications. However, since the patient's asthma is already present and there isn't evidence of any direct risk factors for meningitis (such as recent exposure to meningococcal bacteria), rifampin would likely be the most appropriate choice. This approach aims to prevent infection rather than treat one's condition. Therefore, prescribing rifampin aligns with the patient's health status and the need for preventive measures against meningitis.",0.0,0.0444,0.2243,0.1189,0.0219,0.0973,0.0973,0.4869,0.57,0.6106
"A 27-year-old nulligravid woman comes to the office because of a 1-month history of daily vaginal bleeding associated with lower abdominal pain and, more recently, shortness of breath. Three days ago, she also developed aching pain of her sternum, which she rates as a 10 on a 10-point scale. During the 6 months prior to her current symptoms, the patient's menstrual periods occurred regularly but were heavy in flow. Her current bleeding has required changing her sanitary pad every 2 hours. Medical history is significant for sickle cell anemia. Medications include hydroxyurea (500 mg daily). The patient appears younger than her stated age. She is 162 cm (5 ft 4 in) tall and weighs 54 kg (120 lb); BMI is 21 kg/m². Vital signs are temperature 37.7°C (99.8°F), pulse 99/min, respirations 19/min, and blood pressure 129/79 mm Hg. Auscultation of the chest discloses coarse breath sounds in both lung bases and a grade 2/6 systolic murmur heard best at the second left intercostal space. Results of laboratory studies are shown: Blood Hematocrit - 18.0% Hemoglobin - 5.7 g/dL RBC - 3.8 million/mm³ WBC - 3000/mm³ Reticulocyte count - <0.4% of red cells Which of the following is the most appropriate management of this patient's sternal pain?",4% of red cells Which of the following is the most appropriate management of this patient's sternal pain?,"
A. Exchange transfusion 
B. Increased dose of hydroxyurea 
C. Initiation of erythropoietin therapy 
D. Iron supplementation 
E. Transfusion of packed red blood cells
",E,D,False,"Reasoning: - Patient’s Symptoms: The patient reports a 10 point shortness of breath due to sternum pain, which suggests cardiac issues. - Vital Signs: The patient's blood pressure is within normal limits at 129/79 mmHg, indicating good overall health. - Laboratory Findings: The patient's hematocrit, hemoglobin, RBC count, and reticulocyte count are all within normal ranges, suggesting no evidence of iron deficiency anemia or other compensatory conditions that could be contributing to the symptoms. - History: The patient has a history of frequent heavy menstrual cycles and currently experiencing lower abdominal pain, which aligns with sickle cell anemia-related anemia. Given these clinical findings and the absence of any compensatory conditions, iron supplementation is the most appropriate initial management strategy for this patient. Iron supplementation can help address the underlying anemia caused by sickle cell disease, leading to improved oxygen delivery to tissues and potentially alleviating the patient's shortness of breath and other symptoms. Conclusion: Iron supplementation is the most appropriate management for this patient's sternal pain.",0.016,0.0684,0.4109,0.1596,0.086,0.1596,0.1596,0.5247,0.6266,0.7609
"A 67-year-old man with Parkinson disease is admitted to the hospital for treatment of pneumonia. The patient's daughter, who is visiting the patient, says he has had increased lethargy for the past day and decreased ambulation during the past 6 months. She also says that there are times during the day when his tremors increase in severity, although he continues to care for himself at home. Medical history is also remarkable for hypertension. Medications include hydrochlorothiazide, atenolol, levodopa, and carbidopa. He is 168 cm (5 ft 6 in) tall and weighs 78 kg (172 lb); BMI is 28 kg/m². Vital signs are temperature 38.9°C (102.0°F), pulse 60/min supine and 68/min standing, respirations 22/min, and blood pressure 100/60 mm Hg supine and 80/50 mm Hg standing. The patient appears ill and older than his stated age. He is fully oriented but lethargic. Auscultation of the chest discloses rhonchi in the right mid lung field. Abdominal examination discloses no abnormalities. Neurologic examination discloses masked facies, bradykinesia, and cogwheel rigidity; gait was not assessed on admission. Chest x-ray shows a right lower lobe infiltrate. ECG shows no abnormalities. Appropriate intravenous antibiotic therapy is initiated. Prior to discharge, which of the following is the most appropriate step?","Prior to discharge, which of the following is the most appropriate step?","
A. Obtain CT scan of the chest 
B. Obtain a swallowing evaluation 
C. Place a percutaneous endoscopic gastrostomy (PEG) tube 
D. Prescribe fludrocortisone 
E. Prescribe prophylactic levofloxacin
",B,B,True,"In this scenario, the patient presents with symptoms consistent with Parkinson's disease (PD), including bradykinesia, cogwheel rigidity, and a mask-like facial expression, which are characteristic of PD patients. These clinical findings align well with the diagnosis of PD. Given that the patient has a history of hypertension, it is important to rule out any potential complications from the underlying condition. The presence of hypertension suggests that there might be an underlying issue related to the cardiovascular system affecting the patient's neurological function. The patient's family history of PD and the fact that they have been taking antihypertensive medications indicate that the primary concern should be PD rather than hypertension. Therefore, obtaining a swallowing evaluation is the most appropriate initial step before discharge. Options A and C do not pertain directly to the current assessment of the patient's health status: - Option A (CT Scan of the Chest): While imaging can sometimes help diagnose conditions like PD, it does not specifically address the patient's current symptoms. - Option C (Percutaneous Endoscopic Gastrostomy (PEG) Tube Placement): This procedure is typically reserved for critically ill patients requiring immediate medical intervention due to gastrointestinal issues. Option D (Prescribing Fludrocortisone) is unrelated to the patient's current state and would not be indicated without further information about the patient's overall health. Therefore, the most appropriate course of action after admitting the patient for discharge involves obtaining a comprehensive evaluation focusing on their current health status, particularly regarding PD-related symptoms and any other relevant factors.",0.0036,0.0391,0.1782,0.0749,0.0302,0.0599,0.0599,0.4719,0.554,0.7157
"A 47-year-old man is admitted to the hospital through the emergency department because of the sudden onset of palpitations, left-sided chest pain, light-headedness, and shortness of breath that began while he was watching television 2 hours ago. Medical history is remarkable for paroxysmal atrial fibrillation. The patient is 180 cm (5 ft 11 in) tall and weighs 82 kg (180 lb); BMI is 25 kg/m². ECG obtained in the emergency department showed atrial fibrillation with narrow QRS complex. Pulse was 146/min. Physical examination was remarkable for rapid heart rate. The patient was given oxygen via nasal cannula and intravenous metoprolol 5 mg every 5 minutes for a total of 15 mg. His pulse slowed to 90/min. Two hours after admission, he is pain free but his pulse is now 160/min. Blood pressure is 122/78 mm Hg. In order to decrease the patient's pulse, which of the following should be administered intravenously?","In order to decrease the patient's pulse, which of the following should be administered intravenously?","
A. Adenosine 
B. Digoxin 
C. Enalapril 
D. Lidocaine 
E. Metoprolol
",E,D,False,"1. Medical History and Symptoms: The patient has been experiencing symptoms such as palpitations, left-sided chest pain, light-headedness, and shortness of breath, all of which were characteristic of paroxysmal atrial fibrillation. The patient also had a history of paroxysmal atrial fibrillation, suggesting a predisposition to this condition. 2. Initial Management: After receiving oxygen via nasal cannula and intravenous metoprolol, the patient's heart rate returned to normal at 90 beats per minute. However, within two hours, the patient's heart rate became significantly elevated to 160 beats per minute. This marked an improvement from the initial observation of rapid heart rate but indicates potential for further stabilization. 3. Current Condition: The patient's current pulse rate of 160 beats per minute suggests an increase in the heart's workload. While the initial management aimed to reduce the heart rate to 90 bpm, it appears that the current rate may have increased due to the patient's physical exertion or other factors not immediately apparent. 4. Decision on Treatment: Given the significant elevation in the patient's heart rate, it would be prudent to decrease the heart rate to prevent any further cardiac complications. Enalapril, also known as valsartan, is a medication commonly used to treat hypertension and can help reduce heart rate when necessary. 5. Options Analysis: - A. Adenosine: Adenosine is an alpha-2 agonist and is contraindicated in patients with concomitant arrhythmias. - B. Digoxin: Digoxin is an aldosterone antagonist and is not typically indicated for patients with arrhythmias. - C. Enalapril: Enalapril is a calcium channel blocker that can effectively lower heart rate without affecting blood pressure or causing hypotension. - D. Lidocaine: Lidocaine is an anticoagulant and is generally not used in the treatment of arrhythmias unless specifically indicated. Given these considerations, enalapril is the most appropriate choice to reduce the patient's heart rate, thereby stabilizing the patient's condition until further medical intervention is required.",0.0,0.0279,0.1699,0.0657,0.024,0.0478,0.0478,0.4846,0.5654,0.6712
"A 23-year-old man comes to the clinic to establish care after moving to the area for his first job since graduating from college. He has felt well. Medical history is remarkable for Hodgkin lymphoma diagnosed 10 years ago, which was treated with radiation therapy and a chemotherapy regimen of vinblastine, doxorubicin, methotrexate, and prednisone. BMI is 20 kg/m². Vital signs are within normal limits. The patient appears well. Physical examination discloses no abnormalities. Which of the following screening studies is most appropriate to include in this patient's annual examinations?",Which of the following screening studies is most appropriate to include in this patient's annual examinations?,"
A. Bone marrow aspiration and complete blood count 
B. CT scan of the chest, abdomen, and pelvis 
C. Echocardiography 
D. Fine-needle aspiration biopsy of the thyroid gland 
E. Nerve conduction studies
",C,D,False,"For a 23-year-old male who has had a diagnosis of Hodgkin lymphoma that was previously treated with radiation therapy and chemotherapy, the most appropriate follow-up screening study would be fine-needle aspiration (FNA) of the thyroid gland. Here’s why: 1. Hodgkin Lymphoma: A diagnosis of Hodgkin lymphoma typically requires a thorough evaluation of the lymph nodes and other soft tissues. FNA can be performed to assess the extent of the lymph node involvement, which is crucial information for determining treatment options. 2. Radiation Therapy and Chemotherapy: These treatments have been successful in treating Hodgkin lymphoma. The presence of residual cancer cells in the affected areas might indicate recurrence post-treatment. By performing a FNA of the thyroid gland, doctors can identify any remaining lymph node metastases or residual cancer tissue, which is essential for planning future treatment strategies. 3. Vital Signs: Although not directly related to the primary diagnosis, it is important to monitor vital signs as they can sometimes be indicators of complications or side effects of the treatment. However, these signs are more relevant to the initial diagnosis rather than ongoing monitoring. 4. BMI and Other Physical Examinations: While BMI is important for overall health assessment, it does not specifically correlate with the progression of Hodgkin lymphoma or its response to treatment. Therefore, it is less suitable compared to FNA of the thyroid gland. 5. Other Options: - Bone Marrow Aspiration and Complete Blood Count (CBC): These tests are generally not used for the primary diagnosis of Hodgkin lymphoma. - CT Scan of the Chest, Abdomen, and Pelvis: This test is primarily used for detecting lung disease, especially if there are symptoms suggestive of lymphadenopathy. - Nerve Conduction Studies: These tests are often used in neurology but may not be necessary for diagnosing Hodgkin lymphoma. In summary, FNA of the thyroid gland provides the most comprehensive and accurate information regarding the status of the lymph nodes and the possibility of recurrence, making it the optimal choice for ongoing surveillance and management of this patient's condition.",0.0,0.0262,0.1856,0.0787,0.0226,0.0506,0.0506,0.4858,0.5533,0.6348
"A 5-year-old boy returns to the office with his mother to discuss results of studies done to evaluate his behavior of eating dirt. The patient sits quietly while his mother answers questions about his health. She says her son seems healthy, although he does not seem to be as active as other children his age. He has said his head hurts three or four times during the past 2 weeks. He has not had fever, sweats, or chills. She says he has a good appetite but has had a habit of eating sand and dirt since age 3 years. She says, ""I don't know where he gets that habit. I used to eat dirt, but I stopped years ago. I try to stop him from eating dirt, but I'm not around much since I work two jobs."" The patient takes no medications. Vaccinations are up-to-date. Height, weight, and BMI are at the 50th percentile. Vital signs are normal. Physical examination discloses no abnormalities except for symmetrical nontender cervical adenopathy. Results of laboratory studies, including serum zinc, lead, and iron concentrations, are within the reference ranges. Serologic testing confirms toxoplasmosis. In addition to prescribing pyrimethamine and sulfadiazine therapy, which of the following is the most appropriate next step in management?","In addition to prescribing pyrimethamine and sulfadiazine therapy, which of the following is the most appropriate next step in management?","
A. Prescribe fluoxetine 
B. Prescribe methylphenidate 
C. Prescribe risperidone 
D. Refer the patient to a child psychiatrist 
E. Refer the patient to a dietician
",D,B,False,"To manage this patient's behavior regarding eating dirt, it would be crucial to address both his current habits and any underlying issues causing them. Given the patient's history of having a bad habit (eating sand/dirt since age 3), it makes sense to first address this issue. Option B (Methylphenidate) can be considered because it may help reduce the patient's need for sand/dirt consumption. However, referring the patient to a child psychiatrist might also be beneficial due to the potential for psychological factors contributing to his behavior. A psychiatrist can offer counseling and possibly medication if necessary. Given the information provided, Option D (Refer the patient to a child psychiatrist) appears to be the most appropriate next step. This approach addresses the root cause of the problem—habit formation—and can lead to better long-term outcomes. Therefore, the best answer is: The correct answer is [B]. - Option B (Methylphenidate) is chosen because it can effectively reduce the need for sand/dirt consumption, thereby addressing the patient's current behavior. - Option C (Risperidone) could potentially be considered for some patients with ADHD, especially those who have been treated with antidepressants before, but it should be discussed with the psychiatrist to ensure safety and efficacy. - Option D (Child Psychiatrist) is the most comprehensive approach considering the complex nature of the patient's situation involving both behavioral and psychological aspects. It allows for more personalized treatment strategies tailored to the specific needs of the individual. - Option E (Dietician) is not recommended as it deals with dietary concerns rather than addressing the underlying habit of eating dirt. Diet-related issues should ideally be managed by dietitians or nutritionists rather than psychiatrists.",0.0063,0.0345,0.1756,0.0662,0.04,0.0596,0.0596,0.5099,0.5847,0.6787
"A 55-year-old woman is brought to the office by her husband because of increasingly severe pain in her mid back for the past week. She says the pain is especially severe with walking. Her husband says she has been favoring her right leg for the past 3 days. Ibuprofen no longer controls the pain. She enjoys gardening but had to discontinue it 1 week ago because of the pain. She has not had bowel or bladder dysfunction. She underwent a right mastectomy 3 years ago for carcinoma and has been taking tamoxifen since that time. She is 173 cm (5 ft 8 in) tall and weighs 66 kg (145 lb); BMI is 22 kg/m². Vital signs are temperature 38.0°C (100.4°F), pulse 90/min, respirations 15/min, and blood pressure 118/72 mm Hg. Strength is 3/5 in all muscle groups of the right lower extremity and 5/5 in the left lower extremity. Achilles and patellar reflexes are hyperactive on the right and normal on the left. Sensation to pinprick and temperature is decreased in the left lower extremity to the level of the inguinal ligament. Sensation to vibration is decreased in the right lower extremity. Reflexes and sensation are otherwise intact. Rectal sphincter tone is normal. Which of the following is the most appropriate next step?",Which of the following is the most appropriate next step?,"
A. Acetaminophen-oxycodone therapy and referral for physical therapy 
B. Admission to the hospital for pain control 
C. Electromyography and nerve conduction studies 
D. MRI of the thoracic spine 
E. Technetium 99m scan
",D,B,False,"This option aligns well with the patient's symptoms and history. The patient presents with progressively worsening pain in her mid-back, particularly when walking. This progression suggests an underlying condition rather than a simple musculoskeletal issue. The fact that she prefers one leg over the other for gardening indicates potential neurological involvement, possibly related to spinal cord injuries. Why Option A is Incorrect: - Acetaminophen-oxycodone Therapy and Referral for Physical Therapy: While acetaminophen can be used to manage pain, it should be prescribed by a healthcare provider. The use of opioids like oxycodone requires careful monitoring and may have side effects. Referring the patient to a physical therapist might help alleviate some of the pain and improve mobility, but it doesn't address the core cause of the pain. Why Option C is Incorrect: - Electromyography and Nerve Conduction Studies: These tests would primarily assess neuromuscular function and could rule out conditions such as peripheral neuropathy or myasthenia gravis, which might explain the reduced sensation. However, they do not directly address the underlying cause of the pain. Why Option D is Incorrect: - MRI of the Thoracic Spine: An MRI of the thoracic spine is crucial for diagnosing and evaluating spinal cord injuries. It can show abnormalities indicative of spinal cord compression, such as disc herniation or tumor, which would explain the increased pain and weakness. Additionally, MRI can identify any structural changes within the vertebrae that might contribute to the pain. Why Option E is Incorrect: - Technetium 99m Scan: Although this test can sometimes detect metabolic abnormalities, it does not specifically target spinal cord issues. It also has limitations due to its radioactive nature and potential interference with imaging techniques. Given these considerations, admission to the hospital for pain control is the most appropriate next step. This approach allows for immediate assessment and management of the patient's symptoms while providing them with necessary medical care and interventions tailored to their specific needs.",0.0085,0.0224,0.1805,0.0541,0.0363,0.0541,0.0541,0.4543,0.5388,0.695
"A 7-year-old boy with sickle cell disease is brought to the office by his father because of fever and bone pain. The father says that his son was discharged 5 days ago after a 3-day hospitalization for the same symptoms. The patient had been admitted with a diagnosis of vaso-occlusive crisis with bone infarct, with resolution of symptoms after treatment with intravenous fluids, narcotics, and antibiotic therapy for 3 days. Blood cultures were negative. The patient's back pain and fever recurred 2 days ago and seem more severe than prior to the hospitalization. His medical chart shows that he had one other uncomplicated hospital admission at age 4 years for a vaso-occlusive crisis with lower extremity bone pain. Vital signs today are temperature 39.2°C (102.5°F), pulse 110/min, respirations 24/min, and blood pressure 115/60 mm Hg. The patient is uncomfortable but does not appear toxic. Cardiac examination discloses a grade 2/6 systolic ejection murmur at the left lower sternal border. Spleen is not palpated. There is considerable tenderness over the L1–L3 region of the back without fluctuation. There is diffuse pain in both thighs without localization, but range of motion is normal. Which of the following studies is most likely to establish the diagnosis at this time?",Which of the following studies is most likely to establish the diagnosis at this time?,"
A. Blood culture 
B. CT scan of the spine 
C. MRI of the lumbar spine 
D. Ultrasonography of the spine 
E. X-ray of the spine
",C,E,False,"Given the patient's history and clinical presentation, which includes fever, bone pain, and a history of a previous vaso-occlusive crisis, the most appropriate next step would be to perform an x-ray of the spine. This is crucial because the presence of bone pain, especially in the lower back, suggests involvement of the vertebral column. A thorough evaluation of the spine can help rule out conditions such as osteoarthritis, spondylosis, or fractures, which could explain the patient’s discomfort and recent changes in symptom severity. Here's a brief overview of why the other options are less likely: - Blood Culture: While blood cultures might reveal pathogens, they cannot definitively identify the cause of the patient's symptoms without additional diagnostic tests. - CT Scan of the Spine: While it can show bony abnormalities, its primary purpose is imaging soft tissues like the spinal cord and meninges, making it less suitable for identifying the underlying cause of bone pain and fever. - MRI of the Lumbar Spine: This is more specific for diagnosing spinal conditions, including those related to bone marrow edema, which can contribute to the patient's symptoms. However, it also has limitations in showing soft tissue structures like the vertebral column. - Ultrasonography of the Spine: This test is primarily used for assessing fluid levels within organs, not for detecting the underlying causes of bone pain and fever. Therefore, performing an x-ray of the spine is the most definitive initial step in evaluating the patient's condition, allowing for accurate diagnosis and treatment planning.",0.0,0.0283,0.1379,0.0738,0.0074,0.059,0.059,0.4804,0.5806,0.6248
"A 7-year-old boy with sickle cell disease is brought to the office by his father because of fever and bone pain. The father says that his son was discharged 5 days ago after a 3-day hospitalization for the same symptoms. The patient had been admitted with a diagnosis of vaso-occlusive crisis with bone infarct, with resolution of symptoms after treatment with intravenous fluids, narcotics, and antibiotic therapy for 3 days. Blood cultures were negative. The patient's back pain and fever recurred 2 days ago and seem more severe than prior to the hospitalization. His medical chart shows that he had one other uncomplicated hospital admission at age 4 years for a vaso-occlusive crisis with lower extremity bone pain. Vital signs today are temperature 39.2°C (102.5°F), pulse 110/min, respirations 24/min, and blood pressure 115/60 mm Hg. The patient is uncomfortable but does not appear toxic. Cardiac examination discloses a grade 2/6 systolic ejection murmur at the left lower sternal border. Spleen is not palpated. There is considerable tenderness over the L1–L3 region of the back without fluctuation. There is diffuse pain in both thighs without localization, but range of motion is normal. MRI of the spine confirms the diagnosis. Which of the following is the most appropriate initial intravenous pharmacotherapy?",Which of the following is the most appropriate initial intravenous pharmacotherapy?,"
A. Ceftriaxone 
B. Cephalothin and clarithromycin 
C. Clindamycin and gentamicin 
D. Nafcillin 
E. Vancomycin and cefotaxime
",E,C,False,"In this scenario, the patient has been hospitalized multiple times due to similar symptoms, including fever, bone pain, and a vaso-occlusive crisis. Given these historical cases, it is reasonable to consider cephalothin and clarithromycin as potential treatments. - Option A: Ceftriaxone - This drug is typically used for infections caused by beta-hemolytic streptococci, which would be unlikely given the presence of sickle cell disease. - Option B: Cephalothin and clarithromycin - These drugs have been shown to be effective against infections caused by Gram-negative bacteria such as Staphylococcus aureus, which fits well with the patient’s history. - Option C: Clindamycin and gentamicin - These antibiotics are often used for bacterial infections, especially those involving soft tissues like bones, making them suitable for treating bone pain associated with sickle cell disease. - Option D: Nafcillin - While nafcillin can be used in certain cases, it is less commonly prescribed compared to cephalothin and clarithromycin, and it might not be necessary given the patient's condition. - Option E: Vancomycin and cefotaxime - These drugs are usually reserved for Gram-positive bacterial infections and do not align with the patient's condition described. Given the patient's history of recurrent vaso-occlusive crises and the fact that they have been hospitalized multiple times, cephalothin and clarithromycin are likely the most appropriate initial intravenous pharmacotherapy options. They can effectively manage infections and reduce the frequency of hospitalizations in patients with sickle cell disease who experience vaso-occlusive crises.",0.0115,0.034,0.2535,0.08,0.0403,0.08,0.08,0.4694,0.5816,0.6757
"A 24-year-old man comes to the emergency department because of right lower quadrant abdominal pain and nausea that began suddenly 6 hours ago. He rates the pain as a 6 on a 10-point scale and asks for pain medication. Medical history is unremarkable. He takes only a multivitamin. Vital signs on arrival are temperature 38.7°C (101.6°F), pulse 105/min, respirations 16/min, and blood pressure 110/85 mm Hg. Physical examination discloses exquisite tenderness in the right lower quadrant of the abdomen. The remainder of the examination discloses no abnormalities. The surgical consultant cannot evaluate the patient for 2 hours. Which of the following is the most appropriate next step?",Which of the following is the most appropriate next step?,"
A. Administer acetaminophen 
B. Administer gabapentin 
C. Administer lorazepam 
D. Administer morphine 
E. Explain to the patient that analgesics would interfere with the surgical examination
",D,C,False,"Given the patient's symptoms, which include intense pain in the right lower quadrant, nausea, and a high body temperature (38.7°C), it is crucial to address these immediate concerns before proceeding with any further interventions. Lorazepam is a benzodiazepine commonly used to treat anxiety disorders and panic attacks. It can help manage severe pain and agitation due to its sedative properties. However, it should be administered under strict medical supervision to ensure safety and efficacy. While other options like acetaminophen (option A) and morphine (option D) might be considered in certain scenarios, they do not fit well for this specific case. Acetaminophen is typically used for mild to moderate pain, while morphine has been known to cause serious respiratory depression if not properly managed. Moreover, the patient’s low blood pressure suggests an urgent need for intervention rather than a contraindication for such medications. Therefore, the administration of lorazepam is the most appropriate initial action given the current condition. This will allow the surgical team to perform necessary examinations safely without compromising the patient's vital signs.",0.0051,0.0303,0.1768,0.0741,0.0321,0.0635,0.0635,0.4842,0.5445,0.6616
"A 74-year-old man who had a stroke 2 years ago is admitted to the hospital from the nursing care facility because of a 4-day history of reduced urinary output, and worsening abdominal pain, nausea, and lethargy. The stroke had resulted in right-sided hemiparesis and difficulties with speech and swallowing. Medical history is also significant for hypertension. The patient has been hospitalized twice during the past 3 months for pneumonias that did not respond to oral antibiotic therapy in the nursing facility. He underwent bladder catheterization during each of the recent hospitalizations for a total of 6 days to monitor urine output. The catheter was removed prior to each discharge. Bladder catheterization attempts during the past several days in response to his current symptoms have been unsuccessful. Now on admission, the patient appears agitated and confused. Vital signs are temperature 36.9°C (98.4°F), pulse 110/min, respirations 24/min, and blood pressure 160/100 mm Hg. Physical examination discloses jugular venous distention, 8 cm at 45 degrees. Lungs are clear to auscultation. Auscultation of the heart discloses regular tachycardia with no gallops. There is fullness and tenderness to palpation of the low central abdomen but no rebound or guarding. Examination of the extremities shows 1+ pedal edema bilaterally. The prostate is normal in size and has no palpable nodules or tenderness. Results of laboratory studies are shown: Serum Urea nitrogen - 73 mg/dL Creatinine - 4.2 mg/dL Calcium - 8.6 mg/dL Na⁺ - 134 mEq/L K⁺ - 5.6 mEq/L Cl⁻ - 100 mEq/L HCO3⁻ - 20 mEq/L Mg2⁺ - 2.0 mEq/L Glucose - 126 mg/dL Phosphorus - 4.8 mEq/L Blood Hematocrit - 32% Hemoglobin - 10.6 g/dL WBC - 8200/mm³ Platelet count - 359,000/mm³ Ultrasonography shows distention of the bladder and bilateral hydronephrosis. ECG shows sinus tachycardia. Which of the following is the most appropriate next step?",Which of the following is the most appropriate next step?,"
A. Administration of bethanechol 
B. Administration of prazosin 
C. Hemodialysis 
D. Placement of a suprapubic catheter 
E. Ultrafiltration
",D,D,True,"Given the patient's condition, which includes severe hemodynamic instability due to right-sided hemiparesis and difficulty swallowing, dehydration, and an elevated creatinine level, the initial management should be aimed at addressing these critical issues while addressing the underlying cause of the hemiparesis. 1. Hemodynamic Issues: The presence of jugular venous distention suggests a high volume state, which can lead to fluid overload and hypotension if not managed promptly. Given the patient's age and history of stroke, this could indicate left-sided hemiparesis as well. However, since the patient is already experiencing severe hemodynamic compromise, immediate intervention is crucial. 2. Urinary Output: The patient's decreased urinary output and worsening abdominal pain, nausea, and lethargy suggest that there may be a problem with the urinary system. A suprapubic catheter would allow for direct access to the bladder and help manage the patient's fluid intake and potentially reduce the risk of urinary tract infections. 3. Nutritional Status: The presence of weight loss, nausea, and lethargy indicates malnutrition or dehydration. This needs to be addressed immediately through feeding tubes or nutritional support measures. 4. Vital Signs and Laboratory Tests: The patient's vital signs (temperature, pulse, respiration) show signs of dehydration, suggesting the need for hydration. Additionally, the electrolyte profile shows hyperkalemia, indicating potential complications such as metabolic acidosis. 5. Laboratory Studies: The results of the laboratory tests are consistent with a suspected kidney dysfunction, including elevated urea nitrogen, creatinine, calcium, sodium, potassium, chloride, and bicarbonate levels, along with a negative glucose and phosphorus result. Conclusion: Since the patient's primary issue is related to fluid balance and dehydration rather than renal function, placing a suprapubic catheter would be the most appropriate initial step. It allows for rapid administration of fluids, monitoring of urine output, and potentially managing the underlying causes of hemodynamic instability and dehydration. Therefore, the correct answer is D. Placement of a suprapubic catheter.",0.0,0.0191,0.1242,0.0489,0.0185,0.0489,0.0489,0.4299,0.5149,0.5998
"A 47-year-old man comes to the emergency department because of a 3-day history of increasing pain, tenderness, and swelling near the fingernail of his right index finger. He rates the pain as an 8 on a 10-point scale. He has not had fever or chills, and he has not sustained any trauma to the finger. Medical history is unremarkable and the patient takes no medications. He appears generally well and is not in distress. Vital signs are temperature 37.1°C (98.8°F), pulse 72/min, respirations 14/min, and blood pressure 120/80 mm Hg. Physical examination of the right hand discloses swelling, erythema, warmth, and tenderness of the periungual region of the right index finger. There is a mildly fluctuant area near the nail edge. The remainder of the physical examination discloses no abnormalities. Which of the following is the most appropriate next step in management?",Which of the following is the most appropriate next step in management?,"
A. Incision and drainage 
B. Oral cefazolin therapy 
C. Topical neomycin therapy 
D. Warm-water soaks
",A,A,True,"The patient presents with symptoms consistent with an infection in the nail bed, specifically an acute purulent fingertip infection. The presence of pus, inflammation, and tenderness suggest a bacterial infection. Incision and drainage is the most appropriate initial treatment for this condition. Reasoning: Infections in the nail bed often require surgical intervention due to their close proximity to nerves and vascular structures. Incisions help to remove infected tissue, drain the pus, and prevent further spread of bacteria. Additionally, if there's concern about complications such as gangrene or abscess formation, immediate surgical attention may be necessary. While oral cefazolin therapy might be considered if there's evidence of antibiotic resistance, it’s less likely given the severity of the infection and the absence of systemic symptoms like high fever or chills. Topical neomycin therapy could also be considered but should only be used under medical supervision, as it can cause side effects. Warm-water soaks would be inappropriate at this stage of the patient's illness, as they don't address the underlying bacterial infection. Therefore, incision and drainage remains the most prudent course of action.",0.005,0.0347,0.1637,0.0707,0.0408,0.0606,0.0606,0.4838,0.5684,0.6652
"A 12-year-old girl with type 1 diabetes mellitus is brought to the emergency department by her parents because of a 2-day history of nausea, vomiting, and decreased oral intake. Medications are insulin glargine and insulin aspart. She decreased her insulin dose at the onset of symptoms but her condition has since worsened and she now is unable to consume solids or liquids without subsequent vomiting. She reports feeling dizzy on standing. Medical history is otherwise unremarkable. She is at the 50th percentile for height, weight, and BMI. Vital signs are temperature 37.8°C (100.1°F), pulse 118/min, respirations 27/min, and blood pressure 85/47 mm Hg. Pulse oximetry on room air shows an oxygen saturation of 99%. Physical examination discloses dry mucous membranes, delayed capillary refill time, and poor skin turgor. Palpation of the abdomen discloses diffuse tenderness with no rebound or guarding. The remainder of the physical examination discloses no abnormalities. Results of laboratory studies obtained on arrival are shown: Serum Urea nitrogen - 28 mg/dL Creatinine - 1.2 mg/dL Na⁺ - 126 mEq/L K⁺ - 4.3 mEq/L Cl⁻ - 95 mEq/L HCO3⁻ - 9 mEq/L Glucose - 563 mg/dL Arterial blood gas values on room air HCO3⁻ 10 mEq/L Partial Pressure of Oxygen - 98 mm Hg Partial Pressure of Carbon Dioxide - 22 mm Hg pH - 7.20 Boluses of intravenous 0.9% saline are administered and an infusion of insulin is initiated. Three hours later the patient becomes somnolent and develops a headache. She has had one episode of emesis and one episode of incontinence. Her urine output has been 30 mL/h. Results of follow-up serum laboratory studies are shown: Urea nitrogen - 24 mg/dL Creatinine - 1.1 mg/dL Na⁺ - 127 mEq/L K⁺ - 3.7 mEq/L Cl⁻ - 98 mEq/L HCO3⁻ - 11 mEq/L Glucose - 287 mg/dL Which of the following is the most appropriate intravenous pharmacotherapy?",7 mEq/L Cl⁻ - 98 mEq/L HCO3⁻ - 11 mEq/L Glucose - 287 mg/dL Which of the following is the most appropriate intravenous pharmacotherapy?,"
A. Bicarbonate 
B. Dexamethasone 
C. 50% Dextrose 
D. Furosemide 
E. Mannitol
",E,C,False,"The patient's current condition requires urgent intervention due to severe dehydration, electrolyte imbalances, and respiratory distress. Given these circumstances, intravenous therapy should be administered immediately to address both fluid overload and metabolic acidosis. - Option A (Bicarbonate): While bicarbonate can help correct metabolic alkalosis, it may not be sufficient to manage the patient's severe dehydration and hypotonic state. In this case, additional supportive measures such as intravenous glucose administration would likely be more effective. - Option B (Dexamethasone): Dexamethasone is indicated for acute stress-related conditions like trauma or infection. It does not directly address the patient's underlying metabolic issues or manage dehydration effectively. - Option C (50% Dextrose): This is the most appropriate choice. Administering 50% dextrose boluses will rapidly increase blood volume, reduce水肿( edema ), and improve overall fluid balance. Additionally, it provides essential electrolytes that can counteract the acidosis caused by the kidneys. - Option D (Furosemide): Furosemide is used to treat edema and renal failure but is not typically indicated for managing dehydration alone. Its use here might exacerbate rather than alleviate the patient’s symptoms. - Option E (Mannitol): Mannitol is used to maintain osmotic equilibrium and reduce swelling but is primarily used for diuretic treatment and not for treating dehydration specifically. Therefore, the most appropriate intravenous pharmacotherapy for this patient is Option C (50% Dextrose).",0.0116,0.0382,0.2078,0.0658,0.0415,0.0658,0.0658,0.4385,0.4896,0.5859
"A 54-year-old woman, gravida 2, para 2, comes to the office because of a 4-month history of hot flushes that awaken her from sleep on most nights. She also reports increased irritability during this time. She has not had fever, shortness of breath, or cough. She says her appetite has been good and her weight has been stable. Medical history is remarkable for hysterectomy done 5 years ago for symptomatic leiomyomata uteri. The patient takes calcium and vitamin D supplements. She has never smoked cigarettes. She drinks one glass of wine 1 night weekly. She is 165 cm (5 ft 5 in) tall and weighs 48 kg (106 lb); BMI is 18 kg/m². Vital signs are temperature 37.0°C (98.6°F), pulse 66/min, respirations 12/min, and blood pressure 108/64 mm Hg. Physical examination discloses no abnormalities. Screening PPD skin test shows 15 mm of induration. Chest x-ray shows densities consistent with granulomata. Which of the following pharmacotherapies is most likely to alleviate this patient's symptoms?",Which of the following pharmacotherapies is most likely to alleviate this patient's symptoms?,"
A. Clonidine 
B. Conjugated estrogen 
C. Fluoxetine 
D. Isoniazid and rifampin 
E. Raloxifene
",B,B,True,"Conjugated estrogens such as lecithin-sphingosine conjugate (LSC) have shown promising results in treating symptoms associated with menopause and hot flashes in older women. They work by binding to estrogen receptors, which can reduce the production of the hormone and alleviate symptoms like hot flashes and irritability. ### Explanation: - Conjugated Estrogens: These are synthetic forms of estradiol that mimic the natural estrogen found in the body. They are effective at reducing the levels of estrogen in the bloodstream, thereby alleviating symptoms like hot flashes and mood swings. - Lecithin-Sphingosine Conjugate (LSC): This is a specific form of conjugated ester that specifically targets estrogen receptors. It is known to be effective in treating menopausal symptoms, including hot flashes and mood changes. - Clonidine: While it can help manage hypertension and other conditions related to menopause, its mechanism of action differs significantly from that of LSC. Clonidine works by blocking dopamine receptors and does not directly target estrogen receptors. - Fluoxetine: This antidepressant affects serotonin and norepinephrine systems, but it does not target estrogen receptors or have demonstrated efficacy in managing menopausal symptoms. - Isoniazid and Rifampin: These drugs are antiretroviral medications used in HIV/AIDS treatment but do not interact well with estrogen or affect estrogen receptor function. - Raloxifene: This medication acts as an estrogen replacement therapy and has been studied extensively for its effects on bone density and cardiovascular health. However, it is not typically used for treating menopausal symptoms unless there is a contraindication due to potential side effects. Given the patient’s medical history and clinical presentation, LSC appears to be the most appropriate choice for addressing the symptoms of menopausal hot flashes and irritability. Therefore, LSC is the most likely pharmacotherapy to alleviate the patient's symptoms effectively.",0.0,0.0276,0.2478,0.0797,0.0334,0.0731,0.0731,0.4976,0.5843,0.769
"A 55-year-old woman, gravida 1, para 1, comes to the office because she is concerned that she has continued to have regular menses while her friends of the same age have gone through menopause. She reports having her usual premenstrual breast tenderness and menstrual cramping. She has not had change in flow, intermenstrual spotting, hot flushes, or night sweats. Medical history is unremarkable. She takes no medications. She does not smoke cigarettes. She drinks one glass of wine each evening. Her last menstrual period occurred 3 weeks ago. Screening mammogram obtained 1 year ago and all previous Pap smears, including her most recent Pap smear 2 years ago, have shown no abnormalities. Her 50-year-old sister also has not gone through menopause. The patient does not exercise. She is 157 cm (5 ft 2 in) tall and weighs 80 kg (176 lb); BMI is 32 kg/m². Vital signs are normal. Physical examination discloses adiposity of the abdomen. Pelvic examination discloses pink and rugose vaginal walls and a small uterus. The remainder of the physical examination discloses no abnormalities. Which of the following is the most appropriate next step to address the patient's continued menstruation?",Which of the following is the most appropriate next step to address the patient's continued menstruation?,"
A. Order fine-needle biopsy of the endometrium 
B. Order pelvic ultrasonography 
C. Order serum estradiol and follicle-stimulating hormone concentrations 
D. Provide reassurance that she is simply still premenopausal 
E. Recommend losing weight to help facilitate the onset of menopause 
F. Recommend monthly leuprolide acetate injections for a 3-month duration 
G. Refer the patient to an endocrinologist
",D,E,False,"The patient's symptoms suggest that she may be experiencing endometriosis, which can cause irregular bleeding beyond typical menopause symptoms such as heavy menstrual flow, pain during periods, and abnormal vaginal bleeding. Given her medical history, particularly the absence of smoking, alcohol consumption, and her 50-year-old age, it is plausible that she might be suffering from endometriosis. Option E (Order fine-needle biopsy of the endometrium) is the most appropriate next step: Fine-needle biopsies are commonly used to diagnose endometriosis and other conditions affecting the endometrial lining. They allow for the removal of tissue samples to examine under a microscope for evidence of endometrial tissue outside the uterine cavity. This would confirm whether the patient indeed has endometriosis, which could explain her persistent bleeding patterns. Option B (Order pelvic ultrasound) is less likely given the patient’s findings on the screening mammogram and past Pap tests, which do not indicate any abnormalities. Pelvic ultrasounds typically reveal more subtle changes in the pelvis than the mammary glands, making them less useful for diagnosing endometriosis compared to mammograms. Option C (Order serum estradiol and follicle-stimulating hormone concentrations) is unnecessary and potentially misleading. Estrogen levels alone cannot definitively distinguish between normal menopause and endometriosis. Serum estradiol levels and follicle-stimulating hormone (FSH) levels are important indicators but should only be considered if there are additional clinical symptoms suggestive of endometriosis. Option D (Provide reassurance that she is simply still premenopausal) is premature and doesn't align with the patient's current situation. Assessing the patient's status as still premenopausal without addressing the specific issue of ongoing bleeding would be premature and potentially misleading. Option G (Refer the patient to an endocrinologist) is inappropriate due to the lack of relevant diagnostic testing available. While endocrine issues related to endometriosis can sometimes require consultation with an endocrinologist, the initial assessment and management of the patient's symptoms are already being addressed with the screening mammogram and pap tests, which don't include any endocrine evaluations. Therefore, Option E (Fine-needle biopsy of the endometrium) is the most appropriate next step to address the patient's continued menstruation.",0.0234,0.0362,0.3032,0.0856,0.0699,0.0856,0.0856,0.4959,0.6105,0.774
"A 25-year-old man comes to the emergency department because he developed chest pain and shortness of breath 1 hour ago, shortly after snorting cocaine for the first time. He rates the chest pain as a 7 on a 10-point scale and notes that the pain is radiating down his left arm. Medical history is unremarkable and the patient takes no medications or any other illicit drugs. He is 178 cm (5 ft 10 in) tall and weighs 70 kg (154 lb); BMI is 22 kg/m². The patient is diaphoretic. Vital signs are temperature 37.5°C (99.5°F), pulse 110/min, respirations 16/min, and blood pressure 200/100 mm Hg. Pulse oximetry on room air shows an oxygen saturation of 95%. Pupils are equal, round, and reactive to light and accommodation. Lungs are clear to auscultation and percussion. Auscultation of the heart discloses an audible S1 and S2. There is no edema, cyanosis, or clubbing of the digits. The patient is fully oriented. He is treated with supplemental oxygen, a 325-mg aspirin tablet, and intravenous nitroglycerin and lorazepam. Despite therapy, he continues to have chest pain and shortness of breath. ECG shows sinus tachycardia with no ST-segment or T-wave abnormalities. Which of the following is the most appropriate additional pharmacotherapy to initiate at this time?",Which of the following is the most appropriate additional pharmacotherapy to initiate at this time?,"
A. Carvedilol 
B. Furosemide 
C. Metoprolol 
D. Phentolamine 
E. Streptokinase
",D,B,False,"To address the patient's symptoms of chest pain and shortness of breath following cocaine use, it is crucial to start with appropriate treatment options that can help manage these underlying causes effectively. Let's analyze each potential medication: - Option A: Carvedilol - Carvedilol is an α-adrenergic receptor antagonist used primarily to treat hypertension and angina pectoris. - It does not directly target myocardial ischemia or thrombosis associated with cocaine-induced coronary artery disease. - While it might be considered for other conditions like hypertension, its primary role in treating cocaine-related cardiovascular complications is limited. - Option B: Furosemide - Furosemide is a loop diuretic commonly used to treat congestive heart failure and other arrhythmias. - Its mechanism of action involves blocking sodium reabsorption in the thick ascending limb of the loop of Henle, which leads to decreased urine output and potentially reduced cardiac load. - This treatment could potentially alleviate some of the pulmonary edema and hypotension seen in the patient due to cocaine use. - Option C: Metoprolol - Metoprolol is a beta-blocker known for its antihypertensive effects and antiplatelet activity. - It can be effective in managing cocaine-induced hypertension but may not specifically address the cardiovascular issues related to myocardial ischemia or thrombosis. - While it can be used to prevent further damage from cocaine-induced cardiovascular events, it alone is insufficient to address the immediate symptoms of myocardial ischemia and thromboembolic complications. - Option D: Phentolamine - Phentolamine is an alpha-receptor agonist often used in clinical settings to treat certain types of arrhythmias, including those caused by cocaine. - It works by dilating veins and reducing blood flow to the brain, thereby decreasing cerebral perfusion pressure. - Although phentolamine has been shown to be effective in managing cocaine-induced circulatory disorders, it is less potent than other treatments like metoprolol. - Option E: Streptokinase - Streptokinase is a clot-busting drug used in the treatment of deep vein thrombosis and pulmonary embolism. - While it can be used to treat acute myocardial infarction, it is typically reserved for severe cases where there is significant risk of death or organ dysfunction. - For a patient presenting with myocardial ischemia and thrombotic complications, streptokinase would likely be contraindicated unless there were specific indications such as pre-existing thromboembolic disease or severe heart failure. Considering the patient’s condition, particularly the presence of cocaine-induced hypertension, myocardial ischemia, and possible thrombotic complications, metoprolol appears to be the most appropriate initial pharmacological intervention. It targets the direct mechanisms responsible for these symptoms without causing exacerbation of cocaine-induced cardiomyopathy. Therefore, the most appropriate addition to the patient's current treatment regimen should be [Option B] Metoprolol.",0.0,0.0168,0.1362,0.0448,0.0135,0.0359,0.0359,0.4298,0.5645,0.6814
"A 70-year-old man, who was admitted to the hospital 3 days ago for treatment of pneumonia, has now developed diarrhea and severe lower abdominal cramping. The patient has passed watery and yellow stools every 2 hours for the past 12 hours. Since admission, the patient has been treated with intravenous levofloxacin therapy and albuterol/ipratropium nebulizers every 4 hours, with only mild improvement of his respiratory symptoms. Medical history is also significant for hypertension, type 2 diabetes mellitus, and hyperlipidemia. Routine medications include rosiglitazone, amlodipine, and atorvastatin. He has smoked one pack of cigarettes daily for the past 50 years. BMI is 20 kg/m2. Vital signs are temperature 36.7°C (98.0°F), pulse 102/min, respirations 16/min, and blood pressure 100/50 mm Hg. Pulse oximetry on room air shows an oxygen saturation of 93%. Physical examination discloses dry mucous membranes and cracked lips. Lungs are clear to auscultation bilaterally. Cardiac examination discloses a tachycardic but regular rhythm. Abdomen is diffusely tender to palpation with no distention, rebound, or guarding. Test of the stool for occult blood is negative. Results of serum laboratory studies are shown: Urea nitrogen - 30 mg/dL Creatinine - 1.5 mg/dL Calcium - 8.2 mg/dL Na⁺ - 150 mEq/L K⁺ - 3.7 mEq/L Cl⁻ - 115 mEq/L HCO3⁻ - 22 mEq/L Glucose - 120 mg/dL Stool culture is obtained. Intravenous infusion of which of the following substances is the most appropriate next step?",Intravenous infusion of which of the following substances is the most appropriate next step?,"
A. Bicarbonate 
B. Calcium gluconate 
C. 5% Dextrose in water 
D. 0.9% Saline
",D,E,False,"In this scenario, the patient has been experiencing severe dehydration and electrolyte imbalances due to his chronic hypertension, diabetes mellitus, and hyperlipidemia. The presence of watery and yellow stools over the past 12 hours suggests potential fluid overload or malabsorption issues. Given these clinical presentations, intravenous administration of 5% dextrose in water would be highly appropriate as follows: 1. Type of Fluid: This solution contains high concentrations of glucose and sodium, which helps maintain osmotic balance, thereby addressing the dehydration and electrolyte imbalance. 2. Duration of Administration: As the patient's condition is worsening despite standard medical treatments like intravenous levofloxacin and albuterol, 5% dextrose in water can help prevent further deterioration and stabilize the patient's condition. 3. Mechanism of Action: The rapid infusion of glucose allows for faster rehydration and correction of metabolic acidosis that could have occurred with the previous treatment regimen. 4. Patient History: The patient had previously been treated with intravenous levofloxacin and albuterol, indicating that he may not be fully dehydrated or severely compromised from dehydration alone. The combination of 5% dextrose in water provides a balanced approach to hydration, which might allow for gradual recovery rather than immediate resolution. 5. Clinical Significance: While it's important to address any underlying conditions (hypertension, diabetes, hyperlipidemia) that may contribute to the patient's current state, the primary focus should be on correcting fluid and electrolyte imbalances. The 5% dextrose in water offers a quick, effective, and safe method to manage these critical needs. Therefore, administering 5% dextrose in water as the initial step in managing the patient's condition seems to be the most prudent and likely course of action given the current situation.",0.0,0.0315,0.1313,0.0751,0.0137,0.0546,0.0546,0.4722,0.5348,0.6442
"A 3-week-old male infant is brought to the office by his mother because of a 2-day history of white lesions in the mouth. The infant was born at term via uncomplicated spontaneous vaginal delivery; he has been breast-feeding well and is urinating and having bowel movements normally. At birth, he weighed 3289 g (7 lb 4 oz; 30th percentile). Today, he weighs 3629 kg (8 lb; 25th percentile). He appears adequately hydrated. Vital signs are normal. Physical examination discloses white patches on the tongue and buccal mucosa that do not come off when gently scraped with a tongue blade. Which of the following is the most appropriate pharmacotherapy?",Which of the following is the most appropriate pharmacotherapy?,"
A. Acyclovir 
B. Fluconazole 
C. Nystatin 
D. Valacyclovir 
E. No pharmacotherapy is necessary
",C,B,False,"Fluconazole is an antifungal medication commonly used for treating fungal infections such as thrush and ringworm. It works by inhibiting the growth of fungi in the body, particularly yeast species like Candida albicans. This makes it a suitable choice for treating the symptoms described in this case—white patches on the tongue and buccal mucosa. Here's the rationale: 1. Fungal Infections: The patient mentions white patches on the tongue and buccal mucosa, which are characteristic signs of oral candidiasis (thrush), a common fungal infection in infants. 2. Pharmacologic Mechanism: Fluconazole acts directly on the fungus, thereby eliminating the need for external treatment but still targeting the fungal burden within the host. 3. Vital Signs: Despite weighing significantly more than average, the child's vital signs remain stable, indicating no severe health issues. 4. Treatment History: The use of fluconazole has been shown to be effective against various types of fungal infections in children. Therefore, while other options might also be considered, fluconazole is the most appropriate and effective pharmacotherapy for the given scenario.",0.0051,0.0354,0.2014,0.0874,0.0331,0.0874,0.0874,0.4932,0.5481,0.6764
"A 55-year-old man is brought to the emergency department by his wife because he told her he did not want to live anymore. During the past 6 weeks, he has experienced fatigue, loss of interest in usual activities, a 7-kg (15-lb) weight loss, and insomnia. He has no history of serious medical or psychiatric illness. Vital signs are temperature 37.0°C (98.6°F), pulse 80/min, respirations 16/min, and blood pressure 140/82 mm Hg. Physical examination discloses no abnormalities. Beck Depression Inventory score is 35 (severely depressed). He says he feels guilty that his investments have not done well and that he has ruined his family finances. He reports he hears voices at night telling him he has sinned. In addition to olanzapine, which of the following is the best treatment option for this patient?","In addition to olanzapine, which of the following is the best treatment option for this patient?","
A. Divalproex 
B. Fluoxetine 
C. Lamotrigine 
D. Lithium carbonate 
E. No other therapy is necessary
",B,D,False,"Lithium carbonate is typically used as an alternative to lithium carbonate (lithium), particularly when patients with bipolar disorder experience severe mood swings or are resistant to anticonvulsant medications like valproic acid (epilepsy drugs). It can be effective in treating manic episodes but may also cause significant side effects such as nausea, vomiting, and diarrhea. In this case, the patient's symptoms include depression, weight loss, sleep disturbances, and auditory hallucinations. The Beck Depression Inventory scores indicate a severely depressed state, which is consistent with bipolar disorder. Additionally, the presence of suicidal thoughts and auditory hallucinations suggests a potential need for a medication that does not induce psychosis. Among the options provided: - Olanzapine: While it can help manage depressive symptoms, its use in bipolar disorder requires careful consideration due to the risk of inducing psychosis. - Fluoxetine: This is generally considered safe for most individuals with bipolar disorder and may be an appropriate first-line treatment. - Lamotrigine: This drug is often used for refractory epilepsy but may not be suitable for bipolar disorder due to its sedative effects and potential for tardive dyskinesia. - Lithium carbonate: This is specifically indicated for bipolar disorder and can be used effectively in managing severe mood swings and psychotic symptoms without the risks associated with lithium carbonate (lithium). Therefore, Lithium carbonate is the best treatment option for this patient given their severe mood swings, weight loss, and auditory hallucinations.",0.0189,0.0522,0.3543,0.1129,0.0569,0.0968,0.0968,0.5149,0.576,0.673
"A 78-year-old man, who underwent coronary angiography with stent placement 8 years ago, comes to the office for a routine health maintenance examination. The patient reports no new symptoms except for shortness of breath and fatigue during exercise that began 3 months ago when he tried to increase the distance of his daily walk from 1 mile to 3 miles. He has not had orthopnea, paroxysmal nocturnal dyspnea, or chest pain. Additional medical history is significant for hypertension, coronary artery disease, dyslipidemia, and polymyalgia rheumatica. The patient also has a heart murmur that was discovered at an armed forces screening physical examination at age 18 years, but it did not prevent him from serving in the military. Medications are metoprolol, atorvastatin, lisinopril, omeprazole, and a low dose of prednisone every other day. The patient is active and manages a small farm. BMI is 26 kg/m². Vital signs are temperature 37.0°C (98.6°F), pulse 60/min, respirations 18/min, and blood pressure 124/61 mm Hg. Cardiac examination discloses a normal S1, pronounced S2, and a grade 2/6 late systolic murmur heard at the right upper parasternal border. Pulses are normal in contour. Results of laboratory studies are within the reference ranges. ECG shows no abnormalities. Which of the following is the most appropriate next step in management?",Which of the following is the most appropriate next step in management?,"
A. Decrease the dose of metoprolol 
B. Increase the dose of prednisone 
C. Obtain serum vitamin D concentration 
D. Order a transthoracic echocardiography
",D,D,True,"When dealing with patients with known cardiovascular conditions like those mentioned (hypertension, coronary artery disease, dyslipidemia, polymyalgia rheumatica, etc.), it's crucial to assess their cardiac function early. While the options provided involve more advanced tests such as ECGs, MRI, or even echocardiograms, these typically require additional specialized equipment and expertise. - Option A (Decrease the dose of metoprolol): Metoprolol is a beta-blocker commonly used to treat high blood pressure. It doesn't directly address the specific issues identified in this case—such as angina, myocardial ischemia, or left ventricular dysfunction. - Option B (Increase the dose of prednisone): Prednisone is a corticosteroid often prescribed for inflammatory diseases and autoimmune disorders. While it can be effective in managing certain types of inflammation, its use should be carefully monitored due to potential side effects. - Option C (Obtain serum vitamin D concentration): Vitamin D levels play a role in calcium metabolism and bone health. However, they do not directly impact cardiac function unless there is a specific issue related to vitamin D deficiency affecting skeletal muscle or other tissues. - Option D (Order a transthoracic echocardiography): This test provides detailed images of the heart using ultrasound, which is specifically designed to evaluate the structure and function of the heart. It includes information about the heart chambers, valves, and any structural abnormalities that might indicate heart disease. Given the patient’s history of hypertension, coronary artery disease, and other cardiovascular risk factors, obtaining this test would be essential for diagnosing and monitoring the progression of his cardiovascular issues. In summary, while echocardiography offers valuable insights into the cardiovascular system, it requires specialized training and equipment to perform accurately. Therefore, ordering a transthoracic echocardiogram is the most appropriate next step in management given the patient's condition and the need for comprehensive evaluation of his cardiovascular health.",0.0145,0.0287,0.23,0.0703,0.0514,0.0703,0.0703,0.4602,0.5484,0.6385
"A 28-year-old man comes to the office because he would like to quit smoking cigarettes. He says, ""I cannot go more than a day without cigarettes because I get so anxious and irritable. I even wake up at night to smoke."" The patient began smoking cigarettes at age 12 years; he was smoking two packs of cigarettes daily by age 17 years, and he has not curtailed his use since that time. He does not drink alcoholic beverages or use illicit drugs. Medical history is remarkable for childhood febrile seizures. He takes no medications. Vital signs are normal. The patient is interested in using a nicotine patch and bupropion therapy because he says his friend found the treatments to be helpful. In combining these two therapies, this patient is at greatest risk for which of the following?","In combining these two therapies, this patient is at greatest risk for which of the following?","
A. Cold intolerance 
B. Hypertension 
C. Polyuria 
D. Renal insufficiency 
E. The patient is at no increased risk
",E,E,True,"The patient's smoking habits, including an early onset of addiction (at age 12), multiple instances of recurrent febrile seizures as a child, and the use of nicotine patches and bupropion suggest a significant predisposition towards substance abuse and dependence on tobacco products. - Option A (Cold intolerance): While cold tolerance can occur due to smoking cessation, it is less likely given the patient’s initial smoking habit and subsequent history of febrile seizures. - Option B (Hypertension): The patient does not have hypertension based on the information provided. - Option C (Polyuria): Although the patient may experience nocturnal urination, the absence of other symptoms such as frequent urination, dehydration, or kidney issues makes this a less probable risk compared to the combination of substance abuse and underlying medical conditions. - Option D (Renal insufficiency): The presence of febrile seizures indicates a high risk for cardiovascular disease, particularly heart failure, rather than renal insufficiency. Given the patient's smoking history, there is a higher likelihood of developing heart problems if they continue to smoke. Therefore, considering the comprehensive picture of the patient’s health history and current behavior, the patient is most at risk for hypertension, making Option E the correct answer.",0.0,0.0388,0.1997,0.0748,0.0283,0.0654,0.0654,0.471,0.5599,0.6462
"A 25-year-old woman comes to the office because of a 24-hour history of right-sided facial weakness. Two days ago she developed mild aching behind the right ear, which resolved spontaneously. This morning, however, the entire right side of her face was drooping and she was unable to close her right eye. When she tried to drink coffee this morning, the liquid ran out the right side of her mouth. She has been otherwise healthy and she takes no medications. Vital signs are normal. Examination of the ears and oral mucosa shows no abnormalities. Cranial nerve examination shows moderate weakness of the right orbicularis oculi and oris, frontalis, buccinator, and platysma muscles. Sound is perceived as louder in the right ear. The remainder of the neurologic examination shows no abnormalities. Which of the following is the most accurate statement regarding this patient's prognosis for neurologic recovery?",Which of the following is the most accurate statement regarding this patient's prognosis for neurologic recovery?,"
A. Prognosis cannot be determined without results of cerebral angiography 
B. Prognosis cannot be determined without results of MRI of the brain and cerebrospinal fluid analysis 
C. She has an 80% chance of complete recovery within the next 12 months without treatment 
D. With oral corticosteroid therapy she has a 20% chance of complete recovery within the next 12 months 
E. It is unlikely that the patient will achieve functional recovery from this condition regardless of therapy
",C,D,False,"To determine the most accurate statement about the prognosis for neurologic recovery, let's analyze the information provided: 1. History and Initial Symptoms: The patient had a 24-hour history of right-sided facial weakness, including mild aching behind the right ear that resolved spontaneously. 2. Current Condition: Today, the entire right side of the face is drooping, and she is unable to close her right eye. 3. Neurological Examination: Cranial nerves I, II, III, IV, V, VI, VII, VIII, IX, and X show moderate weakness across all four limbs. 4. Cranial Nerve Function Testing: The left side of the body is not affected. Given these points, we need to consider several factors: - Symptoms Duration and Severity: The symptoms have persisted for two days, indicating ongoing neurological damage rather than acute onset. - Neurological Examination Results: Moderate weakness in multiple cranial nerves suggests significant structural damage but does not necessarily indicate severe functional impairment. - Current Functional Status: Complete drooping of the right side of the face and inability to close the right eye indicates severe motor dysfunction but minimal sensory deficits. Considering these points, the most accurate statement about the prognosis for neurologic recovery is: D. With oral corticosteroid therapy she has a 20% chance of complete recovery within the next 12 months - Oral Corticosteroids: Oral corticosteroids can help reduce inflammation and swelling associated with muscle weakness. However, their effectiveness may vary based on the severity and location of the weakness. - Immediate Recovery Potential: While oral corticosteroids might help alleviate some symptoms, they do not guarantee full recovery. The patient needs more intensive rehabilitation. - Long-term Outcome: Given the extensive neuromuscular damage and potential for secondary infections (as evidenced by the presence of sound in the right ear), long-term recovery is highly uncertain. The prognosis would likely depend heavily on the extent of the injury and response to conservative treatments like physical therapy and occupational therapy. Therefore, while corticosteroids could potentially improve short-term outcomes, it's premature to make a definitive prognosis without comprehensive evaluation.",0.0051,0.028,0.1826,0.0737,0.0399,0.0623,0.0623,0.4756,0.5748,0.7549
"A 20-year-old woman comes to the office because of a 2-day history of nasal congestion, runny nose, and nonproductive cough that has made it difficult for her to sleep. She has not had fever. Her brother with whom she resides also has similar symptoms. The patient's medical history is significant for mild persistent asthma for which she takes inhaled fluticasone- salmeterol twice daily and albuterol as needed. She has been using her albuterol more frequently during the past 2 days without much effect. During this time, her peak expiratory flow rates have been 70% to 80% of her baseline. Vital signs today are temperature 37.2°C (99.0°F), pulse 70/min, respirations 20/min, and blood pressure 110/70 mm Hg. Physical examination discloses inflamed nasal mucosa with clear discharge. The posterior oral pharynx is erythematous. Auscultation of the lungs discloses rare expiratory wheezes. Which of the following is the most appropriate pharmacotherapy for this patient's cough?",Which of the following is the most appropriate pharmacotherapy for this patient's cough?,"
A. Codeine 
B. Diphenhydramine 
C. Guaifenesin 
D. Ipratropium bromide 
E. Prednisone
",E,C,False,"Guaifenesin is an effective bronchodilator used to relieve coughing caused by inflammation of the airways. It works by relaxing smooth muscles in the airways, leading to decreased mucus production and improved airflow. This medication would be appropriate for managing the patient's symptoms, including nasal congestion, runny nose, and non-productive cough, given her underlying condition of mild persistent asthma. Here’s a more detailed rationale: 1. Patient History: The patient has a history of mild persistent asthma and uses inhaled fluticasone-salmeterol twice daily. These medications are commonly prescribed to treat asthma and can help manage symptoms such as coughing due to inflammation. 2. Clinical Presentation: The patient describes having nasal congestion, runny nose, and non-productive cough, indicating potential bronchospasm and respiratory distress. 3. Pharmacological Considerations: - Codeine: While potentially useful for treating pain, it does not directly address bronchial constriction. - Diphenhydramine: Although often used for allergic reactions, it doesn't specifically target bronchial spasms. - Guaifenesin: Specifically designed to relax bronchial smooth muscle, it is ideal for patients experiencing severe coughing due to bronchial spasms or inflammation. 4. Other Options: - Ipratropium Bromide: This is typically used for asthma control but may not directly address bronchial constriction. - Prednisone: While beneficial for managing inflammation, it primarily affects corticosteroids and may not be suitable for acute bronchospastic conditions like those described here. Given the patient's history and current symptoms, guaifenesin stands out as the most appropriate choice for relieving the patient's symptoms effectively.",0.0,0.0323,0.203,0.0856,0.0314,0.07,0.07,0.4775,0.5727,0.6858
"A 34-year-old woman, gravida 2, para 1, comes to the office at 26 weeks' gestation to establish prenatal care after obtaining health insurance coverage. She has gained 14 kg (31 lb) during this pregnancy. Her last pregnancy 4 years ago resulted in delivery of a 4564-g (10-lb 1-oz) male newborn. Today, the patient is 162 cm (5 ft 4 in) tall and weighs 99 kg (218 lb). Vital signs are normal. Physical examination discloses a fundal height of 30 cm. Fetal heart rate is 146/min. Prenatal laboratory studies and ultrasonography are ordered. This patient is most at risk for which of the following?",This patient is most at risk for which of the following?,"
A. Gestational diabetes 
B. Multiple gestation 
C. Placenta previa 
D. Polyhydramnios 
E. Preeclampsia
",A,C,False,"The patient's clinical presentation indicates that she is experiencing multiple gestations, which can increase the risk of certain complications such as gestational diabetes, multiple pregnancies, and preeclampsia. 1. Gestational Diabetes: The patient has been pregnant for 4 years without any history of gestational diabetes. However, it's important to note that gestational diabetes is not typically associated with an increased risk of placental issues in women who have had one previous pregnancy. Therefore, while there may be some genetic predisposition to placental issues, the lack of previous cases does not necessarily suggest an increased risk. 2. Multiple Gestations: The patient has already delivered a male newborn, which means her next pregnancy will likely involve multiple births. Multiple pregnancies carry higher risks compared to single pregnancies due to the additional weight gain, maternal blood pressure, and potential complications from multiple births. 3. Preeclampsia: While the patient is currently 162 cm tall, this is still considered early pregnancy. Preeclampsia occurs primarily in late pregnancy and early labor, so while the patient is past the peak of preeclampsia, it's still possible for her to experience other complications. 4. Placenta Previa: The patient's fundal height of 30 cm and fetal heart rate of 146/min indicate that she is in the second stage of labor. Placenta previa is a condition where the placenta is located too low in the uterus, leading to bleeding through the cervix. Given her current height and weight, this is a high-risk situation requiring immediate intervention. Therefore, based on the information provided, the patient is most at risk for placenta previa, making option C the correct answer.",0.01,0.0296,0.2441,0.0709,0.0357,0.0567,0.0567,0.4823,0.542,0.684
"A 39-year-old woman, gravida 6, para 5, is admitted to the hospital at 39 weeks' gestation for a scheduled induction of labor for delivery of twins. Her prior pregnancies were uncomplicated. Her current pregnancy has been complicated by well- controlled gestational diabetes. Vital signs are temperature 36.7°C (98.1°F), pulse 80/min, respirations 16/min, and blood pressure 134/84 mm Hg. Uterine size is consistent with a 36-week gestation. The fetuses are estimated to weigh 1814 g (4 lb) each. The patient delivers healthy twins. After the delivery of the placenta, examination discloses decreased uterine tone, increased bleeding, and increased hypotension. Which of the following is the most appropriate initial pharmacotherapy?",Which of the following is the most appropriate initial pharmacotherapy?,"
A. Ergonovine 
B. Intramuscular vitamin K 
C. 15-Methylprostaglandin F2α 
D. Misoprostol 
E. Oxytocin
",E,E,True,"For this situation, oxytocin is the most appropriate choice because it is the first-line treatment for preterm labor and associated complications in women with well-controlled gestational diabetes who are at risk of preterm labor despite well-controlled diabetes. Here’s the rationale: 1. Premature Birth Risk: The patient's history of well-controlled gestational diabetes indicates that she is at higher risk for premature labor compared to women without such control. This makes oxytocin an ideal choice given her condition. 2. Preterm Labor: While not explicitly stated as a complication, the presence of decreased uterine tone and increased bleeding suggests a potential risk of preterm labor. In such cases, immediate intervention with oxytocin is crucial to prevent fetal distress and improve the outcome. 3. Prevention of Preterm Labor: Oxytocin helps maintain maternal uterine contractions during labor, which can reduce the risk of premature birth. It also promotes fetal lung maturity and increases the likelihood of spontaneous vaginal delivery. While intramuscular vitamin K (Option B) might be used if there is concern about hemorrhage due to low blood volume, it is not necessary in this scenario where the patient has already delivered healthy twins. Therefore, among the options provided, oxytocin stands out as the most appropriate initial pharmacotherapy for this patient, especially considering her history of well-controlled diabetes and the risks associated with preterm labor.",0.0123,0.0325,0.2381,0.0759,0.0426,0.0759,0.0759,0.4749,0.5575,0.6627
"A 32-year-old woman comes to the emergency department because of a 3-day history of worsening fever, dry cough, and shortness of breath. She also has had abdominal discomfort, diarrhea, and nausea, but she has not vomited. She returned home from a business trip to a midwestern city 2 days ago. She has had no known contact with any ill individuals. She had been generally healthy and medical history is unremarkable. She takes no medications. Her last menstrual period was 6 weeks ago and she thinks she might be pregnant. She does not smoke cigarettes, drink alcoholic beverages, or use illicit drugs. She is married and uses no contraception. She appears well developed and well nourished but is short of breath and lethargic. Vital signs are temperature 38.3°C (101.0°F), pulse 104/min, respirations 28/min, and blood pressure 100/60 mm Hg. Pulse oximetry on room air shows an oxygen saturation of 92%. Auscultation of the chest discloses crackles at the right lung base, tachycardia, a normal S1 and S2, and no other abnormalities. Abdominal examination discloses no abnormalities. Petechiae are present over both lower extremities. Results of laboratory studies are shown: Serum ALT - 80 U/L AST - 63 U/L Urea nitrogen - 14 mg/dL Creatinine - 1.7 mg/dL Na⁺ - 130 mEq/L K⁺ - 3.9 mEq/L Cl⁻ - 104 mEq/L HCO3⁻ - 16 mEq/L Iron, total - 18 μg/dL Iron binding capacity, total - 428 μg/dL (N=250–350) Iron saturation - 5% (N=20–50) β-hCG - Positive Blood Hematocrit - 30.3% Hemoglobin - 10.2 g/dL WBC - 11,300/mm³ MCV - 76 μm³ Platelet count - 104,000/mm³ Red cell distribution width - 16% (N=11.5–14.5) Which of the following is the most appropriate intravenous pharmacotherapy at this time?",5) Which of the following is the most appropriate intravenous pharmacotherapy at this time?,"
A. Cefuroxime alone 
B. Cefuroxime and azithromycin 
C. Levofloxacin alone 
D. Levofloxacin and ticarcillin 
E. Piperacillin-tazobactam
",B,A,False,"Given the patient's symptoms, which include severe hypoxemia, jaundice, hepatosplenomegaly, and hematuria, it is critical to manage her condition promptly. The presence of these symptoms suggests that there may be a bacterial infection complicating the acute exacerbation of her underlying health conditions. - Cefuroxime: This is typically used for infections caused by Gram-negative bacteria, such as Pseudomonas aeruginosa, although it can also be effective against some other organisms like Enterococcus species. - Azithromycin: While it is effective against many types of bacteria, it can have side effects in certain patients, including gastrointestinal issues, so its use should be carefully considered. - Levofloxacin: Although it is effective against a wide range of pathogens, it is associated with gastrointestinal adverse events, particularly nausea and vomiting. - Ticarcillin: Ticarcillin is another antibiotic that is effective against a variety of bacteria, but it is not commonly used for respiratory tract infections unless specifically indicated. - Piperacillin-tazobactam: This combination is often used in the treatment of severe infections due to its broad spectrum activity against gram-positive and gram-negative organisms. Given the severity and location of the clinical findings, Cefuroxime alone would likely be the most appropriate choice. It has fewer side effects than Azithromycin, and it provides better coverage against common respiratory tract infections. Additionally, since the patient is currently experiencing severe hypoxemia, the need for immediate intervention with supplemental oxygen could benefit from using a systemic antibiotic first, followed by local antibiotic application if necessary. Therefore, [Option A] Cefuroxime alone is the most appropriate intravenous pharmacotherapy at this time.",0.0208,0.0377,0.289,0.0892,0.0674,0.0892,0.0892,0.5159,0.5948,0.7554
"A 72-year-old man is admitted to the intensive care unit for pain management and observation of ventricular ectopy 4 hours after undergoing uncomplicated left total knee replacement. He is receiving fentanyl via systemic patient-controlled analgesic pump for pain management. Medical history is remarkable for coronary artery disease, for which he takes atorvastatin, furosemide, carvedilol, lisinopril, and 81-mg aspirin. Baseline echocardiogram showed an ejection fraction of 0.20. Vital signs now are temperature 38.0°C (100.4°F), pulse 90/min, respirations 16/min, and blood pressure 130/90 mm Hg. Pulse oximetry on room air shows an oxygen saturation of 96%. Physical examination discloses no unexpected abnormalities. Which of the following regimens for prophylaxis of deep venous thrombosis will likely be most beneficial in this patient?",Which of the following regimens for prophylaxis of deep venous thrombosis will likely be most beneficial in this patient?,"
A. Continuous application of bilateral lower extremity pneumatic compression devices 
B. Continuous intravenous infusion of heparin titrated to a PTT of 1.5 to 2.0 times the control value 
C. Oral warfarin 
D. Subcutaneous enoxaparin 
E. Subcutaneous heparin
",D,B,False,"This regimen is particularly beneficial in patients who have been previously diagnosed with deep vein thrombosis (DVT) but do not yet experience symptoms or complications related to it. The key considerations here include: 1. Prolonged Dilation of Veins: Patients with previous DVT typically develop significant vascular changes that can lead to prolonged occlusion of veins. This prolongation of venous stasis can increase the risk of clot formation and embolization. 2. Heparin Titrated Therapy: Heparin therapy is commonly used as a prophylactic measure in patients at high risk for DVT. It works by increasing the levels of anticoagulant proteins in the bloodstream, reducing the likelihood of platelet aggregation and further clotting. 3. Vascular Occlusion: By maintaining adequate heparin concentrations throughout the day, it helps prevent the formation of new blood clots. The higher dose needed to achieve this effect can help minimize the need for additional treatment when a clot does form. 4. Long-Term Control: Regular administration of heparin over time provides long-term control over DVT risk, allowing for better planning of appropriate interventions like thrombolysis or other treatments if necessary. 5. Patient Compliance: The requirement for continuous administration ensures that heparin is available whenever needed, regardless of the time of day or activity level. While other options may also be considered in certain clinical scenarios, they lack the specific benefit of prolonged venous occlusion due to heparin use. For example: - Continuous application of bilateral lower extremity pneumatic compression devices might offer some benefits in preventing deep vein thrombosis by providing localized resistance against venous stasis. - Oral warfarin could potentially reduce the need for heparin, but its efficacy depends on the effectiveness of warfarin in controlling thrombotic events. - Subcutaneous enoxaparin is another choice but has different risks compared to heparin and requires careful monitoring and possibly adjustments based on individual response. - Subcutaneous heparin is less effective than heparin in preventing DVT because it doesn't maintain the prolonged effects of heparin. Therefore, the combination of heparin titration and heparin administration through continuous IV infusion remains the most effective strategy for managing the risk associated with DVT in this patient population.",0.0,0.0335,0.187,0.0703,0.0217,0.0541,0.0541,0.5258,0.5572,0.6717
"A 45-year-old man comes to the emergency department because of a 1-month history of fatigue, generalized muscle weakness, and a 4-kg (8-lb) weight loss. He also reports a loss of appetite and nausea without vomiting during the past 2 weeks. Medical history is unremarkable and he takes no medications. He does not smoke cigarettes or drink alcoholic beverages. He is 180 cm (5 ft 11 in) tall and weighs 70 kg (155 lb); BMI is 22 kg/m². Vital signs are temperature 36.4°C (97.5°F), pulse 100/min, respirations 20/min, and blood pressure 88/50 mm Hg. Physical examination shows bronze darkening of the elbows, on the creases of his hands, and around the areolae of his nipples. Muscle strength is 4.5/5 in all extremities. The remainder of the physical examination shows no abnormalities. Results of laboratory studies are shown: Serum Na⁺ 128 mEq/L K⁺ 5.2 mEq/L Cl⁻ 95 mEq/L HCO3⁻ 20 mEq/L Blood Hemoglobin 12 g/dL WBC 3500/mm³ In addition to administering intravenous fluids, which of the following is the most appropriate pharmacotherapy?","2 mEq/L Cl⁻ 95 mEq/L HCO3⁻ 20 mEq/L Blood Hemoglobin 12 g/dL WBC 3500/mm³ In addition to administering intravenous fluids, which of the following is the most appropriate pharmacotherapy?","
A. Calcitonin 
B. Dehydroepiandrosterone 
C. Hydrocortisone 
D. Levothyroxine 
E. Mitotane
",C,D,False,"Levothyroxine is indicated in patients with hypothyroidism who have been treated with levothyroxine sodium for at least 2 months. It works by increasing the body’s ability to produce thyroid hormones, particularly thyroxine (T4) and triiodothyronine (T3). Hypothyroidism can lead to fatigue, weakness, and other symptoms due to an inability to produce enough thyroid hormones. Levothyroxine helps counteract these effects and improve overall health. The patient has: - A 1-month history of fatigue - Generalized muscle weakness - Weight loss - Loss of appetite and nausea These symptoms align closely with those associated with hypothyroidism, such as fatigue, weakness, and weight loss. Option B (Dehydroepiandrosterone): - While it may be used in some cases of hypothyroidism, it is less commonly prescribed compared to levothyroxine. - Its use is typically limited to patients with severe conditions like hyperthyroidism where it can exacerbate symptoms. - The symptoms described do not fit well with a diagnosis of hypothyroidism. Option C (Hydrocortisone): - This medication is often used for managing stress-related symptoms but is not specifically indicated for treating hypothyroidism. - Its use is usually reserved for certain types of hyperthyroidism or other endocrine disorders that don't involve hypothyroidism. Option D (Levothyroxine): - This is the primary treatment for hypothyroidism. - It is highly effective and safe when used correctly. - It addresses both the symptoms and the underlying cause of the condition effectively. Option E (Mitotane): - This is a specific drug used to treat pituitary adenomas. - It is not a common treatment for hypothyroidism. - It is not indicated for managing symptoms related to hypothyroidism. Given the patient's symptoms and medical history, levothyroxine is the most appropriate choice to manage his hypothyroidism and address the specific symptoms he is experiencing. Therefore, the correct answer is Levothyroxine, making [C] Levothyroxine the best answer among the options provided.",0.0029,0.0255,0.1083,0.0549,0.0245,0.0549,0.0549,0.4371,0.469,0.5079
"A 45-year-old man comes to the office because of severe pain of the right foot that awoke him from sleep last night. He says the pain kept him awake for the rest of the night. Walking has been difficult due to the pain, which he rates as a 9 on a 10- point scale. He reports no recent trauma. Medical history is remarkable for hypertension, type 2 diabetes mellitus, and asthma. Medications include hydrochlorothiazide, metformin, atorvastatin, and an albuterol inhaler. He is allergic to penicillin. He does not smoke cigarettes, but he has drunk three to four glasses of red wine daily for the past 5 years. Family history is significant for arthritis in his father. He is 168 cm (5 ft 6 in) tall and weighs 111 kg (245 lb); BMI is 40 kg/m². Vital signs are temperature 37.9°C (100.2°F), pulse 100/min, respirations 16/min, and blood pressure 160/100 mm Hg. Examination of the right foot discloses erythema and increased warmth over the first toe extending over the dorsum of the foot. The involved area is very tender and the patient resists movement of his toes. There is moderate swelling of the first metatarsophalangeal joint. The remainder of the physical examination discloses no abnormalities. Results of laboratory studies are shown: Serum Urea nitrogen - 15 mg/dL Creatinine - 1.0 mg/dL Blood Hemoglobin - 16 mg/dL WBC - 12,500/mm³ Examination of joint aspirate shows a leukocyte count of 50,000/mm³; no organisms are seen on Gram stain. Which of the following is the most appropriate pharmacotherapy to treat this patient's acute condition?",Which of the following is the most appropriate pharmacotherapy to treat this patient's acute condition?,"
A. Acetaminophen 
B. Allopurinol 
C. Ceftriaxone 
D. Indomethacin 
E. Vancomycin
",D,E,False,"This case presents a complex medical scenario involving multiple health conditions and a specific clinical presentation. Let’s analyze the options given: - Option A: Acetaminophen - Acetaminophen is typically used for fever reduction and other mild upper respiratory tract infections. It does not address the underlying cause of the patient's symptoms. - Option B: Allopurinol - Allopurinol is primarily used to treat gout and may have some use in conditions like hyperuricemia, although it is less commonly prescribed than acetaminophen. - Option C: Ceftriaxone - Ceftriaxone is a broad-spectrum antibiotic often used to treat bacterial infections. However, it is not indicated for treating systemic inflammatory responses such as those described here. - Option D: Indomethacin - Indomethacin is an anti-inflammatory drug used to relieve pain and inflammation. It is effective for conditions like rheumatoid arthritis and can be useful in managing certain types of pain, particularly if there is concurrent inflammation. - Option E: Vancomycin - Vancomycin is a potent antimicrobial agent specifically designed to treat gram-negative bacteria. It is highly effective against various pathogens including methicillin-resistant Staphylococcus aureus (MRSA). It is also known to inhibit protein synthesis, thereby inhibiting bacterial growth. This combination therapy would be appropriate for treating a systemic inflammatory response characterized by high levels of white blood cells (leukocytes) and neutrophils, which is consistent with the patient's symptoms. Given the patient's clinical presentation of severe pain affecting the right foot, along with the need for a rapid diagnosis and treatment, vancomycin would be the most appropriate choice. Vancomycin works effectively in reducing white blood cell counts associated with sepsis and other severe inflammatory conditions. It should be administered within hours of symptom onset to achieve its therapeutic effects. Therefore, the correct answer is E. Vancomycin, and the rationale behind this choice is that it is specifically designed to combat gram-negative bacteria and is clinically well-tolerated for such applications.",0.0,0.0287,0.1899,0.0732,0.0307,0.0488,0.0488,0.5112,0.5983,0.6744
"A 2-year-old boy is brought to the emergency department by his babysitter because of a 30-minute history of respiratory distress. The babysitter reports that she has cared for the patient on numerous occasions during the past year. The child's parents are currently out of town for business but will return later tonight. The babysitter says, ""He has had a runny nose since I started babysitting yesterday, but this afternoon he awoke from a nap with a barking sound and he was breathing real heavy."" She does not know the child's prior health history, nor does she know if the boy takes any medications on a regular basis. The child looks tired and sits upright on the babysitter's lap. He is obviously comfortable with his caregiver. Vital signs are temperature 38.7°C (101.7°F), pulse 110/min, respirations 28/min and labored, and blood pressure 85/50 mm Hg. Pulse oximetry on room air shows an oxygen saturation of 89%. Physical examination discloses inspiratory stridor. Neck is supple, tympanic membranes are normal, and there is a profuse nasal discharge. Examination of the pharynx discloses no abnormalities. Auscultation of the chest discloses equal air entry on both sides and no crackles. The remainder of the examination shows no abnormalities. Treatment with 40% oxygen via venturi mask and intravenous fluids is initiated. Despite continued supplemental oxygen and hydration, the child remains tachypneic and stridorous at rest. Oxygen saturation is now 93%. In addition to administering racemic epinephrine by nebulizer, which of the following is the most appropriate next step?","In addition to administering racemic epinephrine by nebulizer, which of the following is the most appropriate next step?","
A. Intravenous aminophylline therapy 
B. Intravenous antibiotic therapy 
C. Intubation 
D. Oral dexamethasone therapy 
E. Rectal acetaminophen therapy
",D,D,True,"In this scenario, the child exhibits symptoms consistent with bronchospasm and hypoxemia, which are indicative of a severe allergic reaction called anaphylaxis. The presence of a runny nose, the absence of medication use, and the fact that the child is tachypneic suggest that the immediate cause of their symptoms may be an allergic response rather than a known underlying condition like asthma or pneumonia. Given these circumstances, initiating treatment with oral dexamethasone would be the most appropriate course of action. Dexamethasone is an anti-inflammatory drug commonly used in the emergency setting to treat various types of acute asthma attacks. Its use can help reduce inflammation in the airways and alleviate symptoms such as wheezing, coughing, and shortness of breath. Here’s why other options are less suitable: - Option B (IV antibiotics): While antibiotics can help manage bacterial infections, they are typically reserved for more severe cases where infection is suspected. - Option C (Intubation): Intubation is generally considered for patients who cannot tolerate IV fluids due to severe airway obstruction or who require prolonged mechanical ventilation. - Option D (Otitis media): This is a common cause of tachypnea and stridor in children. However, it is not directly related to the diagnosis of anaphylaxis and would likely result in a different outcome when combined with dexamethasone. Therefore, the combination of oral dexamethasone with intravenous fluids is the most appropriate initial management approach in this case.",0.0038,0.0379,0.1988,0.0717,0.0241,0.0637,0.0637,0.512,0.593,0.7025
A 30-year-old man comes to the office because of an itchy and painful facial rash that has worsened since he first noticed it 1 day ago. He has no other symptoms and says he otherwise has been generally healthy. Medical history is unremarkable and he takes no medications. He does not use any substances. He is unmarried and is not currently in a romantic relationship but has been sexually active with multiple female partners during the past year. Vital signs are within normal limits. Physical examination shows an erythematous macular rash with several 1- to 2-mm raised vesicles that do not cross the midline over the left forehead and periorbital area. There are no other abnormalities. Acyclovir therapy is initiated. Which of the following is the most appropriate next step?,Which of the following is the most appropriate next step?,"
A. Referral to a dermatologist 
B. Serum HIV antibody test 
C. Skin biopsy 
D. Tzanck test
",B,A,False,"Given the patient's description and the clinical presentation, the most appropriate next step would be to refer the patient to a dermatologist. Here’s why this is the most suitable choice: 1. Clinical Presentation: The patient presents with an itchy and painful facial rash that has persisted for more than a week without any other apparent cause. This type of rash could be indicative of various conditions including contact dermatitis, psoriasis, or even systemic issues like HIV infection (though this is less likely given the absence of other symptoms). 2. Medical History: Despite having no other significant health concerns, the patient mentions that they have been sexually active with multiple female partners in the past year. While these sexual activities might contribute to the development of skin rashes, they alone are insufficient to diagnose a specific condition. 3. Vital Signs: The patient's vital signs remain stable at normal levels, which suggests there may be underlying factors contributing to the rash rather than direct causative agents. 4. Physical Examination: The patient reports an erythematous macular rash with raised vesicles on the left forehead and periorbital area. These findings align well with the typical presentation of herpes simplex virus (HSV) infections, such as cold sores or genital herpes. 5. Acyclovir Therapy: Given the recent onset of the rash and the fact that the patient is taking acyclovir, this indicates that the rash might be related to HSV infection rather than another medical condition. 6. Serum HIV Antibody Test: Although the presence of antibodies against HIV is important for diagnosis, the lack of other symptoms and the absence of other known pathogens make this test impractical for confirming the diagnosis. In summary, while the patient's overall health status seems adequate, the combination of a persistent rash, sexual activity history, and the absence of other notable symptoms strongly suggest a diagnosis of HSV infection. Therefore, referring the patient to a dermatologist is the most appropriate course of action to address their skin issue effectively.",0.0081,0.0215,0.1874,0.0525,0.0352,0.0408,0.0408,0.4361,0.5187,0.6573
"A 31-year-old man with a 5-year history of HIV infection comes to the office because of anal pain, particularly on defecation, for the past 4 months. He says he has seen spots of blood on the toilet tissue but has not had any other noticeable bleeding. He reports no change in bowel habits and has not had recent fever, chills, or rectal drainage. He says he and his partner engage in anal-receptive intercourse. His most recent CD4+ T-lymphocyte count 2 months ago was 350/mm³; HIV viral load at that time was undetectable. He currently is being treated with antiretroviral therapy. He has had no opportunistic infections. Medical history is also significant for syphilis and genital herpes treated with penicillin and acyclovir, respectively. He does not smoke cigarettes or drink alcoholic beverages. Vital signs are normal. Physical examination shows small bilateral inguinal lymph nodes, but respiratory, cardiac, and abdominal examinations disclose no abnormalities. There are several tender fleshy lesions around the perianal area. Rectal examination produces tenderness, but there is no rectal discharge. Test of the stool for occult blood is trace positive. Which of the following is the most appropriate pharmacotherapy at this time?",Which of the following is the most appropriate pharmacotherapy at this time?,"
A. Acyclovir 
B. Imiquimod 
C. Levofloxacin 
D. Metronidazole 
E. Penicillin
",B,B,True,"The patient's symptoms, including anal pain, spotting, and changes in bowel habits, suggest an underlying condition related to HIV infection, specifically AIDS-related lymphadenopathy (AL). This condition can manifest as enlarged lymph nodes in various parts of the body, often around the anus. The presence of such lesions suggests involvement of the lymphatic system. Imiquimod: This is typically used to treat skin conditions like psoriasis, but it is not effective against lymphomas or cancers that originate in the lymphatic system. It is indicated for treating psoriasis rather than lymphadenopathy. Therefore, imiquimod would be inappropriate for managing the patient's condition. Levofloxacin: This antibiotic is commonly used for treating bacterial infections, especially those caused by anaerobic bacteria. It is not indicated for treating lymphomas or cancers that arise from the lymphatic system. Levofloxacin would be contraindicated in this context. Metronidazole: This medication is primarily used to treat amoebiasis and other protozoan infections, which do not involve the lymphatic system. While it may be used for certain types of sexually transmitted infections, its use for these conditions would be less appropriate in this case. Penicillin: While penicillin is generally considered safe when used for treating infectious diseases, it is not indicated for treating lymphomas or cancers originating from the lymphatic system. Therefore, penicillin would also be inappropriate for the patient's situation. Given the patient's clinical presentation and the lack of specific indication for immunosuppressive agents like cyclophosphamide, it is reasonable to consider imiquimod as the first-line treatment option. However, due to the potential risks associated with its use in treating lymphomas, it should only be administered under close medical supervision and under strict monitoring for side effects. In conclusion, based on the information provided, Option B. Imiquimod is the most appropriate choice for treating the patient's symptoms.",0.003,0.021,0.1283,0.0513,0.0258,0.0449,0.0449,0.4533,0.5792,0.6785
