background,question,option,ground_truth,prediction,acc,explanation,bleu4,bleu1,meteor,rouge1,rouge2,rougeL,rougeLsum,bertscore_f1,bertscore_f1_avg_sent,bertscore_f1_max_sent
"A 30-year-old woman comes to the office because of a 3-day history of joint pain in her hands and a rash over her chest and arms that is slowly resolving. The joint pain in her hands has persisted and is exacerbated by writing or typing. She rates the pain as a 3 on a 10-point scale. The patient is a preschool teacher and reports that one of her students had a facial rash and fever 1 week prior to the development of her symptoms. The patient's medical history is unremarkable and her only medication is an oral contraceptive. She is in a monogamous relationship with her husband. She does not smoke cigarettes, drink alcoholic beverages, or use illicit drugs. BMI is 22 kg/m² . Vital signs are temperature 38.1°C (100.5°F), pulse 94/min, respirations 18/min, and blood pressure 107/58 mm Hg. Physical examination discloses a blanching, erythematous, papular rash on the anterior chest and proximal upper extremities. The first and second metacarpophalangeal joints of both hands are tender and swollen. The wrist joints also are tender to palpation but there is minimal swelling. Which of the following microorganisms is most likely to have caused this patient's symptoms?",Which of the following microorganisms is most likely to have caused this patient's symptoms?,"
A. Adenovirus 
B. Borrelia burgdorferi 
C. Coxsackievirus 
D. Ehrlichia chaffeensis 
E. Parvovirus B19
",E,A,False,"Adenoviruses are a group of viruses that can cause various diseases, including respiratory infections, gastroenteritis, conjunctivitis, and more rarely, skin rashes. They are known for their ability to infect multiple cell types within the body, which allows them to produce systemic symptoms such as fever, fatigue, and malaise. In this case, the patient presents with a 3-day history of joint pain in her hands and a rash over her chest and arms that is slowly resolving. The presence of a rash and joint pain suggests a viral infection, particularly one that affects connective tissues like the skin and joints. Adenoviruses are common causes of these symptoms, especially when they affect the respiratory system, leading to conditions like adenoviral pneumonia or pharyngitis. Additionally, the patient mentions having a student who developed a facial rash and fever 1 week prior to her own symptoms. This temporal association further supports the possibility of an adenovirus infection, as it often follows close contact between individuals. Options B, C, D, and E are less likely candidates: - Borrelia burgdorferi: This bacterium primarily causes Lyme disease, which typically presents with a characteristic bull's-eye rash at the site of tick bite followed by joint inflammation. - Coxsackievirus: While this virus can cause hand-foot-mouth disease and other conditions, it is less commonly associated with systemic symptoms like those described here. - Ehrlichia chaffeensis: This bacterium is responsible for human ehrlichiosis, which usually presents with fever, headache, and muscle aches rather than the specific combination of rash and joint pain seen in this case. - Parvovirus B19: This virus is known to cause fifth disease, characterized by a distinctive red rash on the cheeks and trunk, along with mild flu-like symptoms. It is less likely to present with joint pain unless secondary complications occur. Given the clinical presentation and the temporal association with another infected individual, adenovirus stands out as the most probable causative agent.",0.0,0.0222,0.1568,0.0661,0.006,0.042,0.042,0.4864,0.582,0.6584
"A 34-year-old woman comes to the office because of a 1-month history of worsening right upper quadrant abdominal pain and discomfort. She describes the pain as a dull ache and says it is not affected by eating or defecating. She has not had nausea or changes in appetite or bowel habits. She feels the pain constantly while she is awake, but it rarely keeps her from sleeping. Acetaminophen provides occasional relief. She has been otherwise healthy. Medical history is unremarkable and her only other medication is an oral contraceptive. Vital signs are normal. Abdominal examination discloses hepatomegaly but no palpable masses or evidence of cirrhosis. Results of liver function tests and serum α-fetoprotein concentration are within the reference ranges. Serologic studies for hepatitis B and C are negative. Ultrasonography of the abdomen shows a 4×4-cm mass in the right lobe of the liver. Which of the following is the most likely diagnosis?",Which of the following is the most likely diagnosis?,"
A. Hepatic adenoma 
B. Hepatocellular cancer 
C. Hydatid cyst 
D. Metastatic ovarian cancer
",A,A,True,"Hepatic adenomas are benign tumors that arise from the liver parenchyma. They are relatively common, accounting for approximately 5-10% of all primary hepatic neoplasms. The most typical presentation is asymptomatic, often discovered incidentally on imaging studies such as ultrasound or CT scans. Symptoms may include mild jaundice, abdominal pain, and weight loss, although many patients have no symptoms at all. In this case, the patient's symptoms (dull ache, constant pain) align well with those of a hepatic adenoma. The fact that the pain is relieved by acetaminophen further supports this diagnosis, as acetaminophen can be effective in managing non-specific musculoskeletal pain without affecting liver function. The ultrasonographic finding of a 4x4 cm mass in the right lobe of the liver strongly suggests a hepatic adenoma. This size and location are consistent with a hepatic adenoma, which typically grows slowly over time and does not metastasize. Options B, C, and D are less likely given the clinical presentation: B. Hepatocellular carcinoma (HCC): While HCC can present with similar symptoms, it usually involves more advanced stages and is associated with significant liver dysfunction, which is not evident here. C. Hydatid cyst: This condition is caused by larval migration through the liver due to Echinococcus granulosus infection. It presents with specific symptoms like intermittent fever, coughing, and abdominal pain, none of which match the patient's description. D. Metastatic ovarian cancer: Ovarian cancers do not commonly spread to the liver; they typically affect the ovaries themselves. Additionally, the presence of ascites would be expected if there were metastases to the peritoneum, which is not mentioned in the patient's history. Therefore, based on the clinical presentation, imaging findings, and laboratory results, the most likely diagnosis is a hepatic adenoma.",0.003,0.0209,0.1812,0.0537,0.027,0.0537,0.0537,0.4399,0.5419,0.6418
"A 12-year-old girl is brought to the emergency department by her mother because of a 1-week history of worsening swelling in her legs. The patient also noticed blood in her urine yesterday. The bleeding has not recurred. She had an upper respiratory tract infection and sore throat 1 week ago that caused her to miss several days of school. Medical history is otherwise unremarkable and she takes no routine medications. Menarche has not yet occurred. BMI is 20 kg/m². Vital signs are temperature 37.0°C (98.6°F), pulse 78/min, respirations 12/min, and blood pressure 136/84 mm Hg. Pulse oximetry on room air shows an oxygen saturation of 100%. Physical examination discloses erythema of the posterior pharynx, mild cervical lymphadenopathy, and 3+ pitting edema to both knees. Results of urinalysis are shown: Protein: 150 mg/dL Blood: Positive Leukocyte esterase: Positive Nitrite: Negative WBCs: 5−10/hpf RBCs: 10−25/hpf Casts:1−2/lpf Results of which of the following laboratory studies are most likely to be abnormal in this patient?",Results of urinalysis are shown: Protein: 150 mg/dL Blood: Positive Leukocyte esterase: Positive Nitrite: Negative WBCs: 5−10/hpf RBCs: 10−25/hpf Casts:1−2/lpf Results of which of the following laboratory studies are most likely to be abnormal in this patient?,"
A. Bleeding time 
B. Erythrocyte count 
C. Serum concentration of C3 
D. Serum IgA concentration 
E. Serum rheumatoid factor assay
",C,C,True,"The patient's symptoms, including leg swelling, blood in the urine, and pitting edema, suggest a possible diagnosis of acute glomerulonephritis. This condition can occur after infections, particularly those involving the urinary tract or respiratory system. In cases of acute glomerulonephritis, there is often an increase in serum complement levels due to the body's immune response against the antigen-antibody complexes formed during the infection. Option A (Bleeding time) would typically be normal in patients without significant hemodynamic instability or active bleeding. Option B (Erythrocyte count) might be elevated if there is ongoing inflammation or tissue damage but does not specifically indicate kidney involvement. Option D (Serum IgA concentration) could potentially be increased in certain autoimmune conditions like systemic lupus erythematosus, but it is not specific for acute glomerulonephritis. Option E (Serum rheumatoid factor assay) is more relevant for diagnosing rheumatoid arthritis rather than acute glomerulonephritis. Therefore, the abnormal finding in this patient's case would be an elevated serum concentration of C3, reflecting the presence of immune complex deposition in the kidneys associated with acute glomerulonephritis.",0.0,0.0452,0.1383,0.0987,0.0181,0.0807,0.0807,0.4694,0.4849,0.5208
"A 45-year-old woman comes to the office because she has noticed during the past several months that her fingernails have become white, increasingly brittle, and seem to lift off her nail beds easily. During this time, she also has had episodes of feeling warm and perspiring. Medical history is remarkable for intravenous drug use 25 years ago. The patient takes only a multivitamin. Last menstrual period was 3 weeks ago. She appears thin and mildly anxious. She is 170 cm (5 ft 7 in) tall and weighs 48.5 kg (107 lb); BMI is 17 kg/m² . Vital signs are temperature 37.0°C (98.6°F), pulse 106/min, respirations 20/min, and blood pressure 136/92 mm Hg. Physical examination of the hands shows a white discoloration of the nail beds. The remainder of the examination shows no abnormalities. Which of the following is the most likely diagnosis?",Which of the following is the most likely diagnosis?,"
A. Chronic obstructive pulmonary disease 
B. Diabetes mellitus 
C. Endocarditis 
D. Hyperthyroidism 
E. Perimenopause
",D,E,False,"Perimenopause is the transitional stage leading up to menopause when ovarian function begins to decline, resulting in irregular menstrual cycles and hormonal changes. These hormonal fluctuations can lead to various symptoms such as hot flashes, night sweats, mood swings, and changes in skin texture, including nails becoming brittle and lifting off the nail bed. In this case, the patient's symptoms align closely with those associated with perimenopause. The mention of increased nail brittleness and the sensation of warmth and sweating are common manifestations of perimenopausal transition. Additionally, the patient's age (45 years old) and medical history (intravenous drug use 25 years ago) support the likelihood of perimenopause rather than other conditions listed. Options Analysis: - A. Chronic obstructive pulmonary disease (COPD): While COPD can cause nail changes like brittleness, it typically presents with more severe respiratory symptoms and does not include the specific symptoms mentioned. - B. Diabetes mellitus: Although diabetes can affect nail health, the described symptoms do not match typical diabetic nail changes. - C. Endocarditis: This condition involves inflammation of the heart valves and endocardium, which would present with different symptoms and findings on physical examination. - D. Hyperthyroidism: Thyroid disorders often manifest with weight loss, palpitations, and heat intolerance, but they generally do not cause nail changes like brittleness and lifting off the nail bed. - E. Perimenopause: This is the most appropriate diagnosis given the patient's age, symptomatology, and medical history.",0.0,0.0216,0.1226,0.0576,0.0249,0.0494,0.0494,0.4412,0.5392,0.6135
"A 48-year-old man comes to the clinic because of a 10-year history of recurrent, intrusive thoughts that his house will be broken into and damaged by criminals or accidentally destroyed by a fire when he is not home. These thoughts have worsened during the past 2 months. He reports now spending 4 hours daily checking that the doors and windows are closed and locked and that the stove and oven are turned off; he previously spent 2 hours daily doing these tasks. He says he cannot keep a job or leave the house very much because of the amount of time he spends checking these things. He has no other history of serious illness and takes no medications. Physical examination shows no abnormalities. On mental status examination, he has an anxious mood and a sad affect. He is fully oriented. He is not having hallucinations or delusions. The most effective pharmacotherapy for this patient is an agent that targets which of the following neurotransmitters?",The most effective pharmacotherapy for this patient is an agent that targets which of the following neurotransmitters?,"
A. γ-Aminobutyric acid 
B. Dopamine 
C. Glutamate 
D. Norepinephrine 
E. Serotonin
",E,E,True,"This case describes obsessive-compulsive disorder (OCD), a condition characterized by persistent, unwanted thoughts (obsessions) and repetitive behaviors (compulsions). The patient's symptoms align closely with those of OCD, where serotonin plays a crucial role in its pathophysiology. Serotonin is a monoamine neurotransmitter involved in various brain functions including mood regulation, sleep-wake cycles, appetite, and pain perception. It also influences anxiety and depression, two conditions often associated with OCD. In OCD, there is typically a deficiency of serotonin in certain areas of the brain, leading to increased activity in related circuits. While other options like gamma-aminobutyric acid (GABA), dopamine, glutamate, and norepinephrine can influence neural function, they do not specifically target the mechanisms underlying OCD as effectively as serotonin does. For example: - GABA is primarily involved in inhibitory processes but doesn't directly address the core obsessional themes. - Dopamine is more implicated in reward pathways rather than the specific obsessions seen in OCD. - Glutamate is important in learning and memory but isn’t targeted by current treatments for OCD. - Norepinephrine affects arousal and attention but again, it’s not specifically linked to the obsessional content of OCD. Therefore, among the given options, only serotonergic agents such as SSRIs (Selective Serotonin Reuptake Inhibitors) are known to be highly effective in treating OCD due to their ability to modulate serotonin levels within the brain, thereby targeting the biochemical basis of the disorder.",0.0,0.0224,0.1692,0.0643,0.0081,0.0402,0.0402,0.4986,0.5541,0.6069
"Researchers from a large neurology center are conducting a study to examine the relationship between stress levels and fibromyalgia-related pain. Two hundred patients with fibromyalgia are randomly selected from the center for participation in the study. During recruitment, a baseline interview is conducted with each participant to obtain sociodemographic and personality data. Participants are given a study-provided portable digital device and asked to maintain a daily schedule of their fibromyalgia pain and stress levels for 30 days using two well-validated and reliable self-reporting scales. Results show a positive and statistically significant relationship between stress levels and fibromyalgia-related pain (P<.05). Similarly, statistically significant relationships were found between Type A personality participants and increased stress levels (P<.01), as well as increased levels of fibromyalgia-related pain (P<.005). Which of the following is the most appropriate method to control for the potential confounding effect of patients with a Type A personality?",Which of the following is the most appropriate method to control for the potential confounding effect of patients with a Type A personality?,"
A. Matching 
B. Post hoc analysis 
C. Randomization 
D. Standardization 
E. Stratification
",E,E,True,"Stratification is an important statistical technique used to control for confounding variables in research studies. In this case, researchers want to investigate the relationship between stress levels and fibromyalgia-related pain while controlling for the influence of Type A personality traits on both factors. Type A personality traits, characterized by competitiveness, time urgency, and hostility, have been associated with higher stress levels and increased risk of developing fibromyalgia. By stratifying the sample based on Type A personality status, researchers can ensure that any observed differences in stress levels and fibromyalgia-related pain are not due to inherent differences between these groups but rather to the specific effects of stress and fibromyalgia itself. Here's how stratification works in this context: 1. Matching: This involves pairing individuals who share certain characteristics (e.g., age, gender) before random assignment. While useful, matching does not address the issue of confounding variables like Type A personality directly. 2. Post hoc analysis: This refers to analyzing results after the fact without adjusting for potential confounders. It may lead to biased conclusions if not properly controlled. 3. Randomization: This involves assigning subjects to different groups through chance alone. However, it doesn't inherently account for individual differences such as Type A personality traits. 4. Standardization: This involves making all measurements consistent across participants. While important for comparability, standardization alone cannot control for confounding variables like Type A personality. 5. Stratification: This involves dividing the population into subgroups based on relevant characteristics (in this case, Type A personality status) and then comparing within each subgroup. This approach allows researchers to isolate the effect of Type A personality on stress levels and fibromyalgia-related pain while accounting for other potential confounders. By stratifying the sample according to Type A personality status, researchers can more accurately assess whether stress levels and fibromyalgia-related pain are independent of Type A personality traits, thereby providing a clearer understanding of the relationship between these variables.",0.0,0.0468,0.1554,0.0983,0.0407,0.0751,0.0751,0.4906,0.5577,0.6756
"A 12-year-old boy with sickle cell disease and type 1 diabetes mellitus is brought to the office by his mother for an initial visit. The family recently moved to the area. Type 1 diabetes mellitus was diagnosed in the patient 6 years ago. Since that time, he has been treated with insulin and dietary management. His insulin regimen has not changed during the past year; however, his mother says he has been only marginally compliant with his insulin and dietary regimens. His diabetic diary shows home fingerstick blood glucose concentrations ranging from 140–200 mg/dL during the past 3 months. He admits to checking his glucose concentrations infrequently. Measurement of hemoglobin A1c obtained last week was 5.4%. The patient's vital signs are temperature 36.8°C (98.2°F), pulse 72/min, respirations 24/min, and blood pressure 110/64 mm Hg. Physical examination shows no abnormalities. Which of the following is the most likely explanation for the discrepancy between the patient's home fingerstick blood glucose concentrations and his hemoglobin A1c?",Which of the following is the most likely explanation for the discrepancy between the patient's home fingerstick blood glucose concentrations and his hemoglobin A1c?,"
A. He has iron deficiency anemia 
B. His daily glucose control is better than recorded 
C. His glucometer is reading falsely high and should be replaced 
D. His hemoglobin A1c is likely a result of laboratory error and should be repeated 
E. His sickle cell disease is affecting his hemoglobin A1c
",E,B,False,"Type 1 diabetes mellitus patients typically have more stable blood glucose levels compared to those with type 2 diabetes. This stability can lead to lower hemoglobin A1c values over time as the average glycemic status improves. In this case, the patient's hemoglobin A1c level of 5.4% after one year of consistent treatment suggests good overall control despite occasional fluctuations in blood glucose readings due to factors such as stress, illness, or poor adherence to diet and medication. Option A (Iron deficiency anemia) is unlikely because it would cause higher red blood cell counts and potentially higher hemoglobin levels, which could skew the results of hemoglobin A1c tests. Option C (Glucometer reading falsely high) is improbable given the patient's relatively low fasting plasma glucose levels and normal physical exam findings. Option D (Laboratory error) is highly unlikely since multiple measurements were taken within a short period without significant changes in results. Option E (Sickle cell disease affecting hemoglobin A1c) is also less probable because sickle cell disease primarily affects red blood cells' shape and function rather than directly impacting hemoglobin A1c levels. However, if the patient experiences frequent vaso-occlusive crises leading to hypoxia, it might affect their overall health and thus indirectly influence their hemoglobin A1c levels.",0.0,0.0524,0.2171,0.1191,0.0343,0.0851,0.0851,0.5539,0.6086,0.6361
"A 35-year-old man, who has been your patient for the past year, comes to the office to request that a copy of his medical records be sent to another physician in town. The patient has an overdue account balance of $750, which he has not paid for several months. He signs an office form authorizing release of health information and provides the name and address of the other physician to whom he would like the records sent. It is most appropriate to inform this patient of which of the following regarding his request for release of his medical records?",It is most appropriate to inform this patient of which of the following regarding his request for release of his medical records?,"
A. They will be released to his new physician promptly 
B. They will be released when he makes a payment on his account 
C. They will be released when he pays his balance in full 
D. They will be released when his new physician contacts your office and requests them
",A,C,False,"Option A is incorrect because releasing medical records immediately upon authorization does not align with standard practices. Medical records typically require verification and review before being released to ensure they do not contain sensitive personal information or unauthorized access. Option B is also incorrect as it suggests waiting until the patient makes a payment, but patients may have multiple outstanding balances and might not always pay their accounts promptly. Option D is incorrect because contacting the office about the release of records is not part of the process; the patient should directly contact the receiving physician to request the records. Option C is the most appropriate choice. When a patient authorizes the release of their medical records, it means they consent to having those records shared with any healthcare provider authorized by them. Therefore, if the patient's new physician requests the records, they can be released promptly without delay. This approach respects the patient's autonomy and ensures timely access to necessary medical information.",0.0,0.0739,0.3034,0.1604,0.0432,0.1176,0.1176,0.5208,0.5861,0.6185
"A 47-year-old man is admitted to the intensive care unit because of lower gastrointestinal bleeding. He has a history of alcohol-induced cirrhosis. Physical examination shows marked ascites and splenomegaly; the spleen tip is palpated 4 cm below the left costal margin. Results of laboratory studies are shown: Serum Blood Creatinine 1.5 mg/dL Hematocrit 29% Hemoglobin 9.7 g/dL Platelet count 105,000/mm³ PT 25 seconds INR 2.5 Which of the following mechanisms most increases this patient’s risk for bleeding?",5 Which of the following mechanisms most increases this patient’s risk for bleeding?,"
A. Decreased production of factor VII 
B. Defective platelet aggregation 
C. Deficiency of thrombopoietin 
D. Inhibition of vitamin K epoxide reductase 
E. Splenic sequestration
",A,E,False,"Splenic sequestration refers to the abnormal accumulation of blood in the spleen due to impaired function of its normal filtering mechanism. This condition can lead to increased pressure within the spleen, which may cause it to rupture, leading to hemorrhage. The presence of splenomegaly (enlarged spleen) and ascites (fluid buildup in the abdomen) strongly suggests that the patient's liver disease has progressed to such an extent that the spleen is not functioning properly, potentially leading to splenic sequestration. Let's examine why the other options are less likely: A. Decreased production of factor VII - While factor VII deficiency can increase bleeding risk, it is not typically associated with splenic sequestration. B. Defective platelet aggregation - Defective platelet aggregation would generally be more related to thrombotic disorders rather than bleeding issues. C. Deficiency of thrombopoietin - Thrombopoietin is a hormone that stimulates megakaryocyte production, but it does not directly relate to splenic sequestration. D. Inhibition of vitamin K epoxide reductase - Vitamin K-dependent coagulation factors are involved in hemostasis, but inhibition of this enzyme would primarily affect clotting rather than bleeding. E. Splenic sequestration - As mentioned earlier, this is the primary mechanism increasing bleeding risk in this patient given their history of cirrhosis and enlarged spleen. Therefore, splenic sequestration is the most appropriate mechanism contributing to the patient's increased bleeding risk.",0.0,0.0242,0.1403,0.0769,0.0172,0.0598,0.0598,0.4898,0.5878,0.7001
"A 57-year-old woman comes to the office for a preoperative evaluation 2 weeks before undergoing scheduled laparoscopic cholecystectomy. Medical history is otherwise unremarkable and the patient takes no medications. Family history is significant for stable angina in her father and rheumatoid arthritis in her mother. The patient has a 102-year-old grandmother who resides in a nursing care facility and has Parkinson disease. The patient does not smoke cigarettes or drink alcoholic beverages. During the interview, her face is expressionless. She has a flexed posture and is unable to open her mouth wide. She is 173 cm (5 ft 8 in) tall and weighs 81 kg (179 lb); BMI is 27 kg/m2. Vital signs are normal. Physical examination discloses thickening and hardening of the skin over the dorsum of the hands and forearms, as well as mild kyphosis. Strength testing shows no abnormalities; muscle tension is normal. Passive and active range of motion of the upper extremities is full. Gait is slow and deliberate. The remainder of the physical examination discloses no abnormalities. Prior to surgery, further evaluation is indicated for which of the following conditions in this patient?","Prior to surgery, further evaluation is indicated for which of the following conditions in this patient?","
A. Osteitis deformans (Paget disease) 
B. Parkinson disease 
C. Progressive supranuclear palsy 
D. Sarcopenia 
E. Systemic sclerosis (scleroderma)
",E,B,False,"Parkinson's disease is characterized by tremors, rigidity, bradykinesia (slowness of movement), and postural instability. In this case, the patient exhibits symptoms consistent with Parkinson's disease such as stiffness, difficulty opening the mouth wide, and slowness of movement during gait. Additionally, the presence of a family history of Parkinson's disease supports this diagnosis. The other options do not match the clinical presentation described: A. Osteitis deformans (Paget disease): This condition involves abnormal bone growth leading to deformities but typically presents with pain, fractures, and changes in bone structure rather than stiffness and reduced mobility. C. Progressive supranuclear palsy: While it can cause similar motor symptoms, it also includes features like gaze palsy and vertical eye movements that are absent in this patient. D. Sarcopenia: This refers to age-related loss of skeletal muscle mass and strength, which is unrelated to the patient's symptoms. E. Systemic sclerosis (scleroderma): Although scleroderma can affect muscles and joints, its primary manifestations include skin thickening and tightening, Raynaud's phenomenon, and organ involvement, none of which align with the patient's specific symptoms. Given the patient's facial expression, posture, and gait, along with the family history of Parkinson's disease, the most appropriate diagnosis is Parkinson disease.",0.0,0.0377,0.1358,0.0721,0.0182,0.0541,0.0541,0.4513,0.537,0.5894
"A 32-year-old man comes to the office because of a 10-day history of a red rash that has spread over his entire torso. He says the rash is not itchy or painful. He reports having a flu-like illness nearly 5 weeks ago, with associated headache, neck stiffness, muffled hearing, and a canker sore on his tongue. All of these symptoms have resolved without treatment. Additional medical history is unremarkable and he takes no medications. BMI is 18 kg/m². Vital signs are normal. Specific additional history should be obtained to determine whether which of the following has occurred during the past 6 months?",Specific additional history should be obtained to determine whether which of the following has occurred during the past 6 months?,"
A. Blood transfusions 
B. Exposure to toxic chemicals 
C. International travel 
D. Tobacco use 
E. Unprotected sexual intercourse
",E,C,False,"International travel is the most likely scenario given the patient's symptoms and the need for blood transfusions. The patient mentions experiencing a ""flu-like illness"" almost 5 weeks ago, which could indicate exposure to an infectious agent such as influenza or another respiratory virus. Additionally, the presence of a canker sore on the tongue suggests oral infection, possibly due to a viral or bacterial pathogen transmitted through close contact or contaminated surfaces encountered while traveling internationally. Options Analysis: A. Blood transfusions - While this could occur in any setting where there is significant blood loss or trauma, it does not directly relate to the specific symptoms described (red rash spreading over the torso). B. Exposure to toxic chemicals - This would typically present with more acute and localized symptoms rather than widespread skin rashes. C. International travel - Given the duration of symptoms (10 days) and the mention of a ""flu-like illness,"" international travel is highly probable. Travelers often encounter new environments, cultures, and potential exposures to various pathogens. D. Tobacco use - Although smoking can lead to systemic issues like cardiovascular disease and lung problems, it doesn't explain the widespread rash seen here. E. Unprotected sexual intercourse - While sexually transmitted infections (STIs) can cause similar symptoms, they usually involve more targeted areas and do not typically result in a generalized rash covering the entire torso. In conclusion, the combination of symptoms, including the widespread rash, recent onset of symptoms resembling a flu, and the possibility of international travel, strongly indicates that the patient has traveled internationally within the past 6 months.",0.0033,0.0298,0.2164,0.0712,0.0215,0.0641,0.0641,0.447,0.5061,0.5951
"The nurse at a local elementary school contacts you about 12 children he has seen in the past 2 weeks. All of the children had similar symptoms of nasal congestion, sneezing, nonproductive coughing, and eye irritation. None of the children had fevers. Several teachers and support staff have reported having the same symptoms. No similar outbreaks have been reported in the community. There was a fire in the school several weeks ago with significant smoke and water damage to classrooms, the cafeteria, and the school ventilation system. Repairs were quickly made and classes resumed. The most likely cause for the students' and teachers' symptoms is exposure to which of the following?",The most likely cause for the students' and teachers' symptoms is exposure to which of the following?,"
A. Asbestos 
B. Legionella pneumophila 
C. Mold spores 
D. Mycoplasma pneumoniae 
E. Respiratory syncytial virus
",C,C,True,"Mold spores are microscopic fungi that can grow on various surfaces, including moist environments like those found in schools after a fire. When mold grows rapidly due to moisture, it releases spores into the air, which can lead to respiratory issues such as nasal congestion, sneezing, nonproductive coughing, and eye irritation. This condition is often referred to as ""mold allergy"" or ""mold sensitivity."" In this case, the fire caused significant moisture damage to the school's environment, creating an ideal breeding ground for mold growth. The rapid release of these spores could explain the widespread symptoms observed among both students and teachers. Additionally, the presence of mold spores in the air would be consistent with the symptoms described (nasal congestion, sneezing, nonproductive coughing) and aligns with the absence of fever, suggesting an allergic reaction rather than a viral infection. Options A, B, D, and E are less likely causes for the symptoms based on the information provided: - Asbestos: While asbestos fibers can cause lung cancer and other serious health problems, they do not typically cause immediate respiratory symptoms like those described. - Legionella pneumophila: This bacterium primarily causes Legionnaires' disease, a severe form of pneumonia, and does not usually present with the specific set of symptoms mentioned here. - Mycoplasma pneumoniae: This bacteria is known to cause a type of pneumonia but generally presents with more severe symptoms and is less commonly associated with mild, localized symptoms like those described. - Respiratory syncytial virus (RSV): RSV is a common cause of bronchiolitis and pneumonia in young children, but its typical symptoms include wheezing and difficulty breathing, which are not fully represented in the given symptoms. Therefore, the most plausible explanation for the children's and teachers' symptoms is exposure to mold spores from the damaged school environment.",0.0088,0.0439,0.3262,0.1029,0.0518,0.0772,0.0772,0.5086,0.5803,0.7809
"A 20-year-old man comes to the office at the request of his family for an examination 1 day after a motor vehicle accident for which he was at fault. The patient was arrested for the third time after police discovered he had been driving under the influence of alcohol. He has been your patient since early adolescence, and he has a history of truancy, shoplifting, and two attempts to run away from home. He dropped out of high school in his senior year. He was fired from his most recent job because he threatened a coworker with a hammer. He has been unemployed for the past 8 months, and as a result he has many unpaid debts. He seems unconcerned about his current difficulties and has no plans for seeking employment or paying his debts. Despite these facts, you find the patient charming and interactive, and he conveys a sincere intention to change his behavior. Which of the following is the most likely diagnosis?",Which of the following is the most likely diagnosis?,"
A. Antisocial personality disorder 
B. Borderline personality disorder 
C. Conduct disorder 
D. Narcissistic personality disorder 
E. Schizotypal personality disorder
",A,A,True,"Antisocial Personality Disorder (ASPD) is characterized by a pattern of disregard for and violation of the rights of others that begins in childhood or early adulthood. It involves a lack of empathy, remorse, guilt, shame, or anxiety over one's actions. The individual may engage in deceitfulness, impulsivity, irresponsibility, and failure to conform to social norms. In this case, the patient exhibits several key features consistent with ASPD: 1. History of Truancy: This indicates a pattern of non-compliance with authority figures. 2. Shoplifting: Another form of rule-breaking behavior. 3. Attempts to Run Away from Home: Shows a lack of concern for personal safety and well-being. 4. Threatening a Coworker with a Hammer: Violation of workplace rules and potential harm to another person. 5. Unemployment and Debt Issues: Demonstrates poor decision-making and financial management skills. 6. Conduct Disorder: While not explicitly mentioned, conduct disorders often include similar behaviors such as aggression, defiance, and rule breaking. These behaviors suggest a chronic pattern of antisocial behavior that began during childhood or early adulthood, aligning closely with the diagnostic criteria for ASPD. The patient's charm and interaction with the examiner also support the idea of a stable and persistent pattern rather than a transient condition. Options B, C, D, and E can be ruled out based on the provided information: - Borderline Personality Disorder typically includes mood instability, impulsive behavior, and self-harm tendencies, which are not present here. - Conduct Disorder might involve more severe forms of aggressive behavior but does not necessarily imply a long-term pattern of disregarding societal norms. - Narcissistic Personality Disorder usually involves grandiosity, manipulation, and a need for admiration, none of which are evident in this case. - Schizotypal Personality Disorder is characterized by odd beliefs, eccentricities, and interpersonal problems, which do not fit the described behavior profile.",0.0,0.0113,0.0787,0.0322,0.0065,0.0257,0.0257,0.4109,0.5223,0.5758
"A 45-year-old man comes to the office for an initial appointment because he would like you to fill out and sign a legal document at the request of his attorney. The patient works as a limousine driver. He states that he is filing a lawsuit against the limousine company that employs him because he developed post-traumatic stress disorder following a motor vehicle collision. He appears irritable and tense as he provides his history. He relays his symptoms by reading them aloud from a written list. At this time, which of the following is the most appropriate approach toward confirming the underlying diagnosis of this patient?","At this time, which of the following is the most appropriate approach toward confirming the underlying diagnosis of this patient?","
A. Administer amobarbital and then interview the patient 
B. Ask the patient to provide a narrative with detailed description of the incident and of his symptoms 
C. Interview the patient under hypnosis 
D. Interview the patient while paying close attention to his willingness to make eye contact 
E. Tell the patient he is exhibiting behaviors that are suggestive of malingering and see how he responds
",B,B,True,"Option B is the most appropriate approach toward confirming the underlying diagnosis of this patient. This method involves asking the patient to provide a detailed narrative of the incident and his symptoms, allowing for a comprehensive understanding of both the traumatic event and its impact on the patient's current state. By having the patient describe in detail what happened during the accident and how it has affected him, we can gather more specific information about the nature of the trauma and any subsequent psychological effects. Here’s why the other options are less suitable: A. Administering amobarbital (a sedative) before interviewing the patient could potentially lead to unreliable results due to altered mental status. C. Interviewing the patient under hypnosis might be unethical and could result in false confessions if the patient is not fully informed of the risks involved. D. Paying close attention to the patient's willingness to make eye contact may not necessarily confirm the diagnosis; it could simply indicate trust or discomfort rather than a reliable indicator of symptom severity. E. Telling the patient they are exhibiting behaviors suggestive of malingering and seeing how they respond could further exacerbate their anxiety and distress, making it difficult to obtain accurate information about their true condition. By using Option B, we can ensure that the patient feels comfortable sharing personal details without fear of judgment or coercion, thereby facilitating a more accurate assessment of their PTSD symptoms and overall well-being.",0.0388,0.0613,0.2992,0.1212,0.0992,0.0985,0.0985,0.5538,0.6198,0.8307
"A 39-year-old woman comes to the office because of gradually increasing shortness of breath while doing her usual household activities. She also reports fatigue, a feeling of heaviness in her chest with exertion, trouble sleeping, and the very recent onset of a rapid heart beat and fluttering in her chest. She says, ""I was always sick as a child."" She does not smoke cigarettes, and she is not currently taking any medications other than occasional aspirin. Her father died of a myocardial infarction at age 55 years. She is married and has two teenaged children. She did have some shortness of breath at the end of her second pregnancy. Physical examination today shows a thin woman with an irregular pulse of 130/min. Thyroid gland is normal to palpation. There is a prominent diastolic rumble heard best over the apical area of her heart. Lungs are clear; there is no hepatomegaly or pretibial edema. Which of the following is the most helpful diagnostic study at this time?",Which of the following is the most helpful diagnostic study at this time?,"
A. Chest x-ray 
B. ECG 
C. Serum anti-streptolysin O titer 
D. Serum C-reactive protein concentration 
E. Serum thyroid-stimulating hormone (TSH) concentration
",B,B,True,"The patient's symptoms, including shortness of breath, fatigue, chest discomfort, and abnormal heart rate, suggest that she may be experiencing signs of cardiovascular disease. The presence of a prominent diastolic rumbling murmur over the apex of the heart is particularly concerning, as it can indicate valvular heart disease, such as mitral regurgitation or aortic stenosis. This finding warrants further investigation into potential cardiac pathology. Among the given options: A. Chest X-ray - While useful for assessing overall lung function and looking for signs of pulmonary hypertension, it cannot definitively diagnose valvular heart disease or other specific cardiac conditions like those indicated by the murmurs. B. Electrocardiogram (ECG) - An ECG would help identify arrhythmias, which could explain the rapid heartbeat and fluttering sensation described by the patient. It would also show if there are any structural abnormalities in the heart that might contribute to these symptoms. C. Serum Anti-Streptolysin O (ASO) Titer - This test measures antibodies against streptococcal antigens and is commonly used to screen for rheumatic fever after a strep throat infection. It is not typically associated with diagnosing valvular heart disease unless there is a history of strep infections. D. Serum C-Reactive Protein (CRP) Concentration - CRP levels are elevated in inflammatory conditions but do not specifically point to valvular heart disease or other specific cardiac issues based on the information provided. E. Serum Thyroid-Stimulating Hormone (TSH) Concentration - Although thyroid dysfunction can affect metabolism and potentially lead to heart problems, the patient's symptoms do not strongly suggest hypothyroidism or hyperthyroidism. The patient's family history and current medication status do not support a diagnosis of thyroid-related disorders. Given the clinical presentation and the presence of a prominent diastolic murmur, the most helpful diagnostic study at this time would be an electrocardiogram (ECG). This will allow for identification of any arrhythmias or structural abnormalities indicative of valvular heart disease, which is consistent with the patient's symptoms and background medical history.",0.0139,0.0303,0.2208,0.0708,0.0475,0.0649,0.0649,0.4549,0.5479,0.6657
"A 10-year-old boy with a traumatic brain injury sustained during infancy is examined in the nursing care facility where he resides because he has had no urine output during the past 24 hours. During the past 4 days, he has had decreasing urine output, intermittent fever, rhinorrhea, and cough. As a result of his brain injury, the patient has severe developmental delay and a seizure disorder. He is fed orally, but he is nonverbal and nonambulatory. Medications are levetiracetam, docusate, and multivitamins. The patient is 131 cm (4 ft 2 in; 10th percentile) tall and weighs 26 kg (57 lb; 10th percentile). BMI is 14 kg/m² (10th percentile). Vital signs are temperature 38.8°C (101.8°F), pulse 80/min, respirations 25/min, and blood pressure 110/80 mm Hg. Pulse oximetry on room air shows an oxygen saturation of 95%. The patient appears thin. He is awake and is not in apparent distress. He is responsive to touch. Auscultation of the lungs discloses scattered coarse crackles and rhonchi but good air entry and normal work of breathing. Results of laboratory studies are shown: Serum Blood Urea nitrogen 78 mg/dL Creatinine 3.2 mg/dL Na+ 131 mEq/L K+ 5.6 mEq/L Cl− 88 mEq/L HCO³ −16 mEq/L Urine Specific gravity 1.030 (N=1.003–1.029) Creatinine 90 mg/dL Na+ 8 mEq/L Hematocrit 37% Hemoglobin 12.5 g/dL WBC 12,000/mm3 Neutrophils, segmented 60% Lymphocytes 40% Platelet count 250,000/mm3 Which of the following is the most likely cause of this patient's altered kidney function?","5 g/dL WBC 12,000/mm3 Neutrophils, segmented 60% Lymphocytes 40% Platelet count 250,000/mm3 Which of the following is the most likely cause of this patient's altered kidney function?","
A. Acute tubular necrosis 
B. Decreased intravascular volume 
C. Medication-related interstitial nephritis 
D. Neurogenic bladder 
E. Pyelonephritis
",B,C,False,"Medication-related interstitial nephritis is a condition that can occur when certain medications, such as anticonvulsants like levetiracetam, interact negatively with the kidneys. In this case, the patient is taking levetiracetam for his seizure disorder, which could potentially lead to medication-induced renal toxicity if it interferes with the normal functioning of the kidneys. Here’s how we can determine that this is the most likely cause: 1. Acute Tubular Necrosis (ATN): This occurs due to acute damage to the tubules of the kidney, often caused by ischemia or obstruction. It typically presents with decreased urine output, edema, and electrolyte imbalances. However, the patient does not have significant edema or electrolyte abnormalities mentioned in the provided information. 2. Decreased Intravascular Volume: While dehydration can affect kidney function, the patient's weight loss and low hematocrit suggest more than just fluid status issues. Dehydration alone would not explain the specific changes in serum creatinine levels seen here. 3. Neurogenic Bladder: Although the patient is non-ambulatory, neurogenic bladder is usually associated with urinary retention rather than decreased urine output. Additionally, the presence of other symptoms like fever and rhinorrhea suggests a systemic issue beyond simple bladder dysfunction. 4. Pyelonephritis: This is inflammation of the kidneys and ureters, often caused by bacterial infection. Symptoms include fever, flank pain, and increased white blood cell count. The patient's symptoms do not align well with pyelonephritis. 5. Medication-Related Interstitial Nephritis: This condition involves direct damage to the kidney tissue from medications. Levetiracetam is known to occasionally cause this side effect, leading to changes in kidney function parameters like serum creatinine and urine specific gravity. The patient's history of seizures and use of levetiracetam supports this possibility. Given these considerations, medication-related interstitial nephritis stands out as the most plausible cause based on the clinical presentation and available information.",0.0059,0.0439,0.1839,0.0944,0.0415,0.0826,0.0826,0.4565,0.5033,0.5635
"A 27-year-old man comes to the office with his wife because of a recent episode of loss of muscle control. He says, ""I was at a reception, someone told a joke, and when I laughed, my legs collapsed!"" His wife says that he recovered in a few seconds and he did not lose consciousness. He has a long history of sleepiness and he is able to go to sleep quickly. He usually awakens feeling refreshed after a short nap. He has no history of similar episodes or hallucinations. There is no family history of similar problems. Vital signs are normal. Physical examination shows no abnormalities. Which of the following is the most likely diagnosis?",Which of the following is the most likely diagnosis?,"
A. Narcolepsy 
B. Primary hypersomnia 
C. A seizure disorder 
D. Sleep paralysis 
E. Vasovagal syndrome
",A,A,True,"Narcolepsy is characterized by excessive daytime sleepiness (EDS) and cataplexy, which is sudden loss of muscle tone triggered by strong emotions such as laughter, anger, or surprise. The patient's symptoms align well with these characteristics. Additionally, narcolepsy often includes other features like sleep paralysis, hypnagogic hallucinations, and disrupted nighttime sleep patterns. Option B (Primary Hypersomnia): While primary hypersomnia can cause prolonged periods of sleepiness, it typically involves difficulty waking up from sleep rather than sudden muscle weakness upon emotional stimulation. This does not match the described symptom of leg collapse during laughter. Option C (Seizure Disorder): Seizures involve electrical disturbances in the brain causing convulsions or altered mental states. The patient's description of losing muscle control without loss of consciousness suggests this is more consistent with narcolepsy than epilepsy. Option D (Sleep Paralysis): Sleep paralysis occurs when one wakes up but cannot move their body due to an inability to transition between wakefulness and sleep. It is associated with vivid dreams and feelings of being watched, but it doesn't explain the sudden onset of muscle weakness on laughing. Option E (Vasovagal Syndrome): Vasovagal syncope is caused by a drop in blood pressure leading to reduced heart rate and decreased oxygen supply to the brain. It typically results in fainting spells and may be accompanied by sweating, nausea, and dizziness. However, it does not specifically describe the sudden onset of muscle weakness on laughing. Given the patient's history of sleepiness, rapid sleep onset, recovery from episodes within seconds, and absence of any neurological deficits except for occasional muscle weakness on laughter, narcolepsy stands out as the most plausible diagnosis among the options provided.",0.0,0.0191,0.11,0.0491,0.0071,0.0491,0.0491,0.4291,0.5347,0.6033
A study is being conducted to assess mesothelioma in shipyard workers. A large shipyard firm has provided the asbestos exposure records of all employees during the past 50 years. The health insurer for the workers has provided claims data that documents all chest x-rays and diagnoses of mesothelioma among current workers and retirees. The study enrolled shipyard workers who were diagnosed with mesothelioma and shipyard workers who were not diagnosed with mesothelioma. All subjects in the study had to have chest x‐rays. Which of the following is the best rationale for selecting a comparison group that had chest x-rays?,Which of the following is the best rationale for selecting a comparison group that had chest x-rays?,"
A. Address confounding 
B. Demonstrate causality 
C. Minimize ascertainment bias 
D. Reduce recall bias
",C,C,True,"Ascertainment bias occurs when individuals who do not meet the inclusion criteria are included in the study sample due to incomplete information or misclassification. In this scenario, the study aims to compare mesothelioma diagnosis rates between two groups: those diagnosed with mesothelioma and those without. To minimize ascertainment bias, it is crucial to ensure that both groups have similar characteristics regarding their exposure to asbestos and other potential risk factors. Given that all subjects in the study had to undergo chest x-rays, the primary concern would be whether these x-rays could lead to an overestimation or underestimation of the true prevalence of mesothelioma. Chest x-rays can sometimes show signs of asbestos-related diseases even if the individual does not actually have mesothelioma (e.g., pleural plaques). This phenomenon is known as ""false positive"" findings from x-rays. To address this issue, the comparison group should include subjects who also underwent chest x-rays but did not develop mesothelioma. By including such a group, the study can more accurately estimate the true prevalence of mesothelioma in the population, thereby minimizing the impact of ascertainment bias on the results. Options Analysis: A. Addressing confounding - While confounding variables might need to be controlled for, the focus here is on minimizing ascertainment bias rather than directly addressing confounders. B. Demonstrating causality - Although understanding causality is important, the primary goal is to reduce bias in the selection process, not necessarily to demonstrate causality conclusively. D. Reducing recall bias - Recall bias typically affects self-reported data, which is not applicable in this context since all participants had undergone chest x-rays. In conclusion, ensuring that the comparison group includes subjects who also received chest x-rays helps to minimize ascertainment bias, making it the most appropriate choice for the study design.",0.0,0.0366,0.2082,0.0886,0.0255,0.0633,0.0633,0.4728,0.5749,0.7095
"An 88-year-old man with osteoarthritis is brought to the office by his daughter because of a 2-day history of severe low back pain and inability to walk. He says he has not fallen and does not recall any trauma to his back. Five years ago, he underwent bilateral hip replacement. His pain and mobility improved following the operation but have worsened during the past year. He now is most comfortable using a wheelchair for ambulation but is able to ambulate for short distances with a walker and assistance. One year ago, carcinoma of the prostate was diagnosed, but he declined therapy and said, ""I'm an old man. When my time comes, I want to die. Just keep me as comfortable as you can."" Vital signs today are temperature 36.6°C (97.9°F), pulse 88/min, respirations 16/min, and blood pressure 188/66 mm Hg. The patient is grimacing with pain and holding his lower back. Palpation discloses point tenderness over L3 through L4, and S1. X-rays of the lumbosacral spine show lytic lesions and compression fracture. The patient refuses additional diagnostic studies. The daughter fears that her father will be ""abandoned"" if he is not evaluated for additional treatment. Which of the following is the most appropriate next step in response to the daughter's concern?",Which of the following is the most appropriate next step in response to the daughter's concern?,"
A. Explain the daughter's concerns to the patient and persuasively present the advantages of further evaluation 
B. Explain to the daughter that no significant treatment will result from further testing and recommend having a home health nurse 
C. Obtain consultation with an oncologist to assess the patient's need for further testing 
D. Reassure the daughter and recommend hospice care consultation 
E. Reassure the daughter and recommend transfer of the patient to an assisted living facility
",D,D,True,"Option D is the most appropriate next step in response to the daughter's concern. The patient's condition, including the presence of cancer, requires careful management and consideration of palliative care options. Here’s a detailed explanation: 1. Understanding the Patient's Condition: The patient has osteoarthritis, which is causing severe low back pain and difficulty walking. Additionally, there is evidence of metastatic cancer involving the bones, specifically in the lumbar region. This combination of conditions necessitates a comprehensive approach to manage both the acute pain and the underlying malignancy. 2. Palliative Care Considerations: Given the advanced age and the presence of cancer, palliative care becomes crucial. Palliative care focuses on improving quality of life for patients with serious illnesses by addressing their physical, emotional, social, and spiritual needs. It involves managing symptoms, providing relief, and supporting the patient and family throughout the illness. 3. Advantages of Further Evaluation: - Improved Quality of Life: By evaluating the patient, we can tailor treatments to address both the chronic pain associated with osteoarthritis and the potential complications from the cancer. - Early Intervention: Early detection and intervention can prevent or delay the progression of the cancer, potentially extending survival. - Supportive Therapies: Pain management strategies, such as medications, physical therapy, and psychological support, can significantly improve the patient's comfort and overall well-being. 4. Options Analysis: - Option A: While explaining the benefits of further evaluation might help alleviate some concerns, it may not fully address the immediate need for supportive measures. - Option B: Recommending home health services could be beneficial, but it doesn't directly address the medical aspects of the patient's condition. - Option C: Obtaining a consultation with an oncologist would be important, but it should ideally be part of a broader plan that includes palliative care considerations. - Option D: Reassuring the daughter while recommending hospice care reflects a balanced approach. Hospice care provides end-of-life care focused on comfort and dignity, aligning with the patient's expressed wishes and ensuring that all necessary steps are taken to support him at this critical stage. 5. Conclusion: Option D is the most appropriate choice because it acknowledges the patient's wishes regarding comfort and supports them with palliative care recommendations. It also addresses the immediate need for supportive measures rather than solely focusing on symptom control.",0.0207,0.032,0.1833,0.0796,0.065,0.0647,0.0647,0.4861,0.58,0.8565
"A 23-year-old man comes to the office because of a 7-day history of fever, crampy abdominal pain, and diarrhea. He says the abdominal pain worsens with oral intake. He has been having 8 to 10 episodes of diarrhea daily. He has not traveled recently and has had no sick contacts. Medical history is unremarkable and he takes no medications. He does not smoke cigarettes, drink alcoholic beverages, or use illicit drugs. He is not sexually active. Vital signs are temperature 38.3°C (101.0°F), pulse 118/min, respirations 18/min, and blood pressure 108/58 mm Hg. Bowel sounds are hyperactive. The abdomen is diffusely tender to palpation; no masses are palpated. Neither the liver edge nor the spleen can be palpated. Digital rectal examination shows grossly bloody stool. A stool culture is obtained, and empiric pharmacotherapy is initiated. Which of the following microorganisms is the most likely cause of this patient's condition?",Which of the following microorganisms is the most likely cause of this patient's condition?,"
A. Campylobacter jejuni 
B. Candida albicans 
C. Enterovirus 
D. Giardia lamblia
",A,A,True,"Campylobacter jejuni is a gram-negative coccobacillus that causes gastroenteritis in humans. It is one of the most common bacterial pathogens responsible for foodborne illnesses worldwide. Symptoms typically include fever, abdominal pain, diarrhea, and sometimes bloody stools. The organism is commonly found in contaminated poultry products and water sources, making it an important consideration when evaluating patients presenting with these symptoms. Options B, C, and D are less likely candidates: B. Candida albicans - This yeast species normally resides on the skin and mucous membranes without causing illness but can cause infections like candidiasis if present in large numbers or under certain conditions such as prolonged antibiotic therapy or immunosuppression. C. Enterovirus - These viruses are widespread and often asymptomatic, but they can cause gastrointestinal symptoms including diarrhea and vomiting. However, enteroviruses do not typically present with severe systemic symptoms like those described here. D. Giardia lamblia - While this protozoan parasite can cause giardiasis, which presents with similar symptoms, it usually involves more specific clinical features such as malabsorption and weight loss rather than the acute onset and severity seen in this case. Given the patient's presentation of fever, abdominal pain, diarrhea, and the presence of bloody stools, along with the typical epidemiology and pathogenicity of Campylobacter jejuni, this organism stands out as the most likely causative agent. The combination of symptoms, particularly the bloody diarrhea, strongly suggests a diagnosis of campylobacteriosis.",0.0,0.038,0.2368,0.0976,0.0328,0.065,0.065,0.4964,0.5878,0.6493
"A 23-year-old man comes to the office because of a 7-day history of fever, crampy abdominal pain, and diarrhea. He says the abdominal pain worsens with oral intake. He has been having 8 to 10 episodes of diarrhea daily. He has not traveled recently and has had no sick contacts. Medical history is unremarkable and he takes no medications. He does not smoke cigarettes, drink alcoholic beverages, or use illicit drugs. He is not sexually active. Vital signs are temperature 38.3°C (101.0°F), pulse 118/min, respirations 18/min, and blood pressure 108/58 mm Hg. Bowel sounds are hyperactive. The abdomen is diffusely tender to palpation; no masses are palpated. Neither the liver edge nor the spleen can be palpated. Digital rectal examination shows grossly bloody stool. A stool culture is obtained, and empiric pharmacotherapy is initiated. Results of the stool culture show growth of Campylobacter jejuni. The patient returns to the office 3 weeks later. He reports total resolution of his fever and gastrointestinal symptoms after completion of prescribed ciprofloxacin therapy, but he has had pain and swelling of his left knee during the past 3 days. The pain worsens with weight bearing. He rates the pain as a 6 on a 10-point scale. Vital signs are temperature 37.1°C (98.8°F), pulse 78/min, respirations 16/min, and blood pressure 112/58 mm Hg. Physical examination discloses erythema and warmth of the left knee with marked synovitis. Direct palpation and flexion of the knee elicit pain. Which of the following is the most appropriate diagnostic study to determine the cause of this patient's symptoms?",Which of the following is the most appropriate diagnostic study to determine the cause of this patient's symptoms?,"
A. Blood cultures 
B. CD4+ T-lymphocyte count 
C. Human leukocyte antigen-B27 assay 
D. Serum rheumatoid factor assay 
E. Stool culture
",C,C,True,"The patient presents with symptoms consistent with ankylosing spondylitis, which is an inflammatory arthritis that primarily affects the spine and sacroiliac joints. This condition is often associated with the presence of human leukocyte antigen-B27 (HLA-B27) in the body. Therefore, the most appropriate diagnostic study to determine the cause of the patient's symptoms would be a Human leukocyte antigen-B27 assay. Options Analysis: A. Blood cultures - While these may help identify other infections, they do not specifically target the diagnosis of ankylosing spondylitis. B. CD4+ T-lymphocyte count - This test measures immune system activity and is useful for diagnosing certain autoimmune conditions, but it is not specific to ankylosing spondylitis. C. Human leukocyte antigen-B27 assay - This test directly assesses the presence of HLA-B27, which is strongly associated with ankylosing spondylitis. D. Serum rheumatoid factor assay - Rheumatoid arthritis is another type of inflammatory arthritis, but it is different from ankylosing spondylitis. This test detects antibodies against the rheumatoid factor, which is not relevant here. E. Stool culture - Although the initial stool culture was positive for Campylobacter jejuni, which could indicate gastroenteritis, the subsequent presentation suggests a more systemic issue rather than ongoing infection. Given the clinical presentation and the need to rule out ankylosing spondylitis, the Human leukocyte antigen-B27 assay is the most appropriate diagnostic study to determine the cause of the patient's symptoms.",0.0319,0.0591,0.3981,0.1452,0.1057,0.1371,0.1371,0.4922,0.5803,0.7657
"A 46-year-old woman, gravida 1, para 1, comes to the office because of a 2-week history of black discharge from her right nipple. The patient had mammography and ultrasonography of the breasts 2 months ago for evaluation of increased glandularity, palpated in the upper outer quadrant of the right breast, noted at her most recent annual examination. The studies showed likely benign findings with recommended follow-up in 6 months. Medical history is otherwise unremarkable and she takes no medications. BMI is 30 kg/m2 . Vital signs are normal. Palpation of the right breast discloses glandularity in the upper outer quadrant but no other masses. There is scant, black discharge from the right nipple. Which of the following is the most appropriate next step in diagnosis?",Which of the following is the most appropriate next step in diagnosis?,"
A. Ductography 
B. Excisional biopsy of glandular tissue 
C. Repeat mammography 
D. Repeat ultrasonography of the right breast 
E. No further workup is indicated
",A,A,True,"Ductography is an imaging technique that uses intravenous contrast dye injected into the ducts of the breast to visualize their structure and any abnormalities. This method is particularly useful when there is suspicion of a ductal carcinoma in situ (DCIS) or invasive cancer within the ducts, which can be difficult to detect on mammography alone due to its small size and location deep within the breast tissue. In this case, given the patient's history of increased glandularity in the upper outer quadrant of the right breast, along with the presence of black discharge from the nipple, it would be highly suggestive of a ductal pathology such as DCIS or possibly early-stage invasive cancer involving the milk ducts. The black discharge could indicate bleeding from the ducts, which is consistent with the possibility of malignancy. Option B (Excisional biopsy of glandular tissue) is not typically considered the first-line diagnostic approach for suspected ductal lesions based solely on clinical presentation. While excisional biopsies can help confirm the nature of the lesion, they are more invasive and may not be necessary if the initial findings suggest a less aggressive condition like DCIS. Options C (Repeat mammography) and D (Repeat ultrasonography of the right breast) are also not immediately indicated without additional clinical information suggesting progression or recurrence of the original finding. Mammography and ultrasound are generally used for screening and surveillance purposes rather than definitive diagnosis of localized disease. Option E (No further workup is indicated) is incorrect because the clinical presentation strongly suggests a need for further investigation to determine the exact nature of the abnormality. Given the history of increased glandularity and the presence of black discharge, ductography provides the most direct means to evaluate the ductal structures involved. Therefore, ductography remains the most appropriate next step in diagnosing the cause of the black discharge from the right nipple.",0.009,0.0297,0.2376,0.0681,0.0374,0.0619,0.0619,0.4618,0.5766,0.7018
"A physician is conducting a retrospective review of a trial involving the use of Drug X in patients with a specific disease. It is known that Drug X is associated with an increased probability of cancer in patients who use the drug. A total of 600 individuals with a specific disease were included in the trial. Of the participants, 200 individuals received Drug X and 400 individuals did not receive it. One hundred individuals who received Drug X died of a particular type of cancer and 100 individuals who did not receive the drug died of the same type of cancer. Based on these data, which of the following is the relative risk of death from this type of cancer in individuals who take Drug X as compared with individuals who do not take Drug X?","Based on these data, which of the following is the relative risk of death from this type of cancer in individuals who take Drug X as compared with individuals who do not take Drug X?","
A. Individuals who take Drug X have an equal risk of dying from this type of cancer 
B. Individuals who take Drug X have four times the risk of dying from this type of cancer 
C. Individuals who take Drug X have three times the risk of dying from this type of cancer 
D. Individuals who take Drug X have two times the risk of dying from this type of cancer 
E. The risk for dying cannot be determined from the data
",D,B,False,"To determine the relative risk (RR) of death from this type of cancer in individuals who take Drug X compared to those who do not, we need to calculate both the incidence rate ratio (IRR) and the attributable fraction (AF). First, let's define the terms: - Incidence Rate Ratio (IRR): This measures the difference in rates between the exposed group (Drug X users) and the unexposed group (non-users). - Attributable Fraction (AF): This represents the proportion of deaths due to the exposure (taking Drug X) among all deaths in the exposed group. ### Step 1: Calculate the Incidence Rates Exposure Group (Drug X Users): - Number of individuals taking Drug X = 200 - Number of deaths from cancer in Drug X users = 100 - Incidence rate of cancer in Drug X users = \( \frac{100}{200} = 0.5 \) per person-year Non-exposure Group (No Drug X): - Number of individuals not taking Drug X = 400 - Number of deaths from cancer in non-users = 100 - Incidence rate of cancer in non-users = \( \frac{100}{400} = 0.25 \) per person-year ### Step 2: Calculate the Incidence Rate Ratio (IRR) The IRR compares the incidence rate of cancer in the exposed group to the unexposed group: \[ \text{IRR} = \frac{\text{Incidence rate of cancer in Drug X users}}{\text{Incidence rate of cancer in non-users}} = \frac{0.5}{0.25} = 2 \] This means that individuals who take Drug X have twice the risk of dying from this type of cancer compared to those who do not take Drug X. ### Step 3: Calculate the Attributable Fraction (AF) The AF is the proportion of deaths due to the exposure (taking Drug X) among all deaths in the exposed group: \[ \text{AF} = \left( \frac{\text{Number of deaths from cancer in Drug X users}}{\text{Total number of deaths in Drug X users}} \right) \times 100\% \] \[ \text{AF} = \left( \frac{100}{100 + 100} \right) \times 100\% = \left( \frac{100}{200} \right) \times 100\% = 50\% \] This means that half of the deaths from cancer in Drug X users can be attributed to the use of Drug X. ### Conclusion Based on the calculations, the relative risk (RR) of death from this type of cancer in individuals who take Drug X as compared with individuals who do not take Drug X is 2. Therefore, the correct answer is B.",0.036,0.0573,0.3776,0.1473,0.1337,0.1378,0.1378,0.4827,0.6239,0.8507
"A 23-year-old woman is brought to the emergency department by her friend because of headache, vomiting, and diarrhea that developed rapidly 6 hours ago. She also has had associated fever, chills, generalized muscle pain, and diffuse rash. The patient previously was healthy and has had no known exposure to anyone who has been ill. Medical history is unremarkable and her only medication is an oral contraceptive. She is currently menstruating. She does not smoke cigarettes or use illicit drugs. She drinks one to two alcoholic beverages weekly. She is disoriented to person, place, and time. Vital signs are temperature 39.2°C (102.6°F), pulse 114/min, respirations 26/min, and blood pressure 82/44 mm Hg. Pulse oximetry on oxygen at 2 L/min via nasal cannula shows an oxygen saturation of 90%. Examination of the skin shows diffuse macular erythema. Lungs are clear to auscultation. Cardiac examination discloses normal heart sounds and no murmur. Bowel sounds are hypoactive. Results of laboratory studies are shown: Serum Blood ALT: 164 U/L Hemoglobin: 16.4 g/dL AST: 130 U/L WBC 14,300/mm³ with left shift Urea nitrogen: 57 mg/dL Platelet count 52,000/mm3 Creatinine 2.2 mg/dL Can you provide me a diagnosis for this case? Given your diagnosis, a response to which of the following choices below is the most likely cause of this patient's condition?","Given your diagnosis, a response to which of the following choices below is the most likely cause of this patient's condition?","
A. Bacterial endotoxin 
B. Bacterial exotoxin 
C. Immunoglobulin E antibody 
D. Immunoglobulin G antibody 
E. Viral capsid 
F. Viral coat
",B,A,False,"This patient presents with symptoms consistent with sepsis, which can be caused by various pathogens including bacteria. The combination of high fever, chills, rapid onset of symptoms, and multiple organ involvement strongly suggests a systemic infection. The presence of a rash, particularly in the context of a febrile illness, could indicate drug eruption or other allergic reactions, but it is less likely to be the primary cause given the severity and rapidity of the presentation. Given the elevated liver enzymes (ALT, AST) and leukocytosis, along with the low platelets and hemoglobin levels, these findings suggest severe inflammation and potential tissue damage. The hypotension (blood pressure 82/44 mmHg) and low oxygen saturation further support a severe infection leading to shock and disseminated intravascular coagulation (DIC). The differential diagnoses include bacterial infections such as sepsis due to gram-negative bacilli like Escherichia coli or Pseudomonas aeruginosa, or potentially viral infections if there were any recent exposures. However, the clinical picture points more towards a bacterial etiology rather than a viral one. Option A (Bacterial endotoxin) is highly probable because endotoxins from Gram-negative bacteria release lipopolysaccharides into the bloodstream, causing systemic inflammatory responses and subsequent organ dysfunction. This fits well with the patient’s symptoms and laboratory findings. Options B (Bacterial exotoxin), C (Immunoglobulin E antibody), D (Immunoglobulin G antibody), F (Viral coat) do not fit the clinical scenario described. Exotoxins would typically lead to specific symptoms related to their target organs, while antibodies would show different patterns based on the immune response against the pathogen. Viral coats are part of the virus structure and do not explain the acute systemic manifestations seen here. Therefore, the most likely cause of this patient's condition is a bacterial endotoxin-mediated sepsis.",0.0152,0.0512,0.3125,0.1093,0.0583,0.09,0.09,0.4827,0.5656,0.6782
"A 68-year-old man comes to the office because of a 4-week history of increasing stiffness in his shoulders and upper arms. He is an avid golfer and has been unable to play in the morning because of the stiffness. He says that the stiffness is somewhat improved in the afternoon. He also has felt fatigued and sometimes ""headachy and feverish."" Medical history is significant for arthritis in his knees treated with acetaminophen, which has not relieved his shoulder and arm pain, and hyperlipidemia treated with pravastatin. He is a retired radiologist. Vital signs are temperature 37.7°C (99.8°F), pulse 76/min, respirations 18/min, and blood pressure 145/80 mm Hg. There is no tenderness in the shoulder girdle, and range of motion is normal bilaterally. The remainder of the physical examination discloses no abnormalities. Results of additional laboratorystudies are shown: Serum Blood Creatine kinase 88 U/L Hematocrit 36% Hemoglobin 12.0 g/dL WBC 8600/mm3 ESR 88 mm/h Which of the following is the most significant risk factor for the development of this patient's condition?",0 g/dL WBC 8600/mm3 ESR 88 mm/h Which of the following is the most significant risk factor for the development of this patient's condition?,"
A. Age 
B. Gender 
C. History of osteoarthritis 
D. Previous occupation 
E. Use of pravastatin
",A,A,True,"Age is the most significant risk factor for the development of this patient's condition. As the patient is 68 years old, he falls into the high-risk category for age-related conditions such as osteoarthritis. Osteoarthritis, characterized by joint degeneration leading to stiffness, swelling, and pain, is more common in older individuals due to wear and tear on joints over time. This patient's history of arthritis in his knees, despite treatment with acetaminophen, suggests ongoing inflammation and damage to his joints, particularly those in his shoulders and upper arms. Additionally, the fact that he is an avid golfer puts him at higher risk for developing musculoskeletal injuries, especially if he continues to engage in activities that exacerbate his symptoms. The other options—gender, history of osteoarthritis, previous occupation, and use of pravastatin—are either less relevant or not directly related to the specific clinical presentation described.",0.0633,0.0932,0.3086,0.1818,0.1494,0.1591,0.1591,0.5271,0.5514,0.692
"A 16-month-old girl is brought to the emergency department by emergency medical technicians because of a generalized tonic-clonic seizure that began 25 minutes ago and has continued despite administration of 0.5 mg/kg rectal diazepam 10 minutes ago. The patient was at home at the time of the seizure. In the emergency department, she is given an additional 0.5 mg/kg dose of diazepam intravenously and the convulsion terminates. Within 2 minutes, her oxygen saturation drops to 75% and she appears cyanotic. Respirations are 10/min and shallow. She receives bag-valve-mask ventilation, followed by intubation and mechanical ventilation. Medical history is unremarkable. She takes no medications. Temperature is 39.1°C (102.5°F). Which of the following is the most likely underlying cause of the patient's respiratory insufficiency?",Which of the following is the most likely underlying cause of the patient's respiratory insufficiency?,"
A. Airway occlusion 
B. Encephalitis 
C. Medication-induced suppression of central respiratory drive 
D. Meningitis 
E. Ongoing nonconvulsive seizure activity
",C,E,False,"The patient's presentation indicates a complex neurological condition involving both seizures and respiratory issues. The initial seizure response to diazepam suggests a possible status epilepticus or another type of seizure disorder. However, the subsequent respiratory failure points towards ongoing nonconvulsive seizure activity rather than airway obstruction, encephalitis, meningitis, or medication-induced suppression of central respiratory drive. 1. Airway Occlusion (Option A): While airway obstruction can lead to hypoxia and respiratory distress, it typically presents with more acute symptoms such as stridor, retractions, or difficulty breathing. The gradual onset and resolution of respiratory issues in this case suggest a different etiology. 2. Encephalitis (Option B): Encephalitis often causes high fever, altered mental status, and other systemic symptoms. The sudden drop in oxygen saturation and appearance of cyanosis do not align well with typical signs of encephalitis. 3. Medication-Induced Suppression of Central Respiratory Drive (Option C): Diazepam suppresses the central nervous system, which could potentially impair respiratory function. However, the rapid progression from seizure to respiratory failure does not support this hypothesis. 4. Meningitis (Option D): Meningitis usually involves severe headache, neck stiffness, photophobia, and other systemic symptoms. The specific combination of seizure and respiratory failure seen here is less common for meningitis compared to other conditions like encephalitis or metabolic disorders. 5. Ongoing Nonconvulsive Seizure Activity (Option E): This is the most plausible explanation. Nonconvulsive seizures can be caused by various factors including metabolic disturbances, electrolyte imbalances, or even certain medications. Given the patient's age and the abrupt change in her condition after receiving diazepam, it is reasonable to suspect ongoing nonconvulsive seizure activity contributing to her respiratory insufficiency. In conclusion, the combination of seizure activity leading to respiratory failure strongly supports the diagnosis of ongoing nonconvulsive seizure activity as the primary cause of the patient's respiratory insufficiency.",0.0087,0.0315,0.265,0.082,0.0508,0.0757,0.0757,0.4872,0.565,0.6706
"A 32-year-old woman comes to the emergency department because of a 3-day history of fatigue and postural light- headedness. She also reports nausea with one episode of vomiting this morning and adds that her stools and urine have been darker than usual lately. Medical history is significant for stage III-B Hodgkin lymphoma. She started the first cycle of chemotherapy 8 days ago. Additional medications include ferrous gluconate, hydrocodone, and prochlorperazine. She is currently receiving 0.9% saline at 75 mL/hr. Vital signs today are temperature 37.5°C (99.5°F), pulse 76/min supine and 80/min standing, respirations 16/min, and blood pressure 125/65 mm Hg supine and 120/60 mm Hg standing. Pulse oximetry on room air shows an oxygen saturation of 94%. Lungs are clear to auscultation. Cardiac examination discloses a soft systolic murmur at the left upper sternal border. There is no hepatosplenomegaly or tenderness on abdominal examination. Rectal examination discloses no masses. Stool is black and test for occult blood is negative. Results of laboratory studies are shown: Blood Urine Hematocrit 24% Specific gravity 1.032 (N=1.010–1.025) WBC 2400/mm3 Bilirubin Negative Platelet count 78,000/mm3 RBC Negative Which of the following is the most likely explanation for the patient's current condition?","025) WBC 2400/mm3 Bilirubin Negative Platelet count 78,000/mm3 RBC Negative Which of the following is the most likely explanation for the patient's current condition?","
A. Adverse effect of medications 
B. Bone marrow metastases 
C. Gastrointestinal blood loss 
D. Hemodilution 
E. Hemolytic anemia
",A,E,False,"Hemolysis refers to the destruction of red blood cells, which can lead to hemoglobinuria (dark-colored urine due to increased levels of hemoglobin in the urine). In this case, the patient has darkened stools and urine, indicating potential gastrointestinal bleeding. The presence of dark stool suggests upper gastrointestinal bleeding, while the dark urine could be from lower gastrointestinal bleeding. Given the patient's medical history of Hodgkin lymphoma and recent chemotherapy, it is important to consider the possibility of hematologic complications such as hemolysis. The patient's elevated white blood cell count (WBC 2400/mm³) and platelet count (78,000/mm³) suggest possible bone marrow involvement, which could contribute to the hemolysis. While other conditions like adverse effects of medications, bone marrow metastases, and hemodilution can cause similar symptoms, they do not explain the specific combination of findings described here. The dark urine and stool strongly indicate gastrointestinal bleeding, making hemolysis the most likely explanation among the given options.",0.0056,0.0889,0.3328,0.1818,0.0973,0.1497,0.1497,0.5509,0.5355,0.6625
"A male neonate, who was born at 36 weeks' gestation 2 hours ago in the labor and delivery unit of the hospital, now shows signs of respiratory difficulty. The mother, an 18-year-old primigravid woman, smoked one pack of cigarettes daily throughout her pregnancy. She received prenatal care during most of the pregnancy. One episode of chlamydial cervicitis was detected during the last trimester and treated with azithromycin. The neonate was born via cesarean delivery due to fetal heart rate decelerations. The amniotic fluid was stained with light particulate meconium. Apgar scores were 9 and 9 at 1 and 5 minutes, respectively. The patient is 50 cm (20 in; 50th percentile) long and weighs 3005 g (6 lb 10 oz; 50th percentile); head circumference is 35 cm (14 in; 50th percentile). The infant's vital signs now are temperature 36.6°C (97.8°F), pulse 150/min, and respirations 70/min. Pulse oximetry on room air shows an oxygen saturation of 95%. Physical examination discloses mild subcostal and intercostal retractions. Chest x-ray shows prominent pulmonary vascular markings and fluid in the intralobar fissures. Which of the following diagnoses is most likely and explain your rationale on each choice?",Which of the following diagnoses is most likely and explain your rationale on each choice?,"
A. Chlamydial pneumonia 
B. Group B streptococcal sepsis 
C. Meconium aspiration syndrome 
D. Respiratory distress syndrome 
E. Transient tachypnea of newborn
",E,C,False,"Meconium aspiration syndrome (MAS) is the most likely diagnosis for this neonate based on the given clinical presentation. Here’s the rationale: 1. History: The neonate was delivered via cesarean section due to fetal heart rate decelerations, which suggests that there may have been some degree of uterine compromise or distress. 2. Physical Examination: The physical exam reveals mild subcostal and intercostal retractions, which can be indicative of lung immaturity or early respiratory distress. Additionally, the chest X-ray showing prominent pulmonary vascular markings and fluid in the intralobar fissures further supports this diagnosis. 3. Pathophysiology: MAS occurs when the baby inhales meconium into the lungs before birth. This leads to inflammation, edema, and alveolar damage, resulting in hypoxemia and respiratory distress. The presence of meconium in the amniotic fluid confirms this condition. 4. Other Considerations: - Chlamydial pneumonia: While it could potentially cause respiratory distress, the history of smoking and other factors do not support this as the primary diagnosis. - Group B Streptococcus Sepsis: Although possible, the absence of fever, positive blood cultures, and typical symptoms like jaundice make this less likely. - Respiratory Distress Syndrome (RDS): RDS typically presents later in life and does not usually present with immediate respiratory distress after birth. - Transient Tachypnea of Newborn (TTN): TTN often resolves spontaneously within 24-48 hours but does not typically show significant retractions or pulmonary markings on imaging. Given these points, Meconium Aspiration Syndrome stands out as the most probable diagnosis among the options provided.",0.0,0.0276,0.1152,0.0692,0.0078,0.0462,0.0462,0.4433,0.5287,0.6157
"A 26-year-old woman comes to the office 1 day after she passed bloody mucus with her stool. She noticed mild abdominal cramping and some constipation preceding the episode; she has not had diarrhea or melanotic stools. She has not had any exposure to unusual or poorly kept food or to any known infectious agents. She says she has been under considerable stress because she is anticipating the defense phase of her PhD thesis soon. Her only medication is acetaminophen for occasional headaches. Her father had colon cancer and died at age 48 years from metastatic disease. She recalls being told that an aunt died of an unknown abdominal tumor. The patient's temperature is 37.6°C (99.6°F), pulse is 90/min, respirations are 18/min, and blood pressure is 110/74 mm Hg. Abdomen is mildly distended, nontympanitic, and tender to palpation only in the right lower quadrant. There is no rebound tenderness or guarding. Pelvic examination shows no masses or mucosal lesions. Rectal examination elicits pain and bloody mucus. Which of the following is the most appropriate diagnostic study?",Which of the following is the most appropriate diagnostic study?,"
A. Colonoscopy 
B. Esophagogastroduodenoscopy 
C. Lower gastrointestinal barium study 
D. Ultrasonography of the appendix 
E. Upper gastrointestinal barium study with small-bowel follow-through
",A,A,True,"Colonoscopy is the most appropriate diagnostic study for this scenario due to several key factors: 1. Symptoms: The patient presents with bloody mucus in the stool, which suggests a possible colonic pathology such as diverticulitis, ulcerative colitis, or colorectal cancer. 2. History: The patient has a family history of colon cancer, including her father who died from metastatic disease. This increases the risk of developing colorectal cancer herself. 3. Physical Examination: The physical exam findings, particularly the tenderness in the right lower quadrant, suggest inflammation or obstruction within the colon. Tenderness specifically noted in the right lower quadrant can be indicative of conditions like appendicitis or more commonly, colonic issues. 4. Rectal Examination: The rectal examination eliciting pain and bloody mucus further supports a diagnosis involving the colon rather than the rectum or other areas. 5. Imaging Studies: - Esophagogastroduodenoscopy (EGD): While useful for diagnosing upper GI tract diseases, it would miss the possibility of a colonic cause. - Lower Gastrointestinal Barium Study: Useful for evaluating the entire large intestine but does not directly address the source of bleeding or inflammation. - Ultrasonography of the Appendix: Not indicated here since there is no mention of appendicitis symptoms. - Upper Gastrointestinal Barium Study with Small-Bowel Follow-Through: Also not relevant given the focus on the colon. 6. Laboratory Tests: Blood tests might show signs of inflammation or infection, but they do not definitively diagnose the underlying condition. Given these considerations, colonoscopy provides the highest likelihood of identifying the specific cause of the symptoms, ruling out serious conditions like colorectal cancer, and allowing for potential therapeutic interventions if necessary.",0.0098,0.0259,0.1824,0.0657,0.0441,0.0438,0.0438,0.4557,0.5389,0.6659
"A 15-year-old girl is brought to the office by her parents because of a 2-month history of progressively worsening gait disturbance. She has fallen several times, once striking her head and causing a brief loss of consciousness. Her parents state that she has had behavioral changes during this time. Medical history is remarkable for asthma treated with a corticosteroid inhaler as needed. Family history is remarkable for multiple sclerosis in a maternal aunt, parkinsonism in her paternal grandfather, and cancer in several paternal relatives, including a grandmother who died from a hemangioblastoma. Vital signs are normal. The patient is awake and alert, but she avoids eye contact and will not answer questions. Auscultation of the lungs discloses expiratory wheezing. Cardiac and abdominal examinations disclose no abnormalities. She has mild bilateral papilledema. Her stance and gait are wide-based, and she is unable to perform a tandem walk. Toxicology screening of the urine is positive for marijuana and cocaine metabolites. Which of the following is the most likely initial working diagnosis?",Which of the following is the most likely initial working diagnosis?,"
A. Cerebellar tumor 
B. Drug-related ataxia 
C. Epidural hematoma 
D. Juvenile-onset parkinsonism 
E. Multiple sclerosis
",A,B,False,"Drug-related ataxia refers to a condition caused by the use of certain drugs, particularly those used to treat mental health disorders such as schizophrenia and bipolar disorder. These medications can cause motor dysfunction, leading to ataxia (lack of coordination) and other neurological symptoms. In this case, the patient's behavior changes, avoidance of eye contact, inability to answer questions, and the presence of expiratory wheezing suggest drug-induced ataxia rather than any other potential diagnoses listed. Options Analysis: A. Cerebellar tumor - While cerebellar tumors can present with ataxia, they typically do not have the specific combination of behaviors described here, nor would they be associated with an increased risk of falling due to cognitive impairment. B. Drug-related ataxia - This directly matches the clinical presentation of the patient, which includes behavioral changes, difficulty answering questions, avoidance of eye contact, and the presence of expiratory wheezing, all indicative of medication side effects affecting the central nervous system. C. Epidural hematoma - An epidural hematoma usually presents with sudden onset severe headache, confusion, and often focal neurologic deficits. It does not typically involve the specific constellation of symptoms seen in this patient. D. Juvenile-onset parkinsonism - Although juvenile-onset Parkinson's disease can present with tremors, rigidity, and bradykinesia, it generally does not include the combination of behavioral changes, avoidance of eye contact, and the presence of expiratory wheezing observed in this patient. E. Multiple sclerosis - While multiple sclerosis can cause ataxia, its typical presentation involves fluctuating symptoms over time, optic neuritis, and sensory disturbances, none of which aligns with the acute onset and specific symptomatology presented in this case. Given the patient's medical history, family history of similar conditions, and the specific combination of symptoms, drug-related ataxia is the most likely initial working diagnosis.",0.012,0.0268,0.2372,0.0654,0.0461,0.0654,0.0654,0.4482,0.5384,0.6657
"A 70-year-old man is brought to the emergency department by his son because of a 2-day history of right upper quadrant abdominal pain, chills, and confusion. He has vomited twice during this time despite decreased food intake. The patient has hypertension controlled with hydrochlorothiazide. Medical and surgical history is otherwise unremarkable. Vital signs are temperature 40.2°C (104.4°F), pulse 110/min, respirations 18/min, and blood pressure 100/60 mm Hg. The patient appears seriously ill without evidence of jaundice. Abdominal examination discloses tenderness to palpation over the liver without guarding. Results of laboratory studies are shown: Serum: Amylase 350 U/L Bilirubin total 2.1 mg/dL Blood: WBC 16,500/mm3 with prominent immature forms Neutrophils, segmented 42% total Neutrophils, bands 25% Serum urea nitrogen and creatinine concentrations are within the reference ranges, as are results of liver function tests. Ultrasonography of the abdomen shows multiple stones in the gallbladder and a common bile duct measuring 9 mm in diameter. Intravenous fluids and a broad-spectrum antibiotic are administered. Which of the following is the most likely diagnosis?",Which of the following is the most likely diagnosis?,"
A. Acute cholecystitis 
B. Acute pancreatitis 
C. Cholangitis 
D. Hepatitis 
E. Liver abscess
",C,B,False,"Acute pancreatitis is the most likely diagnosis based on the given clinical presentation and laboratory findings. Here's a detailed breakdown: 1. Clinical Presentation: - The patient presents with right upper quadrant abdominal pain. - There is no evidence of jaundice, which rules out acute cholangitis. - The patient has vomiting but not diarrhea, suggesting an inflammatory process rather than infectious causes like cholera or typhoid fever. - The presence of immature neutrophils in the blood suggests inflammation, consistent with acute pancreatitis. 2. Laboratory Findings: - Elevated serum amylase levels indicate pancreatic involvement. - Elevated bilirubin levels suggest possible biliary obstruction or septicemia secondary to pancreatitis. - Increased white blood cell count with a predominance of immature cells points towards inflammation. - Normal liver function test results exclude hepatic causes for the symptoms. 3. Imaging Findings: - Multiple stones in the gallbladder and a dilated common bile duct measure 9 mm in diameter support the diagnosis of acute pancreatitis. - These findings are more characteristic of acute pancreatitis than other conditions listed. 4. Pathophysiology: - Acute pancreatitis involves inflammation of the pancreas, often due to alcohol abuse, gallstones, or medications like corticosteroids. - It can cause severe abdominal pain, nausea, vomiting, and may lead to complications such as necrosis if left untreated. Given these factors, the combination of elevated amylase, increased white blood cell count, and imaging findings strongly supports the diagnosis of acute pancreatitis. The patient's age, medical history, and presenting symptoms align well with this condition.",0.0071,0.0246,0.1549,0.065,0.041,0.0407,0.0407,0.449,0.5622,0.6758
"A 70-year-old woman comes to the office because of worsening tremor of her hands. The tremor has been present for most of her life and initially was mild and would occur only when she was tired or stressed. During the past month the shaking has become more noticeable and frequent. She is now embarrassed to eat with other people because of how obvious the tremor has become. The patient has been taking fluoxetine for the past 3 weeks to help her to cope with the death of her husband 2 months ago. Medical history is also remarkable for essential hypertension controlled with lisinopril and hyperlipidemia controlled with atorvastatin. Her only other medication is occasional ibuprofen for joint pain. She used to drink one to two alcoholic beverages monthly but now drinks one glass of wine daily because, she says, it reduces her tremor. She is 168 cm (5 ft 6 in) tall and weighs 70 kg (155 lb); BMI is 25 kg/m2. Vital signs are temperature 36.4°C (97.6°F), pulse 80/min, respirations 18/min, and blood pressure 130/85 mm Hg. Physical examination shows a moderate tremor of both hands that is not present at rest. Complete blood count, serum chemistry profile, and serum thyroid function tests are ordered and results are pending. Which of the following is the most likely cause of the patient's worsening tremor?",Which of the following is the most likely cause of the patient's worsening tremor?,"
A. Adverse effect of fluoxetine therapy 
B. Bereavement reaction 
C. Early Parkinson disease 
D. Increase in alcohol consumption 
E. Mini-strokes
",A,A,True,"Fluoxetine, an antidepressant belonging to the selective serotonin reuptake inhibitor (SSRI) class, can have various side effects, including tremors as a potential adverse effect. This side effect is often described as a ""tardive dyskinesia-like"" tremor, which occurs after prolonged use of SSRIs and may worsen over time if left untreated. In this case, the patient has been on fluoxetine for three weeks, which could explain the onset and progression of her tremor. While bereavement reactions can sometimes manifest as physical symptoms such as tremors, they typically appear within days to weeks after the loss and usually resolve over time without specific treatment. Therefore, this option is less likely to be the primary cause of the worsening tremor. Early Parkinson disease is characterized by progressive motor symptoms rather than sudden onset, and its diagnosis requires a comprehensive evaluation, including clinical assessment and additional diagnostic tools like brain imaging and electromyography. Given the patient's age and the gradual nature of the tremor development, early Parkinson disease seems unlikely. An increase in alcohol consumption might exacerbate existing conditions like tremors, but it does not directly cause new-onset tremors. Moreover, the patient reports drinking alcohol to reduce her tremor, suggesting that alcohol itself is not the underlying cause. Mini-strokes, also known as transient ischemic attacks (TIAs), involve temporary interruptions in blood flow to parts of the brain, leading to neurological symptoms. While these can cause tremors, their presentation is different from chronic tremors associated with medications like fluoxetine. Mini-strokes are typically brief episodes lasting minutes to hours, whereas the patient's tremor has persisted for several weeks. In conclusion, the combination of the patient's long-term use of fluoxetine, the recent onset and progression of her tremor, and the absence of other immediate causes support the likelihood that the worsening tremor is due to an adverse effect of fluoxetine therapy.",0.0,0.0319,0.195,0.0795,0.0369,0.0734,0.0734,0.4927,0.5954,0.7176
"A 70-year-old woman comes to the office because of a 1-month history of gradually worsening shortness of breath. Medical history is significant for hypertension and hyperlipidemia. Routine medications are atorvastatin and lisinopril. The patient appears to be in respiratory distress. Vital signs are temperature 36.7°C (98.0°F), pulse 122/min and irregularly irregular, respirations 28/min, and blood pressure 144/88 mm Hg. Pulse oximetry on room air shows an oxygen saturation of 90%. Pulmonary examination discloses dullness to percussion three-quarters of the way up on the left. Results of laboratory studies are shown: Serum Blood Urea nitrogen 29 mg/dL Hematocrit 38% Creatinine 1.0 mg/dL Hemoglobin 12.9 g/dL Na+ 142 mEq/L WBC 7800/mm3 K+ 4.1 mEq/L Cl− 99 mEq/L HCO3 − 24 mEq/L Glucose 102 mg/dL ECG shows atrial fibrillation with a rapid ventricular response. Chest x-ray shows a large left pleural effusion. Which of the following is the most appropriate next step in evaluation?",Which of the following is the most appropriate next step in evaluation?,"
A. Bone marrow biopsy 
B. Pericardiocentesis 
C. Pleurodesis 
D. Thoracentesis 
E. Video-assisted thoracoscopy
",D,D,True,"Thoracentesis is the most appropriate next step in evaluating this patient's condition. Here’s why: 1. Symptoms and Physical Examination: The patient presents with symptoms of shortness of breath that have progressively worsened over a month, along with respiratory distress, which suggests a serious underlying issue affecting her lungs. The physical examination reveals dullness to percussion on the left side, indicating possible fluid accumulation in the chest cavity (pleural effusion). 2. Diagnostic Testing: The laboratory results show elevated serum creatinine levels, suggesting kidney dysfunction, which could contribute to fluid retention and exacerbate respiratory issues. Additionally, the ECG findings indicate atrial fibrillation with a rapid ventricular response, which can lead to heart failure and further complications if not managed properly. 3. Imaging Findings: The chest X-ray demonstrates a large left pleural effusion, confirming the presence of fluid in the chest cavity. This finding is crucial as it directly links the patient's symptoms to a potential cardiac or pulmonary cause. 4. Options Analysis: - Bone Marrow Biopsy (Option A): While important for diagnosing hematological disorders, it is not typically indicated for patients presenting with acute respiratory distress. - Pericardiocentesis (Option B): Although pericarditis can cause similar symptoms, it is less likely given the patient's age and other clinical features. - Pleurodesis (Option C): This procedure is used to treat spontaneous pneumothorax but does not address the pleural effusion present here. - Video-Assisted Thoracoscopic Surgery (VATS) (Option E): This is more invasive and would only be considered after ruling out other causes of pleural effusion and ensuring there is no life-threatening complication such as a ruptured lung. 5. Immediate Management: Given the severity of the patient's symptoms and the presence of a large pleural effusion, immediate intervention is necessary. Thoracentesis allows for the removal of excess fluid, potentially improving breathing difficulties and reducing the risk of infection or further complications from the effusion. In conclusion, thoracentesis is the most appropriate initial diagnostic and therapeutic step in managing this patient's condition. It provides a quick assessment of the pleural fluid composition and facilitates symptomatic relief while allowing for subsequent management based on the fluid analysis.",0.01,0.0222,0.179,0.0545,0.0384,0.049,0.049,0.4486,0.5418,0.7309
"A 67-year-old man, who has been recovering in the hospital following surgical repair of a contained ruptured abdominal aortic aneurysm 10 days ago, suddenly develops severe abdominal pain. He does not have chest pain or shortness of breath. The patient's postoperative course had been uncomplicated until 4 days ago, when he developed a low-grade fever. He has been unable to tolerate a full liquid diet during the past 4 days. Medical history is remarkable for hypertension, hypercholesterolemia, and a myocardial infarction 6 years ago. Regular medications include metoprolol, lovastatin, and an 81-mg aspirin daily. He has smoked one pack of cigarettes daily for the past 40 years, and he typically drinks three to five beers daily. Vital signs now are temperature 38.1°C (100.6°F), pulse 68/min and regular, respirations 16/min, and blood pressure 150/90 mm Hg. Physical examination shows bilateral cataracts. Auscultation of the chest discloses diffuse mild wheezes and a grade 1/6 soft systolic ejection murmur at the cardiac apex. Palpation of the abdomen discloses mild to moderate mid and right upper quadrant abdominal tenderness. There is no guarding, rebound, or palpable mass. Rectal examination shows no abnormalities. Peripheral pulses are normal. Neurologic examination discloses no abnormalities. Serum electrolyte concentrations are within the reference ranges. Leukocyte count is 15,800/mm³ with mild left shift. Urinalysis shows no abnormalities. ECG shows an old inferior myocardial infarction. Chest x-ray shows scarring at the left and right cardiac bases; no masses or infiltrates are present. Which of the following is the most appropriate additional diagnostic study?",Which of the following is the most appropriate additional diagnostic study?,"
A. Arteriography of the abdomen 
B. Blood cultures 
C. MRI of the abdomen 
D. Ultrasonography of the abdomen 
E. No additional studies are needed
",D,A,False,"Arteriography of the abdomen is the most appropriate additional diagnostic study for this scenario. This procedure involves injecting contrast dye into the arteries supplying the abdominal organs, allowing visualization of any abnormality such as an aneurysm, dissection, or other vascular pathology that could be causing the patient's symptoms. Here’s why the other options are less suitable: B. Blood cultures - While infection can cause abdominal pain, blood cultures would not specifically identify the source of the problem in this case. They are more useful for diagnosing systemic infections like sepsis. C. MRI of the abdomen - Although MRI can provide excellent images of soft tissues, it is generally less sensitive than arteriography for detecting acute vascular issues like aneurysms or dissections. D. Ultrasonography of the abdomen - Ultrasound is a good initial imaging modality but may miss some subtle findings, especially if there is significant inflammation or fibrosis around the aneurysm sac. E. No additional studies are needed - Given the clinical presentation and the need to rule out complications from the previous surgery, arterial angiography remains the most definitive test to determine whether the current abdominal pain is related to the original aneurysm or another issue. In conclusion, arteriography provides the highest confidence in identifying the underlying cause of the patient's abdominal pain, which could be either related to the previously repaired aneurysm or indicative of a new complication requiring immediate intervention.",0.0159,0.0353,0.1887,0.0823,0.0581,0.0741,0.0741,0.4943,0.5954,0.7378
"A 31-year-old woman, gravida 3, para 2, who is at 32 weeks' gestation, is admitted to the hospital because of a 1-week history of progressive dyspnea and wheezing. She says her heart is ""racing"" and she is coughing up a small amount of blood-streaked sputum. Medical history is significant for hypothyroidism, for which she takes levothyroxine. An intravenous catheter is placed. Vital signs are temperature 36.9°C (98.4°F), pulse 132/min, respirations 32/min, and blood pressure 135/78 mm Hg. Pulse oximetry on 100% oxygen via nasal cannula shows an oxygen saturation of 92%. Auscultation of the lungs discloses decreased breath sounds at the bases with expiratory crackles bilaterally. Cardiac examination discloses an irregularly irregular rhythm, an indistinct point of maximal impulse, and a loud S1. A grade 3/6, low-pitched, diastolic, rumbling murmur is audible at the apex; a distinct snapping sound precedes the murmur. Fetal heart rate is 144/min. Which of the following is the most likely cause of the findings in this patient?",Which of the following is the most likely cause of the findings in this patient?,"
A. Atrial septal defect with development of pulmonary hypertension 
B. Chronic mitral regurgitation secondary to rheumatic heart disease 
C. Coarctation of the aorta 
D. Congenital aortic stenosis 
E. Mitral stenosis complicated by atrial fibrillation
",E,E,True,"Mitral stenosis is characterized by narrowing of the mitral valve, leading to increased resistance to blood flow through the left ventricle. This condition can lead to right-sided heart failure due to congestion and fluid accumulation in the lungs. The combination of mitral stenosis and atrial fibrillation further complicates the situation as it increases the workload on the heart and may result in complications such as thromboembolism. In this case, the patient's symptoms include dyspnea, wheezing, and a racing heartbeat, which are consistent with congestive heart failure. The presence of a loud, diastolic rumbling murmur at the apex suggests mitral regurgitation, but given the additional information about atrial fibrillation, the diagnosis of mitral stenosis becomes more plausible. The other options do not fit the clinical presentation: A. Atrial septal defect with development of pulmonary hypertension - This would typically present with cyanosis and signs of systemic shunting rather than isolated dyspnea and wheezing. B. Chronic mitral regurgitation secondary to rheumatic heart disease - While possible, it does not explain the specific combination of symptoms and murmurs seen here. C. Coarctation of the aorta - This would be associated with hemodynamic changes affecting the entire cardiovascular system, not just respiratory distress and murmurs. D. Congenital aortic stenosis - This would typically present with different symptoms related to valvular insufficiency or obstruction of blood flow from the aorta. Given the patient's age, medical history of hypothyroidism, and the combination of symptoms, the most likely cause of these findings is mitral stenosis complicated by atrial fibrillation.",0.0072,0.0429,0.2638,0.1053,0.053,0.0677,0.0677,0.4787,0.5423,0.6562
"A 70-year-old man is admitted to the hospital through the emergency department because of a 12-hour history of severe nausea and four episodes of vomiting of undigested food. During the past week, he has had worsening nausea, heartburn following meals, and early satiety. Medical history is significant for type 2 diabetes mellitus diagnosed 20 years ago, hyperlipidemia, and hypertension. Medications are intermediate-acting insulin twice daily and insulin lispro before meals. He also takes enalapril and atorvastatin. On admission, the patient appears uncomfortable. Vital signs are temperature 36.2°C (97.1°F), pulse 102/min, respirations 16/min, and blood pressure 105/78 mm Hg. Pulse oximetry on room air shows an oxygen saturation of 98%. Physical examination discloses mild epigastric tenderness to palpation. The remainder of the examination discloses no abnormalities. Results of laboratory studies ordered in the emergency department are shown: Serum Blood ALT 23 U/L AST 26 U/L Alkaline phosphatase 85 U/L Amylase 104 U/L Urea nitrogen 42 mg/dL Creatinine 1.32 mg/dL Hemoglobin A1c 8.2% X-rays of the chest and abdomen disclose no abnormalities. Which of the following will best explain the patient's condition?",Which of the following will best explain the patient's condition?,"
A. Accumulation of calcium carbonate and hemoglobin breakdown products in the bile ducts 
B. Decreased gastric myoelectrical activity 
C. Decreased gastric pH 
D. Increased cholecystokinin activity
",B,C,False,"The patient's symptoms of severe nausea, vomiting, and abdominal discomfort suggest that there may be an obstruction in the gastrointestinal tract, which could lead to the accumulation of substances such as bile salts, cholesterol, and other metabolic waste products. This can cause irritation and inflammation in the stomach lining, leading to symptoms like nausea and vomiting. Option A is incorrect because it suggests the presence of calcium carbonate and hemoglobin breakdown products in the bile ducts, but this would not typically cause acute symptoms unless there was already an existing obstruction or blockage in the biliary system. Option B is incorrect because decreased gastric myoelectrical activity does not directly explain the symptoms described. While reduced motility might contribute to delayed emptying of the stomach, it alone cannot account for the severity of symptoms observed. Option D is incorrect because increased cholecystokinin activity would likely result in more frequent bowel movements rather than persistent nausea and vomiting. Cholecystokinin primarily stimulates gallbladder contraction and pancreatic enzyme secretion, so its effects on these organs do not align with the patient's presenting symptoms. In conclusion, the combination of elevated liver enzymes, alkaline phosphatase levels, and the clinical presentation strongly indicate an obstructive process affecting the upper gastrointestinal tract, most likely due to a stone or mass blocking the common bile duct. This leads us to conclude that Option C is the best explanation for the patient's condition.",0.0,0.0275,0.2257,0.0729,0.0408,0.0648,0.0648,0.4838,0.5863,0.7299
"A 70-year-old woman comes to the office for an annual health maintenance examination. She describes a 1-year history of slowly progressive fatigue, diffuse muscle aches, and generalized pain. Medical history is significant for osteoporosis diagnosed 5 years ago. Medications include alendronate and calcium supplementation. Vital signs are normal. Physical examination is unremarkable for her age, with no point tenderness on palpation. Results of complete blood count, serum electrolyte and thyroid-stimulating hormone concentrations, liver function tests, and erythrocyte sedimentation rate are all within the reference ranges. Screening mammography and colonoscopy done 1 year ago disclosed no abnormalities. Which of the following is the most appropriate next step in evaluation?",Which of the following is the most appropriate next step in evaluation?,"
A. DEXA scan 
B. Electromyography and nerve conduction studies 
C. MRI of the cervical spine 
D. Serum antinuclear antibody assay 
E. Serum 25-hydroxyvitamin D assay 
F. No additional evaluation is indicated
",E,A,False,"The patient's symptoms of fatigue, muscle aches, and generalized pain suggest possible underlying conditions such as fibromyalgia, chronic fatigue syndrome, or other systemic diseases that could be exacerbated by osteoporosis. The DEXA (Dual-Energy X-ray Absorptiometry) scan is specifically designed to measure bone density, which can help diagnose osteoporosis and its progression. This test provides valuable information about the patient's skeletal health, which is crucial given her history of osteoporosis and the presence of musculoskeletal complaints. Options B, C, D, E, and F are not suitable next steps because: B. Electromyography and nerve conduction studies - These tests are typically used to evaluate neuromuscular disorders and peripheral neuropathy, which do not directly address the patient's musculoskeletal symptoms. C. MRI of the cervical spine - While this might reveal structural issues like herniated discs or spinal stenosis, it does not specifically target the musculoskeletal system involved in these symptoms. D. Serum antinuclear antibody assay - This test is commonly used to detect autoimmune diseases but is not specific to musculoskeletal complaints related to osteoporosis. E. Serum 25-hydroxyvitamin D assay - Although vitamin D deficiency can contribute to muscle weakness and fatigue, this test alone would not definitively diagnose the patient's condition based solely on her symptoms and medical history. Option F indicates no further evaluation is needed, which contradicts the clinical presentation and the need for comprehensive assessment of musculoskeletal symptoms associated with osteoporosis.",0.0,0.0266,0.1817,0.0648,0.0082,0.0567,0.0567,0.4602,0.5389,0.5859
"A 22-year-old man comes to the emergency department because of a 4‐day history of cough productive of green sputum as well as fever, chills, and rigors. He also has had a 3‐day history of progressive shortness of breath; he now has shortness of breath at rest. He was evaluated in an urgent care center 1 day ago and was prescribed azithromycin, but his symptoms have worsened. He is using accessory muscles of respiration. He is diaphoretic and is able to give only one- to two-word answers to questions. Vital signs are temperature 39.1°C (102.3°F), pulse 138/min, respirations 40/min, and blood pressure 103/56 mm Hg. Pulse oximetry on room air shows an oxygen saturation of 80%, and 100% oxygen is administered via nonrebreather face mask. Skin is mottled and there is cyanosis of the fingers and toes. Pupils measure 4 mm in diameter and are reactive to light. Mucous membranes are dry. Auscultation of the lungs discloses bilateral crackles. The remainder of the physical examination discloses no abnormalities. Laboratory studies are ordered; results of arterial blood gas analysis on 100% oxygen via nonrebreather face mask are shown: PO2: 50 mm Hg PCO2: 44 mm Hg pH: 7.34 Oxygen saturation: 85% Chest x-ray shows bilateral infiltrates with a normal cardiac silhouette and no effusions. Which of the following is the most likely underlying cause of this patient's condition?",Which of the following is the most likely underlying cause of this patient's condition?,"
A. Abnormalities of diffusion of oxygen 
B. Hypoventilation 
C. Obstructive lung disease 
D. Ventilation-perfusion mismatch and shunt
",D,D,True,"This patient presents with acute respiratory distress, high fever, hypoxemia, and tachypnea despite adequate ventilation due to hypercapnia. The clinical presentation strongly suggests a ventilatory compromise that cannot be explained solely by hypoventilation or obstructive lung disease. The presence of bilateral crackles on auscultation further supports the diagnosis of pulmonary edema or alveolar-capillary membrane injury, which can lead to ventilation-perfusion mismatch and shunting. Option A (Abnormalities of diffusion of oxygen) is unlikely because the patient's oxygen saturation remains low despite receiving supplemental oxygen, indicating that the primary issue is not related to impaired gas exchange across the alveoli. Option B (Hypoventilation) is less likely given the patient's tachypnea and elevated PaCO₂ levels, suggesting hypercapnia rather than hypoventilation. Option C (Obstructive lung disease) is improbable since the chest X-ray shows no evidence of significant consolidation or pleural effusion, ruling out restrictive or obstructive lung diseases like chronic obstructive pulmonary disease (COPD). In conclusion, the combination of severe hypoxemia, tachypnea, and the presence of bilateral crackles points towards a ventilation-perfusion mismatch and shunt, making option D the most likely underlying cause of this patient's condition.",0.0291,0.0574,0.4067,0.1366,0.0887,0.1366,0.1366,0.4944,0.5694,0.6547
"A 33-year-old male physician reports for a shift in the emergency department. A nurse alerts you that he noticed a faint odor of alcohol near the physician. When approached, the physician appears tired and more disheveled than usual. There is an odor of alcohol on his breath. He is a skilled and talented physician with no known history of substance or alcohol use disorder. He is married with three children, and his wife is pregnant with twins. The physician was recently hired and has had no actions on his license by any state medical board. Which of the following is the most appropriate next step?",Which of the following is the most appropriate next step?,"
A. Ask the physician if he is sober, and if he says yes, allow him to complete his shift 
B. Explain to the physician that you suspect he is intoxicated and ask him to submit to a blood sample to check his blood alcohol concentration 
C. Relieve the physician of duty and alert the hospital's patient safety officer 
D. Tell the physician that you can cover the remainder of the shift alone, so that he can sleep in his office 
E. Tell the physician you detect alcohol on his breath, and he needs to go home and should not return until he is sober
",C,C,True,"Option C is the most appropriate next step because it aligns with standard protocols for handling suspected cases of intoxication among healthcare professionals. In this scenario, the physician exhibits signs of intoxication (faint odor of alcohol, fatigue, disheveled appearance) which could indicate alcohol abuse or dependence. By relieving the physician of duty and alerting the hospital's patient safety officer, the immediate concern for patient safety is addressed while also ensuring that the situation does not escalate further. This approach minimizes risks associated with impaired judgment and potential errors during critical care situations. It also provides an opportunity for further investigation into the cause of the symptoms and ensures that the physician receives necessary support and treatment.",0.0242,0.063,0.393,0.1417,0.096,0.0945,0.0945,0.5413,0.5676,0.6744
"A 60-year-old man comes to the office because of a 1-year history of progressive left groin pain. The pain is worse with exercise and is relieved with rest. He says the pain is beginning to affect his ability to carry out his daily activities. He says, ""It even hurts when I'm turning over in bed."" He does not recall any trauma to the area. He also has had generalized mild stiffness of his joints during the past 3 years. He takes atorvastatin for hyperlipidemia and lisinopril for hypertension. Medical history is otherwise unremarkable. He does not smoke cigarettes. He drinks one alcoholic cocktail daily. He is 178 cm (5 ft 10 in) tall and weighs 68 kg (150 lb); BMI is 22 kg/m². Vital signs are temperature 37.4°C (99.3°F), pulse 82/min, respirations 18/min, and blood pressure 120/78 mm Hg. The patient walks with a slight limp and has difficulty changing position. Abduction of the left hip elicits pain. Physical examination of the patient's other joints discloses no abnormalities. Which of the following is the most appropriate imaging study at this time?",Which of the following is the most appropriate imaging study at this time?,"
A. CT scan of the hips 
B. MRI of the hips 
C. Radionuclide bone scan 
D. Plain x-ray of the left hip 
E. Skeletal survey
",D,D,True,"A plain x-ray of the left hip is the most appropriate initial imaging study for this patient due to several reasons: 1. Symptoms and History: The patient presents with progressive left groin pain that worsens with activity and improves with rest. This pattern suggests a possible degenerative joint disease or osteoarthritis involving the hip joint. 2. Clinical Presentation: The patient exhibits a slight limp and difficulty changing positions, which could indicate early-stage arthritis affecting the hip joint. These symptoms are consistent with hip osteoarthritis. 3. Imaging Characteristics: - Plain X-rays: These can show changes indicative of osteoarthritis such as narrowing of the joint space, subchondral cysts, and bony spurs around the edges of the femoral head and acetabulum. - MRI: While MRI provides excellent soft tissue contrast, it may be less useful initially given the patient’s age and the need for an immediate diagnosis. - CT Scan: Although CT scans can provide more detail than plain films, they are typically used for fractures or complex deformities rather than routine screening for hip arthritis. - Radionuclide Bone Scan: This test is generally reserved for patients who have suspicious findings on plain radiographs but do not require definitive diagnostic information immediately. - Skeletal Survey: This involves multiple views of the skeleton, including the hip, and is often used in cases where there is suspicion of systemic diseases like rheumatoid arthritis or metastatic cancer. Given these considerations, a plain x-ray of the left hip would be the first-line investigation to assess the presence and extent of hip joint involvement, allowing for timely intervention if necessary.",0.0034,0.0307,0.1753,0.0725,0.0365,0.0652,0.0652,0.4867,0.5542,0.6664
A 2-stage screening program for ovarian cancer is being designed. Which of the following sets of sensitivity and specificity is most likely preferred for Stage 1 and Stage 2 of the program?,Which of the following sets of sensitivity and specificity is most likely preferred for Stage 1 and Stage 2 of the program?,"
A. Stage 1: High Sensitivity, Low Specificity; Stage 2: High Sensitivity, Low Specificity 
B. Stage 1: High Sensitivity, Low Specificity; Stage 2: Low Sensitivity, High Specificity 
C. Stage 1: Low Sensitivity, High Specificity; Stage 2: High Sensitivity, Low Specificity 
D. Stage 1: Low Sensitivity, High Specificity; Stage 2: Low Sensitivity, Low Specificity
",B,B,True,"To design an effective two-stage screening program for ovarian cancer, it's crucial to balance both sensitivity (the ability to correctly identify those who have the disease) and specificity (the ability to correctly exclude those without the disease). The goal is to maximize the number of true positives while minimizing false positives. Option A suggests high sensitivity but low specificity at both stages, which would lead to many false positive results in stage 1 and stage 2. This could result in unnecessary treatments and psychological stress for patients who do not actually have the disease. Option C suggests low sensitivity but high specificity at both stages, which would also be problematic because it might miss some early-stage cases that could benefit from treatment. Option D suggests low sensitivity and low specificity at both stages, which would result in very few positive tests overall, leading to missed diagnoses and potentially fatal delays in treatment. Therefore, Option B provides a balanced approach where high sensitivity helps detect more early-stage cancers, while maintaining reasonable specificity to avoid overdiagnosis and overtreatment. This combination allows for efficient use of resources and accurate identification of truly affected individuals.",0.0,0.0667,0.2918,0.1567,0.0558,0.0922,0.0922,0.497,0.5805,0.6405
"A 35-year-old woman comes to the office for follow-up of chronic pelvic pain. The patient has had deep pelvic pain since undergoing total abdominal hysterectomy and radiation therapy for treatment of cervical cancer 5 years ago. She reports constant, severe aching pain; she rates the pain at its maximum as a 10 on a 10‐point scale. The pain worsens during intercourse. All subsequent cancer follow-up has been negative. Medical history otherwise is unremarkable. The patient has taken oxycodone for her pain for 3 years, but she now reports that the oxycodone only partially relieves her pain. She requests either an increased dose of oxycodone or a change in her prescription to controlled-release morphine, which was recently given to her by a friend. She has smoked one pack of cigarettes daily for the past 15 years. She does not drink alcoholic beverages. BMI is 18 kg/m². She appears lethargic. She is oriented to person, place, and time but speaks slowly with slurred speech. Vital signs are normal. Examination of the skin shows no abnormalities. Pupils are pinpoint and react sluggishly. Which of the following is the most appropriate next step in management?",Which of the following is the most appropriate next step in management?,"
A. Inform the patient that she must find a new physician 
B. Maintain the dose of oxycodone and add naproxen 
C. Order a urine toxicology screening 
D. Report the patient's unauthorized drug use to the police 
E. Switch oxycodone to sustained-release morphine
",C,C,True,"This patient presents with chronic pelvic pain after a previous surgery and radiation therapy for cervical cancer, along with significant opioid dependence due to long-term use of oxycodone. The symptoms include constant, severe aching pain, worsening during intercourse, and a need for increasing doses of opioids despite their effectiveness. Additionally, there are concerning physical findings such as sluggish pupillary response and cognitive impairment (orientation to person, place, and time but speaking slowly with slurred speech). Given these factors, ordering a urine toxicology screening is crucial because it can help identify any illicit substances present in the patient's system, including potentially dangerous drugs like fentanyl or other synthetic opioids. This test would allow healthcare providers to determine if the patient is using illegal drugs, which could be contributing to her pain and addiction issues. Options Analysis: A. Inform the patient that she must find a new physician - While this might seem necessary, it doesn't address the underlying medical concerns or substance abuse issue. B. Maintain the dose of oxycodone and add naproxen - Although this may temporarily alleviate some pain, it does nothing to address the root cause of her condition or the potential for further addiction. C. Order a urine toxicology screening - This is the most appropriate next step as it directly addresses the possibility of illicit drug use and helps manage both her pain and potential addiction. D. Report the patient's unauthorized drug use to the police - Reporting to law enforcement should be done cautiously and only when absolutely necessary, especially considering the patient's current state and lack of legal knowledge. E. Switch oxycodone to sustained-release morphine - While this might offer temporary relief, it doesn't address the underlying issues related to opioid dependency and substance misuse. In conclusion, ordering a urine toxicology screening is the most comprehensive approach to managing this patient's complex case while addressing both her pain and potential substance abuse issues.",0.0086,0.0255,0.2161,0.0599,0.0301,0.0599,0.0599,0.4505,0.5375,0.6361
"A 35-year-old woman comes to the office for follow-up of chronic pelvic pain. The patient has had deep pelvic pain since undergoing total abdominal hysterectomy and radiation therapy for treatment of cervical cancer 5 years ago. She reports constant, severe aching pain; she rates the pain at its maximum as a 10 on a 10‐point scale. The pain worsens during intercourse. All subsequent cancer follow-up has been negative. Medical history otherwise is unremarkable. The patient has taken oxycodone for her pain for 3 years, but she now reports that the oxycodone only partially relieves her pain. She requests either an increased dose of oxycodone or a change in her prescription to controlled-release morphine, which was recently given to her by a friend. She has smoked one pack of cigarettes daily for the past 15 years. She does not drink alcoholic beverages. BMI is 18 kg/m2. She appears lethargic. She is oriented to person, place, and time but speaks slowly with slurred speech. Vital signs are normal. Examination of the skin shows no abnormalities. Pupils are pinpoint and react sluggishly. Urine toxicology screening is positive for diazepam, methadone, and oxycodone. The patient returns to the office 1 week later to discuss these results. Which of the following is the most appropriate opening remark?",Which of the following is the most appropriate opening remark?,"
A. ""I am concerned that you are abusing pain medicine. I would like for you to consider a substance use disorder treatment program."" 
B. ""I cannot be your physician any longer because of your drug use disorder. I'm going to give you 30 days to find a new physician."" 
C. ""I would like to know where you have been getting the methadone and diazepam that you are taking."" 
D. ""The test showed that you take other drugs that I have not prescribed to you. I must report this to the police.""
",A,A,True,"Option A is the most appropriate opening remark because it addresses the patient's concerns directly while also providing context about the potential consequences of continued drug abuse. It acknowledges the patient's current situation without immediately dismissing them from medical care, which can help build trust and rapport. Additionally, it sets up a discussion about possible addiction issues, allowing the healthcare provider to explore the underlying causes and develop a comprehensive plan for managing both the chronic pain and the substance use disorder. Options B and C are inappropriate because they involve legal actions (reporting to the police) that could lead to further complications and may not be necessary based on the information provided. Option D is also inappropriate because it involves reporting illegal activities, which goes beyond the scope of standard medical practice and could result in disciplinary action against the healthcare provider. Option B suggests immediate termination of the relationship with the patient, which is not advisable unless there is clear evidence of serious harm or neglect. Option C asks about specific sources of medication without addressing the broader issue of substance use, which might not yield useful information. Option D implies involvement with law enforcement, which is unnecessary and potentially harmful if done improperly.",0.0136,0.0359,0.2557,0.0826,0.0556,0.055,0.055,0.4972,0.5639,0.6825
"A 24-year-old woman, gravida 1, para 1, comes to the office because she and her husband have been trying to conceive for the past year without success. She gave birth to her first child at age 18 years by cesarean delivery following fetal distress. She then developed postpartum endometritis that resolved with intravenous antibiotic therapy. She used an intrauterine device (IUD) for 1 year following her first pregnancy but had the device removed because of intermenstrual bleeding. Medical history is also remarkable for chlamydial cervicitis treated with antibiotic therapy as an outpatient at age 21 years, and recurrent bacterial vaginosis that had been treated with metronidazole therapy during her pregnancy and on two other occasions. Vital signs today are within normal limits. Breast and pelvic examinations disclose no abnormalities. Hysterosalpingography shows bilateral hydrosalpinx. Which of the following factors in this patient's history most increased her risk for development of her condition?",Which of the following factors in this patient's history most increased her risk for development of her condition?,"
A. Bacterial vaginosis 
B. Cesarean delivery 
C. Chlamydial cervicitis 
D. Postpartum endometritis 
E. Use of an IUD
",C,E,False,"The use of an intrauterine device (IUD) significantly increases a woman's risk for developing hydrosalpinx, which is characterized by the presence of fluid in one or both fallopian tubes. This complication can occur due to several reasons related to the IUD: 1. Mechanical Injury: The insertion process involves inserting a small metal rod into the uterus through the cervical canal. If the IUD is not inserted correctly or if there is resistance, it may cause mechanical injury to the uterine lining or surrounding tissues. 2. Inflammation: In some cases, the insertion procedure itself can lead to inflammation around the site of insertion, potentially causing scarring and adhesions that impede the function of the fallopian tubes. 3. Chronic Infection: While less common, chronic infection from previous infections such as chlamydial cervicitis or postpartum endometritis could persist after removal of the IUD, leading to ongoing inflammation and potential damage to the fallopian tubes. 4. Adverse Reactions: Some women may experience adverse reactions to the material of the IUD, including allergic reactions or irritation, which could contribute to tissue damage and subsequent complications like hydrosalpinx. 5. Hormonal Changes: Hormonal changes associated with using an IUD might affect the integrity of the fallopian tubes over time, making them more susceptible to blockage or obstruction. While the other options listed—bacterial vaginosis, cesarean delivery, chlamydial cervicitis, and recurrent bacterial vaginosis—are all conditions that can increase the risk of certain gynecological issues, they do not directly correlate with the specific risk of developing hydrosalpinx as strongly as the use of an IUD does. Hydrosalpinx is primarily linked to the physical manipulation and potential inflammatory response caused by the placement and removal of the IUD.",0.0,0.0192,0.1318,0.0602,0.0135,0.0401,0.0401,0.4804,0.5317,0.6011
"Patient Information Age: 62 years Gender: M, self-identified Ethnicity: white, self-identified Site of Care: office History Reason for Visit/Chief Concern: ""My legs hurt when I walk, and it's getting worse."" History of Present Illness: 3-month history of worsening leg pain, pain exacerbated by walking; peak intensity after 1 block, pain resolves completely with rest, pain rated 4/10 at worst Past Medical History: hypertension, mild angina, type 2 diabetes mellitus Medications: lisinopril, metoprolol, furosemide, glyburide, lovastatin Allergies: no known drug allergies Psychosocial History: has smoked one-half pack of cigarettes daily for 44 years Physical Examination Temp 36.0°C (96.8°F) Pulse 72/min Resp 14/min BP 140/90 mmHg O2Sat - Height 164 cm (5 ft 5 in) Weight 90 kg (198 lb) BMI 33 kg/m² Appearance: no acute distress HEENT: funduscopic shows grade 2/4 arteriovenous nicking Neck: no jugular venous distention Pulmonary: clear to auscultation; mildly diminished lung sounds Cardiac: no bruits; distant heart sounds Abdominal: obese; no tenderness, guarding, masses, bruits, or hepatosplenomegaly Extremities: no joint erythema, edema, or warmth; no hair on toes; no femoral bruits; dorsalis pedis, radial, and femoral pulses intact Neurologic: sensation to vibration intact Question: Which of the following is the most appropriate diagnostic study?","8°F) Pulse 72/min Resp 14/min BP 140/90 mmHg O2Sat - Height 164 cm (5 ft 5 in) Weight 90 kg (198 lb) BMI 33 kg/m² Appearance: no acute distress HEENT: funduscopic shows grade 2/4 arteriovenous nicking Neck: no jugular venous distention Pulmonary: clear to auscultation; mildly diminished lung sounds Cardiac: no bruits; distant heart sounds Abdominal: obese; no tenderness, guarding, masses, bruits, or hepatosplenomegaly Extremities: no joint erythema, edema, or warmth; no hair on toes; no femoral bruits; dorsalis pedis, radial, and femoral pulses intact Neurologic: sensation to vibration intact Question: Which of the following is the most appropriate diagnostic study?","
A. Ankle brachial index 
B. Arteriography 
C. ECG 
D. Echocardiography 
E. MUGA scan
",A,A,True,"An ankle-brachial index (ABI) is the ratio of blood pressure measured in the foot to that measured in the arm. It is commonly used to assess peripheral arterial disease (PAD), which can cause symptoms such as leg pain during activity like walking. In this case, the patient reports worsening leg pain that is particularly severe after walking one block, indicating potential PAD. The ABI would help determine if there is significant narrowing or blockage in the arteries supplying the lower extremities, which could be causing the pain. This test is non-invasive and provides valuable information about vascular health without requiring any invasive procedures.",0.0,0.1466,0.0855,0.1043,0.0096,0.0664,0.0664,0.4803,0.463,0.4825
"In determining the usefulness of a D-dimer assay in ruling out pulmonary embolism as a diagnosis in a 27-year-old woman with pleuritic chest pain and nonproductive cough, a recent study in the medical literature is reviewed. The study evaluates the use of D-dimer assay in 1500 patients (705 female and 795 male) ranging in age from 19 years to 57 years (mean age is 36 years), whose examining physicians had a low clinical suspicion that the patients had pulmonary embolism. All patients in the study underwent a D-dimer assay, followed by CT angiography of the chest to confirm or exclude the diagnosis of pulmonary embolism. Study results are shown: D-Dimer Positive and CT Angiography Positive: 88 D-Dimer Negative and CT Angiography Positive: 0 D-Dimer Positive and CT Angiography Negative: 312 D-Dimer Negative and CT Angiography Negative: 1100 Total CT Angiography Positive: 88 Total CT Angiography Negative: 1412 Total D-Dimer Positive: 400 Total D-Dimer Negative: 1100 Which of the following is the most appropriate conclusion about this data in regard to patients with low clinical suspicion for pulmonary embolism?",Study results are shown: D-Dimer Positive and CT Angiography Positive: 88 D-Dimer Negative and CT Angiography Positive: 0 D-Dimer Positive and CT Angiography Negative: 312 D-Dimer Negative and CT Angiography Negative: 1100 Total CT Angiography Positive: 88 Total CT Angiography Negative: 1412 Total D-Dimer Positive: 400 Total D-Dimer Negative: 1100 Which of the following is the most appropriate conclusion about this data in regard to patients with low clinical suspicion for pulmonary embolism?,"
A. D-Dimer assay results should be used to determine the need for ordering CT angiography for patients suspected of having a pulmonary embolism 
B. False-negative D-dimer assay results are common in patients with confirmed pulmonary embolism 
C. False-positive D-dimer assay results are rarely encountered 
D. A negative D-dimer assay has a high negative predictive value for excluding the diagnosis of pulmonary embolism 
E. A positive D-Dimer assay has a high positive predictive value for diagnosing pulmonary embolism
",D,B,False,"False-negative D-dimer assay results are common in patients with confirmed pulmonary embolism. This means that even though the patient does not have a pulmonary embolism, the D-dimer test may still show a positive result due to other conditions such as disseminated intravascular coagulation (DIC). In the context of ruling out pulmonary embolism, false negatives can lead to unnecessary further testing or treatment, which could be harmful if it leads to complications like deep vein thrombosis (DVT). Option A is incorrect because while the D-dimer assay is useful in ruling out pulmonary embolism, its results alone do not definitively rule it out. Additional diagnostic tests like CT angiography are necessary to confirm the absence of pulmonary embolism. Option C is incorrect because there is no indication in the given information that false-positive D-dimer assay results are rare. In fact, the study shows that only 312 patients had both a positive D-dimer and a negative CT angiogram, indicating that false positives are relatively uncommon but not unheard of. Option D is incorrect because a negative D-dimer assay does not necessarily have a high negative predictive value for excluding the diagnosis of pulmonary embolism. It depends on the prevalence of pulmonary embolism in the population being tested. If the prevalence is very low, then a negative D-dimer might indeed have a high negative predictive value, but without specific prevalence data, we cannot make this generalization. Option E is incorrect because a positive D-dimer assay does not have a high positive predictive value for diagnosing pulmonary embolism. While it can help rule out the condition, it is not highly sensitive enough to diagnose pulmonary embolism definitively.",0.0,0.0671,0.21,0.2548,0.0557,0.1662,0.1662,0.5024,0.4439,0.4731
"A 45-year-old man is admitted to the hospital because of a 6-hour history of bilateral vision loss. He is otherwise asymptomatic. He has no history of serious illness and takes no medications. Vital signs are within normal limits. Physical examination findings are consistent with psychogenic blindness. A medical student on the patient's treatment team suggests to the attending physician that they administer a placebo 0.9% saline injection to the patient but tell the patient it is a new medication that will ""confirm a diagnosis of blindness by temporarily recovering your vision."" Which of the following best describes the appropriateness of the medical student's suggestion?",""" Which of the following best describes the appropriateness of the medical student's suggestion?","
A. It is appropriate because it can prove that the patient is not blind 
B. It is appropriate because the medical student's intent is to help the patient 
C. It is inappropriate because it is invasive and could be painful 
D. It is inappropriate because the physician would not be stating the truth 
E. It is inappropriate without the approval of the hospital ethics committee
",D,D,True,"This scenario involves deception in a clinical setting, which raises ethical concerns. The key issue here is whether the deception is justified for the benefit of the patient. In this case, the patient claims to have been blind due to psychogenic blindness, and the medical student proposes administering a placebo (saline) to potentially recover their vision. This approach aims to confirm the diagnosis of blindness through a temporary recovery of vision. Option A is incorrect because while proving the patient is not blind might seem like an objective goal, it does not address the core ethical dilemma. The primary concern is the potential harm caused by deceiving the patient about the nature of the intervention. Option B is partially correct but incomplete. While the intention may be good, the outcome of deceiving the patient about the true purpose of the procedure undermines trust and integrity in healthcare. The focus should be on the ethical implications rather than just the intent. Option C is incorrect because although the procedure itself could be painful, the question revolves around the ethical justification rather than the physical pain involved. Option E is also incorrect as it assumes prior approval from an ethics committee, which is unnecessary in this specific context since the decision was made by the medical student based on his understanding of the situation. In conclusion, the appropriateness of the medical student's suggestion depends heavily on the ethical considerations surrounding deception in medical practice. The primary ethical issue lies in the potential violation of the patient's right to truthful information and the trust built between doctor and patient. Therefore, the most accurate response is that the suggestion is inappropriate without further consideration of its ethical implications.",0.0131,0.0291,0.1319,0.0733,0.0537,0.0733,0.0733,0.4826,0.6076,0.7259
"A 5-week-old infant is brought to the office by his mother for an initial well-child visit. He was born at 37 weeks' gestation via cesarean delivery because of chorioamnionitis. The infant had fetal distress that was documented by fetal monitoring during labor. The mother became jaundiced in the immediate postpartum period and was found to have hepatitis C (HCV) and HIV infection. She is unaware of her hepatitis B (HBV) status but knows that her son received the hepatitis B vaccination on the second day of life. The infant's weight today is 3912 g (8 lb 10 oz); physical examination shows no abnormalities. The mother wants to know what chance her child has of having contracted HIV or HCV infection from her. The risk for vertical transmission of HIV is approximately 20%. The mother is advised and appropriate management is planned for the infant regarding HIV. To determine the risk of HCV transmission, a recently published study of risk factors for perinatal transmission of HCV in 155 mothers coinfected with HIV and HCV is reviewed. Results of the study are shown: Association of Gestational and Infant Factors With Mother-to-Infant HCV Transmission 155 Mothers with HIV and HCV Infection Factor: Gestational Age <37 weeks - HCV Transmission 8.4%, RR 1.0, 95% CI - Factor: Gestational Age ≥37 weeks - HCV Transmission 8.3%, RR 0.99, 95% CI 0.32 to 3.06, p Value 0.99 Factor: No Cesarean Delivery - HCV Transmission 6.0%, RR 1.0, 95% CI - Factor: With Cesarean Delivery - HCV Transmission 13.3%, RR 2.21, 95% CI 0.69 to 7.06, p Value0.24 Factor: No Chorioamnionitis - HCV Transmission 7.0%, RR 1.0, 95% CI - Factor: With Chorioamnionitis - HCV Transmission 33.3%, RR 4.77, 95% CI 0.86 to 26.3, p Value 0.21 Factor: Did not use Fetal Electrode - HCV Transmission 7.0%, RR 1.0, 95% CI — Factor: Used of Fetal Electrode - HCV Transmission 3.3%, RR 0.66, 95% CI 0.09 to 4.89, p Value 0.99 Factor: Infant Not HIV-infected - HCV Transmission 5.4%, RR 1.0 95% CI — Factor: Infant HIV-infected - HCV Transmission 17.1%, RR 3.19, 95% CI 1.14 to 8.93, p Value 0.04 RR=relative risk; CI=confidence interval Based on these data, which of the following is the most appropriate conclusion regarding the five potential risk factors for transmission of HCV?","04 RR=relative risk; CI=confidence interval Based on these data, which of the following is the most appropriate conclusion regarding the five potential risk factors for transmission of HCV?","
A. All factors appeared to have an effect on HCV transmission 
B. Fetal electrode monitoring was protective against HCV 
C. Infant HIV infection was the only significantly associated factor 
D. Maternal chorioamnionitis was the most significantly associated factor 
E. No factor was significantly associated
",C,E,False,"To determine the significance of each risk factor for HCV transmission, we need to examine the relative risks (RRs) and their confidence intervals (CIs). A significant association would be indicated if the RRs fall outside the range of 0.01 to 100, indicating a statistically significant difference compared to the baseline rate. Let's analyze each factor: 1. Gestational Age <37 weeks: - HCV Transmission Rate: 8.4% - Relative Risk (RR): 1.0 - Confidence Interval (CI): - (not applicable) - P-value: 0.99 2. Gestational Age ≥37 weeks: - HCV Transmission Rate: 8.3% - Relative Risk (RR): 0.99 - Confidence Interval (CI): 0.32 to 3.06 - P-value: 0.99 3. No Cesarean Delivery: - HCV Transmission Rate: 6.0% - Relative Risk (RR): 1.0 - Confidence Interval (CI): - - P-value: 0.99 4. With Cesarean Delivery: - HCV Transmission Rate: 13.3% - Relative Risk (RR): 2.21 - Confidence Interval (CI): 0.69 to 7.06 - P-value: 0.24 5. No Chorioamnionitis: - HCV Transmission Rate: 7.0% - Relative Risk (RR): 1.0 - Confidence Interval (CI): - - P-value: 0.99 6. Did not use Fetal Electrode: - HCV Transmission Rate: 7.0% - Relative Risk (RR): 1.0 - Confidence Interval (CI): - - P-value: 0.99 7. Used of Fetal Electrode: - HCV Transmission Rate: 3.3% - Relative Risk (RR): 0.66 - Confidence Interval (CI): 0.09 to 4.89 - P-value: 0.99 8. Infant Not HIV-infected: - HCV Transmission Rate: 5.4% - Relative Risk (RR): 1.0 - Confidence Interval (CI): - - P-value: 0.99 9. Infant HIV-infected: - HCV Transmission Rate: 17.1% - Relative Risk (RR): 3.19 - Confidence Interval (CI): 1.14 to 8.93 - P-value: 0.04 From this analysis, none of the factors show a statistically significant association with HCV transmission rates. The relative risks are all within the range of 0.01 to 100, indicating no significant differences from the baseline rate. Therefore, there is no evidence supporting any one factor as being more strongly associated with HCV transmission than others based on the provided data.",0.0,0.0406,0.1511,0.1154,0.0221,0.0659,0.0659,0.4111,0.5755,0.696
"A 45-year-old man comes to the community health center because of a 1-week history of fever, chills, sweating, mild shortness of breath, and nonproductive cough. Medical history is remarkable for AIDS and pneumonia 3 years ago that required hospitalization. Today, he says that he lost his job 6 months ago and cannot afford to buy his antiretroviral medications. Vital signs are temperature 38.6°C (101.5°F), pulse 82/min, respirations 20/min, and blood pressure 116/72 mmHg. Pulse oximetry on room air shows an oxygen saturation of 97%. The health center is very busy with several patients waiting to be evaluated. Which of the following is the most appropriate next step?",Which of the following is the most appropriate next step?,"
A. Arrange a direct admission to the hospital for this patient 
B. Continue with obtaining a thorough history and examining this patient 
C. Place masks on the patient and yourself and then continue to evaluate him 
D. Send this patient for chest x-rays, and while they are being obtained examine the next patient
",C,A,False,"Option A: Arrange a direct admission to the hospital for this patient This is the most appropriate next step in this scenario. Given the patient's symptoms of fever, chills, sweating, mild shortness of breath, and nonproductive cough, along with his recent history of AIDS and previous hospitalization for pneumonia, it is highly likely that he has developed complications from his underlying condition. His current symptoms suggest possible exacerbation of his existing illness or development of another infection, which could be life-threatening if not addressed promptly. Direct admission to the hospital allows for immediate medical evaluation, treatment, and monitoring. This ensures that the patient receives necessary care as soon as possible, potentially preventing further deterioration and complications. Additionally, it provides access to specialized resources such as intensive care units (ICUs) where advanced treatments can be administered more effectively. Options B, C, and D are less suitable given the urgency and complexity of the situation: Option B: Continue with obtaining a thorough history and examining this patient - While important, this approach does not address the immediate need for urgent medical intervention due to the patient's deteriorating condition. Option C: Place masks on the patient and yourself and then continue to evaluate him - This would involve unnecessary exposure risk and delays in providing critical care. Option D: Send this patient for chest x-rays, and while they are being obtained examine the next patient - Chest x-rays are crucial for diagnosing respiratory conditions like pneumonia, but sending them immediately after evaluating the patient might delay proper management of their acute symptoms. Additionally, the patient may require immediate stabilization before undergoing imaging. In conclusion, arranging a direct admission to the hospital prioritizes timely medical attention and potential life-saving interventions, aligning with the patient's clinical presentation and the healthcare facility's capacity constraints.",0.009,0.0239,0.1451,0.0575,0.0386,0.0447,0.0447,0.4599,0.5376,0.6772
"A 45-year-old man comes to the office for a follow-up examination 2 days after he was seen in the emergency department for a generalized tonic-clonic seizure. He was prescribed chlordiazepoxide upon being discharged but did not fill the prescription. The patient says that this was his third seizure in the past 2 years; prior to that he had no history of seizures. Medical history is also remarkable for a 10-year history of daily ingestion of two six-packs of beer. He has not had any alcoholic beverages for the past 5 days. He takes no medications. The patient says that his seizures usually occur after he abstains from alcohol for a period of time. Vital signs are normal. Physical examination shows scattered spider angiomata on his chest and abdomen. Liver is enlarged, smooth, and nontender. CT scan of the head with contrast done in the emergency department 2 days ago showed no abnormalities. Which of the following is the most appropriate next step?",Which of the following is the most appropriate next step?,"
A. Lumbar puncture for examination of cerebrospinal fluid 
B. MRI of the brain 
C. Repeat CT scan of the head in 1 week 
D. Sleep-deprived electroencephalography 
E. No further evaluation is necessary
",E,A,False,"Lumbar puncture (LP) is the most appropriate next step because it can help diagnose potential causes of seizures such as infections, demyelinating diseases, or other central nervous system disorders. Given the patient's history of heavy alcohol consumption over an extended period, there is a higher likelihood of developing neurodegenerative conditions like chronic alcohol-related encephalopathy or Wernicke-Korsakoff syndrome, which could present with seizures. Additionally, the presence of liver enlargement suggests possible hepatic encephalopathy, another condition that may cause seizures due to metabolic disturbances. Options Analysis: A. Lumbar puncture for examination of cerebrospinal fluid - This is the most logical choice given the patient's symptoms and medical history. It helps identify infectious agents, demyelinating processes, or other neurological issues contributing to the seizures. B. MRI of the brain - While useful for imaging structural changes, an MRI alone would be less likely to detect subtle findings indicative of ongoing seizures compared to a lumbar puncture. C. Repeat CT scan of the head in 1 week - Although repeat imaging might be considered if initial results were inconclusive, a new LP would still be more definitive in diagnosing underlying causes of seizures. D. Sleep-deprived electroencephalography - This test is typically used to assess sleep patterns and epilepsy activity during sleep, rather than directly diagnosing seizures themselves. It does not provide information about the cause of the seizures. E. No further evaluation is necessary - This option is incorrect because the patient's history and current presentation suggest a need for diagnostic testing to rule out serious underlying conditions causing seizures.",0.0106,0.0281,0.2169,0.0674,0.0453,0.0449,0.0449,0.4615,0.5286,0.5864
"A case-control study is conducted to assess risk factors predicting inpatient mortality among geriatric patients with community-acquired pneumonia. Results of the study include the odds ratios shown below, which were calculated from a multivariable logistic regression equation: Predictor Variables: Hypotension (systolic blood pressure ≤100 mm Hg) - Odds Ratio: 3.32, 95% CI (1.65 to 5.11) Hypoxemia (PO2 ≤ 50 mm Hg) - Odds Ratio: 2.43, 95% CI (1.55 to 3.32) Lung infiltrate present on chest x-ray at time of admission - Odds Ratio: 1.35, 95% CI (0.76 to 2.24) When the other covariates are controlled, which of the following is the most appropriate conclusion regarding these data?","24) When the other covariates are controlled, which of the following is the most appropriate conclusion regarding these data?","
A. The risk for inpatient mortality is greater for patients with hypotension than for those without hypotension 
B. The risk for inpatient mortality is increased more by hypoxemia than by hypotension 
C. The risk for inpatient mortality is increased when there is a pulmonary infiltrate present on chest x-ray at the time of admission 
D. The risk for inpatient mortality is significantly affected by all of these predictor variables
",A,C,False,"To determine the most appropriate conclusion regarding the given data, we need to understand how the odds ratios relate to the risks associated with the predictors. An odds ratio (OR) greater than 1 indicates an increase in the odds of the outcome being present compared to the reference group, while an OR less than 1 indicates a decrease in the odds. Let's analyze each option: A. ""The risk for inpatient mortality is greater for patients with hypotension than for those without hypotension"" - This statement is not directly supported by the odds ratio alone. While hypotension increases the odds of inpatient mortality (odds ratio = 3.32), it does not necessarily mean that the absolute risk is higher. To compare this with other conditions, we would need additional information about baseline risk levels. B. ""The risk for inpatient mortality is increased more by hypoxemia than by hypotension"" - This statement is also not directly supported by the odds ratio. Both hypoxemia and hypotension increase the odds of inpatient mortality, but the magnitude of the effect cannot be determined solely from the odds ratio values provided. C. ""The risk for inpatient mortality is increased when there is a pulmonary infiltrate present on chest x-ray at the time of admission"" - This statement is supported by the odds ratio for lung infiltrate presence (odds ratio = 1.35). Since the odds ratio is greater than 1, this means that having a pulmonary infiltrate increases the odds of inpatient mortality relative to the absence of such an infiltrate. Therefore, the risk for inpatient mortality is indeed increased when there is a pulmonary infiltrate present on chest x-ray at the time of admission. D. ""The risk for inpatient mortality is significantly affected by all of these predictor variables"" - This statement is too broad and not supported by the specific odds ratios provided. While some predictors do have significant effects (hypotension and hypoxemia), others like lung infiltrate do not show a statistically significant increase in risk as indicated by their respective odds ratios. In conclusion, the most appropriate conclusion based on the given data is that the risk for inpatient mortality is increased when there is a pulmonary infiltrate present on chest x-ray at the time of admission.",0.0049,0.0337,0.1736,0.0665,0.0257,0.0512,0.0512,0.444,0.5522,0.6701
"A 38-year-old man comes to the office because of a 2-month history of intermittent episodes of hot flushes, chest discomfort, and excessive sweating, with associated panic. The episodes have been increasing in frequency and now are occurring daily. The patient says there is no specific precipitating cause of the episodes, but he has noticed that the episodes occur most frequently in the afternoon. He does not have any new stressors in his life. Medical history is significant for hypertension and type 2 diabetes mellitus. Medications are lisinopril and metformin. Family history is significant for hyperparathyroidism in an aunt and the death of an uncle from medullary thyroid cancer. The patient's BMI is 33 kg/m². Vital signs are temperature 36.9°C (98.4°F), pulse 74/min, respirations 18/min, and blood pressure 138/92 mm Hg. Physical examination discloses no abnormalities. Results of serum laboratory studies are shown: Calcium 9.8 mg/dL Urea nitrogen 15 mg/dL Creatinine 1.0 mg/dL Na+ 140 mEq/L K+ 3.8 mEq/L Cl− 102 mEq/L HCO3 −28 mEq/L ECG shows no abnormalities. Which of the following is the most appropriate diagnostic study at this time?",Which of the following is the most appropriate diagnostic study at this time?,"
A. Plasma renin activity 
B. Serum aldosterone concentration 
C. Serum free metanephrine concentration 
D. Serum parathyroid hormone concentration 
E. No study is indicated
",C,C,True,"Metanephrines are catecholamines derived from the hydroxylation of tyrosine in the liver. They play a crucial role in regulating blood pressure and can be elevated during sympathetic overactivity, which is often seen in conditions like pheochromocytoma, a rare tumor of the adrenal gland. In patients with symptoms suggestive of pheochromocytoma, such as episodic hypertension, palpitations, and sweating, measuring serum free metanephrine levels can help identify the presence of these catecholamines. In this case, the patient presents with symptoms consistent with pheochromocytoma, including hot flushes, chest discomfort, and excessive sweating. Given the family history of medullary thyroid cancer and the patient's BMI, it is important to consider the possibility of a pheochromocytoma. Elevated serum free metanephrine concentrations would strongly suggest the diagnosis of pheochromocytoma. Options A, B, D, and E are less relevant or inappropriate given the clinical presentation: A. Plasma renin activity - This test measures the enzyme responsible for converting angiotensinogen into angiotensin I, which then gets converted into angiotensin II. It is typically used to assess kidney function and hypertension rather than directly diagnosing pheochromocytoma. B. Serum aldosterone concentration - Aldosterone plays a key role in sodium retention and potassium excretion, but its elevation alone is not sufficient to diagnose pheochromocytoma unless accompanied by other symptoms indicating increased sympathetic tone. D. Serum parathyroid hormone concentration - Parathyroid hormone is primarily involved in calcium homeostasis and regulation of bone metabolism. Its elevation could indicate hyperparathyroidism, another condition that might present with similar symptoms, but it is not specifically linked to pheochromocytoma. E. No study is indicated - While this may seem counterintuitive based on the clinical presentation, the absence of abnormal findings on physical exam and basic lab tests makes it unlikely that further investigation is necessary without additional markers indicative of pheochromocytoma.",0.0,0.0182,0.0881,0.0461,0.0066,0.0461,0.0461,0.4344,0.5404,0.5713
"A 19-year-old woman is referred to the office by her counselor for evaluation of possible depression. The counselor describes the patient as polite, conscientious, cooperative, open to therapy, and always present and on time for her weekly sessions. The patient's relationship with her high school boyfriend ended 6 months ago. She had dated him through high school, and he had ""looked out for her as a friend"" since the 6th grade. She says, ""I feel helpless and don't know what to do without him."" She admits that she often cannot make decisions, such as whether to go to college. She says, ""I always mess things up."" She is still sad and often tearful about her ex-boyfriend, but she has not had alterations in her sleep habits, appetite, weight, or energy level. She has not had any thoughts about death. Medical history is unremarkable and she takes no medications. BMI is 24 kg/m². Vital signs are normal and physical examination discloses no abnormalities. Which of the following is the most appropriate initial response to this patient's self-deprecating description?",Which of the following is the most appropriate initial response to this patient's self-deprecating description?,"
A. ""College is full of many great once-in-a-lifetime opportunities. You should go."" 
B. ""Everyone makes mistakes. In your case, though, that doesn't mean you always mess things up."" 
C. ""If you find yourself needing some guidance, call me."" 
D. ""You're overreacting. You just need to give it a little more time.""
",B,B,True,"Option B is the most appropriate initial response because it acknowledges the patient's feelings of helplessness and regret while also offering support and encouragement. It addresses the core issue of feeling like one can never be good enough, which is a common theme in depression. By saying ""everyone makes mistakes,"" the counselor provides validation and reassurance, which can be crucial in helping the patient cope with their negative self-perception. This approach helps the patient understand that they are not alone in these feelings and that there is hope for improvement.",0.0312,0.0909,0.3969,0.2385,0.1121,0.1651,0.1651,0.5862,0.6096,0.6796
"A 35-year-old man comes to the office because of 1-week history of mid low back pain that radiates down his right leg. The pain began after the patient lifted a heavy box onto his truck. He rates his current pain as an 8 on a 10-point scale. He has been unable to find a comfortable position and has been sleeping in a recliner. Medical history is unremarkable and he takes no medications. He has smoked one pack of cigarettes daily for the past 25 years, and he drinks a six-pack of beer on Friday and Saturday nights. BMI is 27 kg/m². He appears uncomfortable and stands during the physical examination. Vital signs are normal. Straight-leg raise test is positive on the right, with loss of right ankle reflex. The remainder of the physical examination discloses no abnormalities. Which of the following is the most likely explanation for this patient’s symptoms?",Which of the following is the most likely explanation for this patient’s symptoms?,"
A. Displacement of the nucleus pulposus 
B. Hypertrophy of the facet joints 
C. Osteophyte formation 
D. Spondylolisthesis 
E. Thickening of ligamentum flavum
",A,D,False,"Spondylolisthesis refers to the forward slipping of one vertebra relative to another in the spine. This condition can cause significant lower back pain due to nerve compression. In this case, the patient's symptoms align well with spondylolisthesis: 1. Mechanism: The patient experienced lifting a heavy box onto his truck, which could have caused stress on the lumbar spine leading to slippage. 2. Symptoms: The patient reports mid-low back pain radiating into the right leg, inability to find a comfortable position, and difficulty sleeping in a recliner. These symptoms are consistent with sciatica, which often results from slipped discs or other spinal issues like spondylolisthesis. 3. Physical Examination Findings: - Straight-Leg Raise Test Positive: This test detects weakness in the muscles supporting the leg when raised. It is commonly used to diagnose herniated discs or spondylolisthesis. - Loss of Right Ankle Reflex: This indicates damage to the nerve roots, which is typical in conditions causing sciatica. 4. Other Options: - Displacement of the Nucleus Pulposus (Option A): While this might be a contributing factor, it does not fully explain all the symptoms presented. - Hypertrophy of Facet Joints (Option B): Although facet joint hypertrophy can contribute to chronic back pain, it typically doesn't present with such acute symptoms without additional trauma. - Osteophyte Formation (Option C): While osteophytes can exacerbate existing conditions, they do not usually cause sudden onset severe pain unless associated with degenerative changes. - Thickening of Ligamentum Flavum (Option E): This thickening can lead to increased pressure on nerves but generally causes more gradual, less intense symptoms compared to those described here. Given these points, spondylolisthesis is the most plausible explanation for the patient's symptoms based on the clinical presentation and available information.",0.0,0.0271,0.1647,0.0805,0.0405,0.0738,0.0738,0.5031,0.5523,0.7139
"A 71-year-old woman is brought to the emergency department by her daughter for evaluation of her mental status. The daughter says, ""I visited mom today for the first time in 6 months; her memory has worsened, her bills are unpaid, and her house is unusually messy."" The patient says, ""I'm perfectly healthy."" Medical history is significant for hypertension diagnosed more than 25 years ago, and two small strokes occurring 3 years and 7 months ago. The daughter gives you three empty medicine bottles from her mother's home: metoprolol, hydrochlorothiazide, and aspirin. The patient is 165 cm (5 ft 5 in) tall and weighs 59 kg (130 lb); BMI is 22 kg/m². Vital signs are temperature 36.4°C (97.6°F), pulse 76/min, respirations 16/min, and blood pressure 196/112 mm Hg. Pulse oximetry on room air shows an oxygen saturation of 93%. Muscle strength in her left hand is 1/5. Strength in the right extremities is 4/5. The patient is oriented only to self; she does not know the day of the week or today's date. She recalls 0 of 3 words at 5 minutes, and she is unable to name 2 objects, correctly draw interlocking pentagons, or count backwards by serial sevens. Complete blood count, renal function studies, liver function studies, and urinalysis are all within the reference ranges. ECG shows no abnormalities. Which of the following is the most likely underlying cause of the patient's symptoms?",Which of the following is the most likely underlying cause of the patient's symptoms?,"
A. Alzheimer disease 
B. Amyotrophic lateral sclerosis 
C. Cortical basal ganglionic degeneration 
D. Neurosyphilis 
E. Vascular dementia
",E,E,True,"Vascular dementia is the second-most common type of dementia after Alzheimer's disease. It occurs when there is damage to the brain due to reduced blood flow, which can be caused by conditions such as stroke, heart disease, or high blood pressure. In this case, the patient's medical history includes two small strokes that occurred 3 years and 7 months ago. This suggests a history of vascular risk factors, including hypertension, which could have contributed to the development of vascular dementia over time. Key points supporting the diagnosis of vascular dementia: 1. Medical History: The patient had two small strokes, indicating a history of cerebrovascular events. 2. Neurological Symptoms: The patient exhibits cognitive impairment, particularly difficulty with executive functions like drawing interlocking pentagons and counting backward by serial sevens. 3. Physical Examination: The patient's muscle strength is noted to be normal except for weakness in the left hand, suggesting possible involvement of the parietal lobe, which is often affected in vascular dementia. 4. Blood Tests: All laboratory tests were within normal limits, ruling out other potential causes. 5. ECG: No abnormalities were found, further supporting a non-cardiovascular etiology. While the other options might also present similar symptoms, they do not align with the specific clinical presentation described here. Alzheimer's disease typically presents with progressive memory loss without the presence of recent cognitive decline, whereas amyotrophic lateral sclerosis (ALS) would show upper motor neuron signs rather than lower motor neuron signs. Cortical basal ganglionic degeneration usually affects both hemispheres symmetrically, while neurosyphilis typically involves focal neurological deficits and may present differently depending on the stage of syphilis infection.",0.0,0.0261,0.1432,0.0767,0.0281,0.0627,0.0627,0.4898,0.5413,0.6097
"A 45-year-old woman with a history of seizure disorder comes to the office because she has had seizures daily for the past 3 weeks, despite adhering to her medication regimen. Medical history is also significant for borderline hypertension for the past year and alcohol use disorder. She admits that she has been drinking two beers daily since she lost her job 3 weeks ago. Medications include phenobarbital. Family history is significant for type 2 diabetes mellitus and hypertension in both parents and in all of her grandparents, heart disease in her sister, and death of her paternal grandfather of complications from alcohol use disorder. The patient smoked one pack of cigarettes daily for 20 years but quit smoking 1 year ago. Since losing her job, the patient has been earning money by driving her neighbors' children to school and driving another neighbor to hospital appointments. BMI is 22 kg/m². Vital signs are temperature 37.1°C (98.8°F), pulse 80/min, respirations 16/min, and blood pressure 138/86 mm Hg. Physical examination discloses no abnormalities. Serum phenobarbital concentration is obtained and results are pending. Which of the following is the priority in management at today's visit?",Which of the following is the priority in management at today's visit?,"
A. Discussing a new treatment regimen for the patient's seizure disorders 
B. Evaluating the patient for depressive disorder 
C. Evaluating the patient's ability/desire to stop drinking alcoholic beverages 
D. Instructing the patient to stop driving
",D,C,False,"The priority in managing this patient should be evaluating the patient's ability/desire to stop drinking alcoholic beverages. This is because the patient's recent loss of employment and subsequent income sources have likely led to increased alcohol consumption as a coping mechanism. Alcohol use disorder can exacerbate seizure control issues due to its effects on brain function and overall health. Addressing this issue early will help stabilize the patient's condition and improve their quality of life. While discussing a new treatment regimen for the patient's seizure disorders (Option A) is important, it should not be the immediate focus given the current crisis related to alcohol abuse. Similarly, evaluating the patient for depressive disorder (Option B) might be relevant if there were any signs of depression, but it is less urgent than addressing the substance abuse problem. Finally, instructing the patient to stop driving (Option D) could potentially lead to safety concerns and further complications, especially considering the patient's financial situation and lack of stable employment. Therefore, focusing on the alcohol use disorder first ensures the most effective management of the patient's acute symptoms and long-term health risks.",0.0,0.0337,0.1728,0.0773,0.0293,0.058,0.058,0.4694,0.5613,0.5972
"A randomized controlled trial is conducted to assess the effectiveness of a new combination-drug antihypertensive therapy (Drug X) compared with a standard antihypertensive single-drug therapy. Study participants include 140 women (70%) and 60 men (30%) ages 30 to 60 years, with baseline blood pressure measurements of 150/95 mm Hg or higher. The investigators defined antihypertensive therapy as effective if the treatment resulted in a blood pressure measurement below 140/90 mm Hg. When designing the study, the investigators set the probability of wrongly finding that Drug X is more effective than the standard therapy as 1%; they set the probability of wrongly finding that the effectiveness of the two drugs is the same as 10%. Which of the following is the most accurate estimate of the statistical power in this study?",Which of the following is the most accurate estimate of the statistical power in this study?,"
A. 1% 
B. 10% 
C. 40% 
D. 90% 
E. 99%
",D,C,False,"To determine the statistical power of the study, we need to understand the concept of Type I and Type II errors and how they relate to the chosen significance level and power. 1. Type I Error: This is the error of rejecting the null hypothesis when it is actually true. In this context, it means incorrectly concluding that Drug X is more effective than the standard therapy. 2. Type II Error: This is the error of failing to reject the null hypothesis when it is actually false. Here, it means incorrectly concluding that there is no difference between the two therapies. 3. Significance Level (α): This is the threshold for rejecting the null hypothesis. In this case, α = 1%, meaning there is a 1% chance of making a Type I error. 4. Power (1 - β): This is the probability of correctly rejecting the null hypothesis when it is false. It is related to the effect size and sample size but also depends on the chosen significance level. Given: - Significance level (α) = 1% = 0.01 - Power (1 - β) = 1 - 0.01 = 0.99 The power of the test is 99%, which corresponds to an alpha value of 1% and a beta value of 10%. However, since the question asks about the statistical power, we focus on the power itself rather than the individual components. Therefore, the most accurate estimate of the statistical power in this study is 99%, not 1% or 10%. The other options provided do not accurately reflect the calculated power based on the given conditions.",0.0258,0.0447,0.2876,0.1119,0.0902,0.1045,0.1045,0.4613,0.5523,0.7143
"Essepro™ (lesystolol) Reduces Blood Pressure Significantly No significant interactions with commonly used medications were observed. No significant interactions with hydrochlorthiazide, furosemide, losartan orlisinopril. No significant interactions with digoxin, warfarin or simvastatin. Drugs that inhibit CYP2C9 can increase plasma levels of Essepro. Patients on Essepro who are also treated with drugs that inhibit or induce this enzyme shhould be monitored closely, and dosage of Essepro may need to be adjusted based on blood pressure response. Important Safety Information Patients treated with Essepro should be advised against sudden discontinuation of therapy. When discontinuing therapy, dosage should be gradually tapered over 2 weeks. Essepro is contraindicated i patients with bradycardia, heart block greater than first degree, cardiogenic shock, decompensated cardiac failure, severe hepatic impairment, and in patients who are hypersensitive to any component of this product. Essepro should be used with caution in patients with peripheral vascular disease, renal impairment or thyrotoxicoses. Caution should be used in diabetics, as beta blockers may mask some manifestations of hypoglycemia. In general, patients with bronchospastic disease should not receive beta blockers. A 65-year-old woman comes to the office for blood pressure medication management. Medical history is significant for poorly controlled hypertension, psoriasis, and psoriatic arthritis previously treated with methotrexate. Additional medical history is significant for alcohol use disorder and elevated liver function tests. Medications include enalapril, spironolactone, and topical corticosteroids. Vital signs are normal except for a blood pressure of 160/104 mm Hg. Physical examination discloses thick, scaly plaques on the scalp, buttocks, and upper and lower extremities. There are several spider angiomata on the chest and abdomen. The abdomen is distended and a fluid wave is noted. She has 2+ lower extremity edema. The patient says she would like to try a new drug called Essepro to treat her hypertension because she can get a 3-month supply of the medication for free. 66. Which of the following is the most appropriate response to the patient's request for the medication?",Which of the following is the most appropriate response to the patient's request for the medication?,"
A. Essepro should be prescribed because she can get it for free 
B. Essepro should not be prescribed because it can worsen her psoriasis 
C. Essepro should not be prescribed because it is similar to her other medications 
D. Essepro should not be prescribed because the patient has severe liver disease 
E. Essepro should only be used for hypertensive emergencies
",D,D,True,"The correct answer is D. Essepro should not be prescribed because the patient has severe liver disease. This is the most appropriate response for several reasons: 1. Liver Function Tests: The patient's additional medical history includes elevated liver function tests. Liver dysfunction can lead to increased sensitivity to certain medications due to altered metabolism or distribution of these drugs within the body. Beta-blockers, including Essepro, can have adverse effects on liver function, particularly when there is pre-existing liver disease. 2. Interaction Risk: Since the patient has severe liver disease, there is an increased risk of potential drug-drug interactions between Essepro and other medications they might be taking. This could potentially exacerbate their liver condition or cause further complications. 3. Patient Education: It is crucial to inform the patient about the risks associated with Essepro before prescribing it. Educating them about the importance of monitoring liver function regularly while on treatment is essential. Options Analysis: - Option A (Essepro should be prescribed because she can get it for free): While this might seem appealing, it does not address the critical issue of liver health. - Option B (Essepro should not be prescribed because it can worsen her psoriasis): Psoriasis is unrelated to liver function issues; therefore, this is not a valid reason for not prescribing Essepro. - Option C (Essepro should not be prescribed because it is similar to her other medications): Similarity alone does not justify excluding a medication from consideration unless there are specific safety concerns related to co-administration. - Option E (Essepro should only be used for hypertensive emergencies): This is too restrictive and does not account for the patient's current blood pressure level, which is already significantly high at 160/104 mm Hg. In conclusion, given the patient's severe liver disease, Essepro should not be prescribed to avoid potential harm to their liver function.",0.0057,0.0369,0.2278,0.0917,0.0431,0.0734,0.0734,0.4783,0.5661,0.6562
"A 19-year-old woman comes to her university's health center because of a 1-week history of nasal stuffiness, occasional clear rhinorrhea, and a mild sore throat. Two days ago, she began to feel hot, but she has not taken her temperature. Medical history is unremarkable and her only medication is an oral contraceptive. She has no history of allergies. She does not smoke cigarettes. BMI is 22 kg/m². Vital signs are temperature 38.1°C (100.6°F), pulse 88/min, respirations 16/min, and blood pressure 116/74 mm Hg. Physical examination discloses tenderness over the left maxillary sinus without purulent drainage. There is clear fluid behind the left tympanic membrane, enlarged tonsils bilaterally, and pain with tapping of the left upper incisors. The left frontal sinus does not transilluminate. Cardiopulmonary examination discloses no abnormalities. Which of the following is the most likely underlying mechanism of this patient's sinusitis?",Which of the following is the most likely underlying mechanism of this patient's sinusitis?,"
A. Eustachian tube dysfunction 
B. Mucosal edema 
C. Nasal polyps 
D. Oral contraceptive use 
E. Tonsillar hyperplasia
",B,A,False,"The patient presents with symptoms consistent with acute sinusitis, including nasal congestion, rhinorrhea, and fever. The physical examination reveals tenderness over the left maxillary sinus, which suggests inflammation in that area. Additionally, there is clear fluid behind the left tympanic membrane, indicating effusion in the middle ear, another common complication of sinusitis. One key finding is the presence of pain on tapping of the left upper incisor, which is characteristic of Eustachian tube dysfunction. This condition occurs when the Eustachian tubes, which connect the middle ear to the back of the nose, become blocked or inflamed. When these tubes are dysfunctional, they cannot equalize air pressure between the middle ear and the outside environment, leading to discomfort and potential infection. In contrast, options B, C, D, and E do not directly explain the patient's symptoms: - Option B mentions mucosal edema, which can occur in various conditions but is not specifically linked to the presentation described. - Option C refers to nasal polyps, which typically cause obstruction rather than pain from tapping. - Option D pertains to oral contraceptive use, which could potentially affect immune function but does not explain the specific symptoms presented. - Option E describes tonsillar hyperplasia, which might contribute to some symptoms but does not account for the combination of symptoms like nasal congestion and pain from tapping. Therefore, Eustachian tube dysfunction is the most plausible underlying mechanism for the patient's symptoms.",0.0,0.0372,0.2432,0.1044,0.0405,0.0803,0.0803,0.5215,0.6155,0.7359
"A 40-year-old woman comes to the office because of a 2-month history of fatigue, and generalized aching and weakness of the proximal muscles of all four extremities. The patient initially noticed the weakness only while she was getting in and out of her car, but during the past 2 weeks, the weakness has progressed, so that she now has difficulty combing her hair. Since the symptoms began, she also has had aching of the joints in her hands that has responded partially to ibuprofen. She was adopted and family history is unknown. She has two teenaged children who are well. She appears uncomfortable. She is 170 cm (5 ft 7 in) tall and weighs 68 kg (150 lb); BMI is 24 kg/m². Vital signs are temperature 37.7°C (99.8°F), pulse 90/min, respirations 20/min, and blood pressure 110/70 mm Hg. The patient is alert and fully oriented. Physical examination discloses cracking of the skin of both hands that involves the tips and lateral sides of several fingers. The muscles of the upper arms and legs are somewhat tender to pressure. Results of serum laboratory studies show a creatine kinase concentration of 600 U/L and a lactate dehydrogenase concentration of 800 U/L. Results of complete blood count are within the reference ranges. Which of the following is the most likely diagnosis?",Which of the following is the most likely diagnosis?,"
A. Fibromyalgia 
B. Myasthenia gravis 
C. Polymyositis 
D. Scleroderma
",C,C,True,"Polymyositis is an inflammatory muscle disease characterized by inflammation of the skeletal muscles throughout the body. It typically presents with symmetrical weakness and wasting of muscles, particularly those in the proximal limbs, which can affect the neck, shoulders, hips, and thighs. The condition often causes muscle pain and cramps, as seen in this case where the patient experiences aching in the proximal muscles of all four extremities. Key features include: - Symmetrical weakness and atrophy of proximal muscles. - Acantholysis (cracking of the skin) on the palms and soles. - Muscle tenderness to palpation. - Elevated levels of creatine kinase (CK) and lactate dehydrogenase (LDH). In contrast, other conditions listed do not fit the clinical presentation: - Fibromyalgia: Characterized by widespread musculoskeletal pain, fatigue, and sleep disturbances, without specific muscle involvement. - Myasthenia gravis: Associated with ocular and bulbar muscle weakness, often presenting with ptosis and diplopia. - Scleroderma: Primarily affects connective tissue, leading to skin thickening and fibrosis, rather than muscle weakness. Given the patient's age, female gender, and the presence of acantholysis, polymyositis is the most likely diagnosis based on the provided information.",0.0091,0.0314,0.2192,0.0851,0.0538,0.0851,0.0851,0.4569,0.5415,0.6201
"A new diagnostic test for HIV infection is developed. The new serum biomarker concentration is measured in 711 men and women, ages 25 to 65 years. Of these individuals, 336 were previously determined to have HIV and 375 do not have HIV. Stratified results of the new serum biomarker test are shown: Serum Biomarker Concentration >100 U/mL Positive for HIV 120 Negative for HIV 10 Serum Biomarker Concentration 76–100 U/mL Positive for HIV 100 Negative for HIV 130 Serum Biomarker Concentration 51–75 U/mL Positive for HIV 75 Negative for HIV 75 Serum Biomarker Concentration 26–50 U/mL Positive for HIV 30 Negative for HIV 60 Serum Biomarker Concentration 0–25 U/mL Positive for HIV 11 Negative for HIV 200 Total Number of Positive for HIV = 336 Total Number of Negative for HIV = 375 Which of the following is the likelihood ratio that is associated with a serum biomarker concentration greater than 100 U/mL?",Stratified results of the new serum biomarker test are shown: Serum Biomarker Concentration >100 U/mL Positive for HIV 120 Negative for HIV 10 Serum Biomarker Concentration 76–100 U/mL Positive for HIV 100 Negative for HIV 130 Serum Biomarker Concentration 51–75 U/mL Positive for HIV 75 Negative for HIV 75 Serum Biomarker Concentration 26–50 U/mL Positive for HIV 30 Negative for HIV 60 Serum Biomarker Concentration 0–25 U/mL Positive for HIV 11 Negative for HIV 200 Total Number of Positive for HIV = 336 Total Number of Negative for HIV = 375 Which of the following is the likelihood ratio that is associated with a serum biomarker concentration greater than 100 U/mL?,"
A. 2 
B. 8 
C. 13 
D. 25 
E. 33
",C,B,False,"To calculate the likelihood ratio (LR) associated with a serum biomarker concentration greater than 100 U/mL, we need to use the formula: \[ LR = \frac{\text{Positive for HIV}}{\text{Negative for HIV}} \] From the given data: - Total number of positive for HIV = 336 - Total number of negative for HIV = 375 Substituting these values into the formula gives us: \[ LR = \frac{336}{375} \approx 0.904 \] However, this calculation seems to be based on a different interpretation of the problem statement. Let's re-evaluate using the provided stratified results directly: 1. Serum Biomarker Concentration > 100 U/mL: - Positive for HIV: 120 - Negative for HIV: 10 2. Serum Biomarker Concentration 76–100 U/mL: - Positive for HIV: 100 - Negative for HIV: 130 3. Serum Biomarker Concentration 51–75 U/mL: - Positive for HIV: 75 - Negative for HIV: 75 4. Serum Biomarker Concentration 26–50 U/mL: - Positive for HIV: 30 - Negative for HIV: 60 5. Serum Biomarker Concentration 0–25 U/mL: - Positive for HIV: 11 - Negative for HIV: 200 Now, let's calculate the total number of positives and negatives across all strata: Total number of positives for HIV: \[ 120 + 100 + 75 + 30 + 11 = 336 \] Total number of negatives for HIV: \[ 10 + 130 + 75 + 60 + 200 = 485 \] The likelihood ratio (LR) is calculated as follows: \[ LR = \frac{\text{Number of positives for HIV}}{\text{Number of negatives for HIV}} = \frac{336}{485} \approx 0.69 \] This result does not match any of the options provided. However, if we consider the original question about the likelihood ratio associated with a serum biomarker concentration greater than 100 U/mL, it appears there might be an error in the reference solution. Given the available information, none of the provided options (A, B, C, D, E) accurately represent the likelihood ratio derived from the given data. Therefore, the closest logical choice would be to select the most plausible value among the options, which is likely intended to be related to the overall positivity rate rather than the specific threshold mentioned. If we assume the intention was to find the overall positivity rate, then the closest reasonable option would be: The correct answer is A. If we strictly follow the provided options without considering the context, the closest logical selection would be: The correct answer is B. Given the discrepancy between the expected calculation and the provided options, the safest approach is to acknowledge the potential misinterpretation and state that the exact likelihood ratio cannot be definitively selected from the given choices.",0.0577,0.2115,0.605,0.4246,0.3664,0.3873,0.3873,0.6265,0.4886,0.5866
"A 40-year-old man comes to the office for a preemployment physical examination. The patient has been generally healthy. Medical history is unremarkable and he takes no routine medications. Vital signs are normal. Physical examination shows a palpable nodule in the right lobe of the thyroid gland. Serum thyroid-stimulating hormone concentration is within the reference range. Ultrasonography of the thyroid gland confirms a solid, 1-cm nodule. Which of the following is the most appropriate next step in evaluation?",Which of the following is the most appropriate next step in evaluation?,"
A. CT scan of the neck 
B. Fine-needle aspiration of the nodule 
C. Radionuclide thyroid scan 
D. Thyroidectomy 
E. Observation only
",B,B,True,"Fine-needle aspiration (FNA) is the most appropriate next step in evaluating this patient's thyroid nodule. Here’s why: 1. Nature of the Nodule: The patient presents with a palpable nodule in the right lobe of the thyroid gland that measures 1 cm in diameter. This size suggests it may be benign but warrants further investigation before proceeding directly to surgery. 2. Diagnostic Accuracy: FNA provides a definitive diagnosis through cytology analysis. It can identify whether the nodule contains cancer cells, which would necessitate more aggressive treatment like biopsy or surgery. 3. Preventive Measures: By performing FNA, we can determine if the nodule requires immediate intervention such as biopsy or surgical removal. If the nodule turns out to be malignant, early detection significantly improves prognosis. 4. Cost-Effectiveness: While other options like ultrasound-guided FNAC (fine-needle aspiration guided by ultrasound) might seem more invasive initially, they often yield similar results and have lower complication rates compared to open surgery. 5. Patient Comfort and Recovery: FNA typically causes minimal discomfort and recovery time is usually shorter than that associated with more invasive procedures like fine-needle aspiration under local anesthesia or even surgery. 6. Risk-Benefit Analysis: Given the patient's age and overall health status, the risk of complications from an unnecessary thyroidectomy outweighs the potential benefits. Early diagnosis and management through FNA align well with preventive healthcare practices. In conclusion, while CT scans, radionuclide thyroid scans, and observation are also important diagnostic tools, FNA stands out as the most appropriate initial step due to its high diagnostic accuracy, low invasiveness, and ability to guide subsequent management decisions effectively.",0.0134,0.0298,0.2016,0.0707,0.0498,0.0495,0.0495,0.4714,0.528,0.6946
"A 35-year-old man was admitted to the hospital 3 days ago because of pneumonia, but he has shown no clinical improvement despite ceftriaxone and azithromycin therapy. Upon admission, the patient exhibited blood-streaked sputum and chest x-ray showed hilar adenopathy. Medical history is otherwise unremarkable. The patient is a construction worker and he returned home 1 week ago from the southwest United States, where he had been temporarily employed. He does not smoke cigarettes. BMI is 20 kg/m². Vital signs today are temperature 38.5°C (101.3°F), pulse 106/min, respirations 22/min, and blood pressure 110/70 mm Hg. Pulse oximetry on room air shows an oxygen saturation of 95%. PPD skin test is nonreactive. Acid-fast smears of three sputum samples were all negative. Complete blood count at the time of admission showed a normal leukocyte count with 15% eosinophils. Results of blood culture have been negative since admission. Which of the following is most likely to provide a diagnosis?",Which of the following is most likely to provide a diagnosis?,"
A. Bacterial culture of sputum 
B. CT scan of the chest 
C. Fungal culture of the blood 
D. Serologic study for Coccidioides immitis 
E. Sputum cytologic study 
F. Urine assay for Legionella antigen
",D,D,True,"Coccidioidomycosis, also known as Valley fever, is a fungal infection caused by the fungus Coccidioides immitis. This condition is endemic in certain regions, including parts of California, Arizona, Nevada, New Mexico, Texas, and southern Florida. It is particularly prevalent in areas with high humidity and warm temperatures, such as those found in the southwestern United States. Given that the patient recently worked in the Southwest United States, it is highly probable that he contracted this fungal infection while there. The symptoms described—blood-streaked sputum, chest x-ray showing hilar adenopathy, and recent travel history—are consistent with coccidioidomycosis. Options Analysis: A. Bacterial culture of sputum - While bacterial infections can cause similar symptoms, the absence of positive acid-fast smears and negative blood cultures makes this less likely. B. CT scan of the chest - Although useful for diagnosing other conditions, a CT scan would be more invasive than necessary given the current information. C. Fungal culture of the blood - Since the blood culture results are negative, this option is unlikely to provide a definitive diagnosis. D. Serologic study for Coccidioides immitis - Given his travel history and the typical presentation of coccidioidomycosis, a serologic study for this specific pathogen would be highly indicative of the diagnosis. E. Sputum cytologic study - This would help identify any potential bacteria present, which could be important if the initial tests were inconclusive. F. Urine assay for Legionella antigen - Legionnaires' disease is caused by Legionella pneumophila and typically presents differently from coccidioidomycosis. Therefore, the serologic study for Coccidioides immitis provides the strongest evidence for the diagnosis based on the patient's travel history and clinical presentation.",0.0,0.0261,0.1546,0.0641,0.0215,0.0569,0.0569,0.4366,0.5544,0.6011
"A 25-year-old man is brought to the office by his parents. The patient has Down syndrome and mild intellectual developmental disorder. He is their only child, and they are concerned that his current lifestyle is increasing his risk for coronary artery disease and stroke. The patient has a systolic murmur and also underwent surgical repair of an atrial septal defect at 1 year of age. He has smoked one pack of cigarettes daily for 5 years. He lives in a group home and works about 25 hours each week in a fast-food restaurant. He has a few friends and is romantically involved with a woman from his church group. The patient is 157 cm (5 ft 2 in) tall and weighs 91 kg (200 lb); BMI is 36 kg/m². Vital signs are normal. A grade 2/6 systolic murmur is heard best at the apex. The parents would like him to stop smoking and follow a healthier diet, and they feel the only way to monitor and control his behavior is for him to move back into their home. They request your assistance in obtaining legal guardianship of their son. Which of the following is the most appropriate initial recommendation?",Which of the following is the most appropriate initial recommendation?,"
A. Advise the parents not to influence their son's decision in this matter 
B. Arrange for evaluation of their son's competency 
C. Enroll their son in a smoking cessation program 
D. Initiate a family meeting to discuss the parents' concerns with their son 
E. Obtain legal advice regarding guardianship
",D,B,False,"Option B is the most appropriate initial recommendation because it addresses the core issue of evaluating the patient's competency to make decisions related to his health and well-being. This involves assessing whether he can understand the nature of the proposed changes (e.g., quitting smoking, adopting a healthier diet), appreciate the consequences of these actions, and communicate effectively with others who will be affected by those decisions. Here’s a breakdown of why the other options are less suitable: A. Advising the parents not to influence their son's decision - While respecting parental rights is important, this approach does not address the need to evaluate the patient's ability to make informed choices himself. C. Enrolling the patient in a smoking cessation program - Although this could be beneficial, it doesn't directly assess the patient's competency to make such decisions independently. D. Initiating a family meeting to discuss the parents' concerns with their son - While this might help in understanding the situation better, it lacks a structured assessment of the patient's capacity to make decisions on his own. E. Obtaining legal advice regarding guardianship - This step is necessary but should come after ensuring the patient's competency through a thorough evaluation process. By first evaluating the patient's competency, healthcare providers can ensure that any interventions aimed at improving his health and reducing risks align with his ability to participate actively in these processes. This comprehensive approach respects both the patient's autonomy and the parents' role as primary caregivers while addressing the immediate concern of his cardiovascular health.",0.0108,0.0285,0.1981,0.0586,0.0443,0.044,0.044,0.4835,0.5574,0.6655
"A 45-year-old woman comes to the office because of a 3-day history of nasal congestion, headache, sore throat, and general malaise. She has developed a cough during the past 24 hours that is mildly productive of clear sputum. Except for occasional seasonal allergies, she has no previous history of medical problems. She takes no medications on a regular basis but during the past 3 days she has been taking an over-the-counter oral cold medication. She follows a strict low-fat vegetarian diet and she drinks three to four glasses of wine per week. She jogs 3 miles a day when she is not sick. Vital signs today are temperature 37.5°C (99.5°F), pulse 90/min, and blood pressure 140/94 mm Hg. Height is 170 cm (5 ft 7 in); weight is 54 kg (120 lb); BMI is 19 kg/m². On physical examination she appears slightly anxious. Nasal mucosa is erythematous and swollen, and sinuses are nontender. Posterior pharynx is also erythematous but there are no exudates. Lungs are clear on auscultation and cardiac examination is normal. Repeat blood pressure measurement at the end of the examination is 142/96 mm Hg in the left arm and 138/94 mm Hg in the right arm. Which of the following is the most likely cause of her elevated blood pressure?",Which of the following is the most likely cause of her elevated blood pressure?,"
A. Acute viral illness 
B. Chronic sinusitis 
C. Essential hypertension 
D. Her alcohol intake 
E. Over-the-counter cold medication
",E,E,True,"Over-the-counter cold medications often contain decongestants, which can lead to an increase in blood pressure due to their vasoconstrictive effects. The patient's symptoms of nasal congestion, headache, and sore throat suggest a common cold, which commonly includes these types of medications. Additionally, the patient's age and lifestyle factors such as jogging and dietary habits do not directly contribute to this specific issue. The other options have less direct causative links to the patient's current condition: A. Acute viral illness - While possible, it does not specifically explain the sudden rise in blood pressure. B. Chronic sinusitis - This could potentially affect blood pressure, but it would typically be more chronic than what is described here. C. Essential hypertension - Although high blood pressure is a risk factor, it is unlikely to be the primary cause based on the information provided. D. Alcohol intake - Moderate alcohol consumption generally does not significantly elevate blood pressure unless combined with other stressors like dehydration or underlying health conditions. E. Over-the-counter cold medication - This is the most plausible cause given the patient's recent use of cold remedies containing decongestants.",0.0,0.0433,0.2634,0.0985,0.0299,0.0788,0.0788,0.5088,0.5771,0.6515
"A 41-year-old woman comes to the emergency department because of a 3-day history of fever and a 2-day history of worsening flank pain with frequent and painful urination. She describes the pain as constant and says it worsens when she coughs or lies on her right side. She rates the pain as a 5 on a 10-point scale; ibuprofen has provided moderate relief of her pain. She also reports intermittent nausea but has not had vomiting or change in bowel habits. Medical history is significant for several uncomplicated urinary tract infections, most recently 8 months ago. Each infection resolved with antibiotic therapy. She currently takes no medications aside from her recent use of ibuprofen. She is sexually active with one male partner and uses condoms regularly. Vital signs are temperature 39.4°C (103.0°F), pulse 76/min, respirations 20/min, and blood pressure 128/74 mm Hg. Auscultation of the chest discloses normal S1 and S2. Abdomen is soft with normal bowel sounds. There is guarding on the right lateral side and tenderness to compression over the right costophrenic angle. Results of laboratory studies are shown: Serum: Urea nitrogen 18 mg/dL Creatinine 0.9 mg/dL Blood: Hemoglobin 12.8 g/dL WBC 20,000/mm3 Neutrophils, segmented 80% Lymphocytes 15% Eosinophils 2% Monocytes 3% Urine: Specific gravity 1.015 (N=1.003–1.029) Protein Negative Occult blood Negative Leukocyte esterase Positive WBC Too numerous to count Casts Occasional Urine and blood cultures are obtained and sent for analysis. Antibiotic therapy is initiated. Which of the following is the most appropriate next step?",Which of the following is the most appropriate next step?,"
A. Cystoscopy 
B. Echocardiography 
C. MRI of the abdomen 
D. Renal ultrasonography 
E. No additional study is indicated
",E,D,False,"Renal ultrasonography is the most appropriate next step in this scenario due to the patient's presenting symptoms of flank pain, fever, and elevated white blood cell count, which suggest an acute pyelonephritis. This imaging modality provides detailed images of the kidneys, ureters, bladder, and surrounding structures, allowing for assessment of kidney size, shape, and presence of any structural abnormalities such as hydronephrosis or abscesses that could be causing the flank pain and fever. Additionally, renal ultrasonography can help identify other potential causes of flank pain, such as kidney stones or tumors, which may require further investigation. Options Analysis: A. Cystoscopy - While useful for diagnosing bladder issues, cystoscopy is typically reserved for patients who have failed conservative management or have specific indications like suspected bladder cancer. B. Echocardiography - Although echocardiography can assess cardiac function, it is not indicated for evaluating renal disease based on the given clinical presentation. C. MRI of the abdomen - Magnetic resonance imaging is generally used for soft tissue imaging and does not offer the same level of detail as ultrasound for assessing the kidneys and surrounding structures. D. Renal ultrasonography - This is the most appropriate initial diagnostic test as it directly addresses the need to evaluate the kidneys for possible infection, obstruction, or other underlying conditions leading to flank pain and elevated white blood cells. E. No additional study is indicated - This option is incorrect because the combination of symptoms and laboratory findings strongly suggests a diagnosis of acute pyelonephritis, necessitating further evaluation through imaging techniques like renal ultrasonography.",0.0105,0.0278,0.1943,0.0684,0.046,0.0532,0.0532,0.4435,0.5172,0.5778
"A 41-year-old woman is brought to the emergency department by her husband because of nausea and dizziness that began suddenly 4 hours ago. She says she feels like the room is spinning. She has not vomited. She recalls receiving a blow to the left side of her neck 1 week ago when her dog jumped on her, but she has had no ill effects from that incident. Medical history is unremarkable. She takes no medications. Vital signs are normal. Physical examination shows mild ptosis of the left eyelid. The right pupil measures 4 mm in diameter and the left pupil measures 2 mm in diameter. Both pupils are reactive to light. Ocular motility is full. Nystagmus is present in both eyes on left lateral gaze. Left corneal reflex is diminished. Sensation to pinprick and cold is reduced over the left side of the face, right side of the chest, abdomen, and right upper and lower extremities. Which of the following pathophysiologic processes most accurately explains this patient's left-sided ptosis and decreased pupil size?",Which of the following pathophysiologic processes most accurately explains this patient's left-sided ptosis and decreased pupil size?,"
A. Parasympathetic overactivity 
B. Parasympathetic underactivity 
C. Postsynaptic neuromuscular junction defect 
D. Presynaptic neuromuscular junction defect 
E. Sympathetic overactivity 
F. Sympathetic underactivity
",F,A,False,"This patient presents with symptoms consistent with oculomotor nerve palsy (Bell's palsy), which can be caused by various factors including viral infections, autoimmune disorders, or direct trauma. In this case, the patient experienced a sudden onset of symptoms after being hit by a dog, suggesting an acute event rather than a chronic condition. The clinical presentation includes: - Left-sided ptosis (drooping of the left eyelid) - Decreased pupil size (miosis) on the left side - Reduced sensation on the left side of the body These findings are characteristic of oculomotor nerve palsy, specifically involving the oculomotor nucleus, which innervates the extraocular muscles and provides parasympathetic innervation to the ciliary and sphincter pupillae muscles. Parasympathetic overactivity would typically result in dilated pupils and increased intraocular pressure due to excessive stimulation of the iris sphincter muscle. However, in this scenario, the opposite is observed - miosis and decreased sensitivity, indicating a dysfunction in the parasympathetic pathway. Options B, C, D, E, and F do not fit the described clinical picture: - Option B (Parasympathetic underactivity) does not explain the miosis. - Options C and D refer to defects at the presynaptic and postsynaptic levels respectively, which are not relevant here as there is no evidence of synaptic failure. - Option E (Sympathetic overactivity) would cause dilated pupils and increased blood flow to the eye, contrary to the observed findings. - Option F (Sympathetic underactivity) also fails to account for the miosis and reduced sensory input. Therefore, the most accurate explanation for the patient's symptoms is parasympathetic overactivity leading to oculomotor nerve palsy.",0.0,0.0332,0.2664,0.1022,0.0588,0.0657,0.0657,0.5131,0.5869,0.6518
"A 34-year-old woman comes to the office because of a 3- to 4-week history of swelling of her legs and a 9-kg (20-lb) weight gain. Medical history is significant for sickle cell trait and mild anemia. She has been taking 800 mg of ibuprofen three times daily for Achilles tendinitis diagnosed 1 month ago. She has smoked five cigarettes daily for the past 15 years, and she drinks one to five beers on weekends. She experimented with cocaine briefly 16 years ago, but she has never used intravenous drugs. She has been in a monogamous sexual relationship for the past 12 years. Today, vital signs are temperature 37.2°C (99.0°F), pulse 88/min, respirations 16/min, and blood pressure 145/95 mm Hg. Physical examination discloses periorbital edema but no jugular venous distention. Lungs are clear to auscultation. Cardiac examination discloses an S1 and S2 without murmurs or gallops. Abdominal examination discloses bulging flanks and shifting dullness to percussion. Examination of the lower extremities shows pitting edema from the mid thigh to the ankles bilaterally. Results of which of the following studies are most likely to be abnormal in this patient?",Results of which of the following studies are most likely to be abnormal in this patient?,"
A. Echocardiography 
B. HIV antibody study 
C. Serum B-type natriuretic peptide concentration 
D. Toxicology screening of the urine 
E. Urine protein concentration
",E,C,False,"The patient's symptoms of leg swelling and recent weight gain suggest possible heart failure or other cardiac issues. The serum B-type natriuretic peptide (BNP) concentration is a highly sensitive marker for diagnosing acute myocardial infarction, heart failure, and atrial fibrillation. Elevated levels of BNP can indicate that the patient may have developed left ventricular dysfunction due to various causes, including hypertension, coronary artery disease, valvular heart disease, pulmonary embolism, and congestive heart failure. In this case, given the patient's history of sickle cell trait, smoking, and alcohol consumption, as well as the presence of periorbital edema and pitting edema in the lower extremities, it is important to consider potential cardiovascular complications such as right-sided heart failure. The elevated BNP level would help differentiate between these conditions and guide further diagnostic testing and treatment decisions. Options A, B, D, and E are less relevant to the clinical presentation described: A. Echocardiography - While echocardiography can assess cardiac structure and function, it is not typically ordered for initial evaluation of patients presenting with simple fluid retention like this. B. HIV antibody study - Although sexually transmitted infections could potentially cause similar symptoms, HIV infection is not specifically indicated based on the provided information. C. Serum B-type natriuretic peptide concentration - This test is directly related to the patient's symptoms and helps identify potential cardiac issues. D. Toxicology screening of the urine - Given the patient's history of substance use, especially cocaine experimentation, toxicology screening might be considered if there were concerns about drug abuse leading to electrolyte imbalances or other systemic effects. E. Urine protein concentration - Proteinuria could be indicative of kidney damage or other renal disorders, but it is not specific to the presented symptoms of fluid retention and does not address the primary concern of cardiac health.",0.0,0.0268,0.1434,0.057,0.0127,0.0443,0.0443,0.4473,0.5508,0.579
"A 54-year-old woman comes to the office because she has had intermittent shooting pain over her right cheek and jaw during the past 3 weeks. Each episode of pain lasts for 1 second or less. The pain is often triggered by cold air, chewing, tactile stimulation, and brushing her teeth. She has had no trauma to the face or head. Medical history is remarkable for tension headaches, obesity, and gastric bypass surgery. She is 165 cm (5 ft 5 in) tall and weighs 62 kg (137 lb); BMI is 23 kg/m². Vital signs are normal. The patient cannot tolerate touch over the right side of the face. There is no facial weakness or loss of sensation. The remainder of the physical examination shows no abnormalities. CT scan of the head with and without contrast shows no abnormalities. Which of the following is the most appropriate pharmacotherapy at this time?",Which of the following is the most appropriate pharmacotherapy at this time?,"
A. Carbamazepine 
B. Lamotrigine 
C. Levetiracetam 
D. Topiramate 
E. Zonisamide
",A,A,True,"Carbamazepine is an effective anticonvulsant medication that can be used to treat trigeminal neuralgia, which is characterized by sudden, severe, brief episodes of pain along the distribution of one branch of the trigeminal nerve. This condition is also known as tic douloureux and affects approximately 1% of the population. In this case, the patient's symptoms align well with those of trigeminal neuralgia. The intermittent shooting pain over the right cheek and jaw, triggered by various stimuli such as cold air, chewing, tactile stimulation, and brushing teeth, are consistent with the presentation of trigeminal neuralgia. Carbamazepine works by inhibiting voltage-gated sodium channels on neurons, leading to reduced neuronal excitability and thus reducing the frequency and intensity of seizures. It is particularly effective in treating neuropathic pain conditions like trigeminal neuralgia due to its ability to block sodium channels specifically in nociceptive neurons. While other options like lamotrigine, levetiracetam, topiramate, and zonisamide have their own mechanisms of action and may be considered alternatives depending on individual circumstances, carbamazepine remains the first-line treatment for trigeminal neuralgia when it is indicated. It's important to note that carbamazepine should be started at low doses and titrated slowly to avoid potential side effects such as sedation, dizziness, and cognitive impairment. Regular monitoring of blood levels and adverse reactions is crucial throughout therapy.",0.0,0.0248,0.1108,0.0603,0.0087,0.0517,0.0517,0.4771,0.5599,0.5977
"A 25-year-old man, who was admitted to the hospital 5 hours ago because of nausea, light-headedness, and muscle aches that began after he completed a marathon, now reports worsening pain in his right leg. On admission, the patient reported only mild muscle aching, but he now rates the pain in his right lower extremity as a 9 on a 10-point scale. Laboratory studies on admission were notable for a serum creatine kinase concentration of 10,000 U/L and a serum creatinine concentration of 1.7 mg/dL. Since admission the patient has received 5 L of 0.9% saline and his nausea and light-headedness have resolved. He is alert and fully oriented. Vital signs are temperature 36.9°C (98.5°F), pulse 88/min, respirations 16/min, and blood pressure 126/82 mmHg. Pulse oximetry on room air shows an oxygen saturation of 97%. Cardiopulmonary and abdominal examinations disclose no abnormalities. Passive flexion of the toes elicits pain over the anterior portion of the right lower extremity below the knee. Distal pulses are present in the lower extremities bilaterally. The remainder of the physical examination discloses no abnormalities. Results of laboratory studies obtained 1 hour ago are shown: Serum: Urea nitrogen 12 mg/dL Creatinine 1.2 mg/dL Na+ 140 mEq/L K+ 4.0 mEq/L Cl− 100 mEq/L HCO3 −24 mEq/L Blood: Hemoglobin 14.0 g/dL WBC 14,000/mm3 Neutrophils, segmented 60% Which of the following is the most appropriate next step in management?","0 g/dL WBC 14,000/mm3 Neutrophils, segmented 60% Which of the following is the most appropriate next step in management?","
A. Application of ice to the right lower extremity 
B. Cyclobenzaprine therapy 
C. Measurement of lower extremity compartment pressures 
D. MRI of the right lower extremity 
E. Nonsteroidal anti-inflammatory drug therapy
",C,C,True,"The patient's symptoms suggest deep vein thrombosis (DVT) or other vascular complications from prolonged immobility during exercise. Lower extremity compartment pressures can help identify areas of increased pressure within the veins, which may indicate DVT. This test would be particularly useful if there is suspicion of venous stasis or compression-related conditions. Options Analysis: A. Application of ice to the right lower extremity - While this might provide some temporary relief of pain, it does not address the underlying cause of the condition. B. Cyclobenzaprine therapy - This medication is typically used for neuropathic pain and spasticity, not for treating DVT or other vascular issues. C. Measurement of lower extremity compartment pressures - This is the most appropriate next step. It directly addresses the concern of potential DVT and provides valuable information about venous function. D. MRI of the right lower extremity - Although MRI could potentially show evidence of DVT, it is less specific than measuring compartment pressures and more invasive. E. Nonsteroidal anti-inflammatory drug (NSAID) therapy - NSAIDs are commonly prescribed for musculoskeletal pain but do not specifically target DVT or other vascular conditions. Given the clinical presentation and the need to rule out DVT, measurement of lower extremity compartment pressures is the most appropriate next step in management.",0.0216,0.0468,0.2875,0.0957,0.0702,0.0957,0.0957,0.4565,0.5239,0.6128
"A 9-year-old boy is brought to the office by his parents to establish care after recently moving to the area. The patient has not been evaluated by a physician in 4 years. He has been generally healthy. Medical history is significant for pneumonia at age 3 years. He takes no medications. He is at the 25th percentile for height, weight, and BMI. Vital signs are temperature 37.0°C (98.6°F), pulse 82/min, respirations 20/min, and blood pressure 112/74 mm Hg. Cardiac examination discloses a grade 3/6 systolic murmur audible along the left sternal border at the third and fourth intercostal spaces. Femoral pulses are weak and brachial pulses are strong; there is a radiofemoral delay. Chest x-ray discloses mild cardiomegaly with left ventricular prominence. ECG shows left ventricular hypertrophy. This patient is at greatest risk for which of the following complications?",This patient is at greatest risk for which of the following complications?,"
A. Atrial fibrillation 
B. Cor pulmonale 
C. Systemic hypertension 
D. Tricuspid valve regurgitation
",C,B,False,"Cor pulmonale refers to right-sided heart failure due to chronic lung disease, typically caused by long-standing obstructive pulmonary diseases such as chronic bronchitis or emphysema. In this case, the patient's medical history includes a recent episode of pneumonia at age 3 years, suggesting a predisposition to respiratory issues that could lead to cor pulmonale over time. Key points supporting the diagnosis: 1. Pneumonia History: The patient had an episode of pneumonia at age 3 years, indicating recurrent respiratory infections. 2. Cardiac Murmur: The presence of a grade 3/6 systolic murmur along the left sternal border suggests valvular heart disease, particularly mitral valve prolapse or aortic stenosis, both conditions associated with increased workload on the right side of the heart. 3. Weak Femoral and Brachial Pulsation: These findings suggest peripheral vascular disease, which can be secondary to systemic hypertension or other cardiovascular disorders. 4. Radiofemoral Delay: This finding indicates poor collateral circulation, often seen in patients with severe coronary artery disease or chronic obstructive pulmonary disease (COPD). 5. Left Ventricular Hypertrophy on ECG: Left ventricular hypertrophy is a hallmark sign of chronic hypertension or left ventricular dysfunction, which can develop from underlying pulmonary causes like COPD or chronic bronchitis. While atrial fibrillation (option A) can occur in individuals with heart disease but does not directly result from chronic lung disease alone, it is less likely to be the primary complication given the patient's young age and lack of prior cardiac evaluation. Systemic hypertension (option C) may contribute to the development of cor pulmonale if left untreated, but it is not the most immediate concern based solely on the provided information. Tricuspid valve regurgitation (option D) is more commonly associated with congenital heart defects or rheumatic heart disease rather than with chronic lung disease alone. It would require additional diagnostic testing to confirm its presence. Therefore, cor pulmonale is the most appropriate complication for this patient considering their history of recurrent pneumonia and the clinical presentation of left ventricular hypertrophy and weakened femoral pulses.",0.0,0.0212,0.1286,0.0458,0.0115,0.0344,0.0344,0.4315,0.5259,0.607
"A 25-year-old woman comes to the office because of a 2-day history of right lower quadrant abdominal pain and vaginal spotting. She describes the abdominal pain as cramping and rates it as a 4 on a 10-point scale. Medical history is unremarkable and the patient takes no medications. Menses are typically irregular but she thinks her last menstrual period was approximately 5 weeks ago. She is sexually active with one male partner and they use condoms occasionally. Vital signs are temperature 37.2°C (99.0°F), pulse 90/min, respirations 16/min, and blood pressure 110/65 mm Hg. Abdominal examination discloses tenderness to palpation of the right lower quadrant. Pelvic examination discloses dark blood in the vaginal vault. Hematocrit is 36%. Urine pregnancy test is positive. Pelvic ultrasonography shows a thickened endometrial lining and no adnexal masses. Which of the following is the most appropriate next step in management?",Which of the following is the most appropriate next step in management?,"
A. Admission to the hospital for observation 
B. Diagnostic laparoscopy 
C. Dilatation and curettage 
D. Follow-up pelvic ultrasonography in 1 week 
E. Serial serum β-hCG concentrations
",E,B,False,"Diagnostic laparoscopy is the most appropriate next step in management for this patient's presentation. The combination of symptoms such as right lower quadrant abdominal pain, vaginal spotting, elevated hematocrit, and an abnormal pelvic ultrasound result strongly suggests that the patient may have ectopic pregnancy, which requires immediate evaluation and intervention. Here’s why the other options are less suitable: A. Admission to the hospital for observation - While admission might be necessary if there are complications like severe bleeding or shock, the initial assessment should focus on confirming the diagnosis before moving forward. B. Diagnostic laparoscopy - This is the gold standard procedure for diagnosing ectopic pregnancy. It allows direct visualization of the fallopian tube and can confirm the presence of an intrauterine gestational sac, ruling out ectopic pregnancy. C. Dilatation and curettage (D&C) - Although D&C can help diagnose ectopic pregnancy, it does not directly address the underlying cause of the symptoms. Additionally, its use without confirmation of ectopic pregnancy could lead to unnecessary risks. D. Follow-up pelvic ultrasonography in 1 week - While useful for monitoring changes over time, follow-up imaging alone cannot definitively rule out ectopic pregnancy, especially given the clinical suspicion. E. Serial serum β-hCG concentrations - Elevated β-hCG levels are consistent with early pregnancy, but they do not differentiate between normal pregnancy and ectopic pregnancy. A definitive diagnosis still requires diagnostic procedures like laparoscopy. In conclusion, while all these steps have their place in managing patients with suspected ectopic pregnancy, the diagnostic laparoscopy remains the most accurate and timely approach to confirm the diagnosis and manage the condition effectively.",0.0169,0.0334,0.2045,0.0797,0.0584,0.058,0.058,0.4712,0.5544,0.7078
"A 32-year-old woman, gravida 4, para 4, comes to the office 1 week after an uncomplicated vaginal delivery of a 3020-g (6-lb 11-oz) term female newborn. She has been breast-feeding her daughter since birth. The patient says that she cries frequently for no reason, is irritable, and is worried about her infant's long-term health. The patient reports having no appetite. She says that her husband and mother say that she is depressed and think she is anorexic. She has not had auditory hallucinations, confusion, or disorientation. She denies suicidal or homicidal ideation. She has a history of postpartum psychosis following the birth of her first child; she had no similar symptoms after the births of her second and third children. Which of the following factors in this patient's history most strongly indicates a poor prognosis?",Which of the following factors in this patient's history most strongly indicates a poor prognosis?,"
A. Anorexia 
B. Depressed mood 
C. History of psychosis 
D. Multiparity
",C,C,True,"The patient's history of postpartum psychosis following the birth of her first child is the factor most strongly indicative of a poor prognosis. This condition suggests a high risk of recurrence due to the underlying neurobiological vulnerability associated with bipolar disorder or other psychotic disorders during pregnancy and the postpartum period. The presence of these symptoms before childbirth and their persistence despite treatment indicate a severe and potentially life-threatening condition that requires close monitoring and management. While the patient exhibits signs of depression (irritability, crying), which can be common in postpartum women, it does not necessarily predict a poor outcome as effectively as the history of psychosis. Anorexia (option A) could also be present but is less specific to predicting a poor prognosis compared to the history of psychosis. Multiparity (option D) is generally unrelated to the severity of psychiatric symptoms and does not directly influence the prognosis. In contrast, the history of postpartum psychosis provides clear evidence of a significant mental health issue that may require intensive care and follow-up, increasing the likelihood of complications such as relapse or persistent symptoms. Therefore, the history of psychosis stands out as the strongest indicator of a poor prognosis in this case.",0.0,0.0545,0.3376,0.1279,0.0553,0.0822,0.0822,0.5086,0.6247,0.7332
"A 47-year-old man comes to the office to establish care. He recently moved to the area and has not been evaluated by a physician for more than 3 years. He reports a 1-year history of bilateral knee pain that worsens after prolonged standing, but he otherwise has felt well. Medical history is unremarkable and his only medication is acetaminophen as needed for his knee pain. Family history is significant for hypothyroidism in his mother and myocardial infarction in a paternal uncle at age 55 years. The patient drinks five to six beers weekly and does not smoke cigarettes. BMI is 32 kg/m² . Vital signs are temperature 36.1°C (97.0°F), pulse 78/min, respirations 12/min, and blood pressure 138/89 mm Hg. The patient is not in distress. Physical examination discloses no abnormalities. Results of fasting serum lipid studies obtained in preparation for today's visit are shown: Cholesterol Total 264 mg/dL HDL 54 mg/dL LDL 170 mg/dL Triglycerides 200 mg/dL Which of the following is the most appropriate next step in management regarding the patient's laboratory study results?",Results of fasting serum lipid studies obtained in preparation for today's visit are shown: Cholesterol Total 264 mg/dL HDL 54 mg/dL LDL 170 mg/dL Triglycerides 200 mg/dL Which of the following is the most appropriate next step in management regarding the patient's laboratory study results?,"
A. Prescribe atorvastatin 
B. Prescribe cholestyramine 
C. Recommend diet and low-impact exercise 
D. Refer the patient to a cardiologist 
E. Repeat fasting laboratory studies in 1 month
",C,C,True,"Given the patient's elevated total cholesterol level (264 mg/dL) and triglyceride levels (200 mg/dL), along with an LDL cholesterol level of 170 mg/dL, which are all above optimal ranges, it is crucial to address these cardiovascular risk factors through lifestyle modifications rather than pharmacological interventions alone. Option A (Prescribe atorvastatin): While statins can be effective in lowering cholesterol levels, they should be considered as part of a comprehensive treatment plan, especially if other risk factors such as hypertension, diabetes, or smoking are present. In this case, the focus on diet and exercise would likely yield better long-term outcomes compared to starting a statin immediately. Option B (Prescribe cholestyramine): This is another form of bile acid sequestrant used to lower cholesterol levels. It may be useful adjunctively, but its use should also be guided by overall cardiovascular risk assessment and lifestyle changes. Option D (Refer the patient to a cardiologist): If the patient's cholesterol levels remain high despite dietary and exercise recommendations, further evaluation by a cardiologist might be necessary to assess additional risk factors and determine whether more aggressive intervention is warranted. Option E (Repeat fasting laboratory studies in 1 month): While monitoring cholesterol levels over time is important, repeating tests too frequently could lead to unnecessary stress and potential side effects from medications. Instead, focusing on lifestyle modifications initially provides a safer and more sustainable approach to managing the patient's cardiovascular risk. In conclusion, recommending a healthy diet and incorporating regular physical activity into the patient's routine represents the most appropriate initial step in managing his elevated cholesterol levels and reducing his cardiovascular risk.",0.0098,0.0971,0.2984,0.1914,0.0745,0.1235,0.1235,0.5627,0.544,0.6559
"A 37-year-old man comes to the emergency department because he has felt nauseated and light-headed for the past hour. Medical history is significant for esophageal varices secondary to alcohol-related cirrhosis and ascites treated with spironolactone. He drinks eight to ten alcoholic beverages daily. While you are obtaining additional history, the patient vomits a large volume of bright red blood and becomes difficult to arouse. Vital signs are temperature 36.0°C (96.8°F), pulse 110/min, respirations 12/min, and blood pressure 90/50 mm Hg. Following initiation of intravenous fluids, which of the following is the most appropriate immediate management?","Following initiation of intravenous fluids, which of the following is the most appropriate immediate management?","
A. Arrange for transjugular intrahepatic portal vein shunting 
B. Begin intravenous vasopressin therapy 
C. Do endotracheal intubation 
D. Do upper endoscopy 
E. Insert an esophageal tube for balloon tamponade
",C,D,False,"Upper endoscopy is the most appropriate immediate management in this scenario due to several critical factors: 1. Vomiting Blood: The patient's presentation suggests active bleeding from the gastrointestinal tract, specifically the esophagus, stomach, or duodenum. Upper endoscopy allows direct visualization of the bleeding site, enabling prompt diagnosis and treatment. 2. Severity of Bleeding: Given the patient's hemodynamic instability (hypotension) and the presence of bright red blood, it indicates severe hemorrhage that requires urgent intervention. Endoscopic techniques can control bleeding more effectively than other methods available at the time. 3. Risk of Further Bleeding: Without immediate intervention, the risk of further bleeding increases significantly. Immediate assessment through endoscopy helps prevent potential complications such as shock, sepsis, or even death. 4. Prevention of Complications: Early identification and treatment of bleeding can help prevent complications like perforation, abscess formation, or secondary infection. Options Analysis: - A. Transjugular Intrahepatic Porta Vein Shunt (TIPS): This procedure is typically used for patients with refractory portal hypertension who have developed complications such as hepatic encephalopathy or spontaneous bacterial peritonitis. It is not indicated for acute bleeding. - B. Intravenous Vasopressin Therapy: While useful in managing hypovolemic shock, it does not address the source of bleeding directly. Its use should be considered after identifying the bleeding site via endoscopy. - C. Endotracheal Intubation: Although necessary if respiratory compromise occurs, it is not the first-line management for acute bleeding unless there is evidence of impending airway obstruction. - E. Inserting an Esophageal Tube for Balloon Tamponade: This technique involves placing a balloon into the esophagus to compress the bleeding vessels. However, it may not be effective in controlling massive bleeding and could lead to further complications. In conclusion, given the severity of the patient's condition and the need for rapid intervention, performing an upper endoscopy is the most appropriate initial step to identify and treat the source of the bleeding.",0.0083,0.0275,0.1627,0.0613,0.037,0.0491,0.0491,0.4887,0.5659,0.6818
"A 25-year-old man was admitted to the hospital yesterday with a massive hemothorax sustained as a result of a stab wound. Left lateral thoracotomy was done because more than 2 L of blood returned following chest tube placement. The thoracotomy disclosed a bleeding intercostal vessel that was repaired by suture ligation. Vital signs now are temperature 36.0°C (96.8°F), pulse 100/min, respirations 18/min, and blood pressure 120/78 mm Hg. Pulse oximetry on 5 L/min of oxygen via nasal cannula shows an oxygen saturation of 95%. Physical examination discloses a well-approximated staple line at the incision site and mild erythema. Decreased respiratory excursion is noted on the left side. The chest tube is draining a small amount of serosanguineous fluid; no air leak is noted. Which of the following is the most appropriate next step in management? Why not the other choices?",Why not the other choices?,"
A. Administration of broad-spectrum antibiotics 
B. Initiation of tube feedings 
C. Pain reduction 
D. Physical therapy 
E. Psychological evaluation for post-traumatic stress disorder
",C,A,False,"In this scenario, the patient has suffered from a massive hemothorax due to a stab wound, which required a left lateral thoracotomy. The patient's vital signs have stabilized, but there are still concerns about potential complications such as infection and sepsis. Broad-spectrum antibiotics are crucial in managing these risks. They help prevent bacterial infections that could lead to further complications like pneumonia or septic shock. Option B (Initiation of tube feedings) is not the most appropriate next step. While feeding tubes can be necessary if the patient cannot eat orally, they should only be considered after ensuring adequate hydration through intravenous fluids and possibly nasogastric intubation. In this case, the patient's condition suggests that oral intake may be possible, so initiating tube feedings would be premature without first addressing any issues related to swallowing or aspiration risk. Option C (Pain reduction) is also not the most appropriate next step. Although pain relief might be beneficial, it is typically managed concurrently with other interventions rather than being the primary focus immediately after stabilization. Pain control can be addressed once the immediate life-threatening situation is under control. Option D (Physical therapy) is not indicated in this context. Physical therapy is generally reserved for patients who have fully recovered and are ready to engage in rehabilitation activities. Given the severity of the injury and the need for close monitoring, physical therapy should wait until the patient's overall stability improves significantly. Option E (Psychological evaluation for post-traumatic stress disorder) is not relevant to the current management plan. Post-traumatic stress disorder (PTSD) is a psychological issue that develops after experiencing or witnessing a traumatic event. It is not directly related to the immediate medical care needed for a hemothorax and its treatment. However, if PTSD symptoms develop later, they should be evaluated separately, often in conjunction with mental health professionals. Therefore, administering broad-spectrum antibiotics remains the most appropriate next step in managing this patient's condition.",0.0,0.0083,0.0358,0.018,0.006,0.018,0.018,0.3535,0.4728,0.5202
"A 45-year-old man returns to the office for ongoing treatment of tuberculous pericarditis. Pericardiocentesis 9 weeks ago showed a serosanguineous effusion; culture of the effusion was positive for Mycobacterium tuberculosis, and therapy with isoniazid, rifampin, and ethambutol was initiated. During the past 2 weeks, he has had increasing shortness of breath on minimal exertion, cough, pain in the right upper quadrant, and swelling of the lower extremities. BMI is 26 kg/m² . Vital signs today are temperature 37.0°C (98.6°F), pulse 100/min, respirations 22/min, and blood pressure 105/65 mm Hg. Physical examination discloses 10 cm of jugular venous distention. Lungs are clear to auscultation and percussion. Cardiac examination discloses distant but normal heart sounds. The liver is tender and is palpated 3 cm below the right costal margin. There is 2+ to 3+ pitting edema from the knees distally. HIV antibody test is negative. ECG shows nonspecific ST-T changes. Chest x-ray today is unchanged from the x-ray obtained at the time of diagnosis, which showed resolution of apical and perihilar infiltrates and a normal-sized heart. Which of the following is the most appropriate next step in management?",Which of the following is the most appropriate next step in management?,"
A. Add furosemide therapy and reevaluate in 4 weeks 
B. Add prednisone therapy 
C. Add streptomycin and cycloserine therapy 
D. Order bronchoscopy for brushings and cytology 
E. Order echocardiography
",E,A,False,"Option A: Adding furosemide therapy and reevaluating in 4 weeks This is the most appropriate next step in management because the patient's symptoms have worsened since his initial presentation, including increased shortness of breath, new onset of pain in the right upper quadrant, and swelling of the lower extremities. These symptoms suggest that there may be an underlying cardiac issue contributing to his respiratory distress and fluid retention. Furosemide is a diuretic that can help reduce fluid overload and improve cardiac function, which could potentially alleviate some of these symptoms. Additionally, monitoring over the next four weeks will allow for early detection of any complications such as worsening heart failure or other serious conditions like pulmonary embolism. Options B, C, D, and E are less suitable given the current clinical picture: - Option B: Prednisone therapy would not address the underlying cause of his condition, which is likely to be infectious rather than inflammatory. - Option C: Streptomycin and cycloserine are antibiotics used primarily for tuberculosis, but they do not address the potential cardiac issues mentioned. - Option D: Bronchoscopy for brushings and cytology might be useful if there were concerns about lung involvement, but it does not directly address the cardiovascular issues. - Option E: Echocardiography is important for assessing cardiac function and structure, especially after prolonged antibiotic therapy, but it should ideally be done before adding additional medications that could affect cardiac function. Given the patient's history of TB infection, the presence of pleural effusion, and recent worsening symptoms, immediate intervention aimed at addressing both the infective process and the potential cardiac complications seems prudent. Therefore, starting furosemide therapy represents the most logical next step in this scenario.",0.0161,0.0319,0.2192,0.0759,0.0556,0.0621,0.0621,0.4792,0.568,0.688
"A 40-year-old woman, gravida 2 para 2, comes to the office because of bulging veins in her legs that have slowly become more visible since she first noticed them 2 years ago. She says they seem to worsen when she stands for long periods of time, but she reports no associated pain. She is concerned that this problem may be life-threatening. Medical history is otherwise unremarkable and she takes no medications. Both of her pregnancies resulted in uncomplicated vaginal deliveries at 40 weeks' gestation. BMI is 23 kg/m². Vital signs are normal. Physical examination discloses compressible veins in both lower extremities below the knees that are worse on the left. The remainder of the examination discloses no abnormalities. Which of the following is the most appropriate next step?",Which of the following is the most appropriate next step?,"
A. Compression stockings 
B. Surgical ligation of the largest veins 
C. Venography 
D. Venous duplex ultrasonography 
E. Warfarin therapy
",A,D,False,"Venous duplex ultrasonography (VDUS) is the most appropriate next step for evaluating the patient's leg varicose veins. This non-invasive imaging technique provides high-resolution images of the venous system, allowing for accurate assessment of vein diameter, blood flow velocity, and any potential complications such as thrombosis or incompetence. It is particularly useful for diagnosing deep vein insufficiency, which can lead to chronic venous disease and other serious conditions like phlebitis or deep vein thrombosis. While compression stockings (Option A) can help manage symptoms and improve circulation, they do not diagnose underlying vascular issues. Surgical ligation (Option B), venography (Option C), and warfarin therapy (Option E) are typically reserved for more severe cases or those requiring definitive treatment options after initial evaluation has been completed. In this case, the patient's symptoms suggest a mild form of chronic venous insufficiency rather than a life-threatening condition. Therefore, a comprehensive evaluation using VDUS would be the most appropriate next step to determine the extent of the varicosity and rule out any serious underlying causes.",0.0156,0.041,0.2799,0.0978,0.0659,0.087,0.087,0.4721,0.5405,0.6156
"A 39-year-old woman, gravida 2, para 2, comes to the community-based health center because of a 6-month history of a copious, foul-smelling vaginal discharge. She also reports spotting that began 6 months ago and has progressed to heavy bleeding during the past 3 weeks. Medical history is significant for an abnormal Pap smear in her 20s; her most recent Pap smear was done 12 years ago during her second pregnancy, and she recalls the results as being normal. She takes no medications. The patient was married for 16 years; her husband died 4 years ago and had undergone vasectomy after the birth of their last child. The patient has not had any new sexual partners since her husband's death. BMI is 32 kg/m². Vital signs are temperature 37.2°C (99.0°F), pulse 90/min, respirations 14/min, and blood pressure 155/96 mm Hg. Speculum examination discloses normal vaginal mucosa. The cervix is friable with a 1-cm exophytic mass lateral to the cervical os at the nine o'clock position. Which of the following is the most critical factor in formulating a management plan for this patient?",Which of the following is the most critical factor in formulating a management plan for this patient?,"
A. Future fertility plans 
B. Hypertension 
C. Obesity 
D. Patient age 
E. Stage of disease
",E,C,False,"Obesity is a critical factor in formulating a management plan for this patient due to several reasons: 1. Increased Risk of Infection: Obese women have a higher risk of developing infections such as bacterial vaginosis, which can lead to more severe symptoms like increased vaginal discharge and potential complications if left untreated. 2. Impact on Vaginal Health: Excess weight can alter the pH balance of the vagina, potentially leading to conditions like candidiasis (yeast infection) or other types of vaginitis, all of which can contribute to the described symptoms. 3. Hormonal Changes: Being overweight often correlates with hormonal imbalances, particularly those related to estrogen levels. These changes can affect the menstrual cycle and increase the likelihood of irregular bleeding and spotting. 4. Psychological Impact: Obesity can lead to psychological stress, which may exacerbate physical symptoms and impact overall well-being, including sexual function and emotional support from partners. While future fertility plans (Option A), hypertension (Option B), and patient age (Option D) are important considerations, they do not directly address the immediate medical concerns presented by the patient's current condition. The stage of disease (Option E) might be relevant in determining treatment options but is less critical than addressing the underlying factors contributing to her symptoms. Therefore, obesity stands out as the most critical factor in formulating a management plan for this patient.",0.0352,0.0579,0.394,0.1328,0.1004,0.1328,0.1328,0.5327,0.5767,0.8057
"A 28-year-old man comes to the office for an annual health maintenance examination. He says he has been generally healthy. Three months ago he began walking three times weekly for at least 30 minutes, and he has eliminated salt from his diet after a blood pressure measurement at a local pharmacy was 160/96 mm Hg. Medical history is unremarkable and he takes no medications. Family history is remarkable for hyperlipidemia, hypertension, type 2 diabetes mellitus, and coronary artery disease. The patient is 188 cm (6 ft 2 in) tall and weighs 135 kg (298 lb); BMI is 38 kg/m². Vital signs are temperature 36.8°C (98.2°F), pulse 102/min, respirations 18/min, and blood pressure 156/98 mm Hg. The abdomen is protuberant with no masses. The remainder of the physical examination discloses no abnormalities. Results of fasting laboratory studies are shown: Serum Cholesterol Total - 202 mg/dL HDL - 33 mg/dL LDL - 137 mg/dL Triglycerides - 158 mg/dL Glucose - 104 mg/dL Blood Hematocrit - 46% Hemoglobin - 15.6 g/dL WBC - 9800/mm³ Pharmacotherapy should be directed toward which of the following?",6 g/dL WBC - 9800/mm³ Pharmacotherapy should be directed toward which of the following?,"
A. Aiding with metabolism of glucose 
B. Decreasing pulse rate 
C. Decreasing serum LDL-cholesterol concentration 
D. Lowering blood pressure 
E. Suppressing appetite
",D,C,False,"The patient's medical history includes several cardiovascular risk factors such as high blood pressure, hyperlipidemia, and a family history of coronary artery disease. Given these conditions, pharmacotherapy aimed at decreasing serum LDL cholesterol concentration would be most appropriate. This intervention helps reduce the risk of further cardiovascular events. Option A (Aiding with metabolism of glucose): While this might be beneficial for overall metabolic health, it does not directly address the specific cardiovascular risks identified in the patient's case. Option B (Decreasing pulse rate): Although lowering heart rate can be important in managing certain conditions like hypertension, it is not specifically targeted towards reducing LDL cholesterol levels or other cardiovascular risk factors. Option D (Lowering blood pressure): While controlling blood pressure is crucial for preventing complications related to hypertension, it is less focused on addressing the primary concerns of lipid profile and cardiac risk factors. Option E (Suppressing appetite): This is unrelated to the management of cardiovascular diseases and is not relevant to the patient's condition. Therefore, the most effective pharmacotherapy for this patient would involve targeting LDL cholesterol reduction, which aligns with the options provided.",0.0,0.0188,0.114,0.0493,0.0,0.0394,0.0394,0.4301,0.5266,0.6021
"A 22-year-old man comes to the office for evaluation 3 days after his girlfriend was diagnosed with trichomoniasis vaginalis. The patient has not had urethral discharge, dysuria, testicular pain, or genital skin lesions. He has been monogamous with his girlfriend and has been dating her for the past 6 months. He previously had one sexual partner at age 20 years. The patient has not consistently used condoms. He has never had any sexually transmitted diseases. Medical history is unremarkable and he takes no medications. Vital signs are normal. Genitourinary examination discloses no lesions or urethral discharge. Testes are symmetrical without tenderness or masses. There are shotty inguinal lymph nodes. In addition to recommending condom use, which of the following is the most appropriate next step?","In addition to recommending condom use, which of the following is the most appropriate next step?","
A. Obtain a urethral swab for potassium hydroxide preparation 
B. Order urinalysis and urine culture 
C. Prescribe ceftriaxone and doxycycline therapy 
D. Prescribe metronidazole therapy 
E. Reassure the patient that no treatment is necessary
",D,D,True,"Metronidazole is the preferred first-line treatment for uncomplicated cases of trichomoniasis in both men and women. It is effective against Trichomonas vaginalis, the causative agent of trichomoniasis. This medication is also considered safe during pregnancy and can be taken orally as a single dose (500 mg) or divided into two doses if needed. Option A (Obtain a urethral swab for potassium hydroxide preparation): While this could help confirm the diagnosis, it is not typically indicated as the initial step unless there is suspicion of other conditions like gonorrhea or chlamydia, which may require additional testing. Option B (Order urinalysis and urine culture): Although these tests might be useful in ruling out other potential infections, they are not specifically indicated for trichomoniasis. Additionally, the presence of urethral discharge would suggest another condition rather than trichomoniasis. Option C (Prescribe ceftriaxone and doxycycline therapy): Ceftriaxone is an antibiotic commonly prescribed for complicated trichomoniasis, but it is not recommended as the first-line treatment due to its high cost and potential side effects. Doxycycline is generally avoided in pregnant patients because of its teratogenic properties. Therefore, this option is less appropriate compared to metronidazole. Option E (Reassure the patient that no treatment is necessary): Given the patient's history of consistent condom use and absence of symptoms, it is reasonable to reassure him about the lack of need for treatment. However, this should be done cautiously, ensuring that the patient understands the importance of regular check-ups and adherence to preventive measures. In conclusion, metronidazole therapy remains the most appropriate and evidence-based approach for treating uncomplicated trichomoniasis in this scenario.",0.0,0.0433,0.2529,0.0845,0.0284,0.0634,0.0634,0.4762,0.5605,0.607
"A 25-year-old man comes to the office because he has had a ""coating"" on his tongue during the past 2 weeks and has had an unintentional 4.5-kg (10-lb) weight loss during the past 6 months. He has not had oral pain or difficulty swallowing. Medical history is unremarkable and he takes no medications. He has smoked one pack of cigarettes daily for the past 5 years and he drinks two to three beers weekly. He is sexually active with two male partners and does not consistently use condoms. BMI is 25kg/m². Vital signs are temperature 37.1°C (98.8°F), pulse 83/min, respirations 16/min, and blood pressure 114/74 mm Hg. Oral examination shows a white plaque on the lateral aspect of the tongue bilaterally; an attempt to scrape the lesion from the tongue is unsuccessful. Anterior and posterior cervical lymph nodes are enlarged bilaterally but are mobile and not tender to palpation. The remainder of the physical examination discloses no abnormalities. A rapid HIV test is positive. Results of other laboratory studies are shown: Blood CD4+ T-lymphocyte count - 128/mm³ Hematocrit - 36% Hemoglobin - 12.0 g/dL WBC - 1400/mm³ Neutrophils, segmented - 79% Eosinophils - 3% Lymphocytes - 11% Monocytes - 7% Platelet count - 124,000/mm³ Which is of the following is the most appropriate clinical intervention at this time?","0 g/dL WBC - 1400/mm³ Neutrophils, segmented - 79% Eosinophils - 3% Lymphocytes - 11% Monocytes - 7% Platelet count - 124,000/mm³ Which is of the following is the most appropriate clinical intervention at this time?","
A. Antiretroviral therapy 
B. Liquid nitrogen therapy applied to the tongue lesions 
C. Micafungin therapy 
D. Surgical excision of the tongue lesions 
E. Systemic chemotherapy with liposomal doxorubicin
",A,A,True,"This patient presents with symptoms consistent with AIDS-related complex, which includes opportunistic infections and malignancies due to severe immunodeficiency. Given that the patient's CD4+ T-cell count is only 128/mm³, indicating a severely compromised immune system, antiretroviral therapy (ART) should be initiated immediately. ART helps restore the patient's immune function and reduces the risk of developing life-threatening opportunistic infections. Options Analysis: A. Antiretroviral Therapy (ART): - This is the most appropriate initial treatment as it directly addresses the underlying cause of the patient's condition. - It will help boost the patient's immune system and reduce the likelihood of developing serious complications such as Pneumocystis pneumonia (PCP), Kaposi sarcoma, and other opportunistic infections. B. Liquid Nitrogen Therapy Applied to the Tongue Lesions: - While this could potentially remove the visible coating, it would not address the root cause of the patient's weakened immune system. - Additionally, liquid nitrogen can damage mucous membranes, leading to further complications if used improperly. C. Micafungin Therapy: - This medication targets fungal infections, which may occur in patients with advanced HIV/AIDS. - However, given the patient's severe immunodeficiency, systemic fungal infection is less likely compared to opportunistic viral infections like CMV or Pneumocystis jirovecii pneumonia. D. Surgical Excision of the Tongue Lesions: - Although surgical removal might alleviate some symptoms temporarily, it cannot cure the underlying HIV infection or prevent future complications. - Furthermore, surgery carries risks associated with anesthesia and potential postoperative complications. E. Systemic Chemotherapy with Liposomal Doxorubicin: - This approach is typically reserved for more aggressive cancers and is not indicated for treating HIV-associated conditions. - Moreover, systemic chemotherapy carries significant side effects and risks, especially in a patient with a compromised immune system. In conclusion, initiating antiretroviral therapy is the most appropriate course of action given the patient's severe immunodeficiency and the presence of opportunistic infections.",0.0028,0.0535,0.1423,0.0647,0.0237,0.0588,0.0588,0.4661,0.4759,0.5776
A 24-year-old recent college graduate comes to the office because of a 3-year history of increased frequency of urination and occasional incontinence whenever she travels. She says the urinary symptoms typically begin a few days before she is going to fly and they stop the day after she arrives at her destination. She says she is anxious about flying. She reports having had similar but milder symptoms prior to examinations before graduating. Medical history is otherwise unremarkable. Her only medication is an oral contraceptive. Vital signs are normal. Physical examination discloses no abnormalities. Urinalysis and urine culture are normal. Which of the following is the most appropriate next step?,Which of the following is the most appropriate next step?,"
A. Recommend behavioral therapy 
B. Recommend psychoanalytic psychotherapy 
C. Recommend that the patient avoid any stressful activities that cause the problem 
D. Review the patient's sexual history 
E. Reassure the patient that her symptoms will resolve in time
",A,A,True,"Behavioral therapy is the most appropriate next step for this patient based on the information provided. The patient experiences urinary symptoms (increased frequency of urination and incontinence) specifically related to travel, particularly flights. This condition appears to be triggered by anxiety associated with flying, which aligns with the concept of anticipatory anxiety or ""airplane syndrome."" 1. Recommend Behavioral Therapy: This approach involves helping the patient develop coping strategies to manage their anxiety during flight. Techniques such as deep breathing exercises, progressive muscle relaxation, mindfulness meditation, and cognitive-behavioral techniques can help reduce the intensity of these symptoms. These therapies have been shown to be effective in managing stress-related urinary symptoms. 2. Recommend Psychoanalytic Psychotherapy: While psychological factors play a role in some cases, psychoanalytic therapy is not typically recommended for patients presenting with specific physical symptoms like those described here. It may not address the underlying physiological causes effectively. 3. Recommend that the patient avoid any stressful activities that cause the problem: Although avoiding stressful situations might help, it does not directly address the root cause of the symptomatology. Additionally, it could lead to further isolation if the patient feels unable to engage in certain activities due to fear of exacerbating their symptoms. 4. Review the patient's sexual history: While sexual health can sometimes influence urinary symptoms, there is no indication from the given information that this would be relevant to the current presentation. Sexual activity itself is unlikely to trigger the specific symptoms described unless there is a direct link to the patient’s medical history or lifestyle habits. 5. Reassure the patient that her symptoms will resolve in time: While reassurance can be beneficial, it does not address the underlying issue. Effective management requires addressing the source of the anxiety rather than just providing comfort. In conclusion, behavioral therapy offers the most comprehensive and evidence-based approach to managing this type of anxiety-induced urinary symptomatology.",0.0085,0.0226,0.1821,0.0545,0.0366,0.0364,0.0364,0.4643,0.5312,0.6911
"A 22-year-old woman comes to the emergency department because of a 5-day history of sore throat and fever. During the past 3 days, she also has noticed a change in her voice and has had increased pain with swallowing. She has been taking acetaminophen since her symptoms began. Medical history is unremarkable and she takes no routine medications. Vital signs are temperature 40.0°C (104.0°F), pulse 130/min, respirations 18/min, and blood pressure 102/66 mm Hg. Pulse oximetry on room air shows an oxygen saturation of 97%. Examination of the oropharynx shows erythema, edema, and anterior displacement of the right side of the soft palate. The uvula is deviated to the left. There is a white exudate on the right tonsil. Trismus is noted. Palpation of the neck discloses enlarged, tender, mobile anterior cervical lymph nodes. In addition to antibiotic therapy, which of the following is the most appropriate management?","In addition to antibiotic therapy, which of the following is the most appropriate management?","
A. Incision and drainage 
B. Intravenous methylprednisolone therapy 
C. Oral nystatin therapy 
D. Salt water gargle 
E. Tonsillectomy
",A,B,False,"Methylprednisolone is the most appropriate management for this patient's condition based on the clinical presentation described. The patient presents with acute onset of symptoms including sore throat, fever, dysphagia (difficulty swallowing), trismus (swelling of the jaw muscles causing difficulty opening the mouth), and swelling of the right tonsil. These symptoms suggest a possible bacterial infection, particularly streptococcal pharyngitis, which can lead to complications such as peritonsillar abscesses if not treated promptly. Intravenous methylprednisolone is a corticosteroid that helps reduce inflammation and swelling associated with infections like Streptococcus pyogenes. It is commonly used in cases where there is evidence of a peritonsillar abscess or other severe complications from untreated pharyngitis. This treatment aims to control the inflammatory response and prevent further tissue damage. Options Analysis: A. Incision and drainage - While this could be considered in more severe cases, it is not typically the first-line treatment for mild pharyngeal infections. B. Intravenous methylprednisolone therapy - This is the most appropriate choice given the presence of a peritonsillar abscess or other serious complication. C. Oral nystatin therapy - Nystatin is used primarily for oral candidiasis and does not address the underlying bacterial infection. D. Salt water gargle - This is a simple home remedy but lacks systemic anti-inflammatory effects necessary for treating the underlying infection. E. Tonsillectomy - Although surgery may be considered in rare cases of recurrent peritonsillar abscesses, it is not indicated for every case and should only be performed after conservative measures have failed. Given the severity of the patient's symptoms and the need to manage potential complications, intravenous methylprednisolone therapy stands out as the most effective initial step in managing this patient's condition.",0.0066,0.0359,0.1757,0.0761,0.0348,0.0554,0.0554,0.4615,0.5745,0.6685
"A 26-year-old man, who is admitted to the hospital to undergo cholecystectomy, bleeds excessively during the procedure and then develops a large wound hematoma. Medical history discloses that he has always tended to bruise excessively with trauma. His wounds oozed blood for 3 days following a dental extraction, which was his only previous surgical procedure. He says that his maternal grandfather and uncle were ""bleeders."" Initial coagulation studies show a normal platelet count, bleeding time, and prothrombin time. The partial thromboplastin time is moderately prolonged. Which of the following is the most appropriate statement to this patient and his wife regarding their children?",Which of the following is the most appropriate statement to this patient and his wife regarding their children?,"
A. There is no evidence of a familial coagulation defect 
B. Half of their daughters will have a clinically evident coagulation disorder 
C. The sons of their daughters will be at risk for a clinically evident coagulation disorder 
D. Their sons will be at risk for a clinically evident coagulation disorder 
E. Their sons and daughters will be at risk for a significant coagulation disorder
",C,D,False,"This scenario describes a patient with an inherited bleeding disorder known as von Willebrand disease (VWD). Von Willebrand factor (vWF) plays a crucial role in hemostasis by transporting Factor VIII through the bloodstream. In patients with VWD, there is either a deficiency of vWF or defects in its function, leading to excessive bleeding. Key points from the case: 1. Family History: The patient's family includes individuals who bleed easily, suggesting a genetic predisposition. 2. Previous Bleeding Events: The patient had multiple instances of excessive bleeding after dental extractions, indicating recurrent episodes of bleeding. 3. Initial Coagulation Studies: Normal results for platelets, bleeding time, and prothrombin time suggest that these tests do not reveal any immediate clotting issues. 4. Partial Thromboplastin Time Prolongation: This finding indicates a problem with the intrinsic pathway of coagulation, which can be associated with von Willebrand disease. Given these observations, it is highly likely that the patient has von Willebrand disease. The partial thromboplastin time prolongation suggests a defect in the intrinsic pathway, which is consistent with VWD type 1a, where the main issue is a defect in the vWF molecule itself rather than a deficiency in Factor VIII. Regarding the question about the offspring, since the father does not have a clinical diagnosis but may carry the gene responsible for VWD, there is a 50% chance that his daughters could inherit the condition. However, the sons would not typically develop symptoms unless they also inherit two copies of the defective gene, which is less common. Therefore, the most accurate statement regarding the patient's children would be that half of their daughters will have a clinically evident coagulation disorder due to inheriting one copy of the defective gene from the mother. The sons would generally not be affected unless they inherit both copies of the defective gene, which is rare.",0.0,0.0375,0.1538,0.0926,0.0124,0.0556,0.0556,0.4492,0.5271,0.6193
"A 29-year-old woman, gravida 3, para 3, comes to the office because of a 1-year history of recurrent low back pain. Rest and analgesics typically resolve the pain within 2 weeks. However, the pain recurs every 2 to 3 months. Medical history is remarkable for gestational diabetes during her pregnancies. She takes no medications except for an oral contraceptive. She walks 3 miles daily for exercise and works as a sales representative for a computer software company. She is 165 cm (5 ft 5 in) tall and weighs 100 kg (220 lb); BMI is 37 kg/m². Vital signs are normal, and physical examination discloses no abnormalities. Which of the following is the most appropriate next step?",Which of the following is the most appropriate next step?,"
A. Administer an epidural injection of methylprednisolone 
B. Order MRI of the lumbosacral spine 
C. Order x-rays of the lumbosacral spine 
D. Recommend beginning a weight loss program 
E. Recommend decreasing physical activity
",D,B,False,"The patient's symptoms of recurrent low back pain that resolves with rest and analgesics suggest a potential underlying cause related to musculoskeletal issues or spinal pathology. The combination of obesity (BMI of 37 kg/m²), which increases the risk of developing lumbar spine disorders such as degenerative disc disease, spondylolisthesis, or osteoarthritis, makes an MRI more likely to reveal structural abnormalities contributing to her chronic pain episodes. Option A (Administer an epidural injection of methylprednisolone) is not recommended here. While corticosteroids can be effective for acute inflammatory conditions like sciatica, they do not address the underlying causes of chronic low back pain. Additionally, repeated injections may lead to steroid resistance and other complications. Option C (Order x-rays of the lumbosacral spine) might help rule out specific pathologies but would not specifically target the cause of her recurring pain. X-rays alone cannot diagnose complex conditions like degenerative disc disease or facet joint changes. Option D (Recommend beginning a weight loss program) is important if she has not been actively managing her weight, especially given her high BMI. Weight loss can alleviate pressure on the lower back and reduce strain on joints, potentially reducing the frequency and severity of her pain episodes. Option E (Recommend decreasing physical activity) is inappropriate since maintaining regular exercise is crucial for overall health and well-being. Engaging in moderate-intensity activities like walking helps maintain muscle strength and flexibility, which supports good posture and reduces stress on the spine. In conclusion, while all options have their merits, ordering an MRI of the lumbosacral spine provides the most comprehensive diagnostic information to identify any structural abnormalities contributing to her persistent low back pain.",0.0,0.0162,0.1407,0.0415,0.0139,0.0415,0.0415,0.426,0.5235,0.5668
"A 46-year-old woman comes to the office because of a 4-month history of irregular vaginal bleeding that occurs every 2 weeks and lasts 3 to 5 days. Until 5 months ago when she missed a period, her periods had occurred at regular 30-day intervals and lasted for 5 days. She has not had vaginal pain or discharge, headache, dizziness, chest pain, or shortness of breath. Medical history is unremarkable. She takes no medications. Vital signs are temperature 37.0°C (98.6°F), pulse 80/min, respirations 16/min, and blood pressure 120/60 mm Hg. Pelvic examination discloses normal external female genitalia. There is a small amount of blood in the cervical os. Uterus is 10 cm, mobile, anteverted, nontender, and irregular in shape. Adnexa are without masses or tenderness. Hemoglobin concentration is 10.2 g/dL. Which of the following is the most appropriate next step in evaluation?",Which of the following is the most appropriate next step in evaluation?,"
A. Determination of serum thyroid-stimulating hormone and prolactin concentrations 
B. CT scan of the pelvis 
C. Endometrial biopsy 
D. Hysteroscopy with dilatation and curettage 
E. Trial of hormone replacement therapy
",C,C,True,"An endometrial biopsy is the most appropriate next step in evaluating this patient's symptoms. The patient presents with irregular vaginal bleeding lasting 3-5 days every 2 weeks, which could be indicative of an endometrial lining thickness or abnormal uterine function. An endometrial biopsy allows for direct visualization and sampling of the uterine lining, providing crucial information about hormonal imbalances, inflammation, or other conditions affecting the uterus. Options Analysis: A. Determination of serum thyroid-stimulating hormone (TSH) and prolactin concentrations - While these tests can help rule out hypothyroidism or hyperprolactinemia as potential causes of menstrual irregularities, they do not specifically address the issue of uterine pathology. B. CT scan of the pelvis - This imaging modality would primarily focus on assessing any structural abnormalities within the pelvic organs but does not directly evaluate the uterine lining or underlying hormonal status. C. Endometrial biopsy - This test provides direct evidence of the uterine lining's condition, allowing for accurate diagnosis of conditions such as polyps, fibroids, adenomyosis, or endometriosis. It also helps differentiate between physiological and pathological changes in the uterine lining. D. Hysteroscopy with dilatation and curettage (D&C) - Although hysteroscopy can provide valuable diagnostic information, it is invasive and may cause discomfort. D&C is less invasive but still involves removing tissue from the uterine cavity, which might not capture all relevant findings compared to a biopsy. E. Trial of hormone replacement therapy - This approach addresses only one aspect of the patient's symptoms (irregular bleeding) and does not provide definitive diagnostic information regarding the underlying cause of her symptoms. Given the patient's presentation of irregular bleeding and the need for further investigation into possible causes, an endometrial biopsy stands out as the most comprehensive and informative diagnostic tool among the options provided.",0.0122,0.0271,0.1908,0.0654,0.0461,0.0458,0.0458,0.4619,0.5515,0.7148
"A 36-year-old woman is referred to the office for evaluation of a fasting serum total cholesterol concentration of 249 mg/dL. She has a family history of early coronary artery disease (CAD) and her father died suddenly at age 46 years of myocardial infarction. She tells you that she has never had chest pain. She is not currently sexually active and has no children. The patient works as an advertising executive. She claims that her high-stress lifestyle makes it impossible for her to eat regular meals or to follow a special diet, and she usually eats fast food. She exercises two or three times a week for about 20 minutes on a treadmill. She has smoked one pack of cigarettes daily for the past 20 years. Her only medication is acetaminophen for tension headaches. She is 165 cm (5 ft 5 in) tall and weighs 76 kg (167 lb); BMI is 28 kg/m². Vital signs today are normal. Physical examination discloses no abnormalities except for mild obesity. Institution of which of the following is the most essential step in the prevention of CAD in this patient?",Institution of which of the following is the most essential step in the prevention of CAD in this patient?,"
A. Biofeedback-based stress reduction program 
B. More rigorous and consistent exercise program 
C. Smoking cessation program 
D. Strict low-calorie diet 
E. Strict low-fat diet
",C,C,True,"Smoking cessation is the most essential step in preventing coronary artery disease (CAD) in this patient due to several reasons: 1. Risk Factor: The patient's smoking habit is a significant risk factor for developing CAD. Smoking damages blood vessels and increases the likelihood of plaque buildup, leading to blockages in arteries that supply blood to the heart muscle. 2. Impact on Cholesterol Levels: While the patient's cholesterol levels are elevated, smoking exacerbates these effects. Nicotine from tobacco smoke can cause vasoconstriction, reducing blood flow to the heart and increasing the risk of plaque rupture, which leads to thrombosis and subsequent heart attacks. 3. Cardiovascular Health: Smoking cessation significantly reduces the risk of cardiovascular events such as myocardial infarction and stroke. It improves overall cardiovascular health and lowers the chances of developing CAD. 4. Behavioral Change: Unlike dietary changes or physical activity programs, quitting smoking requires a behavioral change that may be more challenging but crucial for long-term health outcomes. Options A, B, D, and E are less critical compared to smoking cessation because they do not directly address the primary risk factors contributing to CAD in this patient: - Biofeedback-based stress reduction program might help manage stress-related behaviors but does not eliminate the underlying risk factors. - More rigorous and consistent exercise program could improve overall fitness but doesn't negate the impact of smoking on cardiovascular health. - Strict low-calorie diet and strict low-fat diet are important components of managing weight and cholesterol but don't counteract the harmful effects of smoking. In conclusion, while all options contribute to better health, smoking cessation stands out as the most critical step in preventing CAD in this patient.",0.0131,0.0519,0.2798,0.1067,0.0537,0.08,0.08,0.5009,0.5715,0.7303
"A 57-year-old man was admitted to the intensive care unit from the emergency department 3 hours ago for treatment of an acute exacerbation of chronic obstructive pulmonary disease. He was brought to the emergency department by ambulance following a 2-hour history of severe shortness of breath and non-productive cough. Chest x-ray obtained on arrival showed significant air-trapping but no infiltrate. The patient was intubated in the emergency department, but now his ventilator pressure alarm is sounding and his blood pressure is dropping. Medical history is otherwise unremarkable. Medications include ipratropium and prednisone. He has smoked 11⁄2 packs of cigarettes daily for about 40 years. Vital signs are temperature 37.7°C (99.9°F), pulse 106/min, respirations 12/min on intermittent mandatory ventilation, and blood pressure 72/46 mm Hg. Pulse oximetry on 40% FIO₂ shows an oxygen saturation of 91%. He appears obtunded and is poorly responsive. Physical examination shows jugular venous distention in the supine position; trachea is midline. Auscultation of the lungs discloses decreased breath sounds bilaterally with inspiratory and expiratory wheezing and a prolonged expiratory phase. Examination of the upper extremities shows 2+ digital clubbing bilaterally. There is no cyanosis or edema. Which of the following is the most appropriate management?",Which of the following is the most appropriate management?,"
A. Adjustment of the ventilator settings 
B. Insertion of bilateral chest tubes 
C. Intravenous dopamine 
D. Intravenous low-molecular-weight heparin 
E. 1-L bolus of intravenous 0.9% saline 
F. Needle decompression
",A,B,False,"The patient's presentation suggests a complication related to mechanical ventilation, specifically hypoxemia and bradycardia despite adequate ventilation support. Given that the patient is receiving intermittent mandatory ventilation at 40% FiO₂ with an oxygen saturation of only 91%, it indicates inadequate gas exchange and potential respiratory failure. This situation requires immediate intervention to improve oxygenation and stabilize the patient's hemodynamics. Option A: Adjustment of the ventilator settings While adjusting ventilator settings can be necessary if the current settings are not providing adequate gas exchange, this alone does not address the underlying cause of the hypoxemia and bradycardia. Therefore, this is not the most appropriate initial step. Option B: Insertion of bilateral chest tubes Inserting bilateral chest tubes would directly address the issue of poor gas exchange by removing trapped air and improving lung compliance. This is the most effective immediate step to manage the patient's condition. Option C: Intravenous dopamine Dopamine is typically used to increase cardiac output and may help in managing hypotension, but it should be considered as part of a broader strategy rather than the first line of action. In this case, addressing the primary problem of poor gas exchange is more critical. Option D: Intravenous low-molecular-weight heparin Low-molecular-weight heparin is usually indicated for deep vein thrombosis prophylaxis or anticoagulation in certain conditions, such as atrial fibrillation. It is not relevant to the management of acute respiratory failure caused by COPD exacerbation. Option E: 1-L bolus of intravenous 0.9% saline This approach aims to rehydrate the patient and potentially improve fluid balance, which could indirectly aid in oxygenation. However, it is less likely to resolve the underlying issues of respiratory failure and hypoxemia compared to inserting chest tubes. Option F: Needle decompression Needle decompression involves using a needle to remove trapped air from the pleural space, which can help improve gas exchange. While this might be beneficial, it is often combined with other interventions like chest tube insertion to ensure optimal results. In conclusion, the most appropriate management is the insertion of bilateral chest tubes to directly address the underlying cause of the patient's hypoxemia and bradycardia.",0.0026,0.018,0.1434,0.0435,0.0273,0.0435,0.0435,0.3918,0.523,0.6437
"A 32-year-old woman comes to the office because of a 2-week history of burning rectal pain and bleeding. She says, ""The pain is like being burned with a hot poker."" The pain is at its worst when she has a bowel movement and for approximately 20 minutes after defecation. She rates the pain at its worst as an 8 on a 10-point scale. She has noticed small amounts of bright red blood on the toilet paper when wiping, as well as drops of blood on her underwear. Medical history is unremarkable and she takes no medications. BMI is 28 kg/m². Vital signs are normal. Abdominal examination discloses no abnormalities. The patient has pain during rectal examination. Anoscopy shows a small tear in the anal mucosa. Test of the stool for occult blood is positive. Which of the following is the most appropriate next step in management?",Which of the following is the most appropriate next step in management?,"
A. Colonoscopy 
B. Excision and drainage 
C. Internal banding 
D. Oral docusate 
E. Sclerotherapy
",D,A,False,"Colonoscopy is the most appropriate next step in management for this patient's symptoms. The patient presents with persistent rectal pain, bloody stools, and a history of anal fissure, which strongly suggests a diagnosis of hemorrhoids or internal hemorrhoids. Colonoscopy allows for direct visualization of the entire colon and rectum, enabling detection of any underlying conditions such as polyps, inflammatory bowel disease (IBD), or other causes of rectal bleeding that may not be apparent from anoscopy alone. Options Analysis: A. Colonoscopy - This is the gold standard procedure for evaluating rectal bleeding and identifying potential sources of bleeding. It provides comprehensive imaging of the entire gastrointestinal tract, including the lower end of the colon and rectum, making it ideal for diagnosing and treating various conditions causing rectal bleeding. B. Excision and drainage - While excision of a small anal fissure might be considered if there is significant discomfort or risk of infection, it does not address the underlying cause of rectal bleeding. Additionally, it would not help identify other contributing factors such as IBD or malignancy. C. Internal banding - This technique involves placing a band around the base of a prolapsed internal hemorrhoid to reduce blood flow and shrink the tissue. It is typically used for mild cases where surgical intervention is not necessary. However, given the patient's history of rectal bleeding and the presence of a small tear in the anal mucosa, more aggressive treatment options should be considered. D. Oral docusate - Docusate sodium is a laxative that softens stool but does not address the underlying pathology causing rectal bleeding. It is unlikely to improve symptoms related to hemorrhoids or fissures. E. Sclerotherapy - This procedure involves injecting a chemical into a vein to cause it to collapse and seal off the vessel. It is commonly used for varicose veins and spider angiomas but is not indicated for treating internal hemorrhoids or anal fissures. In conclusion, colonoscopy is the most appropriate next step due to its ability to diagnose and treat the underlying condition responsible for the patient's symptoms.",0.0134,0.0265,0.1925,0.0627,0.0458,0.0513,0.0513,0.4432,0.5578,0.712
"A 16-year-old girl is brought to the office by her mother because she is concerned that she may have contracted meningitis from her soccer teammate, who was diagnosed with meningococcal meningitis and admitted to the hospital yesterday. The patient's soccer team traveled to a neighboring state to participate in a tournament 1 week ago and she shared a hotel room with the girl who was hospitalized. The patient feels well but is concerned she may have ""caught the same bug."" Medical history is remarkable for asthma. Medications include inhaled albuterol. Vital signs are temperature 37.2°C (98.9°F), pulse 64/min, respirations 16/min, and blood pressure 107/58 mm Hg. Physical examination shows no abnormalities. Which of the following is the most appropriate intervention for this patient at this time?",Which of the following is the most appropriate intervention for this patient at this time?,"
A. Administer the meningococcal vaccine 
B. Prescribe doxycycline 
C. Prescribe penicillin 
D. Prescribe rifampin 
E. Assure the patient that no anti-infective prophylaxis is necessary
",D,E,False,"In this scenario, the patient has been exposed to a person who has recently been diagnosed with meningococcal meningitis, which is a serious bacterial infection. Given the recent travel history and close contact with an infected individual, it is highly likely that the patient has been exposed to the bacteria responsible for meningococcal disease. Therefore, the most appropriate intervention would be to assure the patient that no anti-infective prophylaxis is necessary. Here’s why the other options are not suitable: A. Administering the meningococcal vaccine is inappropriate because the patient has already had close contact with someone who has the disease, making vaccination unnecessary as it does not prevent exposure to the bacteria once acquired. B. Prescribing doxycycline is not indicated here because doxycycline is typically used for treating chlamydia and gonorrhea, not for preventing meningococcal disease after exposure. C. Prescribing penicillin is also not appropriate because penicillin is ineffective against the specific strain of Neisseria meningitidis that causes meningococcal disease. D. Prescribing rifampin is irrelevant since rifampin is primarily used for tuberculosis treatment and is not effective against the causative agent of meningococcal disease. E. Assuring the patient that no anti-infective prophylaxis is necessary aligns with standard medical practice when there is no evidence of active infection and the risk of transmission is low due to the passage of time and distance between exposures.",0.0041,0.0451,0.1684,0.0992,0.025,0.0826,0.0826,0.4791,0.5602,0.64
"A 27-year-old nulligravid woman comes to the office because of a 1-month history of daily vaginal bleeding associated with lower abdominal pain and, more recently, shortness of breath. Three days ago, she also developed aching pain of her sternum, which she rates as a 10 on a 10-point scale. During the 6 months prior to her current symptoms, the patient's menstrual periods occurred regularly but were heavy in flow. Her current bleeding has required changing her sanitary pad every 2 hours. Medical history is significant for sickle cell anemia. Medications include hydroxyurea (500 mg daily). The patient appears younger than her stated age. She is 162 cm (5 ft 4 in) tall and weighs 54 kg (120 lb); BMI is 21 kg/m². Vital signs are temperature 37.7°C (99.8°F), pulse 99/min, respirations 19/min, and blood pressure 129/79 mm Hg. Auscultation of the chest discloses coarse breath sounds in both lung bases and a grade 2/6 systolic murmur heard best at the second left intercostal space. Results of laboratory studies are shown: Blood Hematocrit - 18.0% Hemoglobin - 5.7 g/dL RBC - 3.8 million/mm³ WBC - 3000/mm³ Reticulocyte count - <0.4% of red cells Which of the following is the most appropriate management of this patient's sternal pain?",4% of red cells Which of the following is the most appropriate management of this patient's sternal pain?,"
A. Exchange transfusion 
B. Increased dose of hydroxyurea 
C. Initiation of erythropoietin therapy 
D. Iron supplementation 
E. Transfusion of packed red blood cells
",E,C,False,"The patient presents with severe anemia (hemoglobin level of 5.7 g/dL) despite being a nulligravida (no previous pregnancies), indicating chronic blood loss from unknown causes. Given that the patient has sickle cell anemia, it is crucial to manage her anemia effectively to prevent complications such as organ damage and stroke. Erythropoietin therapy can be initiated to stimulate hematopoiesis and improve hemoglobin levels. Options Analysis: A. Exchange transfusion - This would not be indicated here since the patient does not have any evidence of acute hemorrhage or massive blood loss requiring exchange transfusion. Additionally, exchange transfusions are typically used in cases of severe anemia due to other conditions like thalassemia or iron overload rather than chronic blood loss from sickle cell disease. B. Increased dose of hydroxyurea - While hydroxyurea is effective in managing sickle cell anemia by reducing vaso-occlusive crises, it does not directly address the underlying cause of the anemia. Therefore, increasing the dose of hydroxyurea alone may not be sufficient to improve hemoglobin levels. C. Initiation of erythropoietin therapy - This is the most appropriate management given the severity of the anemia and the need to increase hemoglobin levels. Erythropoietin stimulates bone marrow production of new red blood cells, which will help in improving the patient's oxygen-carrying capacity and overall health. D. Iron supplementation - Although iron deficiency anemia could contribute to the patient's anemia, initiating iron supplementation without addressing the underlying cause (chronic blood loss) might not be beneficial. Chronic blood loss should be managed first before considering iron supplementation. E. Transfusion of packed red blood cells - While this could temporarily improve the patient's hemoglobin levels, it does not address the root cause of the anemia. Packed red blood cell transfusions are usually reserved for patients with life-threatening anemia who cannot tolerate oral iron supplements or do not have enough storage units available. In conclusion, initiation of erythropoietin therapy is the most appropriate management strategy for this patient's anemia caused by chronic blood loss from sickle cell anemia.",0.0055,0.0352,0.2612,0.0845,0.0453,0.0789,0.0789,0.471,0.566,0.6703
"A 67-year-old man with Parkinson disease is admitted to the hospital for treatment of pneumonia. The patient's daughter, who is visiting the patient, says he has had increased lethargy for the past day and decreased ambulation during the past 6 months. She also says that there are times during the day when his tremors increase in severity, although he continues to care for himself at home. Medical history is also remarkable for hypertension. Medications include hydrochlorothiazide, atenolol, levodopa, and carbidopa. He is 168 cm (5 ft 6 in) tall and weighs 78 kg (172 lb); BMI is 28 kg/m². Vital signs are temperature 38.9°C (102.0°F), pulse 60/min supine and 68/min standing, respirations 22/min, and blood pressure 100/60 mm Hg supine and 80/50 mm Hg standing. The patient appears ill and older than his stated age. He is fully oriented but lethargic. Auscultation of the chest discloses rhonchi in the right mid lung field. Abdominal examination discloses no abnormalities. Neurologic examination discloses masked facies, bradykinesia, and cogwheel rigidity; gait was not assessed on admission. Chest x-ray shows a right lower lobe infiltrate. ECG shows no abnormalities. Appropriate intravenous antibiotic therapy is initiated. Prior to discharge, which of the following is the most appropriate step?","Prior to discharge, which of the following is the most appropriate step?","
A. Obtain CT scan of the chest 
B. Obtain a swallowing evaluation 
C. Place a percutaneous endoscopic gastrostomy (PEG) tube 
D. Prescribe fludrocortisone 
E. Prescribe prophylactic levofloxacin
",B,B,True,"Swallowing difficulties can be a significant concern in patients with neurological disorders like Parkinson's disease, especially if they have been experiencing increased lethargy and decreased ambulation over the past few days. Swallowing issues can lead to aspiration pneumonia, which is already present in this case due to the pneumonia diagnosis. An assessment of swallowing function would help identify any potential risk factors and guide appropriate interventions such as nasogastric feeding or other supportive measures. Options Analysis: A. Obtain CT scan of the chest - While imaging studies can be useful in diagnosing underlying conditions, a CT scan is typically not necessary for initial management of pneumonia unless there are specific indications for further investigation into the cause of the infection. B. Obtain a swallowing evaluation - This is crucial because it helps assess whether the patient is at risk for aspiration and provides guidance on how to manage their condition effectively. C. Place a percutaneous endoscopic gastrostomy (PEG) tube - Although PEG tubes may be considered in severe cases where oral intake is compromised, they should only be used after a thorough swallowing evaluation confirms the need. D. Prescribe fludrocortisone - Fludrocortisone is primarily used to treat hypotension and dehydration associated with adrenal insufficiency, not specifically for managing pneumonia or swallowing issues related to Parkinson's disease. E. Prescribe prophylactic levofloxacin - Levofloxacin is an antibiotic commonly prescribed for pneumonia, but its use should be guided by clinical judgment based on the patient's overall health status, susceptibility profile, and local resistance patterns rather than routine prophylaxis without evidence of active infection. In conclusion, given the patient's symptoms, medical history, and current presentation, obtaining a comprehensive swallowing evaluation is essential before initiating any additional treatments. This will ensure that the patient receives appropriate support to prevent complications from pneumonia while addressing the underlying neurological disorder.",0.0,0.024,0.0978,0.0446,0.0064,0.0446,0.0446,0.4397,0.5109,0.5655
"A 47-year-old man is admitted to the hospital through the emergency department because of the sudden onset of palpitations, left-sided chest pain, light-headedness, and shortness of breath that began while he was watching television 2 hours ago. Medical history is remarkable for paroxysmal atrial fibrillation. The patient is 180 cm (5 ft 11 in) tall and weighs 82 kg (180 lb); BMI is 25 kg/m². ECG obtained in the emergency department showed atrial fibrillation with narrow QRS complex. Pulse was 146/min. Physical examination was remarkable for rapid heart rate. The patient was given oxygen via nasal cannula and intravenous metoprolol 5 mg every 5 minutes for a total of 15 mg. His pulse slowed to 90/min. Two hours after admission, he is pain free but his pulse is now 160/min. Blood pressure is 122/78 mm Hg. In order to decrease the patient's pulse, which of the following should be administered intravenously?","In order to decrease the patient's pulse, which of the following should be administered intravenously?","
A. Adenosine 
B. Digoxin 
C. Enalapril 
D. Lidocaine 
E. Metoprolol
",E,A,False,"Adenosine is an effective treatment for acute symptomatic supraventricular tachycardia (SVT), including atrial fibrillation with narrow QRS complexes. It works by causing a transient blockage of the AV node, leading to a rapid drop in heart rate. This mechanism can help control symptoms such as palpitations, dizziness, and syncope associated with SVT. In this case, the patient has been experiencing symptoms of atrial fibrillation with narrow QRS complexes, which suggests a possible episode of SVT. Adenosine would be the most appropriate choice to rapidly reduce the heart rate and alleviate the patient's symptoms. Options B, C, D, and E are not suitable treatments for this scenario: - Digoxin is typically used to treat chronic atrial fibrillation and other forms of arrhythmias, not for acute episodes. - Enalapril is a blood pressure medication and does not address the underlying arrhythmia. - Lidocaine is usually reserved for ventricular arrhythmias and is less likely to be effective for treating atrial fibrillation with narrow QRS complexes. - Metoprolol, although it can slow down the heart rate, may not be immediately effective in reducing symptoms like those experienced by the patient due to its slower onset of action compared to adenosine. Additionally, it might exacerbate the symptoms if the patient already has a fast heart rate.",0.0,0.038,0.15,0.0804,0.027,0.0714,0.0714,0.4757,0.5967,0.6771
"A 23-year-old man comes to the clinic to establish care after moving to the area for his first job since graduating from college. He has felt well. Medical history is remarkable for Hodgkin lymphoma diagnosed 10 years ago, which was treated with radiation therapy and a chemotherapy regimen of vinblastine, doxorubicin, methotrexate, and prednisone. BMI is 20 kg/m². Vital signs are within normal limits. The patient appears well. Physical examination discloses no abnormalities. Which of the following screening studies is most appropriate to include in this patient's annual examinations?",Which of the following screening studies is most appropriate to include in this patient's annual examinations?,"
A. Bone marrow aspiration and complete blood count 
B. CT scan of the chest, abdomen, and pelvis 
C. Echocardiography 
D. Fine-needle aspiration biopsy of the thyroid gland 
E. Nerve conduction studies
",C,A,False,"This patient has a medical history of Hodgkin lymphoma, which requires regular monitoring due to potential recurrence or complications. The bone marrow aspiration and complete blood count (CBC) are essential screening tests that can help detect any hematological changes associated with the disease, such as anemia, leukopenia, or thrombocytopenia, which may be indicative of treatment-related side effects or underlying conditions related to the cancer itself. Option B (CT scan of the chest, abdomen, and pelvis) is not typically recommended for routine follow-up in patients with Hodgkin lymphoma because it does not specifically address the primary concern of the disease. While imaging can be useful for detecting new lesions or metastases, its frequency would depend on clinical suspicion rather than being part of standard annual screenings. Option C (Echocardiography) is less relevant given the patient's young age and lack of cardiovascular risk factors. It is more commonly used in older adults or those at high risk for heart disease. Option D (Fine-needle aspiration biopsy of the thyroid gland) is not indicated for this patient. Thyroid issues are generally not a significant concern in the context of Hodgkin lymphoma unless there is evidence of hyperthyroidism or other thyroid disorders. Option E (Nerve conduction studies) are not necessary for evaluating a patient with Hodgkin lymphoma. These tests are primarily used to assess nerve function and are not directly related to the management or diagnosis of Hodgkin lymphoma. In conclusion, the bone marrow aspiration and complete blood count remain the most appropriate screening study for this patient's annual examination, providing valuable information about the patient's overall health status and potential risks associated with their previous cancer treatment.",0.0,0.0395,0.2497,0.0946,0.034,0.0676,0.0676,0.5254,0.6117,0.7161
"A 5-year-old boy returns to the office with his mother to discuss results of studies done to evaluate his behavior of eating dirt. The patient sits quietly while his mother answers questions about his health. She says her son seems healthy, although he does not seem to be as active as other children his age. He has said his head hurts three or four times during the past 2 weeks. He has not had fever, sweats, or chills. She says he has a good appetite but has had a habit of eating sand and dirt since age 3 years. She says, ""I don't know where he gets that habit. I used to eat dirt, but I stopped years ago. I try to stop him from eating dirt, but I'm not around much since I work two jobs."" The patient takes no medications. Vaccinations are up-to-date. Height, weight, and BMI are at the 50th percentile. Vital signs are normal. Physical examination discloses no abnormalities except for symmetrical nontender cervical adenopathy. Results of laboratory studies, including serum zinc, lead, and iron concentrations, are within the reference ranges. Serologic testing confirms toxoplasmosis. In addition to prescribing pyrimethamine and sulfadiazine therapy, which of the following is the most appropriate next step in management?","In addition to prescribing pyrimethamine and sulfadiazine therapy, which of the following is the most appropriate next step in management?","
A. Prescribe fluoxetine 
B. Prescribe methylphenidate 
C. Prescribe risperidone 
D. Refer the patient to a child psychiatrist 
E. Refer the patient to a dietician
",D,E,False,"Given the history of the patient's habit of eating dirt and the confirmation of toxoplasmosis through serologic testing, it is crucial to address both the behavioral issue and the underlying parasitic infection. Eating dirt can have various causes, such as psychological factors (e.g., obsessive-compulsive disorder), nutritional deficiencies, or even certain neurological conditions. A dietician would be able to assess dietary habits, identify potential nutrient deficiencies, and recommend appropriate interventions if necessary. Additionally, addressing any underlying mental health issues could help manage the compulsive eating behavior. Referring the patient to a child psychiatrist might also be beneficial if there are concerns about the severity of the obsessive-compulsive component or if medication is needed to control symptoms. However, given the specific nature of the problem and the need for comprehensive evaluation, a dietician referral appears to be the most appropriate next step.",0.0127,0.0683,0.3207,0.122,0.0617,0.122,0.122,0.5452,0.5928,0.6516
"A 55-year-old woman is brought to the office by her husband because of increasingly severe pain in her mid back for the past week. She says the pain is especially severe with walking. Her husband says she has been favoring her right leg for the past 3 days. Ibuprofen no longer controls the pain. She enjoys gardening but had to discontinue it 1 week ago because of the pain. She has not had bowel or bladder dysfunction. She underwent a right mastectomy 3 years ago for carcinoma and has been taking tamoxifen since that time. She is 173 cm (5 ft 8 in) tall and weighs 66 kg (145 lb); BMI is 22 kg/m². Vital signs are temperature 38.0°C (100.4°F), pulse 90/min, respirations 15/min, and blood pressure 118/72 mm Hg. Strength is 3/5 in all muscle groups of the right lower extremity and 5/5 in the left lower extremity. Achilles and patellar reflexes are hyperactive on the right and normal on the left. Sensation to pinprick and temperature is decreased in the left lower extremity to the level of the inguinal ligament. Sensation to vibration is decreased in the right lower extremity. Reflexes and sensation are otherwise intact. Rectal sphincter tone is normal. Which of the following is the most appropriate next step?",Which of the following is the most appropriate next step?,"
A. Acetaminophen-oxycodone therapy and referral for physical therapy 
B. Admission to the hospital for pain control 
C. Electromyography and nerve conduction studies 
D. MRI of the thoracic spine 
E. Technetium 99m scan
",D,C,False,"Electromyography (EMG) and nerve conduction studies are essential diagnostic tools for evaluating peripheral neuropathy, which can be a significant cause of lower limb weakness and sensory changes in this patient's history. The symptoms described—increasingly severe pain in the mid-back, particularly with walking; weakness in the right lower extremity; increased reflexes in the right lower extremity; decreased sensation to vibration in the right lower extremity; and decreased sensation to pinprick and temperature in the left lower extremity—are consistent with diabetic neuropathy, which often affects the feet and legs due to long-term diabetes management. Diabetic neuropathy is a common complication of diabetes mellitus, characterized by damage to the nerves throughout the body. It can lead to various symptoms including pain, numbness, tingling, and weakness. In this case, the patient's history includes a diagnosis of breast cancer and treatment with tamoxifen, both of which have potential side effects related to nerve function. Options A, B, D, and E are less suitable given the clinical presentation: A. Acetaminophen-oxycodone therapy and referral for physical therapy: While these may help manage acute pain, they do not address the underlying neuropathic component of the patient's symptoms. B. Admission to the hospital for pain control: This would be an inappropriate course of action as the patient already has a known medical condition (diabetes) that could complicate hospitalization further. D. MRI of the thoracic spine: Although imaging of the thoracic spine might reveal structural issues such as spinal stenosis, it does not specifically target the neuropathic pain experienced by this patient. E. Technetium 99m scan: This test is typically used for bone scans and does not directly assess nerve function or detect neuropathic conditions like diabetic neuropathy. Given the patient's history of diabetes and the specific neurological findings, EMG and nerve conduction studies are the most appropriate next steps to confirm the presence and extent of diabetic neuropathy, which would explain the patient's symptoms. These tests will also guide subsequent treatment options aimed at managing the neuropathic pain and promoting nerve regeneration if possible.",0.0027,0.0185,0.1726,0.0451,0.0227,0.0451,0.0451,0.442,0.5075,0.5708
"A 7-year-old boy with sickle cell disease is brought to the office by his father because of fever and bone pain. The father says that his son was discharged 5 days ago after a 3-day hospitalization for the same symptoms. The patient had been admitted with a diagnosis of vaso-occlusive crisis with bone infarct, with resolution of symptoms after treatment with intravenous fluids, narcotics, and antibiotic therapy for 3 days. Blood cultures were negative. The patient's back pain and fever recurred 2 days ago and seem more severe than prior to the hospitalization. His medical chart shows that he had one other uncomplicated hospital admission at age 4 years for a vaso-occlusive crisis with lower extremity bone pain. Vital signs today are temperature 39.2°C (102.5°F), pulse 110/min, respirations 24/min, and blood pressure 115/60 mm Hg. The patient is uncomfortable but does not appear toxic. Cardiac examination discloses a grade 2/6 systolic ejection murmur at the left lower sternal border. Spleen is not palpated. There is considerable tenderness over the L1–L3 region of the back without fluctuation. There is diffuse pain in both thighs without localization, but range of motion is normal. Which of the following studies is most likely to establish the diagnosis at this time?",Which of the following studies is most likely to establish the diagnosis at this time?,"
A. Blood culture 
B. CT scan of the spine 
C. MRI of the lumbar spine 
D. Ultrasonography of the spine 
E. X-ray of the spine
",C,E,False,"An x-ray of the spine would be the most appropriate study to establish the diagnosis at this time. Here’s why: 1. Bone Infarction: The patient has recurrent episodes of bone pain, which could indicate a history of bone infarcts. An x-ray can help visualize any changes in the bones, such as fractures, osteopenia, or evidence of previous infarctions. 2. Cardiac Murmur: The presence of a grade 2/6 systolic ejection murmur at the left lower sternal border suggests valvular heart disease, particularly mitral regurgitation. This finding is consistent with sickle cell disease complications like chronic hemolysis and anemia, which can lead to valve damage. 3. Splenomegaly: While the spleen is not palpable, it might still be enlarged due to splenic sequestration or other causes related to sickle cell disease. An x-ray can confirm its size and shape. 4. Spinal Pain: The significant tenderness over the L1-L3 region of the back without fluctuation points towards spinal involvement. An x-ray can show any bony abnormalities or soft tissue swelling indicative of spinal pathology. 5. Range of Motion: Normal range of motion in both thighs indicates no acute musculoskeletal injury, ruling out other potential causes of pain. While the other options have their uses, they may not provide the specific information needed to diagnose the current condition accurately: - Blood Culture: Negative blood cultures suggest no active infection, but do not address the underlying bone issues. - CT Scan of the Spine: Provides high-resolution images but is less commonly used for diagnosing bone infarcts compared to plain x-rays. - MRI of the Lumbar Spine: Offers excellent detail for imaging soft tissues but is typically reserved for conditions requiring detailed assessment of nerve roots or soft tissue masses. - Ultrasonography of the Spine: Useful for assessing soft tissue structures but lacks the diagnostic power of x-rays for bone-related issues. Therefore, an x-ray of the spine is the most suitable initial investigation to evaluate the patient's current symptoms and rule out or confirm the presence of bone infarcts, cardiac valve problems, and other relevant spinal pathologies associated with sickle cell disease.",0.0103,0.028,0.1399,0.065,0.0381,0.0542,0.0542,0.453,0.538,0.7377
"A 7-year-old boy with sickle cell disease is brought to the office by his father because of fever and bone pain. The father says that his son was discharged 5 days ago after a 3-day hospitalization for the same symptoms. The patient had been admitted with a diagnosis of vaso-occlusive crisis with bone infarct, with resolution of symptoms after treatment with intravenous fluids, narcotics, and antibiotic therapy for 3 days. Blood cultures were negative. The patient's back pain and fever recurred 2 days ago and seem more severe than prior to the hospitalization. His medical chart shows that he had one other uncomplicated hospital admission at age 4 years for a vaso-occlusive crisis with lower extremity bone pain. Vital signs today are temperature 39.2°C (102.5°F), pulse 110/min, respirations 24/min, and blood pressure 115/60 mm Hg. The patient is uncomfortable but does not appear toxic. Cardiac examination discloses a grade 2/6 systolic ejection murmur at the left lower sternal border. Spleen is not palpated. There is considerable tenderness over the L1–L3 region of the back without fluctuation. There is diffuse pain in both thighs without localization, but range of motion is normal. MRI of the spine confirms the diagnosis. Which of the following is the most appropriate initial intravenous pharmacotherapy?",Which of the following is the most appropriate initial intravenous pharmacotherapy?,"
A. Ceftriaxone 
B. Cephalothin and clarithromycin 
C. Clindamycin and gentamicin 
D. Nafcillin 
E. Vancomycin and cefotaxime
",E,A,False,"Ceftriaxone is the most appropriate initial intravenous pharmacotherapy for this case due to several reasons: 1. Pathogen Identification: Given the history of vaso-occlusive crises and the recurrence of symptoms, it is likely that the infection persists despite previous treatments. Ceftriaxone is effective against Gram-negative bacteria, which can be responsible for secondary infections like Pseudomonas aeruginosa, which often complicates sickle cell disease. 2. Splenomegaly and Bone Infarcts: The presence of splenomegaly and bone infarcts suggests an underlying bacterial infection rather than a viral cause. Ceftriaxone has broad-spectrum activity against many common pathogens causing such complications. 3. Cardiac Murmur: The systolic ejection murmur at the left lower sternal border could indicate infective endocarditis, another serious complication in patients with sickle cell disease. Ceftriaxone is highly effective against streptococcal species, including those associated with infective endocarditis. 4. Bone Pain and Fever: Recurrence of fever and bone pain strongly suggest ongoing infection. Ceftriaxone is known to have good efficacy against gram-positive cocci and anaerobes, which are commonly involved in these types of infections. Options B, C, D, and E are less suitable choices for the following reasons: - Option B (Cephalothin and Clarithromycin): While cephalothin is effective against some gram-positive organisms, clarithromycin is primarily used for respiratory tract infections and does not address the systemic nature of the infection. - Option C (Clindamycin and Gentamicin): Clindamycin is useful for treating certain anaerobic infections, but gentamicin is typically reserved for serious gram-negative infections. This combination would not cover all potential pathogens effectively. - Option D (Nafcillin): Nafcillin is effective against penicillin-resistant Staphylococcus aureus, but its use should be guided by culture results since it may not be sensitive to all pathogens causing vaso-occlusive crises. - Option E (Vancomycin and Cefotaxime): Vancomycin is effective against methicillin-resistant Staphylococcus aureus (MRSA) and enterococci, while cefotaxime is effective against gram-negative bacilli. However, given the history of recurrent infections and the need for broad-spectrum coverage, vancomycin alone might not be sufficient. In conclusion, ceftriaxone stands out as the most comprehensive choice for addressing the current infection and preventing further complications in this patient with sickle cell disease.",0.01,0.0249,0.1742,0.0603,0.0441,0.0384,0.0384,0.4369,0.5468,0.7183
"A 24-year-old man comes to the emergency department because of right lower quadrant abdominal pain and nausea that began suddenly 6 hours ago. He rates the pain as a 6 on a 10-point scale and asks for pain medication. Medical history is unremarkable. He takes only a multivitamin. Vital signs on arrival are temperature 38.7°C (101.6°F), pulse 105/min, respirations 16/min, and blood pressure 110/85 mm Hg. Physical examination discloses exquisite tenderness in the right lower quadrant of the abdomen. The remainder of the examination discloses no abnormalities. The surgical consultant cannot evaluate the patient for 2 hours. Which of the following is the most appropriate next step?",Which of the following is the most appropriate next step?,"
A. Administer acetaminophen 
B. Administer gabapentin 
C. Administer lorazepam 
D. Administer morphine 
E. Explain to the patient that analgesics would interfere with the surgical examination
",D,A,False,"Acetaminophen is an appropriate first-line treatment for acute, moderate-to-severe pain like the described abdominal pain. It works by inhibiting cyclooxygenase enzymes, which reduces prostaglandin production and thus decreases inflammation and pain. Acetaminophen does not affect opioid receptors, so it can be safely used without interfering with the surgical consultation. Options B, C, D, and E are less suitable choices: B. Gabapentin - This anticonvulsant has minimal analgesic properties and may cause drowsiness, making it unsuitable for this scenario where immediate pain relief is needed. C. Lorazepam - While benzodiazepines can help manage anxiety associated with pain, they do not have significant analgesic effects and could delay the necessary surgical evaluation. D. Morphine - Although morphine is highly effective for severe pain, its use should be carefully considered due to potential respiratory depression and other side effects. In this case, the patient's vital signs suggest stable condition, but the need for surgery means careful consideration must still be given. E. Explaining to the patient about the interference with the surgical examination - This approach is not ideal since the patient already expresses concern about pain management. Instead, providing clear information about the benefits of using acetaminophen while emphasizing the importance of the upcoming surgical assessment might be more reassuring. In conclusion, acetaminophen is the most appropriate choice for managing the patient's pain until the surgical consultation can proceed.",0.004,0.0235,0.1511,0.0588,0.0339,0.0588,0.0588,0.4541,0.5354,0.6245
"A 74-year-old man who had a stroke 2 years ago is admitted to the hospital from the nursing care facility because of a 4-day history of reduced urinary output, and worsening abdominal pain, nausea, and lethargy. The stroke had resulted in right-sided hemiparesis and difficulties with speech and swallowing. Medical history is also significant for hypertension. The patient has been hospitalized twice during the past 3 months for pneumonias that did not respond to oral antibiotic therapy in the nursing facility. He underwent bladder catheterization during each of the recent hospitalizations for a total of 6 days to monitor urine output. The catheter was removed prior to each discharge. Bladder catheterization attempts during the past several days in response to his current symptoms have been unsuccessful. Now on admission, the patient appears agitated and confused. Vital signs are temperature 36.9°C (98.4°F), pulse 110/min, respirations 24/min, and blood pressure 160/100 mm Hg. Physical examination discloses jugular venous distention, 8 cm at 45 degrees. Lungs are clear to auscultation. Auscultation of the heart discloses regular tachycardia with no gallops. There is fullness and tenderness to palpation of the low central abdomen but no rebound or guarding. Examination of the extremities shows 1+ pedal edema bilaterally. The prostate is normal in size and has no palpable nodules or tenderness. Results of laboratory studies are shown: Serum Urea nitrogen - 73 mg/dL Creatinine - 4.2 mg/dL Calcium - 8.6 mg/dL Na⁺ - 134 mEq/L K⁺ - 5.6 mEq/L Cl⁻ - 100 mEq/L HCO3⁻ - 20 mEq/L Mg2⁺ - 2.0 mEq/L Glucose - 126 mg/dL Phosphorus - 4.8 mEq/L Blood Hematocrit - 32% Hemoglobin - 10.6 g/dL WBC - 8200/mm³ Platelet count - 359,000/mm³ Ultrasonography shows distention of the bladder and bilateral hydronephrosis. ECG shows sinus tachycardia. Which of the following is the most appropriate next step?",Which of the following is the most appropriate next step?,"
A. Administration of bethanechol 
B. Administration of prazosin 
C. Hemodialysis 
D. Placement of a suprapubic catheter 
E. Ultrafiltration
",D,D,True,"Given the patient's presentation of acute kidney injury (AKI) due to bladder obstruction secondary to hydronephrosis, placement of a suprapubic catheter would be the most appropriate next step. This intervention allows for direct drainage of the bladder contents, which can help reduce the risk of further renal damage and improve overall fluid balance. Options Analysis: A. Administration of bethanechol - While this may help manage some aspects of AKI, it does not address the underlying cause of the obstruction. B. Administration of prazosin - This medication is typically used to treat hypertension and does not directly address the issue of bladder obstruction. C. Hemodialysis - Although dialysis might be considered if there is severe hyperkalemia or metabolic acidosis, it is not indicated for simple bladder obstruction. D. Placement of a suprapubic catheter - This is the most appropriate choice as it provides immediate relief from the obstruction and helps prevent further complications such as sepsis or uremia. E. Ultrafiltration - This procedure involves removing excess fluid from the body through dialysis, which is more complex than necessary given the mild nature of the patient's condition. In conclusion, placing a suprapubic catheter is the most effective and immediate treatment for managing the patient's acute kidney injury caused by bladder obstruction.",0.0132,0.0346,0.1926,0.0829,0.0558,0.0645,0.0645,0.4641,0.5212,0.5926
"A 47-year-old man comes to the emergency department because of a 3-day history of increasing pain, tenderness, and swelling near the fingernail of his right index finger. He rates the pain as an 8 on a 10-point scale. He has not had fever or chills, and he has not sustained any trauma to the finger. Medical history is unremarkable and the patient takes no medications. He appears generally well and is not in distress. Vital signs are temperature 37.1°C (98.8°F), pulse 72/min, respirations 14/min, and blood pressure 120/80 mm Hg. Physical examination of the right hand discloses swelling, erythema, warmth, and tenderness of the periungual region of the right index finger. There is a mildly fluctuant area near the nail edge. The remainder of the physical examination discloses no abnormalities. Which of the following is the most appropriate next step in management?",Which of the following is the most appropriate next step in management?,"
A. Incision and drainage 
B. Oral cefazolin therapy 
C. Topical neomycin therapy 
D. Warm-water soaks
",A,A,True,"Incision and drainage (I&D) is the most appropriate next step in management for this patient's condition. Here’s why: 1. Nature of the Condition: The patient presents with a painful, swollen, and tender area near the fingernail of the right index finger. This suggests a possible infection, specifically a paronychia, which is inflammation of the skin surrounding a nail fold. 2. Swelling and Erythema: The presence of swelling, erythema, warmth, and tenderness strongly indicates that there is an inflammatory process occurring around the affected area. These symptoms are consistent with a bacterial infection, such as Staphylococcus aureus or Streptococcus species, which can cause paronychia. 3. Fluctuation: The mention of a ""mildly fluctuant"" area further supports the diagnosis of a localized abscess, which is a common complication of paronychia. Fluctuance refers to the characteristic change in size of a pus-filled pocket when pressed and then released. 4. Management Options: - Oral Cefazolin Therapy: While antibiotics may be considered if culture and sensitivity results are available, they should not be the first-line treatment due to the risk of antibiotic resistance and potential side effects. - Topical Neomycin Therapy: This topical antifungal agent might be used for fungal infections but is not indicated for bacterial infections like paronychia. - Warm-Water Soaks: Although beneficial for reducing edema and promoting healing, warm-water soaks alone do not address the underlying infection and are less effective than incision and drainage in treating paronychia. 5. Immediate Treatment: Given the severity of the symptoms and the clinical presentation, immediate intervention through I&D is crucial to prevent complications such as septicemia, osteomyelitis, or permanent damage to the nail bed. In conclusion, while oral antibiotics could potentially be considered after ruling out other causes and ensuring proper hygiene, the primary goal is to manage the acute infection effectively. Therefore, incision and drainage remains the optimal approach to treat this case of paronychia.",0.0139,0.0275,0.196,0.0673,0.0492,0.0489,0.0489,0.4582,0.5276,0.6973
"A 12-year-old girl with type 1 diabetes mellitus is brought to the emergency department by her parents because of a 2-day history of nausea, vomiting, and decreased oral intake. Medications are insulin glargine and insulin aspart. She decreased her insulin dose at the onset of symptoms but her condition has since worsened and she now is unable to consume solids or liquids without subsequent vomiting. She reports feeling dizzy on standing. Medical history is otherwise unremarkable. She is at the 50th percentile for height, weight, and BMI. Vital signs are temperature 37.8°C (100.1°F), pulse 118/min, respirations 27/min, and blood pressure 85/47 mm Hg. Pulse oximetry on room air shows an oxygen saturation of 99%. Physical examination discloses dry mucous membranes, delayed capillary refill time, and poor skin turgor. Palpation of the abdomen discloses diffuse tenderness with no rebound or guarding. The remainder of the physical examination discloses no abnormalities. Results of laboratory studies obtained on arrival are shown: Serum Urea nitrogen - 28 mg/dL Creatinine - 1.2 mg/dL Na⁺ - 126 mEq/L K⁺ - 4.3 mEq/L Cl⁻ - 95 mEq/L HCO3⁻ - 9 mEq/L Glucose - 563 mg/dL Arterial blood gas values on room air HCO3⁻ 10 mEq/L Partial Pressure of Oxygen - 98 mm Hg Partial Pressure of Carbon Dioxide - 22 mm Hg pH - 7.20 Boluses of intravenous 0.9% saline are administered and an infusion of insulin is initiated. Three hours later the patient becomes somnolent and develops a headache. She has had one episode of emesis and one episode of incontinence. Her urine output has been 30 mL/h. Results of follow-up serum laboratory studies are shown: Urea nitrogen - 24 mg/dL Creatinine - 1.1 mg/dL Na⁺ - 127 mEq/L K⁺ - 3.7 mEq/L Cl⁻ - 98 mEq/L HCO3⁻ - 11 mEq/L Glucose - 287 mg/dL Which of the following is the most appropriate intravenous pharmacotherapy?",7 mEq/L Cl⁻ - 98 mEq/L HCO3⁻ - 11 mEq/L Glucose - 287 mg/dL Which of the following is the most appropriate intravenous pharmacotherapy?,"
A. Bicarbonate 
B. Dexamethasone 
C. 50% Dextrose 
D. Furosemide 
E. Mannitol
",E,A,False,"In this scenario, the patient's metabolic acidosis is severe, with a high level of bicarbonate (HCO₃⁻) of 9 mEq/L, which indicates that the body is actively trying to compensate for the acidosis. This suggests that the patient may have developed respiratory alkalosis due to the administration of intravenous fluids and insulin, leading to increased exhalation of carbon dioxide and retention of hydrogen ions. Given the severity of the acidosis and the need to correct it rapidly, bicarbonate therapy would be the most appropriate choice. Bicarbonate helps to restore normal plasma bicarbonate levels, thereby correcting the metabolic acidosis. In this case, administering bicarbonate along with other supportive measures such as fluid resuscitation and insulin therapy will help to stabilize the patient's acid-base balance and improve their overall condition. Options Analysis: - Option B (Dexamethasone): While corticosteroids can be used to counteract the effects of excessive glucagon release from the pancreas during hypoglycemia, they do not directly address the underlying acid-base imbalance. - Option C (50% Dextrose): Dextrose is typically used to treat hypoglycemia rather than to correct metabolic acidosis. - Option D (Furosemide): Furosemide is primarily used to manage fluid overload and electrolyte imbalances, not to correct metabolic acidosis. - Option E (Mannitol): Mannitol is used to reduce cerebral edema and is not indicated for treating metabolic acidosis. Therefore, the combination of intravenous bicarbonate and other supportive treatments is the most appropriate intravenous pharmacotherapy in this situation.",0.0111,0.0511,0.2433,0.084,0.0538,0.084,0.084,0.5051,0.5015,0.5822
"A 54-year-old woman, gravida 2, para 2, comes to the office because of a 4-month history of hot flushes that awaken her from sleep on most nights. She also reports increased irritability during this time. She has not had fever, shortness of breath, or cough. She says her appetite has been good and her weight has been stable. Medical history is remarkable for hysterectomy done 5 years ago for symptomatic leiomyomata uteri. The patient takes calcium and vitamin D supplements. She has never smoked cigarettes. She drinks one glass of wine 1 night weekly. She is 165 cm (5 ft 5 in) tall and weighs 48 kg (106 lb); BMI is 18 kg/m². Vital signs are temperature 37.0°C (98.6°F), pulse 66/min, respirations 12/min, and blood pressure 108/64 mm Hg. Physical examination discloses no abnormalities. Screening PPD skin test shows 15 mm of induration. Chest x-ray shows densities consistent with granulomata. Which of the following pharmacotherapies is most likely to alleviate this patient's symptoms?",Which of the following pharmacotherapies is most likely to alleviate this patient's symptoms?,"
A. Clonidine 
B. Conjugated estrogen 
C. Fluoxetine 
D. Isoniazid and rifampin 
E. Raloxifene
",B,B,True,"Conjugated estrogen is the most appropriate choice for alleviating hot flushes in postmenopausal women like the patient described. Hot flushes are common symptoms experienced by many women after menopause due to hormonal changes. Estrogen plays a crucial role in maintaining vaginal health, bone density, and overall well-being during this transitional phase. Option A (Clonidine): While clonidine can help manage some symptoms associated with menopause, it does not specifically target hot flashes. It works primarily as an antihypertensive medication and may have other side effects such as drowsiness and dry mouth. Option C (Fluoxetine): This antidepressant is used to treat depression but does not address the specific symptom of hot flushes. Its mechanism of action involves serotonin reuptake inhibition rather than targeting the underlying physiological causes of hot flushes. Option D (Isoniazid and Rifampicin): These medications are antibiotics used to treat tuberculosis. They do not have any known effect on hot flushes or other menopausal symptoms. Option E (Raloxifene): This selective estrogen receptor modulator (SERM) is typically prescribed for osteoporosis prevention and treatment. It does not directly address hot flushes or other menopausal symptoms. Given the patient's age, medical history, and symptoms, conjugated estrogen would be the most effective pharmacotherapy to alleviate her hot flushes and improve her quality of life.",0.0,0.0372,0.2397,0.0885,0.0179,0.0619,0.0619,0.518,0.579,0.6784
"A 55-year-old woman, gravida 1, para 1, comes to the office because she is concerned that she has continued to have regular menses while her friends of the same age have gone through menopause. She reports having her usual premenstrual breast tenderness and menstrual cramping. She has not had change in flow, intermenstrual spotting, hot flushes, or night sweats. Medical history is unremarkable. She takes no medications. She does not smoke cigarettes. She drinks one glass of wine each evening. Her last menstrual period occurred 3 weeks ago. Screening mammogram obtained 1 year ago and all previous Pap smears, including her most recent Pap smear 2 years ago, have shown no abnormalities. Her 50-year-old sister also has not gone through menopause. The patient does not exercise. She is 157 cm (5 ft 2 in) tall and weighs 80 kg (176 lb); BMI is 32 kg/m². Vital signs are normal. Physical examination discloses adiposity of the abdomen. Pelvic examination discloses pink and rugose vaginal walls and a small uterus. The remainder of the physical examination discloses no abnormalities. Which of the following is the most appropriate next step to address the patient's continued menstruation?",Which of the following is the most appropriate next step to address the patient's continued menstruation?,"
A. Order fine-needle biopsy of the endometrium 
B. Order pelvic ultrasonography 
C. Order serum estradiol and follicle-stimulating hormone concentrations 
D. Provide reassurance that she is simply still premenopausal 
E. Recommend losing weight to help facilitate the onset of menopause 
F. Recommend monthly leuprolide acetate injections for a 3-month duration 
G. Refer the patient to an endocrinologist
",D,C,False,"The patient is experiencing irregular menstrual cycles at a relatively young age (55), which is unusual given her medical history and family background. This suggests the possibility of polycystic ovary syndrome (PCOS). Polycystic Ovary Syndrome is characterized by hormonal imbalances leading to irregular periods, hirsutism, acne, obesity, and infertility. Given her height and weight (BMI of 32 kg/m²), she may be overweight, contributing to insulin resistance and further hormonal imbalance. Fine-needle aspiration (FNA) of the endometrium can rule out other causes like endometrial cancer, but it is less likely to diagnose PCOS. Therefore, this is not the most appropriate next step. Pelvic ultrasound is useful for detecting ovarian cysts, fibroids, or other structural issues that could cause irregular bleeding, but it cannot definitively diagnose PCOS. Serum estradiol and FSH levels can help determine if there is a primary ovarian hyperstimulation disorder, which is another condition associated with irregular periods, though they do not specifically indicate PCOS. While providing reassurance is important, it should be combined with further diagnostic testing to confirm the diagnosis. Losing weight alone may improve symptoms but does not necessarily treat the underlying issue. Monthly leuprolide acetate injections are typically used for treatment-resistant cases of PCOS and are more invasive than necessary for the current situation. Referencing an endocrinologist would allow for comprehensive evaluation and tailored management options specific to PCOS rather than general recommendations for weight loss or medication use. The endocrinologist can assess her overall health status, review her medical history, and recommend personalized treatments based on laboratory results and clinical findings.",0.0068,0.0337,0.2315,0.0866,0.0436,0.0794,0.0794,0.5339,0.5805,0.6494
"A 25-year-old man comes to the emergency department because he developed chest pain and shortness of breath 1 hour ago, shortly after snorting cocaine for the first time. He rates the chest pain as a 7 on a 10-point scale and notes that the pain is radiating down his left arm. Medical history is unremarkable and the patient takes no medications or any other illicit drugs. He is 178 cm (5 ft 10 in) tall and weighs 70 kg (154 lb); BMI is 22 kg/m². The patient is diaphoretic. Vital signs are temperature 37.5°C (99.5°F), pulse 110/min, respirations 16/min, and blood pressure 200/100 mm Hg. Pulse oximetry on room air shows an oxygen saturation of 95%. Pupils are equal, round, and reactive to light and accommodation. Lungs are clear to auscultation and percussion. Auscultation of the heart discloses an audible S1 and S2. There is no edema, cyanosis, or clubbing of the digits. The patient is fully oriented. He is treated with supplemental oxygen, a 325-mg aspirin tablet, and intravenous nitroglycerin and lorazepam. Despite therapy, he continues to have chest pain and shortness of breath. ECG shows sinus tachycardia with no ST-segment or T-wave abnormalities. Which of the following is the most appropriate additional pharmacotherapy to initiate at this time?",Which of the following is the most appropriate additional pharmacotherapy to initiate at this time?,"
A. Carvedilol 
B. Furosemide 
C. Metoprolol 
D. Phentolamine 
E. Streptokinase
",D,A,False,"Carvedilol is the most appropriate initial addition to the treatment regimen based on the clinical presentation described. Here's why: 1. Carvedilol: This medication is an alpha-adrenergic antagonist that has been shown to be effective in reducing angina symptoms, particularly when used in combination with beta-blockers. It works by blocking the effects of norepinephrine on vascular smooth muscle, leading to vasodilation and improved coronary perfusion. In this case, carvedilol could help manage the chest pain associated with myocardial ischemia due to cocaine use, which is causing the elevated blood pressure and potential cardiac complications. 2. Furosemide: While diuretic therapy can be beneficial in managing hypertension, it is not typically the primary choice for treating acute chest pain from cocaine use. Furosemide would likely exacerbate electrolyte imbalances rather than alleviate the specific issue of myocardial ischemia caused by cocaine-induced vasoconstriction. 3. Metoprolol: Although metoprolol is also a beta-blocker, its effectiveness against chest pain in this context may not be optimal given the underlying mechanism of cocaine-induced cardiovascular dysfunction. Additionally, metoprolol does not directly address the issues related to myocardial ischemia caused by cocaine. 4. Phentolamine: This medication is primarily used to treat severe refractory hypertension and pheochromocytoma. Its role in this scenario seems less relevant compared to carvedilol, especially since there are no signs of pheochromocytoma or significant hypertension that necessitates phentolamine. 5. Streptokinase: This drug is typically used for thrombolytic therapy in cases of disseminated intravascular coagulation or pulmonary embolism. Given the absence of evidence suggesting widespread clotting or systemic hypotension, streptokinase is not indicated here. In conclusion, carvedilol stands out as the most suitable initial pharmacotherapy due to its ability to improve coronary flow and reduce angina symptoms while potentially mitigating the risk of further cardiovascular events associated with cocaine use.",0.0031,0.0277,0.1383,0.0641,0.0194,0.0513,0.0513,0.4612,0.5466,0.6989
"A 70-year-old man, who was admitted to the hospital 3 days ago for treatment of pneumonia, has now developed diarrhea and severe lower abdominal cramping. The patient has passed watery and yellow stools every 2 hours for the past 12 hours. Since admission, the patient has been treated with intravenous levofloxacin therapy and albuterol/ipratropium nebulizers every 4 hours, with only mild improvement of his respiratory symptoms. Medical history is also significant for hypertension, type 2 diabetes mellitus, and hyperlipidemia. Routine medications include rosiglitazone, amlodipine, and atorvastatin. He has smoked one pack of cigarettes daily for the past 50 years. BMI is 20 kg/m2. Vital signs are temperature 36.7°C (98.0°F), pulse 102/min, respirations 16/min, and blood pressure 100/50 mm Hg. Pulse oximetry on room air shows an oxygen saturation of 93%. Physical examination discloses dry mucous membranes and cracked lips. Lungs are clear to auscultation bilaterally. Cardiac examination discloses a tachycardic but regular rhythm. Abdomen is diffusely tender to palpation with no distention, rebound, or guarding. Test of the stool for occult blood is negative. Results of serum laboratory studies are shown: Urea nitrogen - 30 mg/dL Creatinine - 1.5 mg/dL Calcium - 8.2 mg/dL Na⁺ - 150 mEq/L K⁺ - 3.7 mEq/L Cl⁻ - 115 mEq/L HCO3⁻ - 22 mEq/L Glucose - 120 mg/dL Stool culture is obtained. Intravenous infusion of which of the following substances is the most appropriate next step?",Intravenous infusion of which of the following substances is the most appropriate next step?,"
A. Bicarbonate 
B. Calcium gluconate 
C. 5% Dextrose in water 
D. 0.9% Saline
",D,A,False,"In this scenario, the patient presents with severe lower abdominal cramping, watery and yellow diarrhea, and hypotension despite adequate fluid resuscitation. These clinical findings suggest that the patient may be experiencing metabolic acidosis due to dehydration and potentially impaired gastrointestinal function secondary to the diarrhea. Bicarbonate is the primary treatment for correcting metabolic acidosis, as it helps to restore normal pH levels in the body. Calcium gluconate (Option B) is typically used to treat hypocalcemia, not metabolic acidosis. 5% dextrose in water (Option C) would lead to hyperglycemia if administered rapidly, which might exacerbate the patient's condition. 0. 9% saline (Option D) is commonly used for volume expansion in hypovolemic states, but it does not directly address the underlying cause of the patient's acid-base imbalance. Therefore, bicarbonate is the most appropriate next step to manage the patient's current metabolic state.",0.0186,0.0549,0.2743,0.1139,0.0769,0.1139,0.1139,0.5049,0.5499,0.6827
"A 3-week-old male infant is brought to the office by his mother because of a 2-day history of white lesions in the mouth. The infant was born at term via uncomplicated spontaneous vaginal delivery; he has been breast-feeding well and is urinating and having bowel movements normally. At birth, he weighed 3289 g (7 lb 4 oz; 30th percentile). Today, he weighs 3629 kg (8 lb; 25th percentile). He appears adequately hydrated. Vital signs are normal. Physical examination discloses white patches on the tongue and buccal mucosa that do not come off when gently scraped with a tongue blade. Which of the following is the most appropriate pharmacotherapy?",Which of the following is the most appropriate pharmacotherapy?,"
A. Acyclovir 
B. Fluconazole 
C. Nystatin 
D. Valacyclovir 
E. No pharmacotherapy is necessary
",C,C,True,"Nystatin is an antifungal medication commonly used to treat oral thrush in infants and young children. It works by inhibiting the growth of Candida albicans, which can cause infections like oral candidiasis. In this case, the infant presents with white lesions in the mouth, which aligns with the symptoms of oral thrush. While other options may be considered for certain conditions, they are generally less effective or unnecessary for treating oral candidiasis in the context provided: A. Acyclovir - This is primarily used for viral infections such as herpes simplex virus, varicella-zoster virus, and cytomegalovirus. It would not be indicated for fungal infections. B. Fluconazole - Although it is often used for systemic fungal infections, its use in the treatment of oral thrush is more limited compared to nystatin due to concerns about side effects and resistance development. D. Valacyclovir - Similar to acyclovir, valacyclovir is also used for viral infections but is not typically first-line therapy for oral candidiasis. E. No pharmacotherapy is necessary - While this could be true in some cases, it does not address the specific clinical presentation of oral thrush, making it an incomplete response. Given the presence of white lesions on the tongue and buccal mucosa without bleeding, and considering the age of the child and the available medications, nystatin is the most appropriate choice for treating the identified condition.",0.004,0.0278,0.1728,0.0687,0.0346,0.0601,0.0601,0.4579,0.5566,0.632
"A 55-year-old man is brought to the emergency department by his wife because he told her he did not want to live anymore. During the past 6 weeks, he has experienced fatigue, loss of interest in usual activities, a 7-kg (15-lb) weight loss, and insomnia. He has no history of serious medical or psychiatric illness. Vital signs are temperature 37.0°C (98.6°F), pulse 80/min, respirations 16/min, and blood pressure 140/82 mm Hg. Physical examination discloses no abnormalities. Beck Depression Inventory score is 35 (severely depressed). He says he feels guilty that his investments have not done well and that he has ruined his family finances. He reports he hears voices at night telling him he has sinned. In addition to olanzapine, which of the following is the best treatment option for this patient?","In addition to olanzapine, which of the following is the best treatment option for this patient?","
A. Divalproex 
B. Fluoxetine 
C. Lamotrigine 
D. Lithium carbonate 
E. No other therapy is necessary
",B,B,True,"Fluoxetine, also known as Prozac, is an antidepressant medication that belongs to the class of selective serotonin reuptake inhibitors (SSRIs). It works by increasing levels of serotonin in the brain, which helps regulate mood and can be particularly effective in treating depression and anxiety disorders. In this case, the patient exhibits symptoms consistent with major depressive disorder, including significant fatigue, loss of interest in activities, weight loss, insomnia, guilt feelings about financial issues, auditory hallucinations, and impaired judgment. The severe depression indicated by a Beck Depression Inventory score of 35 further supports a diagnosis of major depressive disorder. While other options like divalproex (Depakote) might help manage some of the symptoms, they do not specifically address the core issue of severe depression. Lamotrigine (Lamictal) and lithium carbonate (e.g., Eskalith, Lithobid) are used primarily for bipolar disorder and schizophrenia, respectively, but they may not be suitable for managing severe depression alone. Olanzapine (Zyprexa) is often prescribed for psychotic symptoms associated with depression, such as delusions or hallucinations, but it does not directly treat the underlying depression. Therefore, fluoxetine would be the most appropriate first-line treatment option for this patient due to its proven efficacy in treating severe depression. It's important to note that while these medications can effectively alleviate symptoms, long-term management typically involves combination therapies, possibly including psychotherapy, lifestyle modifications, and additional pharmacological interventions if needed.",0.0075,0.048,0.2929,0.1057,0.041,0.0894,0.0894,0.5221,0.5745,0.7008
"A 78-year-old man, who underwent coronary angiography with stent placement 8 years ago, comes to the office for a routine health maintenance examination. The patient reports no new symptoms except for shortness of breath and fatigue during exercise that began 3 months ago when he tried to increase the distance of his daily walk from 1 mile to 3 miles. He has not had orthopnea, paroxysmal nocturnal dyspnea, or chest pain. Additional medical history is significant for hypertension, coronary artery disease, dyslipidemia, and polymyalgia rheumatica. The patient also has a heart murmur that was discovered at an armed forces screening physical examination at age 18 years, but it did not prevent him from serving in the military. Medications are metoprolol, atorvastatin, lisinopril, omeprazole, and a low dose of prednisone every other day. The patient is active and manages a small farm. BMI is 26 kg/m². Vital signs are temperature 37.0°C (98.6°F), pulse 60/min, respirations 18/min, and blood pressure 124/61 mm Hg. Cardiac examination discloses a normal S1, pronounced S2, and a grade 2/6 late systolic murmur heard at the right upper parasternal border. Pulses are normal in contour. Results of laboratory studies are within the reference ranges. ECG shows no abnormalities. Which of the following is the most appropriate next step in management?",Which of the following is the most appropriate next step in management?,"
A. Decrease the dose of metoprolol 
B. Increase the dose of prednisone 
C. Obtain serum vitamin D concentration 
D. Order a transthoracic echocardiography
",D,C,False,"The patient's cardiac murmur at the right upper parasternal border suggests possible mitral valve prolapse (MVP). Mitral valve prolapse can cause a ""lub-dub"" murmur, which is often described as a mid-systolic click followed by a late systolic murmur. This type of murmur may be associated with MVP, especially if the patient has been previously diagnosed with this condition. Vitamin D deficiency can lead to various cardiovascular issues, including arrhythmias and increased risk of developing atrial fibrillation. A recent study published in JACC Heart Failure found that vitamin D deficiency was associated with higher rates of hospitalization for heart failure and more frequent atrial fibrillation episodes among older adults with heart failure. Given the patient's age and comorbidities, particularly his history of coronary artery disease, it would be prudent to check his serum vitamin D levels. Options Analysis: A. Decrease the dose of metoprolol - While metoprolol is commonly used to treat hypertension and manage angina pectoris, there is no specific indication for decreasing its dosage based on the information provided. Metoprolol does not address potential underlying conditions like MVP, so further evaluation might be needed. B. Increase the dose of prednisone - Prednisone is primarily used to reduce inflammation and suppress immune responses. In patients with chronic inflammatory diseases such as polymyalgia rheumatica, increasing prednisone doses may not be beneficial unless there is evidence of steroid resistance or inadequate response. The patient's current prednisone regimen seems adequate for managing his condition. D. Order a transthoracic echocardiography - Although a transthoracic echocardiogram could help assess the mitral valve function and structure, it would not specifically address the issue of vitamin D deficiency. However, given the patient's symptoms and history, monitoring his overall cardiovascular status through regular follow-ups and possibly adjusting medications according to clinical criteria might still be advisable. In conclusion, the most appropriate next step in management is to obtain a serum vitamin D concentration to evaluate for potential vitamin D deficiency, which could explain the patient's symptoms and suggest treatment options to improve his cardiovascular health.",0.0108,0.0269,0.2193,0.0621,0.0341,0.0621,0.0621,0.4635,0.5315,0.6394
"A 28-year-old man comes to the office because he would like to quit smoking cigarettes. He says, ""I cannot go more than a day without cigarettes because I get so anxious and irritable. I even wake up at night to smoke."" The patient began smoking cigarettes at age 12 years; he was smoking two packs of cigarettes daily by age 17 years, and he has not curtailed his use since that time. He does not drink alcoholic beverages or use illicit drugs. Medical history is remarkable for childhood febrile seizures. He takes no medications. Vital signs are normal. The patient is interested in using a nicotine patch and bupropion therapy because he says his friend found the treatments to be helpful. In combining these two therapies, this patient is at greatest risk for which of the following?","In combining these two therapies, this patient is at greatest risk for which of the following?","
A. Cold intolerance 
B. Hypertension 
C. Polyuria 
D. Renal insufficiency 
E. The patient is at no increased risk
",E,E,True,"The combination of a nicotine patch and bupropion is generally considered safe when used as prescribed under medical supervision. These medications have been approved by regulatory bodies such as the FDA for their effectiveness in treating tobacco dependence and managing withdrawal symptoms associated with quitting smoking. Both products are intended to help reduce cravings and ease withdrawal symptoms while also supporting overall health through other mechanisms. Here's an analysis of each option: A. Cold intolerance - There is no direct evidence linking the combined use of nicotine patches and bupropion to cold intolerance. This is unlikely to be a significant concern given the medications' safety profiles and purpose. B. Hypertension - Bupropion, one of the primary components in both patches and oral formulations, can cause some side effects including dry mouth, constipation, and dizziness, but it typically does not lead to hypertension. Nicotine patches may also contribute to weight gain, which could potentially increase blood pressure slightly. However, the risk of hypertension from this combination is low compared to many other pharmacological interventions. C. Polyuria - While there might be slight increases in urine output due to the diuretic effect of bupropion, this is usually manageable with fluid intake adjustments. Polyuria alone does not pose a substantial risk when combined with standard smoking cessation methods. D. Renal insufficiency - Neither nicotine patch nor bupropion are known to cause renal insufficiency. Both substances are metabolized primarily in the liver before excretion into the kidneys. Therefore, they do not significantly impact kidney function unless severe underlying conditions exist. Given these considerations, the patient appears to be at no increased risk when combining the nicotine patch and bupropion for smoking cessation. Proper monitoring and adherence to treatment guidelines should minimize any potential risks associated with this regimen.",0.0,0.037,0.144,0.0782,0.0066,0.0391,0.0391,0.4834,0.5524,0.6599
"A 25-year-old woman comes to the office because of a 24-hour history of right-sided facial weakness. Two days ago she developed mild aching behind the right ear, which resolved spontaneously. This morning, however, the entire right side of her face was drooping and she was unable to close her right eye. When she tried to drink coffee this morning, the liquid ran out the right side of her mouth. She has been otherwise healthy and she takes no medications. Vital signs are normal. Examination of the ears and oral mucosa shows no abnormalities. Cranial nerve examination shows moderate weakness of the right orbicularis oculi and oris, frontalis, buccinator, and platysma muscles. Sound is perceived as louder in the right ear. The remainder of the neurologic examination shows no abnormalities. Which of the following is the most accurate statement regarding this patient's prognosis for neurologic recovery?",Which of the following is the most accurate statement regarding this patient's prognosis for neurologic recovery?,"
A. Prognosis cannot be determined without results of cerebral angiography 
B. Prognosis cannot be determined without results of MRI of the brain and cerebrospinal fluid analysis 
C. She has an 80% chance of complete recovery within the next 12 months without treatment 
D. With oral corticosteroid therapy she has a 20% chance of complete recovery within the next 12 months 
E. It is unlikely that the patient will achieve functional recovery from this condition regardless of therapy
",C,E,False,"The symptoms described - unilateral facial palsy (right-sided facial weakness), hearing loss in the affected ear, and mild aching behind the ear - suggest Bell's Palsy, also known as idiopathic peripheral facial paralysis. Bell's Palsy typically resolves within weeks to months with conservative treatments such as rest, hydration, antiviral drugs if viral etiology is suspected, and physical therapy. Option A is incorrect because while cerebral angiography might help identify vascular causes, it is not necessary for initial assessment. Option B is incorrect because MRI of the brain and CSF analysis would primarily confirm other potential diagnoses like meningitis or stroke, but they do not directly inform on the likelihood of recovery. Option C is incorrect because the prognosis is generally good with early intervention and conservative management. While some patients may have partial recovery, many recover completely with supportive care. Option D is incorrect because oral corticosteroids can improve outcomes in certain cases of acute facial paralysis due to their anti-inflammatory properties, potentially reducing inflammation and preventing further damage. Option E is correct because based on the information provided, there is a reasonable expectation for full recovery given the relatively mild nature of the condition and lack of significant neurological deficits. Early intervention with supportive measures and possibly corticosteroids increases the chances of achieving complete recovery within the first few months.",0.0,0.0288,0.1474,0.0667,0.0084,0.0583,0.0583,0.5134,0.5941,0.6537
"A 20-year-old woman comes to the office because of a 2-day history of nasal congestion, runny nose, and nonproductive cough that has made it difficult for her to sleep. She has not had fever. Her brother with whom she resides also has similar symptoms. The patient's medical history is significant for mild persistent asthma for which she takes inhaled fluticasone- salmeterol twice daily and albuterol as needed. She has been using her albuterol more frequently during the past 2 days without much effect. During this time, her peak expiratory flow rates have been 70% to 80% of her baseline. Vital signs today are temperature 37.2°C (99.0°F), pulse 70/min, respirations 20/min, and blood pressure 110/70 mm Hg. Physical examination discloses inflamed nasal mucosa with clear discharge. The posterior oral pharynx is erythematous. Auscultation of the lungs discloses rare expiratory wheezes. Which of the following is the most appropriate pharmacotherapy for this patient's cough?",Which of the following is the most appropriate pharmacotherapy for this patient's cough?,"
A. Codeine 
B. Diphenhydramine 
C. Guaifenesin 
D. Ipratropium bromide 
E. Prednisone
",E,C,False,"Guaifenesin is the most appropriate pharmacotherapy for this patient's cough. This medication acts as an expectorant, helping to loosen and remove mucus from the respiratory tract. In this case, the patient's symptoms suggest a viral upper respiratory infection, such as the common cold, which typically causes productive coughing due to inflammation and increased mucus production. Option A - Codeine: While codeine can be used to suppress coughs, its use should be avoided in patients who cannot tolerate other medications or have certain underlying conditions like liver disease. It would not be the first choice for treating a viral infection. Option B - Diphenhydramine: This antihistamine can help reduce sneezing and itching but does not address the underlying cause of the cough, making it less effective than Guaifenesin for symptomatic relief. Option D - Ipratropium bromide: This bronchodilator relaxes the muscles around the airways, reducing airflow obstruction caused by inflammation. However, it is primarily indicated for chronic obstructive pulmonary diseases (COPD) rather than acute infections like a cold. Option E - Prednisone: Although corticosteroids can be beneficial for managing severe inflammatory responses, they are generally not recommended for viral infections unless there is evidence of secondary bacterial involvement. They may worsen side effects associated with viral infections, such as fatigue and weight gain. In conclusion, Guaifenesin stands out as the most suitable treatment for this patient's cough, addressing both the symptom of mucus accumulation and potential underlying inflammation without contributing to any adverse effects typical of these treatments in viral infections.",0.0217,0.0394,0.2904,0.0989,0.0766,0.0837,0.0837,0.5168,0.6128,0.7905
"A 34-year-old woman, gravida 2, para 1, comes to the office at 26 weeks' gestation to establish prenatal care after obtaining health insurance coverage. She has gained 14 kg (31 lb) during this pregnancy. Her last pregnancy 4 years ago resulted in delivery of a 4564-g (10-lb 1-oz) male newborn. Today, the patient is 162 cm (5 ft 4 in) tall and weighs 99 kg (218 lb). Vital signs are normal. Physical examination discloses a fundal height of 30 cm. Fetal heart rate is 146/min. Prenatal laboratory studies and ultrasonography are ordered. This patient is most at risk for which of the following?",This patient is most at risk for which of the following?,"
A. Gestational diabetes 
B. Multiple gestation 
C. Placenta previa 
D. Polyhydramnios 
E. Preeclampsia
",A,A,True,"Gestational diabetes occurs when a pregnant woman's body becomes resistant to insulin, leading to high blood sugar levels. It typically develops late in pregnancy, usually between 24 and 28 weeks of gestation. The condition can be identified through fasting glucose tolerance tests or oral glucose tolerance tests conducted during pregnancy. In this case, the patient's weight gain during pregnancy (14 kg/31 lbs), combined with her previous history of delivering a large baby (4564 g = 10-lb 1-oz infant from her first pregnancy), suggests she may have had gestational diabetes. Large babies are often associated with increased maternal weight gain, especially if there was a previous large birth. Therefore, it is highly likely that this patient has developed gestational diabetes. Options Analysis: B. Multiple gestation - While multiple pregnancies do increase the risk of gestational diabetes, this patient only has one pregnancy so far. C. Placenta previa - This refers to the placenta covering part or all of the cervix, which is more common in later stages of pregnancy rather than early gestation like 26 weeks. D. Polyhydramnios - This involves excessive amniotic fluid, which can occur with gestational diabetes but is not specifically mentioned as a primary risk factor here. E. Preeclampsia - Although preeclampsia can occur with gestational diabetes, its presence is less commonly reported compared to other risks like polyhydramnios or macrosomia. Given the patient's history and current symptoms, gestational diabetes appears to be the most relevant concern among the options provided.",0.0,0.0284,0.1172,0.0625,0.0157,0.0547,0.0547,0.4632,0.5431,0.649
"A 39-year-old woman, gravida 6, para 5, is admitted to the hospital at 39 weeks' gestation for a scheduled induction of labor for delivery of twins. Her prior pregnancies were uncomplicated. Her current pregnancy has been complicated by well- controlled gestational diabetes. Vital signs are temperature 36.7°C (98.1°F), pulse 80/min, respirations 16/min, and blood pressure 134/84 mm Hg. Uterine size is consistent with a 36-week gestation. The fetuses are estimated to weigh 1814 g (4 lb) each. The patient delivers healthy twins. After the delivery of the placenta, examination discloses decreased uterine tone, increased bleeding, and increased hypotension. Which of the following is the most appropriate initial pharmacotherapy?",Which of the following is the most appropriate initial pharmacotherapy?,"
A. Ergonovine 
B. Intramuscular vitamin K 
C. 15-Methylprostaglandin F2α 
D. Misoprostol 
E. Oxytocin
",E,A,False,"Ergonovine is the most appropriate initial pharmacotherapy in this scenario because it can be used to manage postpartum hemorrhage, which is likely due to the complications after twin delivery. Here's a detailed explanation: 1. Postpartum Hemorrhage: Postpartum hemorrhage is a common complication that occurs when there is excessive bleeding within 24 hours after childbirth. It can be caused by various factors including retained placental tissue, tears, infections, or other obstetric issues. 2. Mechanism of Action: Ergonovine works by stimulating the alpha-adrenergic receptors on vascular smooth muscle cells, causing vasoconstriction. This helps to reduce bleeding by decreasing the flow of blood through the uterus. 3. Timing of Administration: Given the time frame of the incident (after twin delivery), ergonovine would be administered intravenously rather than orally, as oral administration may not reach systemic levels quickly enough to produce an effective effect. 4. Effectiveness: Ergonovine has been shown to effectively control postpartum hemorrhage when administered promptly and appropriately. Its rapid onset of action makes it ideal for managing acute situations like this one. 5. Comparison with Other Options: - Option B (Intramuscular vitamin K): Vitamin K is typically given prenatally or shortly before birth to prevent bleeding disorders but is not indicated for treatment of postpartum hemorrhage. - Option C (15-Methylprostaglandin F2α): While this medication can help stimulate uterine contractions, its use is more invasive and less commonly prescribed compared to ergonovine. - Option D (Misoprostol): Misoprostol is often used for inducing labor, but it does not address postpartum hemorrhage directly. It also carries risks such as perforation of the uterus. - Option E (Oxytocin): Although oxytocin is used extensively in labor management, its primary function is to contract the myometrium during labor, not to treat postpartum hemorrhage. Therefore, ergonovine stands out as the most suitable choice among the options provided to manage the identified medical condition effectively.",0.0084,0.0223,0.1628,0.0571,0.0383,0.0381,0.0381,0.4894,0.5464,0.6688
"A 32-year-old woman comes to the emergency department because of a 3-day history of worsening fever, dry cough, and shortness of breath. She also has had abdominal discomfort, diarrhea, and nausea, but she has not vomited. She returned home from a business trip to a midwestern city 2 days ago. She has had no known contact with any ill individuals. She had been generally healthy and medical history is unremarkable. She takes no medications. Her last menstrual period was 6 weeks ago and she thinks she might be pregnant. She does not smoke cigarettes, drink alcoholic beverages, or use illicit drugs. She is married and uses no contraception. She appears well developed and well nourished but is short of breath and lethargic. Vital signs are temperature 38.3°C (101.0°F), pulse 104/min, respirations 28/min, and blood pressure 100/60 mm Hg. Pulse oximetry on room air shows an oxygen saturation of 92%. Auscultation of the chest discloses crackles at the right lung base, tachycardia, a normal S1 and S2, and no other abnormalities. Abdominal examination discloses no abnormalities. Petechiae are present over both lower extremities. Results of laboratory studies are shown: Serum ALT - 80 U/L AST - 63 U/L Urea nitrogen - 14 mg/dL Creatinine - 1.7 mg/dL Na⁺ - 130 mEq/L K⁺ - 3.9 mEq/L Cl⁻ - 104 mEq/L HCO3⁻ - 16 mEq/L Iron, total - 18 μg/dL Iron binding capacity, total - 428 μg/dL (N=250–350) Iron saturation - 5% (N=20–50) β-hCG - Positive Blood Hematocrit - 30.3% Hemoglobin - 10.2 g/dL WBC - 11,300/mm³ MCV - 76 μm³ Platelet count - 104,000/mm³ Red cell distribution width - 16% (N=11.5–14.5) Which of the following is the most appropriate intravenous pharmacotherapy at this time?",5) Which of the following is the most appropriate intravenous pharmacotherapy at this time?,"
A. Cefuroxime alone 
B. Cefuroxime and azithromycin 
C. Levofloxacin alone 
D. Levofloxacin and ticarcillin 
E. Piperacillin-tazobactam
",B,B,True,"In this scenario, the patient presents with symptoms suggestive of a viral respiratory infection complicated by sepsis due to community-acquired pneumonia (CAP). The presence of petechiae in the lower extremities along with a positive β-hCG result raises suspicion for disseminated intravascular coagulation (DIC), which can occur in severe CAP. Additionally, the hemodynamic instability and hypoxemia indicate that the patient may have developed septic shock secondary to her underlying pneumonia. Given these clinical findings, a combination therapy approach would be more appropriate than monotherapy. Options A and D are broad-spectrum antibiotics commonly used for bacterial infections but do not address the potential need for anticoagulation therapy. Option E is an antibiotic combination typically reserved for Gram-negative bacillary sepsis. Option B (cefuroxime and azithromycin) represents a reasonable choice as it addresses both bacterial pneumonia and possible co-infection with chlamydia or mycoplasma, which are common causes of CAP. Azithromycin is particularly useful here given its activity against Chlamydophila pneumoniae, a frequent cause of community-acquired pneumonia in adults. Furthermore, while cefuroxime is effective against many gram-positive bacteria, its efficacy against some gram-negative organisms like Haemophilus influenzae is limited. Therefore, adding azithromycin provides broader coverage and enhances treatment options. Therefore, combining cefuroxime with azithromycin offers comprehensive antimicrobial coverage and supports the management of potentially life-threatening complications associated with CAP.",0.0,0.029,0.1169,0.0593,0.0,0.0339,0.0339,0.4764,0.5802,0.6241
"A 72-year-old man is admitted to the intensive care unit for pain management and observation of ventricular ectopy 4 hours after undergoing uncomplicated left total knee replacement. He is receiving fentanyl via systemic patient-controlled analgesic pump for pain management. Medical history is remarkable for coronary artery disease, for which he takes atorvastatin, furosemide, carvedilol, lisinopril, and 81-mg aspirin. Baseline echocardiogram showed an ejection fraction of 0.20. Vital signs now are temperature 38.0°C (100.4°F), pulse 90/min, respirations 16/min, and blood pressure 130/90 mm Hg. Pulse oximetry on room air shows an oxygen saturation of 96%. Physical examination discloses no unexpected abnormalities. Which of the following regimens for prophylaxis of deep venous thrombosis will likely be most beneficial in this patient?",Which of the following regimens for prophylaxis of deep venous thrombosis will likely be most beneficial in this patient?,"
A. Continuous application of bilateral lower extremity pneumatic compression devices 
B. Continuous intravenous infusion of heparin titrated to a PTT of 1.5 to 2.0 times the control value 
C. Oral warfarin 
D. Subcutaneous enoxaparin 
E. Subcutaneous heparin
",D,B,False,"In patients with significant risk factors such as severe cardiac disease, including coronary artery disease, deep vein thrombosis (DVT) remains a serious concern post-surgery. The primary goal in these cases is to prevent clot formation before anticoagulation can be initiated. Therefore, continuous intravenous infusion of heparin, particularly when titrated to a Prothrombin Time (PTT) ratio of 1.5 to 2.0 times the baseline, is considered the gold standard for preventing DVT. This approach ensures that there is sufficient anticoagulant activity while minimizing bleeding risks associated with oral anticoagulants like warfarin. Option A (Continuous application of bilateral lower extremity pneumatic compression devices) provides superficial compression but does not address the underlying coagulopathy or reduce the risk of deep vein thrombosis effectively compared to more direct anticoagulation methods like heparin or low molecular weight heparins. Option C (Oral warfarin) is less preferred due to its slower onset of action and increased risk of bleeding complications, especially given the high-risk status of this patient population. Option D (Subcutaneous enoxaparin) offers rapid onset of action and is often used preoperatively or shortly after surgery, making it suitable for immediate prophylactic use against DVT. However, it requires careful monitoring and may have potential interactions with other medications. Option E (Subcutaneous heparin) is similar to subcutaneous enoxaparin but without the need for frequent laboratory monitoring; however, it also has a faster onset than warfarin and might be preferable for urgent situations where anticoagulation must be started quickly. Nonetheless, heparin's efficacy and safety profile still make it a strong contender for early prophylaxis. Given the patient's medical history, severity of heart disease, and requirement for systemic analgesia, continuous intravenous heparin administration is the most appropriate initial step in managing his risk of DVT. This approach balances effectiveness in preventing clot formation with minimal risk of bleeding complications.",0.0,0.0356,0.1349,0.0741,0.0124,0.0617,0.0617,0.5091,0.5951,0.6314
"A 45-year-old man comes to the emergency department because of a 1-month history of fatigue, generalized muscle weakness, and a 4-kg (8-lb) weight loss. He also reports a loss of appetite and nausea without vomiting during the past 2 weeks. Medical history is unremarkable and he takes no medications. He does not smoke cigarettes or drink alcoholic beverages. He is 180 cm (5 ft 11 in) tall and weighs 70 kg (155 lb); BMI is 22 kg/m². Vital signs are temperature 36.4°C (97.5°F), pulse 100/min, respirations 20/min, and blood pressure 88/50 mm Hg. Physical examination shows bronze darkening of the elbows, on the creases of his hands, and around the areolae of his nipples. Muscle strength is 4.5/5 in all extremities. The remainder of the physical examination shows no abnormalities. Results of laboratory studies are shown: Serum Na⁺ 128 mEq/L K⁺ 5.2 mEq/L Cl⁻ 95 mEq/L HCO3⁻ 20 mEq/L Blood Hemoglobin 12 g/dL WBC 3500/mm³ In addition to administering intravenous fluids, which of the following is the most appropriate pharmacotherapy?","2 mEq/L Cl⁻ 95 mEq/L HCO3⁻ 20 mEq/L Blood Hemoglobin 12 g/dL WBC 3500/mm³ In addition to administering intravenous fluids, which of the following is the most appropriate pharmacotherapy?","
A. Calcitonin 
B. Dehydroepiandrosterone 
C. Hydrocortisone 
D. Levothyroxine 
E. Mitotane
",C,D,False,"Levothyroxine is the most appropriate pharmacotherapy for this patient's presentation, which includes hypothyroidism secondary to chronic kidney disease (CKD). Here’s why: 1. Hypothyroidism Diagnosis: The patient has symptoms consistent with hypothyroidism such as fatigue, muscle weakness, weight loss, and bradycardia (slow heart rate). Hypothyroidism can be caused by various factors including autoimmune thyroiditis, Hashimoto's thyroiditis, or other causes like post-thyroidectomy syndrome. 2. Causes of CKD-Induced Hypothyroidism: Chronic kidney disease often leads to hyperparathyroidism due to impaired renal function, which further exacerbates hypothyroidism. This condition occurs when there is an imbalance between parathyroid hormone levels and calcium metabolism, leading to reduced thyroid-stimulating hormone (TSH) production from the pituitary gland. 3. Levothyroxine's Role: Levothyroxine is used to treat primary hypothyroidism by replacing the deficient thyroid hormones. It is effective in restoring normal TSH levels and improving overall thyroid function. In patients with CKD-induced hypothyroidism, levothyroxine can help manage symptoms and improve quality of life. Options Analysis: - A. Calcitonin: While calcitonin may be beneficial in certain cases, it is typically reserved for bone-related conditions. - B. Dehydroepiandrosterone (DHEA): Not commonly used in treating hypothyroidism. - C. Hydrocortisone: Corticosteroids are generally not indicated for hypothyroidism unless adrenal insufficiency is present. - E. Mitotane: Used primarily for metastatic medullary carcinoma, it is not indicated for hypothyroidism treatment. Therefore, given the patient's age, clinical presentation, and known cause of hypothyroidism (CKD-induced), levothyroxine is the most appropriate initial pharmacotherapy. Further investigations might include monitoring thyroid function tests and possibly adjusting dosages based on response.",0.0067,0.0396,0.1719,0.0761,0.0279,0.0692,0.0692,0.4596,0.4669,0.5193
"A 45-year-old man comes to the office because of severe pain of the right foot that awoke him from sleep last night. He says the pain kept him awake for the rest of the night. Walking has been difficult due to the pain, which he rates as a 9 on a 10- point scale. He reports no recent trauma. Medical history is remarkable for hypertension, type 2 diabetes mellitus, and asthma. Medications include hydrochlorothiazide, metformin, atorvastatin, and an albuterol inhaler. He is allergic to penicillin. He does not smoke cigarettes, but he has drunk three to four glasses of red wine daily for the past 5 years. Family history is significant for arthritis in his father. He is 168 cm (5 ft 6 in) tall and weighs 111 kg (245 lb); BMI is 40 kg/m². Vital signs are temperature 37.9°C (100.2°F), pulse 100/min, respirations 16/min, and blood pressure 160/100 mm Hg. Examination of the right foot discloses erythema and increased warmth over the first toe extending over the dorsum of the foot. The involved area is very tender and the patient resists movement of his toes. There is moderate swelling of the first metatarsophalangeal joint. The remainder of the physical examination discloses no abnormalities. Results of laboratory studies are shown: Serum Urea nitrogen - 15 mg/dL Creatinine - 1.0 mg/dL Blood Hemoglobin - 16 mg/dL WBC - 12,500/mm³ Examination of joint aspirate shows a leukocyte count of 50,000/mm³; no organisms are seen on Gram stain. Which of the following is the most appropriate pharmacotherapy to treat this patient's acute condition?",Which of the following is the most appropriate pharmacotherapy to treat this patient's acute condition?,"
A. Acetaminophen 
B. Allopurinol 
C. Ceftriaxone 
D. Indomethacin 
E. Vancomycin
",D,D,True,"Indomethacin is the most appropriate pharmacotherapy for treating the patient's acute condition. This nonsteroidal anti-inflammatory drug (NSAID) effectively reduces inflammation and pain associated with conditions such as gout, which is likely responsible for the patient's symptoms. It works by inhibiting cyclooxygenase enzymes, particularly COX-2, which play crucial roles in prostaglandin synthesis and subsequent inflammatory processes. Here's why the other options are less suitable: A. Acetaminophen: While acetaminophen can help manage mild to moderate pain, it lacks the potent anti-inflammatory properties needed for managing the severe pain described here. Additionally, long-term use may lead to liver damage if taken in excessive amounts. B. Allopurinol: This medication is primarily used to lower uric acid levels in patients with hyperuricemia and gout. However, its efficacy against acute attacks of gout is limited compared to NSAIDs like indomethacin. C. Ceftriaxone: This antibiotic is commonly used to treat bacterial infections, including those caused by Staphylococcus aureus, which could potentially be present in gout-related complications. Its use would not address the underlying inflammatory process causing the patient's pain and swelling. D. Indomethacin: As mentioned earlier, this NSAID is highly effective in reducing both inflammation and pain associated with gout. It provides rapid relief and is often recommended for initial treatment of acute gout attacks. E. Vancomycin: This antibiotic is typically reserved for serious infections resistant to other antibiotics. Given the patient's mild presentation and lack of documented bacterial infection, vancomycin is not indicated for treatment. In conclusion, indomethacin stands out as the most appropriate choice given the patient's clinical presentation and the need for effective management of acute gout-induced pain and inflammation.",0.0066,0.0428,0.2323,0.102,0.0548,0.0748,0.0748,0.5233,0.6162,0.7987
"A 2-year-old boy is brought to the emergency department by his babysitter because of a 30-minute history of respiratory distress. The babysitter reports that she has cared for the patient on numerous occasions during the past year. The child's parents are currently out of town for business but will return later tonight. The babysitter says, ""He has had a runny nose since I started babysitting yesterday, but this afternoon he awoke from a nap with a barking sound and he was breathing real heavy."" She does not know the child's prior health history, nor does she know if the boy takes any medications on a regular basis. The child looks tired and sits upright on the babysitter's lap. He is obviously comfortable with his caregiver. Vital signs are temperature 38.7°C (101.7°F), pulse 110/min, respirations 28/min and labored, and blood pressure 85/50 mm Hg. Pulse oximetry on room air shows an oxygen saturation of 89%. Physical examination discloses inspiratory stridor. Neck is supple, tympanic membranes are normal, and there is a profuse nasal discharge. Examination of the pharynx discloses no abnormalities. Auscultation of the chest discloses equal air entry on both sides and no crackles. The remainder of the examination shows no abnormalities. Treatment with 40% oxygen via venturi mask and intravenous fluids is initiated. Despite continued supplemental oxygen and hydration, the child remains tachypneic and stridorous at rest. Oxygen saturation is now 93%. In addition to administering racemic epinephrine by nebulizer, which of the following is the most appropriate next step?","In addition to administering racemic epinephrine by nebulizer, which of the following is the most appropriate next step?","
A. Intravenous aminophylline therapy 
B. Intravenous antibiotic therapy 
C. Intubation 
D. Oral dexamethasone therapy 
E. Rectal acetaminophen therapy
",D,C,False,"The symptoms described in this case suggest acute upper respiratory tract infection with severe hypoxemia due to significant airflow obstruction. The key factors leading to intubation include: 1. Severe respiratory distress despite treatment with supplemental oxygen. 2. Tachypnea and stridor at rest. 3. Hypoxic severity as evidenced by low oxygen saturation (93%) even after receiving IV fluid resuscitation and high-flow oxygen. 4. No evidence of underlying cardiac or pulmonary causes that would necessitate other interventions like antibiotics or steroids. Given these clinical findings, intubation should be considered as it provides immediate access to the airway and lungs, allowing for effective ventilation and management of respiratory distress. It also helps ensure adequate oxygenation until more definitive diagnosis and treatment can be determined. Options Analysis: - Option A: Intravenous aminophylline therapy - While bronchodilators may help some patients with asthma or chronic obstructive pulmonary disease, they do not address the need for mechanical ventilation in this situation where severe airway obstruction exists. - Option B: Intravenous antibiotic therapy - Antibiotics are typically used in cases of bacterial infections, not viral ones like those causing this acute respiratory distress. - Option D: Oral dexamethasone therapy - Corticosteroids might be beneficial in certain conditions such as severe allergic reactions or inflammatory lung diseases, but they do not address the primary issue here which is severe airway obstruction. - Option E: Rectal acetaminophen therapy - Acetaminophen is an analgesic and antipyretic and does not have therapeutic value in managing severe respiratory distress caused by severe airway obstruction. Its use could potentially delay recognition of the true cause and progression of the condition. Therefore, given the critical nature of the situation and the lack of alternative options available, intubation represents the most appropriate next step.",0.0063,0.0373,0.2281,0.08,0.0336,0.0733,0.0733,0.4998,0.5567,0.6797
A 30-year-old man comes to the office because of an itchy and painful facial rash that has worsened since he first noticed it 1 day ago. He has no other symptoms and says he otherwise has been generally healthy. Medical history is unremarkable and he takes no medications. He does not use any substances. He is unmarried and is not currently in a romantic relationship but has been sexually active with multiple female partners during the past year. Vital signs are within normal limits. Physical examination shows an erythematous macular rash with several 1- to 2-mm raised vesicles that do not cross the midline over the left forehead and periorbital area. There are no other abnormalities. Acyclovir therapy is initiated. Which of the following is the most appropriate next step?,Which of the following is the most appropriate next step?,"
A. Referral to a dermatologist 
B. Serum HIV antibody test 
C. Skin biopsy 
D. Tzanck test
",B,A,False,"This patient presents with an itchy and painful facial rash that has worsened recently. The presence of erythematous macules (red patches) and vesicles (small blisters) on the left forehead and periorbital area suggests a possible viral exanthem such as herpes simplex virus (HSV) infection or molluscum contagiosum. However, without additional clinical information like the location of lesions or their appearance, it's difficult to make a definitive diagnosis. Therefore, referral to a dermatologist would be the most appropriate initial step for further evaluation and management. Options Analysis: A. Referral to a dermatologist - This is the most logical next step given the described rash characteristics. B. Serum HIV antibody test - While this could help rule out certain infectious diseases, it might not be necessary if the rash is due to HSV or another common cause. C. Skin biopsy - Although useful in ruling out serious conditions like lymphoma, this is typically reserved for when there's suspicion of malignancy or severe inflammatory processes. D. Tzanck test - This test checks for cytomegalovirus (CMV) and is less commonly used compared to skin biopsies for more specific diagnoses. In conclusion, while the options provided may seem relevant, the immediate need is to diagnose the underlying condition before proceeding with treatment. A dermatologist will have expertise in recognizing various causes of rashes and can guide further diagnostic steps based on clinical findings.",0.0,0.031,0.164,0.0678,0.0342,0.0593,0.0593,0.4722,0.5351,0.6514
"A 31-year-old man with a 5-year history of HIV infection comes to the office because of anal pain, particularly on defecation, for the past 4 months. He says he has seen spots of blood on the toilet tissue but has not had any other noticeable bleeding. He reports no change in bowel habits and has not had recent fever, chills, or rectal drainage. He says he and his partner engage in anal-receptive intercourse. His most recent CD4+ T-lymphocyte count 2 months ago was 350/mm³; HIV viral load at that time was undetectable. He currently is being treated with antiretroviral therapy. He has had no opportunistic infections. Medical history is also significant for syphilis and genital herpes treated with penicillin and acyclovir, respectively. He does not smoke cigarettes or drink alcoholic beverages. Vital signs are normal. Physical examination shows small bilateral inguinal lymph nodes, but respiratory, cardiac, and abdominal examinations disclose no abnormalities. There are several tender fleshy lesions around the perianal area. Rectal examination produces tenderness, but there is no rectal discharge. Test of the stool for occult blood is trace positive. Which of the following is the most appropriate pharmacotherapy at this time?",Which of the following is the most appropriate pharmacotherapy at this time?,"
A. Acyclovir 
B. Imiquimod 
C. Levofloxacin 
D. Metronidazole 
E. Penicillin
",B,B,True,"This patient presents with symptoms consistent with an anal abscess or sexually transmitted disease (STD) such as syphilis or gonorrhea, given the presence of painful lesions, rectal tenderness, and elevated levels of inflammatory markers like leukocytes. The diagnosis should be confirmed through further tests including a culture from the perianal lesion and possibly a swab test for bacteria. Among the options provided: A. Acyclovir - This is typically used for treating herpes simplex virus infections and would not address the underlying issue. B. Imiquimod - This topical immunomodulator is indicated for the treatment of actinic keratosis and certain types of skin cancer, not specifically for STDs or bacterial infections. C. Levofloxacin - While effective against various gram-negative pathogens, it is not indicated for treating STDs like syphilis or gonorrhea. D. Metronidazole - Although commonly used for treating trichomoniasis, which can cause similar symptoms, it is less likely to be the primary choice here due to its broader spectrum of action compared to specific agents targeting STDs. E. Penicillin - Given the patient's history of syphilis and the presence of symptomatic lesions, penicillin could be considered for treatment of syphilis if the organism is cultured positive, though it may not be the first-line agent due to potential allergic reactions or resistance issues. Given these considerations, the most appropriate initial step would be to perform diagnostic testing for STDs, followed by treatment based on those results. However, since the question asks about pharmacotherapy, none of the options directly fit into the context of the immediate need for antimicrobial or anti-inflammatory intervention without confirmation of the exact etiology. Therefore, the question seems to be more focused on providing information rather than prescribing medication immediately.",0.0,0.0224,0.1746,0.0616,0.0207,0.0548,0.0548,0.4713,0.5613,0.6293
