background,question,option,ground_truth,prediction,acc,explanation,bleu4,bleu1,meteor,rouge1,rouge2,rougeL,rougeLsum,bertscore_f1,bertscore_f1_avg_sent,bertscore_f1_max_sent
"A 68-year-old man is brought to the emergency department because of a 2-day history of progressive lethargy and tremors. He has alcoholism and opiate, cocaine, and amphetamine use disorder, but he has abstained from alcohol and illicit substances during the past 2 weeks. He also has alcoholic cirrhosis. His only medication is a daily multivitamin. He previously drank six 12-oz beers daily. He appears chronically ill and is somnolent. Temperature is 36.8°C (98.2°F), pulse is 100/min, respirations are 18/min, and blood pressure is 100/60 mm Hg. Pulse oximetry on room air shows an oxygen saturation of 94%. Examination shows conjunctival icterus, ascites, and 2+ edema of the lower extremities. Cranial nerves are intact. Muscle strength is 4/5 throughout. When he is awake, there is a postural and action tremor of the forearms and hands that is accompanied by a sudden, brief loss of muscle strength. His speech is normal, and he is able to follow simple commands. Serum total bilirubin concentration is 3 mg/dL. Blood and urine cultures grow no pathogens. Which of the following is most likely to improve this patient’s cognition and movement disorder?",Which of the following is most likely to improve this patient’s cognition and movement disorder?,"
A. Intravenous vancomycin and cefepime therapy 
B. Intravenous vitamin B1 (thiamine) therapy 
C. Oral lactulose therapy 
D. Oral lorazepam therapy
",C,B,False,"The patient's presentation includes symptoms such as lethargy, tremors, and a history of chronic alcohol abuse, which raises suspicion for Wernicke-Korsakoff syndrome, a condition often associated with thiamine (vitamin B1) deficiency. The tremor and sudden, brief loss of muscle strength when the patient is awake suggest a neurological issue, possibly related to thiamine deficiency. Thiamine is crucial for brain function, and its deficiency can lead to cognitive impairment and neurological symptoms. Option A (Intravenous vancomycin and cefepime therapy): This option involves antibiotics, which are not indicated in this case since there is no evidence of infection based on negative blood and urine cultures. Therefore, this treatment would not address the underlying cause of the patient's symptoms. Option B (Intravenous vitamin B1 (thiamine) therapy): This is the correct choice. Thiamine deficiency is common in patients with chronic alcoholism and can lead to Wernicke's encephalopathy, characterized by confusion, ophthalmoplegia, ataxia, and nystagmus. Early administration of intravenous thiamine can prevent progression to Korsakoff's psychosis and improve cognitive and motor symptoms. Option C (Oral lactulose therapy): Lactulose is used primarily to treat hepatic encephalopathy, which is not the primary diagnosis here. While the patient does have alcoholic cirrhosis, his symptoms are more indicative of a thiamine deficiency rather than hepatic encephalopathy. Option D (Oral lorazepam therapy): Lorazepam is a benzodiazepine used for anxiety and seizures. It would not address the underlying thiamine deficiency causing the patient's symptoms and could potentially worsen cognitive function due to its sedative effects. Therefore, the most appropriate initial treatment for this patient's condition is intravenous vitamin B1 (thiamine) therapy.",0.0,0.0261,0.1553,0.0777,0.0214,0.0636,0.0636,0.4825,0.5963,0.6699
"A 45-year-old woman comes to the emergency department because of a 3-day history of progressive shortness of breath, cough productive of blood-tinged sputum, and fever. She also has a 3-month history of numbness of her left leg and tingling in her right arm. She has not had chills. She was diagnosed with asthma 6 months ago; it is well controlled with inhaled budesonide and albuterol as needed. She has no other history of serious illness and takes no other medications. She appears to be in mild respiratory distress. Temperature is 38.1°C (100.6°F), pulse is 105/min and regular, respirations are 24/min, and blood pressure is 145/95 mm Hg. Pulse oximetry on room air shows an oxygen saturation of 92%. Crackles are heard at the right lung base, and there are occasional diffuse wheezes. Cardiac examination shows no abnormalities. On neurologic examination, sensation to pinprick is decreased over the lateral aspect of the left lower extremity and right upper extremity. Muscle strength is 5/5 throughout. Babinski sign is absent. Deep tendon reflexes are 2+ and symmetric. Which of the following is the most appropriate next step in diagnosis?",Which of the following is the most appropriate next step in diagnosis?,"
A. CT angiography of the chest 
B. Determination of serum angiotensin-converting enzyme activity 
C. Measurement of serum IgE concentration 
D. Mesenteric angiography 
E. Serum antiglomerular basement membrane assay 
F. Serum antineutrophil cytoplasmic autoantibody assay 
G. Sweat chloride testing
",F,A,False,"Given the patient's symptoms of shortness of breath, cough with blood-tinged sputum, fever, and recent-onset neurological symptoms, the most likely scenario is that she is experiencing complications from a pulmonary condition, possibly related to an underlying systemic disease process. The presence of crackles at the right lung base and occasional wheezing suggests a possible pulmonary cause for her respiratory symptoms, which could range from infection to inflammation or even malignancy. Option A (CT angiography of the chest) is the most appropriate next step because it can help identify potential causes such as pulmonary embolism, pneumonia, or malignancy, which might explain both her respiratory symptoms and her systemic inflammatory response (fever). Additionally, it can assess for any vascular involvement that might correlate with her neurological symptoms, although this is less likely given the specific findings. Option B (determination of serum angiotensin-converting enzyme activity) is typically used in the evaluation of sarcoidosis but does not directly address the acute presentation of respiratory distress and hemoptysis. Option C (measurement of serum IgE concentration) would be more relevant if the patient presented with allergic symptoms or asthma exacerbation, but her current symptoms suggest a different etiology. Option D (mesenteric angiography) is not indicated here as the symptoms do not point towards mesenteric ischemia or other conditions requiring this type of imaging. Option E (serum antiglomerular basement membrane assay) and Option F (serum antineutrophil cytoplasmic autoantibody assay) are more relevant in the context of glomerulonephritis and vasculitis, respectively, and while these could potentially be considered in a differential diagnosis involving systemic autoimmune diseases, they are not the first-line tests given the acute nature of her respiratory symptoms. Option G (sweat chloride testing) is used primarily in the diagnosis of cystic fibrosis and is not relevant to the patient's current presentation. Therefore, the most appropriate next step in the diagnostic workup is a CT angiography of the chest to evaluate for potential causes of her acute respiratory symptoms and to rule out life-threatening conditions like pulmonary embolism or significant infection.",0.0107,0.0266,0.2065,0.0623,0.0399,0.0623,0.0623,0.4453,0.5666,0.637
"An 87-year-old woman, gravida 6, para 6, is brought to the emergency department because of a 24-hour history of severe abdominal pain and an inability to void. She notes that for the past 2 months, she has had difficulty emptying her bladder, especially at the end of the day. Twenty years ago, she underwent mastectomy for breast cancer; she has been cancer-free since then. She has a 10-year history of osteoporosis. All of her children were delivered vaginally without complications. Her only medication is alendronate. Examination shows the cervix protruding 7.5 cm from the vagina. After the cervix is replaced into the vagina, a urinary catheter drains 700 mL of urine. Urinalysis shows no abnormalities. Which of the following is the most likely diagnosis?",Which of the following is the most likely diagnosis?,"
A. Overactive bladder 
B. Overflow incontinence 
C. Stress incontinence 
D. Urinary retention 
E. Urinary tract infection
",D,B,False,"Given the patient's symptoms and medical history, the most likely diagnosis is overflow incontinence. Here’s why: - The patient has a history of difficulty emptying her bladder, which has worsened over the last 24 hours, leading to severe abdominal pain and an inability to void. - Upon examination, the cervix is found to be prolapsed (protruding 7.5 cm from the vagina), indicating a significant pelvic floor dysfunction. - When the cervix was replaced, a large volume of urine (700 mL) was drained via a urinary catheter, suggesting that the bladder was significantly distended and unable to empty properly on its own. - The urinalysis did not show any abnormalities, ruling out conditions like a urinary tract infection as the primary cause of her symptoms. Let's examine why the other options are less likely: A. Overactive bladder: This condition typically presents with urgency, frequency, and urge incontinence, but not with significant difficulty in voiding or a large post-void residual volume. C. Stress incontinence: This involves leakage of urine during physical exertion or coughing, often due to weakened pelvic floor muscles. It does not usually present with difficulty in voiding or a large post-void residual volume. D. Urinary retention: While this condition can present similarly to overflow incontinence, it is more commonly associated with acute onset and complete inability to void, rather than a gradual worsening of symptoms over time as described here. E. Urinary tract infection: The absence of abnormal findings on urinalysis makes this diagnosis less likely, although it could coexist with other conditions. Therefore, considering the patient's symptoms, examination findings, and the large amount of urine drained after catheterization, the most appropriate diagnosis is overflow incontinence, likely secondary to pelvic organ prolapse causing mechanical obstruction to normal bladder emptying.",0.003,0.0209,0.1371,0.053,0.02,0.0464,0.0464,0.4211,0.551,0.632
"A 25-year-old woman is admitted to the hospital because of a 2-day history of fever, dizziness, light-headedness, chills, and shaking. She has hyperthyroidism, gastroesophageal reflux disease, and asthma. Her medications are oral methimazole and omeprazole, and inhaled fluticasone, and she has been on the same dosages for 1 year. She is in the military reserve and will be deployed overseas next week. She began atovaquone-proguanil therapy 1 week ago and received the hepatitis A and yellow fever vaccines 2 weeks ago. She is not sexually active. She does not smoke cigarettes or drink alcohol. She appears ill but is not in acute distress. Temperature is 38.6°C (101.5°F), pulse is 110/min, respirations are 22/min, and blood pressure is 90/60 mm Hg. No wheezing is heard on auscultation. Cardiac examination shows no abnormalities. Laboratory studies show: Hemoglobin = 13.8 g/dL Leukocyte count = 1100/mm³ Segmented neutrophils = 10% Eosinophils = 10% Lymphocytes = 40% Monocytes = 40% Platelet count= 320,000/mm³ Platelet count 320,000/mm³ Results of other laboratory studies are within the reference ranges. Which of the following is the most likely cause of this patient’s hematologic abnormality? Please choose the best option among the choices below.",Which of the following is the most likely cause of this patient’s hematologic abnormality?,"
A. Atovaquone-proguanil 
B. Fluticasone 
C. Hepatitis A vaccine 
D. Methimazole 
E. Omeprazole 
F. Yellow fever vaccine
",D,D,True,"The patient's presentation includes fever, dizziness, light-headedness, chills, and shaking, which could indicate an infection or another systemic condition. However, the key hematological finding that points towards a specific diagnosis is the leukopenia (low white blood cell count) with a significant decrease in segmented neutrophils (only 10%) and an increase in lymphocytes and monocytes. This pattern is characteristic of drug-induced agranulocytosis, a severe adverse effect where there is a profound reduction in the number of circulating neutrophils, often due to medication use. - Atovaquone-Proguanil: While it can cause gastrointestinal side effects, it is not typically associated with hematological abnormalities such as agranulocytosis. - Fluticasone: An inhaled corticosteroid used for asthma; it does not commonly cause hematological issues like agranulocytosis. - Hepatitis A Vaccine: Generally safe with rare side effects, none of which include agranulocytosis. - Methimazole: Used to treat hyperthyroidism, it is known to cause agranulocytosis, a serious adverse effect that occurs in approximately 0.1% to 0.3% of patients. The timing of symptoms correlating with the initiation of methimazole treatment supports this as the causative agent. - Omeprazole: Primarily causes gastrointestinal side effects and rarely hematological issues. - Yellow Fever Vaccine: Typically well-tolerated, with very few cases reported of severe adverse reactions including hematological abnormalities. Given the patient's recent initiation of methimazole and the presence of agranulocytosis, it is most likely that methimazole is responsible for her hematological abnormality.",0.0,0.0373,0.2268,0.1057,0.0246,0.0813,0.0813,0.5035,0.5834,0.6717
"A 16-year-old boy is brought to the emergency department because of a 2-day history of fever, nausea, vomiting, headache, chills, and fatigue. He has not had any sick contacts. He underwent splenectomy for traumatic injury at the age of 13 years. He has no other history of serious illness and takes no medications. He appears ill. His temperature is 39.2°C (102.5°F), pulse is 130/min, respirations are 14/min, and blood pressure is 110/60 mm Hg. On pulmonary examination, scattered crackles are heard bilaterally. Abdominal examination shows a well-healed midline scar and mild, diffuse tenderness to palpation. Which of the following is the most appropriate next step in management?",Which of the following is the most appropriate next step in management?,"
A. Antibiotic therapy 
B. Antiemetic therapy 
C. CT scan of the chest 
D. X-ray of the abdomen 
E. Reassurance
",A,A,True,"Given the patient's history of splenectomy and his current symptoms of fever, nausea, vomiting, headache, chills, and fatigue, along with physical findings such as tachycardia (pulse of 130/min) and scattered crackles on lung examination, there is a high suspicion for an infection, particularly one that could be life-threatening in a post-splenectomy patient. Post-splenectomy patients are at increased risk for overwhelming postsplenectomy infection (OPSI), which can be caused by encapsulated bacteria like Streptococcus pneumoniae, Haemophilus influenzae, and Neisseria meningitidis. Option A (Antibiotic therapy): This is the most appropriate next step because the patient's symptoms and signs suggest a systemic infection, possibly sepsis, which requires prompt antibiotic treatment to prevent progression to severe sepsis or septic shock. Broad-spectrum antibiotics should be initiated immediately, covering likely pathogens such as pneumococci, H. influenzae, and N. meningitidis. Option B (Antiemetic therapy): While the patient is experiencing nausea and vomiting, these are secondary symptoms of the underlying infection. Treating only the nausea without addressing the primary cause would be inappropriate and potentially dangerous. Option C (CT scan of the chest): Although the presence of crackles suggests possible pulmonary involvement, a CT scan is not the immediate priority. The patient's condition is more urgent and requires immediate antibiotic therapy rather than diagnostic imaging. Option D (X-ray of the abdomen): An abdominal x-ray might be considered if there were specific indications of intra-abdominal pathology, but given the patient's history and presentation, it is less critical than initiating antibiotic therapy. Option E (Reassurance): Given the severity of the patient's symptoms and the potential for a life-threatening condition, reassurance alone is not sufficient. Immediate medical intervention is necessary. In summary, the patient's clinical presentation strongly suggests a serious infection, and the most critical action is to start broad-spectrum antibiotics promptly to address this life-threatening situation.",0.0086,0.0255,0.1882,0.0617,0.0373,0.0494,0.0494,0.4222,0.5432,0.5956
"A previously healthy 29-year-old woman is admitted to the hospital because of a 1-day history of moderate headache, fever, and lethargy. Two days ago, she underwent wisdom tooth extraction. She takes no medications. She cannot remember her vaccination history. She does not smoke cigarettes, drink alcohol, or use illicit drugs. She is a college student, lives in an apartment complex with other students, and eats all her meals in the campus dining hall. She says her study partner had a “really bad fever” during the past week. The patient appears sleepy. Temperature is 40.0°C (104.0°F), pulse is 140/min, and blood pressure is 90/40 mm Hg. Examination shows a diffuse purpuric rash over the trunk and all extremities. There is nuchal rigidity. Lungs are clear to auscultation. Heart sounds are normal. Neurologic examination shows no other focal findings. Which of the following is most likely to have prevented this patient’s current condition?",Which of the following is most likely to have prevented this patient’s current condition?,"
A. Adherence to immunization guidelines 
B. Avoidance of eating meals in the campus dining hall 
C. Consistent hand washing 
D. Isolation of other students on campus with febrile illness 
E. Prophylactic antibiotic therapy
",A,A,True,"This patient's presentation suggests meningococcemia, which is a severe infection caused by Neisseria meningitidis. This bacterium can lead to sepsis and meningitis, often presenting with high fever, petechial or purpuric rash, and signs of meningeal irritation such as nuchal rigidity. Given that the patient recently had a dental procedure and has been in close contact with others, including a study partner who was ill, it increases the likelihood of contracting a contagious disease like meningococcal disease. Option A (Adherence to immunization guidelines) is correct because meningococcal vaccines are recommended for individuals at increased risk, especially those living in communal settings like college dormitories where the risk of transmission is higher. If the patient had received the meningococcal vaccine according to the guidelines, she would have been protected against the disease, thus preventing her current condition. Option B (Avoidance of eating meals in the campus dining hall) is incorrect because while good hygiene practices are important, the primary mode of transmission for meningococcal disease is through respiratory droplets and close contact, not foodborne transmission. Therefore, avoiding the dining hall would not significantly reduce the risk of contracting the disease. Option C (Consistent hand washing) is partially correct in terms of general hygiene but is less relevant here since the disease spreads primarily via respiratory droplets rather than direct contact with contaminated surfaces. While hand washing is crucial for preventing many infections, it is not the most effective preventive measure against meningococcal disease. Option D (Isolation of other students on campus with febrile illness) could help prevent the spread of infectious diseases but does not directly address the patient's lack of immunity to meningococcal disease. It is more about controlling the spread once an outbreak occurs rather than preventing an individual's susceptibility. Option E (Prophylactic antibiotic therapy) is not applicable in this context as prophylactic antibiotics are typically used after exposure to someone with meningococcal disease, not as a routine preventive measure. Additionally, the patient already has symptoms, indicating that prevention measures would have needed to be taken before the onset of illness. Therefore, adherence to immunization guidelines (Option A) is the most appropriate preventive measure in this scenario.",0.0,0.0225,0.151,0.064,0.0161,0.0427,0.0427,0.4846,0.5667,0.6616
"A 27-year-old primigravid woman comes to the physician for her first prenatal visit 10 weeks after a home pregnancy test was positive. She feels well, and her pregnancy has been uncomplicated. She previously used an oral contraceptive but discontinued it 3 months ago. She has no history of sexually transmitted diseases. She is sexually active in a monogamous relationship with a male partner who is the father. She has had five lifetime sexual partners. She has a pet cat. Examination shows a uterus consistent in size with a 10-week gestation. Testing for which of the following infectious conditions is the most appropriate recommendation for this patient?",Testing for which of the following infectious conditions is the most appropriate recommendation for this patient?,"
A. Bacterial vaginosis 
B. Cytomegalovirus 
C. Epstein-Barr virus 
D. HIV 
E. Human papillomavirus
",D,D,True,"Given the context of a pregnant woman's first prenatal visit, several infectious conditions need to be considered due to their potential impact on both maternal health and fetal development. Here’s a breakdown of why HIV (option D) is the most appropriate condition to test for: - HIV: This is a critical infection to screen for during pregnancy because it can be transmitted from mother to child during pregnancy, labor, delivery, or breastfeeding. Early detection allows for timely intervention, such as antiretroviral therapy, which significantly reduces the risk of transmission to the baby. Given that the patient has had multiple sexual partners in the past, she may be at higher risk for HIV, even though she is currently in a monogamous relationship. Routine screening for HIV is recommended for all pregnant women regardless of perceived risk. - Bacterial Vaginosis (BV): While BV is common during pregnancy and can cause complications like preterm birth, it is not typically screened for in the absence of symptoms such as abnormal discharge or odor. The patient does not report any symptoms, making routine screening less urgent compared to HIV. - Cytomegalovirus (CMV): CMV is a common viral infection that can affect fetuses if the mother contracts it during pregnancy. However, routine screening for CMV is not standard practice unless there are specific indications such as signs of congenital infection in the fetus or a history of previous miscarriages or stillbirths related to CMV. Since the patient has no such history, routine CMV testing is not indicated. - Epstein-Barr Virus (EBV): EBV causes infectious mononucleosis, but it is generally not associated with significant risks to the fetus unless the primary infection occurs during pregnancy. There is no indication of recent EBV infection in the patient's history, so routine screening is not necessary. - Human Papillomavirus (HPV): HPV is a common sexually transmitted infection that can lead to cervical cancer and other health issues. While HPV vaccination is important, routine screening for HPV during pregnancy is not standard practice unless there are specific concerns about cervical abnormalities. The patient's history does not suggest a need for HPV screening at this time. In summary, given the patient's history and the importance of early detection and treatment to prevent mother-to-child transmission, HIV screening is the most appropriate recommendation for this patient.",0.0117,0.0325,0.2471,0.0748,0.0401,0.0648,0.0648,0.4925,0.5927,0.6811
"An investigator would like to decrease the incidence of type 2 diabetes mellitus among adult patients with risk factors including obesity, decreased physical activity, and family history of diabetes mellitus. A total of 200 men and women aged 30 to 64 years will be enrolled in a regular exercise program for 6 months. A nurse reviews the details of the study with each participant, and each participant signs an informed consent form. One month after the study begins, one of the participants asks to drop out of the study. Which of the following represents the most appropriate next step by this study participant?",Which of the following represents the most appropriate next step by this study participant?,"
A. Complete the study because she signed the consent form 
B. Discuss withdrawal with the institutional review board 
C. Negotiate her withdrawal with the principal investigator 
D. Wait to withdraw until after the investigator consults with an ethics team 
E. Withdraw from the study now
",E,E,True,"Option A (Complete the study because she signed the consent form) is incorrect. While signing an informed consent form is important, it does not mean that a participant is obligated to complete the study regardless of their personal circumstances or changes in their willingness to participate. Participants have the right to withdraw from a study at any time without penalty. Option B (Discuss withdrawal with the institutional review board) is incorrect. The Institutional Review Board (IRB) is responsible for reviewing and approving research studies to ensure they meet ethical standards, but it is not typically involved in individual participant decisions about withdrawing from a study. This process is usually handled directly between the participant and the study staff. Option C (Negotiate her withdrawal with the principal investigator) could be considered, but it is not the most direct or immediate action. While discussing withdrawal with the principal investigator (PI) is a reasonable step, the participant has the right to withdraw immediately if they choose to do so, without needing to negotiate terms. Option D (Wait to withdraw until after the investigator consults with an ethics team) is incorrect. Waiting for additional consultation before withdrawing is unnecessary and delays the participant's ability to make a decision based on their current preferences or needs. Ethical guidelines support the right of participants to withdraw from a study at any point without needing further approval processes. Option E (Withdraw from the study now) is the most appropriate action. It respects the participant's autonomy and allows them to make a decision based on their current situation and comfort level. Participants should feel free to withdraw from a study at any time without facing repercussions, as long as they follow the proper procedures for doing so, which often include informing the study staff of their decision.",0.0,0.024,0.1458,0.0635,0.0128,0.0444,0.0444,0.444,0.5805,0.6641
"A 70-year-old man comes to the clinic because of a 3-day history of fatigue, dark urine, decreased urine output, mild pain with urination, and a low-grade fever. He has gout, hypertension, and osteoarthritis. His medications are allopurinol, hydrochlorothiazide, and acetaminophen. Temperature is 37.9°C (100.2°F), pulse is 88/min, respirations are 24/min, and blood pressure is 160/95 mm Hg. Pulse oximetry on room air shows an oxygen saturation of 97%. Jugular venous pressure is 7 cm H2O (N=5–9). Cardiopulmonary examination shows no abnormalities. Which of the following is the most appropriate next step in management?",Which of the following is the most appropriate next step in management?,"
A. Discontinuation of acetaminophen therapy 
B. Intravenous administration of fluids 
C. Measurement of postvoid residual volume 
D. Oral trimethoprim-sulfamethoxazole therapy 
E. Renal biopsy
",C,B,False,"Given the patient's symptoms of fatigue, dark urine, decreased urine output, mild pain with urination, and a low-grade fever, along with his medical history and current medications, acute kidney injury (AKI) due to prerenal causes is a likely diagnosis. The patient's hypertension and use of diuretics (hydrochlorothiazide) increase the risk for prerenal AKI, which can be exacerbated by dehydration or reduced effective circulating volume. Option A (Discontinuation of acetaminophen therapy): Acetaminophen is generally safe for patients with renal impairment unless they have severe liver disease or are taking it in excessive doses. There is no indication that acetaminophen is contributing to the patient's current condition, so discontinuing it would not address the underlying issue. Option B (Intravenous administration of fluids): This is the most appropriate initial step. Fluid resuscitation is crucial in suspected prerenal AKI to restore adequate renal perfusion and prevent further kidney damage. Given the patient's signs of possible prerenal azotemia (dark urine, decreased urine output), fluid administration should be initiated promptly. Option C (Measurement of postvoid residual volume): This test is typically used to assess bladder emptying and is not relevant to the patient's current presentation, which suggests a problem with renal function rather than urinary retention. Option D (Oral trimethoprim-sulfamethoxazole therapy): While the patient does have a fever, suggesting possible infection, antibiotics should not be started without confirming the presence of an infection through appropriate diagnostic tests such as urine culture. Additionally, trimethoprim-sulfamethoxazole could potentially worsen renal function, especially if the patient already has compromised renal function. Option E (Renal biopsy): This is an invasive procedure usually reserved for cases where the cause of AKI remains unclear after non-invasive testing. It is not indicated as the first step in this scenario. Therefore, the most appropriate next step in management is intravenous administration of fluids to address potential prerenal causes of AKI.",0.0142,0.0282,0.2358,0.0675,0.0432,0.0675,0.0675,0.4521,0.5529,0.6706
"A 52-year-old woman comes to the physician because of a 2-day history of severe pain and markedly decreased range of motion in her right elbow. She has rheumatoid arthritis in her elbows, wrists, and hands. She reports episodes of moderate pain approximately four times yearly. Previous treatment with naproxen, methotrexate, and hydroxychloroquine has provided moderate relief. Treatment with prednisone was begun after her most recent episode 9 weeks ago. She has not had generalized fatigue or muscle aches. She has no other history of serious illness. Her other medications are naproxen, prednisone, and omeprazole. Temperature is 38.4°C (101.1°F), pulse is 90/min, respirations are 12/min, and blood pressure is 110/76 mm Hg. Range of motion of the wrists and ankles is decreased; the right elbow is more severely limited by pain than the left elbow. There is warmth, tenderness, erythema, and edema of the right elbow. Fine-needle aspiration of the right elbow is performed. Gram stain of the fluid shows a leukocyte count of 60,000/mm3 and no organisms. Which of the following is the most appropriate pharmacotherapy?",Which of the following is the most appropriate pharmacotherapy?,"
A. Colchicine 
B. Infliximab 
C. Ketorolac 
D. Methylprednisolone 
E. Vancomycin
",E,D,False,"Given the patient's presentation of acute onset of severe pain, marked limitation of range of motion, warmth, tenderness, erythema, and edema in the right elbow, along with a high white blood cell count on fine-needle aspiration, this scenario suggests an acute flare-up of rheumatoid arthritis with possible superimposed infection or crystal-induced synovitis. However, the absence of organisms on Gram stain makes septic arthritis less likely, but it cannot be entirely ruled out without further investigation such as culture results. Option A (Colchicine) is used primarily for gout and pseudogout, which is less likely given the lack of crystals on Gram stain. Option B (Infliximab) is an anti-TNF agent used for chronic management of rheumatoid arthritis and would not be the first-line treatment for an acute exacerbation. Option C (Ketorolac) is a nonsteroidal anti-inflammatory drug (NSAID) that can help with pain control but does not address the underlying inflammatory process effectively in this acute setting. Option E (Vancomycin) is an antibiotic used for suspected bacterial infections, particularly those caused by gram-positive bacteria. Given the absence of organisms on Gram stain, it is not indicated unless there is strong clinical suspicion of infection. Option D (Methylprednisolone) is a corticosteroid that provides rapid anti-inflammatory effects, which is appropriate for managing an acute flare-up of rheumatoid arthritis. It can also help reduce inflammation and alleviate symptoms quickly, making it the most suitable choice among the options provided for this acute exacerbation.",0.0,0.0221,0.1099,0.0547,0.0079,0.0469,0.0469,0.4463,0.5495,0.5962
"Abstract: Objective: In patients with cirrhosis and acute bleeding esophageal varices, how do endoscopic sclerotherapy and emergency portacaval shunt compare for control of bleeding and survival? Methods Design: Randomized controlled trial (San Diego Bleeding Esophageal Varices Study). ClinicalTrials.gov NCT00690027. Allocation: Concealed. Blinding: Blinded (gastroenterologist who evaluated patients for portal-systemic encephalopathy). Follow-up period: Up to 17 years. Setting: University of California San Diego Medical Center. Patients: 211 patients (mean age 49 years, 77% men) with acute bleeding esophageal varices resulting from cirrhosis, who required a transfusion of ≥ 2 units of blood and, for patients transferred from other hospitals, observation of upper gastrointestinal bleeding within 48 hours of transfer. Exclusion criterion was > 1 previous session of endoscopic sclerotherapy. Intervention: Endoscopic sclerotherapy (n = 106) or emergency portacaval shunt (n = 105). Emergency portacaval shunt comprised a direct side-to-side or direct end-to-side portacaval shunt done within 8 hours of initial contact. Outcomes: Control of bleeding at > 30 days, survival, readmissions for variceal or nonvariceal bleeding requiring transfusion of packed red blood cells, and recurrent portal-systemic encephalopathy. Patient follow-up: 100% (minimum follow-up until death or 9.4 years). Main results 15-year survival was lower with endoscopic sclerotherapy than with emergency portacaval shunt (10/106 vs 48/105, relative benefit reduction 79%, 95% CI 62 to 89; number needed to harm 3, CI 2 to 4). Other main results are shown in the Table. Endoscopic sclerotherapy (EST) vs emergency portacaval shunt (EPCS) in patients with cirrhosis and acute bleeding esophageal varices Outcomes | Child-Pugh risk class | EST | EPCS | P value | ———————————————————————————————————— Control of bleeding at > 30 days* | | 20% | 100% | <.001 | Median survival (years) | A | 4.62 | 10.43 | .003. | | B | 2.61 | 6.19 | <.001 | |. C | 0.58 | 5.30 | .005. | Mean number of readmissions for variceal bleeding requiring packed red blood cell transfusion | | 6.8 | 0.4 | <.001 | Recurrent portal-systemic encephalopathy† | | 35% | 15% | < .001 | ——————————————————————————————————— *Excluding indeterminate deaths at 14 days from nonbleeding causes. †In patients who survived 30 days and left hospital. ——————————————————————————————————— Conclusion In patients with cirrhosis and acute bleeding esophageal varices, emergency portacaval shunt was better than endoscopic sclerotherapy for control of bleeding, recurrent encephalopathy, and survival. Sources of funding: National Institutes of Health and Surgical Education and Research Foundation. Structured abstract based on: Orloff MJ, Isenberg JI, Wheeler HO, et al. Randomized trial of emergency endoscopic sclerotherapy versus emergency portacaval shunt for acutely bleeding esophageal varices in cirrhosis. J Am Coll Surg. 2009;209:25-40. 19651060 A 52-year-old man with hepatic cirrhosis comes to the emergency department because of a 3-hour history of vomiting blood. Esophagogastroduodenoscopy confirms actively bleeding esophageal varices. Based on the abstract shown, the physician is considering an emergency portacaval shunt (EPCS) procedure rather than endoscopic sclerotherapy (EST). According to the results in the abstract, approximately how many patients must be treated with EPCS rather than EST to prevent one case of recurrent portal-systemic encephalopathy?","According to the results in the abstract, approximately how many patients must be treated with EPCS rather than EST to prevent one case of recurrent portal-systemic encephalopathy?","
A. 1 
B. 3 
C. 5 
D. 10 
E. 16
",C,C,True,"To determine the number needed to treat (NNT) to prevent one case of recurrent portal-systemic encephalopathy, we need to look at the relative risk reduction provided by the emergency portacaval shunt (EPCS) compared to endoscopic sclerotherapy (EST). From the abstract, we see that the rate of recurrent portal-systemic encephalopathy was 35% in the EST group and 15% in the EPCS group. This means that the absolute risk reduction (ARR) is 35% - 15% = 20%. The ARR represents the difference in the event rates between the two groups. The number needed to treat (NNT) can be calculated as the inverse of the absolute risk reduction: \[ \text{NNT} = \frac{1}{\text{ARR}} = \frac{1}{0.20} = 5 \] This means that approximately 5 patients need to be treated with EPCS instead of EST to prevent one case of recurrent portal-systemic encephalopathy. Therefore, the correct answer is C. Option A (1) is incorrect because it would imply that treating just one patient with EPCS instead of EST would prevent one case of recurrent portal-systemic encephalopathy, which is not supported by the data. Option B (3) is incorrect because it underestimates the number of patients needed to achieve this outcome. Option D (10) is incorrect because it overestimates the number of patients needed to achieve this outcome. Option E (16) is also incorrect for the same reason as option D; it overestimates the number of patients needed.",0.0241,0.0714,0.3478,0.1597,0.1073,0.1521,0.1521,0.4982,0.61,0.7377
"Abstract: Objective: In patients with cirrhosis and acute bleeding esophageal varices, how do endoscopic sclerotherapy and emergency portacaval shunt compare for control of bleeding and survival? Methods Design: Randomized controlled trial (San Diego Bleeding Esophageal Varices Study). ClinicalTrials.gov NCT00690027. Allocation: Concealed. Blinding: Blinded (gastroenterologist who evaluated patients for portal-systemic encephalopathy). Follow-up period: Up to 17 years. Setting: University of California San Diego Medical Center. Patients: 211 patients (mean age 49 years, 77% men) with acute bleeding esophageal varices resulting from cirrhosis, who required a transfusion of ≥ 2 units of blood and, for patients transferred from other hospitals, observation of upper gastrointestinal bleeding within 48 hours of transfer. Exclusion criterion was > 1 previous session of endoscopic sclerotherapy. Intervention: Endoscopic sclerotherapy (n = 106) or emergency portacaval shunt (n = 105). Emergency portacaval shunt comprised a direct side-to-side or direct end-to-side portacaval shunt done within 8 hours of initial contact. Outcomes: Control of bleeding at > 30 days, survival, readmissions for variceal or nonvariceal bleeding requiring transfusion of packed red blood cells, and recurrent portal-systemic encephalopathy. Patient follow-up: 100% (minimum follow-up until death or 9.4 years). Main results 15-year survival was lower with endoscopic sclerotherapy than with emergency portacaval shunt (10/106 vs 48/105, relative benefit reduction 79%, 95% CI 62 to 89; number needed to harm 3, CI 2 to 4). Other main results are shown in the Table. Endoscopic sclerotherapy (EST) vs emergency portacaval shunt (EPCS) in patients with cirrhosis and acute bleeding esophageal varices Outcomes | Child-Pugh risk class | EST | EPCS | P value | ———————————————————————————————————— Control of bleeding at > 30 days* | | 20% | 100% | <.001 | Median survival (years) | A | 4.62 | 10.43 | .003. | | B | 2.61 | 6.19 | <.001 | |. C | 0.58 | 5.30 | .005. | Mean number of readmissions for variceal bleeding requiring packed red blood cell transfusion | | 6.8 | 0.4 | <.001 | Recurrent portal-systemic encephalopathy† | | 35% | 15% | < .001 | ——————————————————————————————————— *Excluding indeterminate deaths at 14 days from nonbleeding causes. †In patients who survived 30 days and left hospital. ——————————————————————————————————— Conclusion In patients with cirrhosis and acute bleeding esophageal varices, emergency portacaval shunt was better than endoscopic sclerotherapy for control of bleeding, recurrent encephalopathy, and survival. Sources of funding: National Institutes of Health and Surgical Education and Research Foundation. Structured abstract based on: Orloff MJ, Isenberg JI, Wheeler HO, et al. Randomized trial of emergency endoscopic sclerotherapy versus emergency portacaval shunt for acutely bleeding esophageal varices in cirrhosis. J Am Coll Surg. 2009;209:25-40. 19651060 Which of the following most strongly limits the generalizability of this study's findings?",19651060 Which of the following most strongly limits the generalizability of this study's findings?,"
A. The allocation was concealed 
B. EPCS is available only at specialty centers 
C. The follow-up period was too short 
D. The patients were not blinded 
E. Unmeasured confounders were not controlled by the study design
",B,B,True,"B. EPCS is available only at specialty centers - This option is the most relevant limitation for the generalizability of the study's findings. Emergency portacaval shunt (EPCS) is a complex surgical procedure that requires specialized expertise and facilities, which are not universally available. Therefore, the results of this study may not be applicable to all healthcare settings where patients with cirrhosis and acute bleeding esophageal varices are treated. This makes it difficult to generalize the findings to a broader population of patients and healthcare systems. A. The allocation was concealed - Concealing allocation is a strength of the study design as it helps prevent selection bias. This does not limit the generalizability of the study's findings. C. The follow-up period was too short - With a follow-up period up to 17 years, the study had an extensive duration, which is beneficial for long-term outcomes. Thus, this is not a limitation that affects generalizability. D. The patients were not blinded - While blinding can reduce bias, the lack of blinding in this case (patients could not be blinded due to the nature of the interventions) does not significantly impact the generalizability of the findings since the primary outcomes (survival, control of bleeding) are objective measures. E. Unmeasured confounders were not controlled by the study design - Although unmeasured confounders can always be a concern in any study, the randomized controlled trial design used here helps mitigate many potential biases. However, this is less specific to the generalizability issue compared to the availability of EPCS, which directly impacts the applicability of the findings across different healthcare settings.",0.0,0.0303,0.1481,0.0786,0.0504,0.0643,0.0643,0.47,0.5608,0.6795
"Abstract: Objective: In patients with cirrhosis and acute bleeding esophageal varices, how do endoscopic sclerotherapy and emergency portacaval shunt compare for control of bleeding and survival? Methods Design: Randomized controlled trial (San Diego Bleeding Esophageal Varices Study). ClinicalTrials.gov NCT00690027. Allocation: Concealed. Blinding: Blinded (gastroenterologist who evaluated patients for portal-systemic encephalopathy). Follow-up period: Up to 17 years. Setting: University of California San Diego Medical Center. Patients: 211 patients (mean age 49 years, 77% men) with acute bleeding esophageal varices resulting from cirrhosis, who required a transfusion of ≥ 2 units of blood and, for patients transferred from other hospitals, observation of upper gastrointestinal bleeding within 48 hours of transfer. Exclusion criterion was > 1 previous session of endoscopic sclerotherapy. Intervention: Endoscopic sclerotherapy (n = 106) or emergency portacaval shunt (n = 105). Emergency portacaval shunt comprised a direct side-to-side or direct end-to-side portacaval shunt done within 8 hours of initial contact. Outcomes: Control of bleeding at > 30 days, survival, readmissions for variceal or nonvariceal bleeding requiring transfusion of packed red blood cells, and recurrent portal-systemic encephalopathy. Patient follow-up: 100% (minimum follow-up until death or 9.4 years). Main results 15-year survival was lower with endoscopic sclerotherapy than with emergency portacaval shunt (10/106 vs 48/105, relative benefit reduction 79%, 95% CI 62 to 89; number needed to harm 3, CI 2 to 4). Other main results are shown in the Table. Endoscopic sclerotherapy (EST) vs emergency portacaval shunt (EPCS) in patients with cirrhosis and acute bleeding esophageal varices Outcomes | Child-Pugh risk class | EST | EPCS | P value | ———————————————————————————————————— Control of bleeding at > 30 days* | | 20% | 100% | <.001 | Median survival (years) | A | 4.62 | 10.43 | .003. | | B | 2.61 | 6.19 | <.001 | |. C | 0.58 | 5.30 | .005. | Mean number of readmissions for variceal bleeding requiring packed red blood cell transfusion | | 6.8 | 0.4 | <.001 | Recurrent portal-systemic encephalopathy† | | 35% | 15% | < .001 | ——————————————————————————————————— *Excluding indeterminate deaths at 14 days from nonbleeding causes. †In patients who survived 30 days and left hospital. ——————————————————————————————————— Conclusion In patients with cirrhosis and acute bleeding esophageal varices, emergency portacaval shunt was better than endoscopic sclerotherapy for control of bleeding, recurrent encephalopathy, and survival. Sources of funding: National Institutes of Health and Surgical Education and Research Foundation. Structured abstract based on: Orloff MJ, Isenberg JI, Wheeler HO, et al. Randomized trial of emergency endoscopic sclerotherapy versus emergency portacaval shunt for acutely bleeding esophageal varices in cirrhosis. J Am Coll Surg. 2009;209:25-40. 19651060 Which of the following conclusions is most appropriate based on the results presented in the table?",19651060 Which of the following conclusions is most appropriate based on the results presented in the table?,"
A. The 95% confidence interval for the difference in survival between EPCS and EST for Child-Pugh class A patients includes 0 years 
B. EPCS is more effective than EST in decreasing hospital readmissions for variceal bleeding requiring transfusion 
C. The median survival after EPCS is statistically significantly less for Child-Pugh class C than for Child-Pugh class B 
D. The randomization procedure was ineffective in decreasing bias in this study
",B,B,True,"Option A is incorrect because the 95% confidence interval for the difference in survival between EPCS and EST for Child-Pugh class A patients does not include 0 years. The median survival for Child-Pugh class A patients in the EST group is 4.62 years, while in the EPCS group it is 10.43 years. This indicates that the survival benefit of EPCS over EST is significant and the confidence interval would not include 0. Option B is correct because the mean number of readmissions for variceal bleeding requiring packed red blood cell transfusion is significantly lower in the EPCS group (0.4) compared to the EST group (6.8), as indicated by the p-value being less than 0.001. This demonstrates that EPCS is more effective than EST in reducing hospital readmissions for variceal bleeding requiring transfusions. Option C is incorrect because the median survival after EPCS is not statistically significantly less for Child-Pugh class C than for Child-Pugh class B. In fact, the data shows that the median survival for Child-Pugh class C patients is higher in the EPCS group (5.30 years) compared to the EST group (0.58 years), indicating a greater survival benefit with EPCS regardless of the Child-Pugh class. Option D is incorrect because there is no information provided in the abstract about the effectiveness of the randomization procedure in decreasing bias. While the allocation was concealed, which helps reduce selection bias, the abstract does not discuss the overall effectiveness of the randomization process in terms of bias reduction. Therefore, we cannot conclude anything about the randomization procedure's effectiveness based solely on the given information.",0.0,0.0277,0.1435,0.061,0.0205,0.0407,0.0407,0.4168,0.5266,0.6193
"A 42-year-old man comes to the office as a new patient. Three weeks ago, he was hospitalized for treatment of community-acquired pneumonia and diagnosed with HIV infection. He has no other history of serious illness and takes no medications. Vital signs are within normal limits. Examination shows no abnormalities. CD4+ T-lymphocyte count is 490/mm³, and plasma HIV viral load is 45,000 copies/mL. Results of other laboratory studies are within the reference ranges. Test results for syphilis and hepatitis B and C are negative. The patient agrees to begin antiretroviral therapy. He asks what his long-term prognosis will be. With adherence to the medication regimen, this patient is at greatest risk of death from which of the following?","With adherence to the medication regimen, this patient is at greatest risk of death from which of the following?","
A. Cardiovascular disease 
B. Chronic kidney disease 
C. HIV-related malignancy 
D. Non–HIV-related malignancy 
E. Opportunistic infection
",A,A,True,"Given that the patient has been diagnosed with HIV and has initiated antiretroviral therapy (ART), the long-term prognosis for this individual is significantly influenced by the management of HIV and its associated risks. Here's an analysis of each option: A. Cardiovascular disease - This is the correct answer. As patients with HIV live longer due to effective ART, they face an increased risk of cardiovascular diseases (CVD). Several factors contribute to this risk, including traditional CVD risk factors (such as smoking, hypertension, and dyslipidemia) and HIV-specific factors (like chronic inflammation and immune activation). Studies have shown that individuals with HIV have a higher incidence of myocardial infarction and stroke compared to the general population, even when controlling for traditional risk factors. B. Chronic kidney disease - While chronic kidney disease can occur in people with HIV, it is not the primary cause of death in the context of well-managed HIV. Kidney disease can be a complication of HIV itself or of certain antiretroviral drugs, but it is less likely to be the leading cause of mortality compared to cardiovascular disease in the current era of effective ART. C. HIV-related malignancy - Although HIV increases the risk of certain cancers such as Kaposi's sarcoma and non-Hodgkin lymphoma, these malignancies are more commonly seen in the absence of effective ART or in advanced stages of HIV infection. With successful ART, the incidence of these HIV-related malignancies decreases significantly. D. Non–HIV-related malignancy - The risk of non-HIV-related malignancies does increase over time in people living with HIV, but it is generally lower than the risk of cardiovascular disease. However, it remains an important consideration, especially for cancers like lung cancer, liver cancer, and anal cancer, which may be influenced by lifestyle factors common among people with HIV. E. Opportunistic infection - With the initiation of effective ART, the risk of opportunistic infections decreases dramatically. These infections were once the leading cause of death in people with HIV, but now, with proper treatment, they are much less common. In summary, while all these conditions pose risks to individuals with HIV, cardiovascular disease stands out as the most significant long-term risk factor for mortality in the context of well-controlled HIV infection.",0.0,0.0312,0.1392,0.0609,0.0153,0.0508,0.0508,0.4788,0.5609,0.6277
"A 40-year-old divorced woman comes to the office because of a 1-year history of difficulty sleeping. She says she sometimes does not fall asleep before 2 AM and does not feel rested at 6:30 AM when she has to get up and get her children ready for school. Sometimes she wakes after 1 to 2 hours of sleep and cannot fall back to sleep. On these occasions, she typically gets up for about 30 minutes, does some housework, and smokes a cigarette. She smokes one pack of cigarettes every three to four days. She works in a customer service call center and says she enjoys helping people resolve their problems. She now finds her job much harder and less enjoyable because she feels tired and sleepy. She says she would take a nap if she could, but she picks her children up as soon as she leaves work and spends the evening doing homework with them, making their dinner, and preparing lunches for the following day. By 9 PM, the children are in bed so she eats her own dinner and does some housework. She says that after 9 PM is when she smokes most of her cigarettes. She has not had depressed mood, excessive worry, or change in weight. Vital signs are within normal limits. Examination shows dark circles under the eyes and injected conjunctivae. Which of the following is the most appropriate initial step in management?",Which of the following is the most appropriate initial step in management?,"
A. Education on sleep hygiene 
B. Mirtazapine therapy 
C. Sertraline therapy 
D. Setting a date for smoking cessation 
E. Zolpidem therapy
",A,A,True,"A. Education on sleep hygiene - This is the most appropriate initial step in management for this patient. Sleep hygiene education involves teaching the patient about behaviors and environmental factors that can promote better sleep quality. Given the patient's lifestyle and responsibilities, improving her sleep habits could help address her insomnia without the need for medication initially. This includes establishing a regular sleep schedule, avoiding caffeine and nicotine close to bedtime, limiting screen time before bed, and creating a comfortable sleep environment. B. Mirtazapine therapy - While mirtazapine can be used to treat insomnia, it is typically reserved for cases where other non-pharmacological interventions have failed. The patient does not report symptoms of depression, which is often a reason for prescribing mirtazapine for insomnia. Additionally, starting with pharmacotherapy without first trying behavioral changes is not the recommended approach. C. Sertraline therapy - Sertraline is an antidepressant primarily used to treat depression and anxiety disorders. There is no indication of depression or significant anxiety in the patient's description, making sertraline inappropriate as an initial treatment for her sleep difficulties. D. Setting a date for smoking cessation - Although smoking can exacerbate sleep issues, setting a date for smoking cessation alone may not directly address the immediate problem of insomnia. Smoking cessation should be part of a broader health improvement plan but is not the primary focus for managing acute insomnia symptoms. E. Zolpidem therapy - Zolpidem is a sedative-hypnotic medication commonly prescribed for short-term treatment of insomnia. However, given the patient's chronic nature of the problem and lack of severe symptoms, initiating pharmacotherapy without first attempting non-pharmacological interventions is not the best approach. Moreover, long-term use of zolpidem can lead to dependence and other side effects. Therefore, the most appropriate initial step is to educate the patient on sleep hygiene practices to improve her sleep patterns naturally.",0.0149,0.0295,0.2081,0.0685,0.0502,0.0561,0.0561,0.4485,0.5569,0.7075
"A 58-year-old woman is brought to the office by her husband because of a 6-week history of increasing confusion. Her husband says that, initially, she had difficulty doing “normal” things, such as preparing meals. Since then, she has become progressively less able to care for herself or even use a telephone. During this time, she also has had increased anxiety and restlessness. She has type 2 diabetes mellitus well controlled with an oral hypoglycemic agent. She is alert and appears anxious. She is oriented to person but not to place or time. She startles when the door to the examination room is slammed shut. Her temperature is 36.8°C (98.2°F), pulse is 78/min and regular, and blood pressure is 132/94 mm Hg. Physical examination shows no other abnormalities. On neurologic examination, she can repeat three objects immediately but is unable to recall them after 3 minutes. She is unable to copy a drawing of a cube. Results of a complete blood count and serum electrolyte concentrations are within the reference ranges. Her serum glucose concentration is 155 mg/dL. CT scan of the head shows no abnormalities. Which of the following is the most appropriate next step in diagnosis?",Which of the following is the most appropriate next step in diagnosis?,"
A. Determination of hemoglobin A1c 
B. Measurement of cerebrospinal fluid 14-3-3 protein concentration 
C. Measurement of cerebrospinal fluid beta amyloid concentration 
D. Measurement of cerebrospinal fluid methylmalonic acid concentration 
E. Measurement of serum angiotensin-converting enzyme activity 
F. Serum protein electrophoresis
",B,F,False,"Given the patient's symptoms of progressive cognitive decline, disorientation, and neuropsychological deficits, coupled with her history of type 2 diabetes mellitus, the differential diagnosis includes various conditions such as Alzheimer's disease, vascular dementia, normal pressure hydrocephalus, and paraneoplastic syndromes. However, the absence of significant findings on physical examination, normal CT scan results, and normal serum electrolytes and glucose levels suggest that these initial tests have ruled out some common causes of acute confusion. Option A (Hemoglobin A1c) would be useful in assessing long-term glycemic control in diabetes but does not directly address the cause of the acute confusion and cognitive decline. Option B (Measurement of cerebrospinal fluid 14-3-3 protein concentration) is typically used in the diagnosis of Creutzfeldt-Jakob disease (CJD), a rare and rapidly progressive form of dementia. While CJD should be considered in the differential diagnosis, the clinical presentation here does not strongly suggest CJD, making this test less likely to be the most appropriate next step. Option C (Measurement of cerebrospinal fluid beta amyloid concentration) is more relevant to Alzheimer's disease, but it is not a standard diagnostic tool and is rarely performed in clinical practice due to its limited availability and utility compared to other diagnostic methods. Option D (Measurement of cerebrospinal fluid methylmalonic acid concentration) is indicative of vitamin B12 deficiency, which can lead to cognitive impairment. However, given that serum electrolytes and glucose levels are normal, and there is no specific indication of nutritional deficiencies, this test may not be the most direct approach. Option E (Measurement of serum angiotensin-converting enzyme activity) is usually associated with diagnosing sarcoidosis, which can present with neurological symptoms, but it is not a primary consideration in this case without additional supportive evidence. Option F (Serum protein electrophoresis) is the most appropriate next step because it can help identify monoclonal gammopathies, which can be associated with paraprotein-related dementias or other neurological disorders. These conditions can present with similar symptoms to those described and can sometimes mimic other forms of dementia. Additionally, paraproteinemias can cause demyelination or other neuropathological changes that might explain the patient’s symptoms. Therefore, serum protein electrophoresis is a reasonable diagnostic test to perform in order to rule out or confirm paraproteinemia as a potential cause of the patient's condition.",0.0071,0.0235,0.1737,0.0557,0.0305,0.0506,0.0506,0.442,0.5674,0.6241
"A 38-year-old woman is brought to the emergency department by paramedics 90 minutes after she fell through ice into a stream while hiking. She was stuck in the ice until emergency responders rescued her. On arrival, she has severe pain in her feet. She has no history of serious illness and takes no medications. Temperature is 34.8°C (94.6°F); other vital signs are within normal limits. Examination shows blue discoloration over the toes bilaterally, and the feet are cold to touch. Which of the following is the most appropriate next step in management?",Which of the following is the most appropriate next step in management?,"
A. Place the feet in front of a dry space heater 
B. Rub the feet with a steaming hot towel 
C. Submerge the feet in a moderately warm whirlpool 
D. Wrap the feet in a room-temperature wet-to-dry dressing 
E. Observation only
",C,D,False,"Given the patient's presentation, it is clear that she is suffering from frostbite due to prolonged exposure to cold temperatures. Frostbite occurs when tissues freeze, leading to cellular damage and potentially necrosis if not treated properly. The key principle in managing frostbite is to avoid further tissue injury and to rewarm the affected area as soon as possible under controlled conditions. Option A: Placing the feet in front of a dry space heater can be dangerous because direct heat can cause burns and further damage to already compromised tissues. This method is too aggressive and can lead to additional injury. Option B: Rubbing the feet with a steaming hot towel is also inappropriate. Aggressive rubbing can cause more damage to the frozen tissues and increase the risk of permanent injury. Additionally, using extremely hot water can cause thermal burns. Option C: Submerging the feet in a moderately warm whirlpool is not recommended for initial treatment of frostbite. The temperature needs to be carefully controlled, and whirlpools may introduce contaminants that could lead to infection. Immediate immersion in warm water should be done under medical supervision to ensure the temperature is appropriate and to monitor for complications. Option D: Wrapping the feet in a room-temperature wet-to-dry dressing is the most appropriate immediate action. This helps prevent further heat loss and provides gentle rewarming without causing additional trauma or burns. It is important to avoid extreme changes in temperature and to gradually rewarm the affected areas. After this initial step, medical professionals can then proceed with more specific treatments such as controlled rewarming under medical supervision. Option E: Observation only is not sufficient given the severity of the symptoms and the potential for rapid progression of tissue damage. Immediate intervention is necessary to prevent further harm. Therefore, the most appropriate next step in management is to wrap the feet in a room-temperature wet-to-dry dressing, which is option D.",0.0146,0.0289,0.2041,0.0657,0.048,0.0597,0.0597,0.4483,0.5701,0.6706
"A 52-year-old woman comes to the emergency department because of a 1-day history of bleeding gums and moderate pain in her knees. She first noticed the gum bleeding while brushing her teeth this morning; she has been unable to stop the bleeding. She has systemic lupus erythematosus with inflammatory arthritis and Raynaud disease. Medications are tramadol and hydroxychloroquine. Vital signs are within normal limits. Examination shows bleeding, friable gums. There are multiple ecchymoses and petechiae over the upper extremities. Cardiac and abdominal examinations show no abnormalities. The knees are cool to the touch; there are effusions, and range of motion is limited by pain. Neurologic examination shows no focal findings. Laboratory studies show: Hemoglobin = 11 g/dL Hematocrit = 33% Erythrocyte count = 4.2 × 10¹²/L Mean corpuscular volume = 90 μm³ Leukocyte count = 9000/mm³ Segmented neutrophils = 60% Bands = 3% Eosinophils = 2% Basophils = 1% Lymphocytes = 30% Monocytes = 4% Platelet count = 20,000/mm³ Serum Creatinine = 0.9 mg/dL Ferritin 1= 0 ng/mL Which of the following is the most appropriate next step in management?",9 mg/dL Ferritin 1= 0 ng/mL Which of the following is the most appropriate next step in management?,"
A. Factor replacement therapy 
B. Methotrexate therapy 
C. Plasmapheresis 
D. Prednisone therapy 
E. Splenectomy
",D,D,True,"Given the patient's presentation of bleeding gums, ecchymoses, petechiae, and a low platelet count (thrombocytopenia) of 20,000/mm³, the most likely diagnosis is thrombotic thrombocytopenic purpura (TTP) or a similar condition such as hemolytic uremic syndrome (HUS), but more commonly in the context of systemic lupus erythematosus (SLE), it could be immune thrombocytopenic purpura (ITP). However, the presence of SLE and the clinical picture suggest that the patient might be experiencing an exacerbation of her autoimmune condition leading to thrombocytopenia. Option A (Factor replacement therapy): This is typically used for hemophilia, not for thrombocytopenia. It would not address the underlying cause of the platelet destruction or production issues. Option B (Methotrexate therapy): While methotrexate can be used in the treatment of rheumatoid arthritis and some forms of SLE, it is not indicated for acute thrombocytopenia. It does not address the immediate need to increase platelet counts. Option C (Plasmapheresis): This is often used in TTP where there is evidence of microangiopathic hemolytic anemia and thrombocytopenia due to circulating inhibitors. However, given the patient's history and the lack of specific laboratory evidence pointing towards TTP (such as schistocytes on blood smear), plasmapheresis may not be the first-line treatment here. Option D (Prednisone therapy): Corticosteroids like prednisone are commonly used in ITP and can also be beneficial in managing acute exacerbations of SLE that lead to thrombocytopenia. They work by suppressing the immune system, which can help reduce platelet destruction and improve platelet counts. Option E (Splenectomy): This is a surgical procedure that removes the spleen, which is sometimes considered for chronic ITP when other treatments have failed. Given the acute nature of the patient's presentation and the potential risks associated with surgery, splenectomy would not be the immediate next step. Therefore, the most appropriate next step in management is to start prednisone therapy to address the acute thrombocytopenia and manage the flare-up of SLE.",0.0109,0.0298,0.1998,0.0649,0.0415,0.059,0.059,0.4307,0.5236,0.6114
"A 13-year-old boy is brought to the emergency department because of a 3-day history of progressive fatigue, shortness of breath, and difficulty walking up stairs. He had been well until 1 week ago, when he developed rhinorrhea, cough, and a sore throat. These symptoms resolved spontaneously 2 days ago. He has no history of serious illness and takes no medications. On arrival, he is pale and in moderate respiratory distress. Pulse is 120/min, respirations are 25/min, and blood pressure is 80/40 mm Hg. Pulse oximetry on room air shows an oxygen saturation of 91%. On pulmonary examination, crackles are heard throughout the lung fields. On cardiac examination, a gallop is heard. S1 is soft. A grade 2/6, high-pitched holosystolic murmur is heard best at the apex. The remainder of the examination shows no abnormalities. Which of the following is the most likely diagnosis?",Which of the following is the most likely diagnosis?,"
A. Glomerulonephritis 
B. Myocarditis 
C. Pneumonia 
D. Rheumatic fever 
E. Systemic lupus erythematosus
",B,B,True,"Given the patient's presentation, myocarditis is the most likely diagnosis. Here’s why: - Symptoms and History: The patient initially presented with upper respiratory tract symptoms (rhinorrhea, cough, sore throat) that resolved, followed by new onset of fatigue, shortness of breath, and difficulty walking up stairs. This pattern is consistent with viral myocarditis, where the initial infection can be followed by cardiac involvement. - Physical Examination Findings: - Pallor and Respiratory Distress: These findings suggest poor perfusion and heart failure. - Tachycardia (pulse 120/min): Tachycardia is a common compensatory mechanism for decreased cardiac output. - Hypotension (BP 80/40 mm Hg): Hypotension indicates poor cardiac function. - Oxygen Saturation (91% on room air): This suggests some degree of hypoxemia, which could be due to pulmonary edema secondary to heart failure. - Crackles throughout the lung fields: Crackles indicate fluid in the lungs, which can occur in heart failure. - Gallop rhythm: A gallop rhythm (S3 or S4) is often heard in patients with heart failure, reflecting ventricular dysfunction. - Soft S1: This can be seen in cases of reduced left ventricular filling. - Holosystolic Murmur: This is indicative of mitral regurgitation, which can occur as a result of myocardial dysfunction leading to papillary muscle dysfunction or annular dilation. Let's briefly discuss why the other options are less likely: - Glomerulonephritis (A): While it can present with similar constitutional symptoms, it typically does not cause acute heart failure or a gallop rhythm. - Pneumonia (C): Although pneumonia can cause respiratory distress and crackles, it usually presents with fever and more localized chest signs rather than a gallop rhythm or hypotension. - Rheumatic Fever (D): Rheumatic fever typically follows a streptococcal pharyngitis and presents with migratory arthritis, carditis, chorea, subcutaneous nodules, and erythema marginatum. The patient's history does not suggest this. - Systemic Lupus Erythematosus (E): SLE can affect multiple organs but would not typically present acutely with such severe cardiovascular symptoms without prior signs of systemic disease. Therefore, given the clinical picture, myocarditis is the most plausible diagnosis.",0.0049,0.0171,0.1374,0.0476,0.024,0.0417,0.0417,0.4067,0.5478,0.7006
"A 10-day-old female newborn is brought to the emergency department because of a 2-day history of bilious vomiting. She was born at term following an uncomplicated pregnancy and spontaneous vaginal delivery. She was 50.8 cm (20 in) in length and weighed 3260 g (7 lb 3 oz) at birth. Examination following delivery showed no abnormalities, and she was discharged at the age of 2 days. She is exclusively breast-fed. She appears ill. Today, she is 50.8 cm (20 in) in length and weighs 3062 g (6 lb 12 oz). Temperature is 38.3°C (100.9°F), pulse is 180/min, and respirations are 52/min. The abdomen is distended; the patient cries on palpation of the abdomen. Which of the following is the most likely diagnosis?",Which of the following is the most likely diagnosis?,"
A. Duodenal atresia 
B. Intussusception 
C. Meconium ileus 
D. Necrotizing enterocolitis 
E. Volvulus
",E,A,False,"Duodenal atresia is a congenital condition where there is a blockage in the duodenum, which is the first part of the small intestine. This condition often presents in neonates with bilious vomiting, failure to pass meconium, and abdominal distension. The symptoms described in the case, such as bilious vomiting, weight loss, and abdominal distension, are consistent with this diagnosis. - Option A (Duodenal atresia): This is the most likely diagnosis given the clinical presentation. Bilious vomiting in a neonate suggests an obstruction below the ampulla of Vater, and duodenal atresia fits this description perfectly. Additionally, the significant weight loss (from 3260 g to 3062 g) over just two days is concerning for a significant gastrointestinal issue that prevents proper feeding and digestion. - Option B (Intussusception): While intussusception can cause bilious vomiting, it typically occurs in older infants and children rather than neonates. It usually presents with a classic ""currant jelly"" stool and a sausage-shaped mass palpable in the abdomen, which is not mentioned in this case. - Option C (Meconium Ileus): This condition is associated with cystic fibrosis and typically presents with failure to pass meconium rather than bilious vomiting. Although it can cause abdominal distension, the presence of bilious vomiting makes this less likely compared to duodenal atresia. - Option D (Necrotizing Enterocolitis): This condition usually affects premature infants and is characterized by abdominal distension, bloody stools, and systemic signs of infection. While NEC can present with vomiting, it is more commonly seen in preterm infants and is associated with other risk factors like prematurity and formula feeding, which do not apply here. - Option E (Volvulus): This condition involves the twisting of a portion of the bowel, leading to obstruction. It can cause bilious vomiting and abdominal pain but is more common in older infants and young children. The sudden onset of symptoms and the absence of any mention of a history of constipation or a change in bowel habits make this less likely compared to duodenal atresia. Given the clinical presentation and the age of the infant, duodenal atresia is the most probable diagnosis.",0.005,0.0175,0.1561,0.0453,0.0285,0.0453,0.0453,0.3948,0.5519,0.6624
"An 85-year-old man with severe dementia, Alzheimer type, is admitted to the hospital because of a nonhealing ulcer on his right second toe. He lives in a nursing care facility and has been bedridden for the past 3 years. He has type 2 diabetes mellitus, hypertension, and peripheral vascular disease. His medications are metformin, amlodipine, and aspirin. Noninvasive vascular studies of the lower extremities show marked bilateral vascular disease. Subsequent peripheral angiography shows severe stenoses of the right superficial femoral and the left common iliac arteries. The patient undergoes uncomplicated placement of two sequential vascular stents in the superficial femoral artery and placement of an additional stent in the left common iliac artery. The type of stents used was recently approved by the US Food and Drug Administration and has been heavily marketed as a long-lasting solution to restenosis. Each stent costs the hospital $15,000. Alternatives to this approach include amputation of the toe, balloon angioplasty, and use of less expensive stents. Which of the following best describes the public policy implications of this scenario?",Which of the following best describes the public policy implications of this scenario?,"
A. Absence of resource stewardship 
B. Ageism 
C. Health care disparities 
D. Health care fraud and abuse 
E. Lack of access to care
",A,A,True,"Option A (Absence of resource stewardship) is the most appropriate choice given the context of the scenario. Resource stewardship refers to the responsible management of healthcare resources to ensure they are used effectively and efficiently. In this case, the use of expensive stents that have only recently been approved and heavily marketed could be seen as a lack of resource stewardship if there were viable alternatives that would achieve similar outcomes at a lower cost. The high cost of the stents ($15,000 each) raises questions about whether these resources are being used in the most efficient manner, especially considering the patient's advanced age, comorbid conditions, and the potential for alternative treatments such as balloon angioplasty or even amputation, which might be more cost-effective. Option B (Ageism) is not directly relevant here. While the patient's age is mentioned, the scenario does not suggest any form of discrimination based on age. The decision to perform the procedure seems to be based on medical necessity rather than age-related bias. Option C (Health care disparities) does not apply directly to this scenario. Healthcare disparities typically refer to differences in health outcomes between different populations due to factors like socioeconomic status, race, or ethnicity. This scenario focuses on the individual patient's treatment and does not discuss broader population-level disparities. Option D (Health care fraud and abuse) is not applicable here. There is no indication of fraudulent behavior or abuse in the scenario. The stents were placed after appropriate diagnostic procedures, and there is no evidence of overcharging or unnecessary procedures performed solely for financial gain. Option E (Lack of access to care) is not relevant to this specific scenario. The patient has received care and undergone a procedure, indicating that he had access to necessary medical services. The issue here is more about the appropriateness and cost-effectiveness of the chosen treatment rather than access to care. Therefore, the primary public policy implication highlighted in this scenario is the absence of resource stewardship, emphasizing the need for careful consideration of cost-effectiveness and resource allocation in medical decision-making.",0.0,0.0209,0.1735,0.0495,0.0166,0.044,0.044,0.4542,0.5784,0.6397
"A 62-year-old woman with myasthenia gravis comes to the office because of a 2-week history of falling. She says her legs ""give out"" once daily; she falls to the ground but does not hit her head. She took pyridostigmine until 2 weeks ago when she decided that it no longer worked. Respirations are 30/min. Examination shows a hypophonic nasal voice and ptosis bilaterally. Muscle strength is 2/5 in all extremities. The patient is told that she is in imminent danger of respiratory compromise and that she should be admitted to the hospital. She says she knows her breathing could pose a problem, but she hates hospitals and does not want to undergo more tests or therapy. She asks if she can have a prescription for her former medication and if she can go home. Which of the following is the most appropriate next step in management?",Which of the following is the most appropriate next step in management?,"
A. Assessment of medical decision-making capacity 
B. Electromyography and nerve conduction studies 
C. Involuntary hospital admission 
D. Oxygen therapy by nasal canula 
E. Pulmonary function testing
",A,A,True,"Given the patient's condition of myasthenia gravis, which is characterized by fluctuating muscle weakness, and her recent cessation of pyridostigmine (a cholinesterase inhibitor used to treat myasthenia gravis), the patient's current symptoms of falling and decreased muscle strength suggest a worsening of her condition. Additionally, her respiratory rate of 30 breaths per minute indicates potential respiratory distress, which is a serious complication of myasthenia gravis. Option A (Assessment of medical decision-making capacity) is the most appropriate next step because it addresses the patient's autonomy and understanding of her condition and treatment options. Before proceeding with any intervention, it is crucial to determine whether the patient has the capacity to make informed decisions about her care. If she lacks this capacity, then further steps such as hospitalization may be necessary despite her wishes. Option B (Electromyography and nerve conduction studies) and Option E (Pulmonary function testing) are important diagnostic tools for myasthenia gravis, but they are not immediate interventions that address the patient's current risk of respiratory compromise. These tests would typically be performed after ensuring the patient's immediate safety. Option C (Involuntary hospital admission) might be considered if the patient were deemed unable to make an informed decision due to cognitive impairment or if there was clear evidence of imminent danger to her health. However, without first assessing her decision-making capacity, this step would be premature and potentially unethical. Option D (Oxygen therapy by nasal canula) might be indicated if the patient were experiencing hypoxemia, but given the information provided, there is no specific mention of oxygen saturation levels or signs of hypoxia. Therefore, while oxygen therapy could be beneficial, it is not the primary concern based on the information given. Thus, the initial step should focus on evaluating the patient's ability to make informed decisions regarding her care, which will guide subsequent actions.",0.0088,0.0233,0.1593,0.0556,0.0311,0.0556,0.0556,0.478,0.5625,0.6402
"A 55-year-old man is brought to the emergency department by paramedics 45 minutes after his daughter found him unresponsive in his apartment. Paramedics initiated intravenous fluid warming and resuscitation at the scene. The patient has major depressive disorder, hypertension, and alcoholism. His medications are chlordiazepoxide, fluoxetine, and lisinopril. On arrival, he is arousable but confused. Temperature is 34.0°C (93.2°F), pulse is 64/min, respirations are 14/min, and blood pressure is 94/62 mm Hg. Physical examination shows no sign of trauma or prolonged immobilization. On mental status examination, he is oriented to person but not to place or time. His speech is verbose and nonsensical. Serum glucose concentration is 44 mg/dL, and blood alcohol concentration is 312 mg/dL. Urine toxicology screening is positive for alcohol and benzodiazepines. The most appropriate next step in management is administration of which of the following?",The most appropriate next step in management is administration of which of the following?,"
A. 50% Dextrose 
B. Flumazenil 
C. Lorazepam 
D. Naloxone 
E. Vitamin B1 (thiamine)
",E,E,True,"Given the patient's presentation, the most critical issue appears to be hypothermia (temperature of 34.0°C) and confusion, likely exacerbated by alcohol intoxication and possibly hypoglycemia. The patient's history of alcoholism and the presence of low serum glucose levels (44 mg/dL) suggest that Wernicke's encephalopathy could be a significant concern, especially given the lack of thiamine supplementation in his current regimen. Wernicke's encephalopathy can present with confusion, ophthalmoplegia, and ataxia, and it is often associated with alcohol abuse and malnutrition. Option A (50% Dextrose): While the patient does have hypoglycemia, the primary concern here is not solely the hypoglycemia but rather the potential for Wernicke's encephalopathy due to alcoholism and the lack of thiamine. Administering dextrose alone without addressing the thiamine deficiency could worsen the condition if Wernicke's encephalopathy is present. Option B (Flumazenil): This drug is used as an antidote for benzodiazepine overdose. However, given the patient's state of alcohol intoxication and the risk of precipitating withdrawal symptoms, flumazenil would not be indicated and could potentially cause seizures or delirium tremens. Option C (Lorazepam): This is a benzodiazepine and would not address the underlying issues of hypothermia, hypoglycemia, or the potential for Wernicke's encephalopathy. Additionally, given the patient’s already high blood alcohol level, adding another sedative would not be beneficial. Option D (Naloxone): This is used to reverse opioid-induced respiratory depression. There is no indication of opioid use in this case, so naloxone would not be appropriate. Option E (Vitamin B1 (thiamine)): Given the patient's history of alcoholism and the signs of confusion, thiamine should be administered immediately to prevent or treat Wernicke's encephalopathy. Thiamine is crucial in patients with alcoholism because chronic alcohol consumption can lead to thiamine deficiency, which can result in severe neurological complications. Administering thiamine is a standard of care in such cases, even before other interventions like glucose correction, to prevent further neurological damage. Therefore, the most appropriate next step in management is the administration of Vitamin B1 (thiamine).",0.0105,0.0339,0.2481,0.0737,0.0456,0.0567,0.0567,0.4276,0.5068,0.6621
"A 16-year-old boy is brought to the emergency department because of a 6-hour history of severe right-sided scrotal pain. He has not had penile discharge, fever, abdominal pain, vomiting, or diarrhea. He has no history of similar pain or any trauma to the region. He is sexually active with one female partner and uses condoms inconsistently. Vital signs are within normal limits. Abdominal examination shows no abnormalities. Genitourinary examination shows moderate edema and diffuse tenderness to palpation of the right scrotum; there is mild erythema. Lifting the right testicle does not relieve the pain. The left testicle is lower than the right testicle. Cremasteric reflex is present on the left and absent on the right. Which of the following is the most likely diagnosis?",Which of the following is the most likely diagnosis?,"
A. Epididymitis 
B. Testicular torsion 
C. Testicular tumor 
D. Torsion of the appendix testis 
E. Urinary tract infection 
F. Varicocele
",B,B,True,"- Testicular Torsion (Option B): This condition is characterized by sudden, severe pain in the scrotum, often accompanied by swelling and redness. The pain does not improve when the testicle is lifted, which is consistent with the patient's presentation. Additionally, the absence of the cremasteric reflex on the affected side is a key indicator of testicular torsion. The asymmetry in testicle position (the left testicle being lower than the right) can also be seen in torsion as blood flow to the affected testicle decreases, causing it to rise due to reduced weight. Given the acute onset and the specific physical findings, this is the most likely diagnosis. - Epididymitis (Option A): While epididymitis can cause scrotal pain, it typically presents with more gradual onset and is often associated with urinary symptoms such as dysuria (painful urination). It usually involves the epididymis rather than the testicle itself, and the pain may be relieved by lifting the testicle. The patient’s lack of urinary symptoms and the absence of the cremasteric reflex make this less likely. - Testicular Tumor (Option C): Testicular tumors generally present with a painless mass in the testicle and do not typically cause acute pain. The patient's history of acute onset pain and the presence of pain on palpation suggest an inflammatory or mechanical issue rather than a neoplastic process. - Torsion of the Appendix Testis (Option D): This condition causes localized pain and swelling at the upper pole of the testicle but is usually less severe and does not involve the entire testicle. The pain is often described as sharp and intermittent, and the cremasteric reflex is usually preserved. The patient's symptoms are more widespread and severe, making this less likely. - Urinary Tract Infection (UTI) (Option E): UTIs typically present with symptoms like dysuria, frequency, and urgency, along with possible systemic symptoms like fever. The patient's lack of these symptoms and the specific nature of his pain point away from a UTI. - Varicocele (Option F): A varicocele is a collection of enlarged veins in the scrotum, usually asymptomatic or presenting with a dull ache. It is not associated with acute pain or the absence of the cremasteric reflex. The patient's symptoms are inconsistent with a varicocele. Given the clinical presentation, the most likely diagnosis is testicular torsion, which requires urgent surgical intervention to preserve the testicle.",0.0045,0.0156,0.1261,0.0401,0.0252,0.0401,0.0401,0.3742,0.5538,0.6647
"A 64-year-old man comes to the clinic because of a 2-week history of severe pain and generalized muscle weakness. He has hypercholesteremia and hypertension. Three months ago, he had a myocardial infarction. At that time, he began atorvastatin therapy. Other medications are clopidogrel, lisinopril, and amiodarone. He is 178 cm (5 ft 10 in) tall and weighs 82 kg (180 lb); BMI is 26 kg/m² Pulse is 80/min and blood pressure is 125/67 mm Hg. Muscle strength is 4/5 on abduction of the shoulders and flexion of the hips. Deep tendon reflexes are 2+ throughout. No other abnormalities are noted. Measurement of which of the following is the most appropriate initial step in diagnosis?",Measurement of which of the following is the most appropriate initial step in diagnosis?,"
A. Erythrocyte sedimentation rate 
B. Serum ALT activity 
C. Serum calcium concentration 
D. Serum C-reactive protein concentration 
E. Serum creatine kinase activity
",E,E,True,"Given the patient's symptoms of severe pain and generalized muscle weakness, along with his recent history of statin use (atorvastatin), the most likely diagnosis is statin-induced myopathy. Statins can cause muscle-related side effects ranging from mild myalgias to more serious conditions like rhabdomyolysis, characterized by significant muscle breakdown leading to elevated levels of creatine kinase (CK). Option A (Erythrocyte sedimentation rate): This test measures inflammation but does not specifically relate to muscle damage or myopathy. It would be less relevant in this context compared to CK levels. Option B (Serum ALT activity): ALT is an enzyme primarily found in liver cells. Elevated ALT levels typically indicate liver injury rather than muscle damage. Therefore, it is not the most appropriate initial test for diagnosing muscle-related issues. Option C (Serum calcium concentration): While important for overall health, serum calcium levels do not directly reflect muscle function or damage. They are not specific indicators of myopathy or muscle injury. Option D (Serum C-reactive protein concentration): Like the erythrocyte sedimentation rate, CRP is a marker of systemic inflammation. Although it may be elevated in cases of muscle injury due to secondary inflammatory responses, it is not as specific or sensitive as measuring CK for muscle damage. Option E (Serum creatine kinase activity): Creatine kinase (CK) is an enzyme found predominantly in muscle tissue. When muscle cells are damaged, CK leaks into the bloodstream, causing elevated serum levels. This makes CK measurement the most direct and specific test for assessing muscle damage and diagnosing myopathy, especially in the context of statin use. Therefore, measuring serum CK activity is the most appropriate initial step in diagnosing the patient's condition.",0.0126,0.0344,0.2373,0.0819,0.0412,0.0683,0.0683,0.4179,0.5499,0.6918
"A 23-year-old man who is on active duty in the US Army comes to the clinic 1 hour after sustaining a bee sting to his right cheek. The patient reports continued pain at the site of the sting, but he has not had shortness of breath, throat tightness, loss of vision, or other neurologic symptoms. Medical history is unremarkable. He takes no medications. The patient has no known allergies. He is 178 cm (5 ft 10 in) tall and weighs 64 kg (140 lb); BMI is 20 kg/m². Temperature is 37.0°C (98.6°F), pulse is 86/min, respirations are 10/min, and blood pressure is 120/70 mm Hg. Examination of the right cheek shows an erythematous, swollen area of induration surrounding a central clear area with the stinger in situ. The swelling encroaches on the lower aspect of the patient's right orbit, which appears puffy and mildly dusky. After the stinger is removed, which of the following is the most appropriate next step in management?","After the stinger is removed, which of the following is the most appropriate next step in management?","
A. Administer an injection of epinephrine 
B. Admit the patient to the hospital for intravenous vancomycin therapy 
C. Cleanse the site and apply ice 
D. Obtain an ophthalmologist consultation 
E. Prescribe oral clindamycin
",C,C,True,"Given the scenario, the patient has experienced a localized reaction to a bee sting without any signs of systemic allergic reaction such as shortness of breath, throat tightness, or loss of vision. The presence of a swollen, erythematous area around the sting site with the stinger still present suggests a local inflammatory response rather than a severe allergic reaction like anaphylaxis. Since the patient does not have any known allergies and there are no signs of a systemic reaction, the immediate concern is managing the local reaction and ensuring that the stinger is removed properly to prevent further venom release. Option A (Administer an injection of epinephrine): This would be inappropriate because the patient does not exhibit signs of anaphylaxis. Epinephrine is typically used in cases where there is a severe allergic reaction involving multiple organ systems, which is not indicated here. Option B (Admit the patient to the hospital for intravenous vancomycin therapy): Vancomycin is an antibiotic used primarily for serious infections caused by gram-positive bacteria, particularly methicillin-resistant Staphylococcus aureus (MRSA). There is no indication of infection requiring antibiotics, especially not one that would warrant vancomycin specifically. Furthermore, the patient’s condition does not suggest the need for hospital admission based on the information provided. Option C (Cleanse the site and apply ice): This is the most appropriate next step. Cleaning the wound helps prevent secondary bacterial infection, and applying ice can help reduce inflammation and pain associated with the sting. This conservative approach is suitable for a localized reaction without systemic involvement. Option D (Obtain an ophthalmologist consultation): While the swelling does extend into the orbit, the description does not indicate any significant ocular involvement that would necessitate an urgent ophthalmology consult. The mild puffiness and dusky appearance of the orbit do not suggest a condition requiring immediate specialist intervention. Option E (Prescribe oral clindamycin): Antibiotics are generally not necessary for a simple bee sting unless there is evidence of infection. Given the lack of systemic symptoms and the absence of signs of infection, prescribing an antibiotic would be unnecessary and potentially contribute to antibiotic resistance. Therefore, the most appropriate action is to cleanse the site and apply ice, making Option C the correct choice.",0.0098,0.0363,0.1905,0.0725,0.0469,0.0674,0.0674,0.461,0.5656,0.6541
"A 32-year-old man is brought to the emergency department after being found by his wife in their bedroom with a gun in his hands. His wife reports that the patient “has not been himself” since their son was stillborn 6 months ago. She says that during the past month, he hardly has slept and has not showered or shaved; he sits in the dark and refuses to eat. He began fluoxetine therapy 3 months ago, but his symptoms have continued to worsen. He appears disheveled. He is 175 cm (5 ft 9 in) tall and weighs 52 kg (115 lb); BMI is 17 kg/m². His pulse is 90/min, and blood pressure is 100/60 mm Hg. Physical examination shows decreased skin turgor and dry mucous membranes. When asked about his mood, he says, “I don’t know.” He has a tearful affect. He responds to most questions with one-word answers in a soft voice. He says he hears a voice telling him that he is a failure and says he wants to join his son in heaven. He refuses to answer questions about suicide. After removing all firearms from the patient’s house and admitting him to a psychiatric facility, which of the following is the most appropriate next step in management?","After removing all firearms from the patient’s house and admitting him to a psychiatric facility, which of the following is the most appropriate next step in management?","
A. Electroconvulsive therapy 
B. Imipramine therapy 
C. Mirtazapine therapy 
D. Sertraline therapy 
E. Transcranial magnetic stimulation
",A,C,False,"Given the patient's history of significant depressive symptoms following the stillbirth of his son, his poor response to fluoxetine, and his current state of severe depression with suicidal ideation and auditory hallucinations, the most appropriate next step would be to consider an alternative antidepressant that might better address his symptoms. Option A (Electroconvulsive therapy - ECT): While ECT can be highly effective for severe depression, especially when accompanied by psychotic features or when other treatments have failed, it is typically considered after multiple trials of medication have failed or when there is an urgent need for rapid improvement due to risk factors such as suicidality. Given that the patient is newly admitted and has not yet had a thorough trial of different medications, ECT may be premature at this stage. Option B (Imipramine therapy): Imipramine is a tricyclic antidepressant (TCA). Although TCAs can be effective for treating major depressive disorder, they carry a higher risk of side effects compared to newer antidepressants like selective serotonin reuptake inhibitors (SSRIs) and serotonin-norepinephrine reuptake inhibitors (SNRIs). Additionally, the patient is already on fluoxetine, an SSRI, and has shown no improvement, suggesting that switching to another type of SSRI or SNRI might be more appropriate before considering a TCA. Option C (Mirtazapine therapy): Mirtazapine is an atypical antidepressant that works by blocking postsynaptic alpha-2 adrenergic receptors and 5-HT2 histaminergic receptors, leading to increased norepinephrine and serotonin neurotransmission. It is known for its sedative properties, which could help with the patient's insomnia, and its ability to increase appetite, which could address his weight loss and poor nutrition. Mirtazapine also has a relatively favorable side effect profile compared to TCAs and can be started at lower doses and titrated up, making it a good choice for someone who is currently malnourished and dehydrated. Option D (Sertraline therapy): Sertraline is another SSRI, similar to fluoxetine. Since the patient has already been on an SSRI without significant improvement, switching to another SSRI might not yield better results. However, if the patient were to be switched to an SSRI, sertraline might be considered, but given the patient's specific symptoms, including poor sleep, weight loss, and lack of appetite, mirtazapine might be more beneficial. Option E (Transcranial magnetic stimulation - TMS): TMS is a non-invasive brain stimulation technique used primarily for treatment-resistant depression. While it can be effective, it is generally considered after several adequate trials of antidepressant medications have failed. The patient has only been on one SSRI, and his condition is severe enough to warrant immediate intervention with pharmacotherapy rather than waiting for TMS. Therefore, based on the patient's clinical presentation and the need for a quick response to improve his mood and reduce suicidal ideation, mirtazapine is the most appropriate next step in management.",0.0096,0.0324,0.2213,0.0772,0.0367,0.0691,0.0691,0.4406,0.5536,0.69
"A 60-year-old woman comes to the office as a new patient. She recently moved to the area. She feels well. She has hypertension treated with amlodipine and asthma well controlled with inhaled fluticasone and inhaled albuterol as needed. According to the medical records she brought with her, a mammography 6 months ago showed no abnormalities, results of laboratory studies 1 year ago were within the reference ranges, and colonoscopy 5 years ago showed no abnormalities. Her past three Pap smears have shown no abnormalities; the most recent Pap smear was 1 year ago. Her mother has type 2 diabetes mellitus, and her maternal aunt had breast cancer at the age of 55 years. The patient does not smoke cigarettes. She drinks two glasses of wine weekly. She works as a nurse. She has been monogamous with her husband for 30 years. Pulse is 76/min, respirations are 16/min, and blood pressure is 132/86 mm Hg. Examination shows no abnormalities. Screening for which of the following is the most appropriate next step in management?",Screening for which of the following is the most appropriate next step in management?,"
A. Abdominal aortic aneurysm 
B. Breast cancer 
C. Chlamydia trachomatis infection 
D. Colon cancer 
E. Hepatitis C
",E,B,False,"Given the patient's history and current health status, the most appropriate next step in management would be screening for breast cancer. Here’s why: - Option A (Abdominal aortic aneurysm): This condition is more commonly screened for in men over the age of 65 who have ever smoked, or in women with specific risk factors such as smoking history or family history of abdominal aortic aneurysm. Since the patient does not smoke and there is no mention of any specific risk factors related to this condition, it is less likely to be the priority. - Option B (Breast cancer): Given that the patient is 60 years old, has a family history of breast cancer (her maternal aunt had breast cancer at the age of 55), and considering that her last mammogram was 6 months ago (which is typically recommended every 1-2 years for women aged 50-74), it might seem redundant. However, given the family history, additional screening or genetic counseling could be considered. Nonetheless, the question asks for the ""most appropriate"" next step, and since her last mammogram was relatively recent and no abnormalities were found, routine follow-up is indicated rather than immediate further action unless there are new symptoms or concerns. - Option C (Chlamydia trachomatis infection): This sexually transmitted infection is typically screened for in younger sexually active individuals, especially those with multiple partners. Since the patient is monogamous and has been so for 30 years, this is not a relevant concern. - Option D (Colon cancer): The patient had a normal colonoscopy 5 years ago, which is within the recommended screening interval for average-risk individuals (every 10 years). Unless there are new symptoms or changes in risk factors, further screening for colon cancer is not indicated at this time. - Option E (Hepatitis C): There is no indication in the patient's history suggesting a need for hepatitis C screening. Typically, this screening is recommended for individuals with certain risk factors such as intravenous drug use, blood transfusions before 1992, or other high-risk behaviors, none of which are mentioned here. Therefore, while all options represent conditions that should be managed appropriately based on individual risk factors, the most pertinent next step given the patient's profile and the information provided is to ensure continued monitoring for breast cancer due to her age and family history.",0.009,0.0268,0.144,0.0645,0.0349,0.0546,0.0546,0.4141,0.5326,0.6588
"A 12-year-old girl is brought to the physician for a follow-up examination 8 days after starting a course of oral penicillin for streptococcal pharyngitis. Temperature is 38.6°C (101.5°F). Examination shows an erythematous morbilliform rash, urticaria, mild swelling of the hands and feet, arthralgias, and lymphadenopathy. Leukocyte count is 13,000/mm³ (62% segmented neutrophils, 10% eosinophils, and 28% lymphocytes). Urinalysis shows 2+ protein. Which of the following is most appropriate to prevent recurrence of these symptoms if the patient is diagnosed with streptococcal pharyngitis again?",Which of the following is most appropriate to prevent recurrence of these symptoms if the patient is diagnosed with streptococcal pharyngitis again?,"
A. Pretreatment with an antihistamine 
B. Pretreatment with a corticosteroid 
C. Skin testing with benzylpenicilloyl polylysine prior to treatment 
D. Use of a nonpenicillin antibiotic to treat the pharyngitis 
E. Use of a single injection of benzathine penicillin to treat the pharyngitis
",D,D,True,"The clinical presentation described suggests that the patient is experiencing a drug reaction known as Drug Eruption with Eosinophilia and Systemic Symptoms (DRESS) syndrome, which can be triggered by penicillin. However, given the context of the question and the options provided, it seems more likely that the patient is experiencing a hypersensitivity reaction to penicillin, possibly leading to a condition similar to serum sickness or a delayed allergic reaction. The presence of fever, rash, urticaria, arthralgias, lymphadenopathy, and eosinophilia strongly supports this diagnosis. Option A (Pretreatment with an antihistamine): Antihistamines may help manage some symptoms of an allergic reaction but do not prevent the recurrence of a severe hypersensitivity reaction to penicillin. They are not a preventive measure against future reactions. Option B (Pretreatment with a corticosteroid): Corticosteroids might be used to treat a severe allergic reaction but are not a preventive measure for future episodes of streptococcal pharyngitis. Additionally, they would not prevent a recurrence of symptoms if the same antibiotic is used again. Option C (Skin testing with benzylpenicilloyl polylysine prior to treatment): While skin testing can help identify immediate hypersensitivity to penicillin, it does not prevent a delayed-type hypersensitivity reaction such as the one described. Moreover, if the patient has already had a severe reaction, it would be inappropriate to risk another exposure to penicillin through skin testing. Option D (Use of a nonpenicillin antibiotic to treat the pharyngitis): This is the most appropriate choice because it avoids re-exposure to penicillin, thereby preventing any recurrence of the hypersensitivity reaction. There are several effective non-penicillin antibiotics available for treating streptococcal pharyngitis, including macrolides (e.g., azithromycin) and cephalosporins (though caution should be exercised with cephalosporins in patients with a history of penicillin allergy due to potential cross-reactivity). Option E (Use of a single injection of benzathine penicillin to treat the pharyngitis): Given the patient's history of a severe reaction to penicillin, using penicillin again, even in a different form, would be contraindicated and could potentially lead to a recurrence of the hypersensitivity reaction. Therefore, the best approach to prevent recurrence of these symptoms if the patient is diagnosed with streptococcal pharyngitis again is to use a nonpenicillin antibiotic.",0.0291,0.0481,0.3376,0.1085,0.0831,0.1085,0.1085,0.51,0.6223,0.8164
"A 45-year-old woman is hospitalized for management of Staphylococcus aureus endocarditis with persistent bacteremia. The patient is discussed during interdisciplinary rounds, which includes physicians, nurses, pharmacists, and social workers. During rounds, a pharmacy student notices that the patient missed two doses of her scheduled antibiotic last week but is unsure why. The physician and nurse are unaware of these missed doses, and the student does not mention her observation. Which of the following measures is most likely to improve communication within this interdisciplinary health care team?",Which of the following measures is most likely to improve communication within this interdisciplinary health care team?,"
A. Conduct interdisciplinary rounds in a quieter location 
B. Encourage questions from all team members 
C. Implement a checklist for standardizing patient rounds 
D. Use computers during rounds to review medications
",B,C,False,"Option A (Conduct interdisciplinary rounds in a quieter location) might help in reducing distractions and improving the quality of discussions during rounds, but it does not directly address the issue of missed doses or improve communication about specific patient care details among team members. Option B (Encourage questions from all team members) is a good practice for fostering an open environment where issues can be raised and discussed. However, it does not provide a structured method for ensuring that critical information, such as missed doses, is communicated effectively and consistently. Option C (Implement a checklist for standardizing patient rounds) is the most effective measure to improve communication within the interdisciplinary healthcare team. A standardized checklist ensures that all aspects of patient care, including medication administration, are systematically reviewed and discussed during rounds. This would help prevent important details like missed doses from being overlooked and ensure that all team members are aware of the patient's status and any issues that need addressing. Option D (Use computers during rounds to review medications) could enhance the accuracy of medication reviews and provide real-time access to patient data. However, relying solely on technology may not guarantee that all team members actively engage in discussing and addressing patient care issues, especially if there is no structured approach to ensure that all relevant information is shared and acted upon. Therefore, implementing a checklist for standardizing patient rounds (Option C) is the most comprehensive approach to improving communication and ensuring that all pertinent patient care information is effectively communicated among the interdisciplinary team.",0.0035,0.0386,0.1674,0.087,0.0292,0.0797,0.0797,0.5043,0.6399,0.7588
"A 37-year-old man comes to the physician for a routine health maintenance examination. He has no history of serious illness and takes no medications. He does not smoke cigarettes, and he exercises four times weekly. His mother died of colon cancer at the age of 76 years. He is 183 cm (6 ft 0 in) tall and weighs 100 kg (220 lb); BMI is 30 kg/m². Pulse is 68/min and blood pressure is 138/74 mm Hg. The remainder of the examination shows no abnormalities. Which of the following is the most appropriate next step?",Which of the following is the most appropriate next step?,"
A. Test of the stool for occult blood 
B. Complete blood count 
C. Measurement of serum thyroid-stimulating hormone concentration 
D. Serum lipid studies 
E. No further evaluation is necessary
",D,D,True,"Given the patient's profile, the most appropriate next step would be to perform serum lipid studies (Option D). Here’s why: - Option A (Test of the stool for occult blood): While colorectal cancer screening is important, especially given his family history, this test alone is not the most immediate concern for a routine health maintenance examination. Occult blood testing is typically part of a more comprehensive colorectal cancer screening strategy, which may include colonoscopy based on age and risk factors. - Option B (Complete blood count): A complete blood count (CBC) is a standard part of many routine examinations, but it doesn't specifically address the primary concerns raised by the patient's profile. Given his high BMI and other factors, focusing on cardiovascular risk factors might be more pertinent. - Option C (Measurement of serum thyroid-stimulating hormone concentration): Thyroid function tests can be useful in certain contexts, such as unexplained weight changes or symptoms of hypothyroidism or hyperthyroidism. However, there is no indication from the provided information that the patient has any thyroid-related symptoms or risk factors. - Option D (Serum lipid studies): This is the most appropriate choice because the patient has a high BMI (30 kg/m²), which is considered obese and is associated with an increased risk of cardiovascular disease. Measuring serum lipids (cholesterol and triglycerides) will help assess his risk for coronary artery disease, stroke, and other cardiovascular conditions. Early detection and management of dyslipidemia can significantly reduce these risks. - Option E (No further evaluation is necessary): This is incorrect because the patient has several risk factors that warrant further investigation, including obesity, high blood pressure, and a family history of colon cancer. Routine health maintenance should aim to identify and manage potential health issues early. Therefore, performing serum lipid studies (Option D) aligns best with the goal of identifying and managing cardiovascular risk factors in this patient.",0.0082,0.0218,0.1586,0.0557,0.0374,0.0433,0.0433,0.4568,0.5404,0.6507
"A 35-year-old woman is evaluated for a persistent fever 4 days after admission to the hospital for treatment of pyelonephritis. She has type 2 diabetes mellitus poorly controlled with insulin. She has received ciprofloxacin since admission. Results of initial blood cultures are pending. Temperature is 40.0°C (104.0°F), pulse is 110/min, respirations are 20/min, and blood pressure is 100/60 mm Hg. Examination shows marked right costovertebral angle tenderness. Which of the following is the most appropriate next step in management?",Which of the following is the most appropriate next step in management?,"
A. Addition of clindamycin to the medication regimen 
B. Addition of vancomycin to the medication regimen 
C. CT scan of the abdomen 
D. Doppler ultrasonography of the lower extremities 
E. Repeat blood cultures and fungal cultures
",C,E,False,"Given the patient's history of poorly controlled type 2 diabetes mellitus and her persistent fever despite antibiotic therapy for pyelonephritis, it is crucial to consider the possibility of complications such as sepsis, abscess formation, or an alternative infection source. The patient's high fever and marked right costovertebral angle tenderness suggest ongoing urinary tract infection or possible complications like an abscess. However, given her diabetic status and the persistence of symptoms, it is also important to rule out other sources of infection, including fungal infections, which can be more common in immunocompromised patients. Option A (Addition of clindamycin to the medication regimen) is not the most appropriate next step because the patient is already on ciprofloxacin, which is effective against many gram-negative bacteria commonly associated with pyelonephritis. Adding clindamycin would be more relevant if there was suspicion of anaerobic bacterial infection, which is less likely in this scenario without additional clinical evidence. Option B (Addition of vancomycin to the medication regimen) is not indicated unless there is a specific concern for methicillin-resistant Staphylococcus aureus (MRSA) infection, which is not suggested by the current information provided. Vancomycin is typically reserved for severe MRSA infections or when there is a high index of suspicion for MRSA based on epidemiological factors or culture results. Option C (CT scan of the abdomen) could be considered if there were signs of complications such as an abscess, but given the lack of additional clinical findings that would specifically indicate this need, it is not the most immediate next step. Imaging should be guided by clinical suspicion and the presence of specific signs or symptoms indicating a complication. Option D (Doppler ultrasonography of the lower extremities) is not relevant to the current clinical presentation, as there is no indication of deep vein thrombosis or other vascular issues that would warrant this investigation. Option E (Repeat blood cultures and fungal cultures) is the most appropriate next step. Given the persistence of fever and the patient's risk factors (poorly controlled diabetes), it is essential to rule out other sources of infection, including fungal infections, which can occur in immunocompromised individuals. Additionally, repeat blood cultures will help determine if the current antibiotic regimen is effective or if there is a resistant pathogen causing the infection. Therefore, the most appropriate action is to obtain repeat blood cultures and fungal cultures to guide further management and ensure that all potential sources of infection are being addressed.",0.0067,0.0223,0.1664,0.0524,0.0287,0.0524,0.0524,0.4263,0.5596,0.6699
"A 23-year-old man is being evaluated in the intensive care unit because of steadily decreasing blood pressure since he was admitted 2 hours ago for treatment of septic shock caused by pneumonia. Medical history is remarkable for cystic fibrosis and severe obstructive lung disease. In the emergency department, the patient was intubated, had three peripheral intravenous catheters placed, and was treated empirically with broad-spectrum antibiotics, bronchodilators, a continuous infusion of propofol and fentanyl, and 4 L of 0.9% saline. Immediately after administration of fluids, the patient's pulse was 105/min and blood pressure was 100/50 mm Hg. The patient is 173 cm (5 ft 8 in) tall and weighs 59 kg (130 lb); BMI is 20 kg/m². Pulse is 135/min and blood pressure is 79/43 mm Hg. Auscultation of the lungs discloses diffuse rhonchi and inspiratory crackles with low-pitched bilateral expiratory wheezes. Cardiac examination discloses no murmurs, rubs, or gallops. Bedside ultrasonography of the abdomen shows the inferior vena cava is 1.8 cm in diameter with minimum respirophasic collapsibility, and cardiac ultrasonography shows that the left ventricular ejection fraction is approximately 0.65. Results of laboratory studies obtained on admission and now are shown: On Admission, the White Blood Cell count is 21,000/mm³ and Blood Lactic acid is 5.2 mg/dL. Now the patient's White Blood Cell count is 19,000/mm³ and Blood Lactic acid is 4.0 mg/dL Which of the following is the most appropriate next step in management?",0 mg/dL Which of the following is the most appropriate next step in management?,"
A. Administer an additional 1-L bolus of 0.9% saline 
B. Administer intravenous hydrocortisone 
C. Administer intravenous voriconazole 
D. Begin a continuous infusion of norepinephrine 
E. Order CT scan of the head
",D,D,True,"Given the patient's clinical scenario, the most appropriate next step in management is to begin a continuous infusion of norepinephrine. Here’s why: - Option A: Administer an additional 1-L bolus of 0.9% saline - While fluid resuscitation is often the first line of treatment for hypotension in sepsis, the patient has already received 4 liters of 0.9% saline and his blood pressure remains low despite this intervention. This suggests that further fluid administration may not be effective and could potentially lead to fluid overload, especially considering the patient's underlying lung disease. - Option B: Administer intravenous hydrocortisone - Corticosteroids can be beneficial in certain cases of septic shock, particularly when there is evidence of adrenal insufficiency or if the patient does not respond adequately to fluid resuscitation and vasopressors. However, the patient's current presentation does not specifically indicate adrenal insufficiency, and the primary issue appears to be ongoing hypotension despite adequate fluid resuscitation. - Option C: Administer intravenous voriconazole - Voriconazole is an antifungal medication. There is no indication from the provided information that the patient has a fungal infection, and the initial treatment with broad-spectrum antibiotics is more appropriate for suspected bacterial pneumonia. Therefore, starting voriconazole at this point would not address the immediate hemodynamic instability. - Option D: Begin a continuous infusion of norepinephrine - The patient's persistent hypotension despite adequate fluid resuscitation indicates the need for vasopressor support. Norepinephrine is a commonly used vasopressor in septic shock due to its ability to increase systemic vascular resistance and maintain blood pressure without significantly increasing heart rate or causing arrhythmias. Given the patient's current state, initiating norepinephrine would be the most appropriate next step to stabilize his blood pressure. - Option E: Order CT scan of the head - A CT scan of the head is not indicated in this case as the patient's symptoms are consistent with septic shock secondary to pneumonia. There is no suggestion of neurological involvement or complications that would warrant such imaging. Therefore, the most appropriate action is to start a continuous infusion of norepinephrine to manage the patient's ongoing hypotension.",0.0106,0.0262,0.1527,0.0604,0.0387,0.0549,0.0549,0.4447,0.5684,0.6766
A 32-year-old nulligravid woman comes to the office for counseling prior to conception. Menses occur at irregular 40- and 60-day intervals. She has impaired glucose tolerance controlled by diet. She takes no medications. She is 165 cm (5 ft 5 cm) tall and weighs 84 kg (185 lb); BMI is 31 kg/m². Vital signs are within normal limits. Examination shows no abnormalities. Her fasting serum glucose concentration is 120 mg/dL. This patient is at greatest risk for developing which of the following?,This patient is at greatest risk for developing which of the following?,"
A. Gestational diabetes 
B. Hypothyroidism 
C. Intrauterine growth restriction 
D. Placenta previa 
E. Preterm labor
",A,A,True,"Given the patient's history of impaired glucose tolerance that is currently being managed through diet alone, she is at a significantly increased risk for developing gestational diabetes during pregnancy. The presence of pre-existing impaired glucose tolerance, combined with her obesity (BMI of 31 kg/m²), places her in a high-risk category for this condition. Gestational diabetes is characterized by hyperglycemia that occurs during pregnancy and can have significant implications for both maternal and fetal health. Option B, hypothyroidism, while it can complicate pregnancy, is not directly related to the patient's current medical history as described. There is no mention of thyroid function issues or symptoms suggestive of hypothyroidism. Option C, intrauterine growth restriction (IUGR), can be associated with various conditions including gestational diabetes, but it is not the primary concern given the information provided. While gestational diabetes can contribute to IUGR, the direct risk factor highlighted here is the patient's predisposition to gestational diabetes itself. Option D, placenta previa, refers to a condition where the placenta covers the cervix, which typically does not correlate directly with the patient's metabolic status or menstrual irregularities. It is more commonly associated with factors such as previous uterine surgery or advanced maternal age. Option E, preterm labor, is another potential complication of pregnancy but is not specifically linked to the patient's current metabolic state as described. While gestational diabetes can increase the risk of certain complications, including preterm labor, the immediate concern based on the patient's profile is her predisposition to gestational diabetes. Therefore, considering the patient's history of impaired glucose tolerance and her body mass index, the most pressing concern is her risk for developing gestational diabetes during pregnancy.",0.0,0.0256,0.184,0.0673,0.0203,0.0606,0.0606,0.4605,0.5842,0.6447
"A 17-year-old girl is brought to the physician by her parents because they are concerned she is using illicit drugs. They report that, “she just isn’t herself anymore.” She has no history of serious illness and takes no medications. She is upset about being “tricked” to come to the doctor. Physical examination shows no abnormalities. On mental status examination, she has an angry mood and anxious affect. The patient’s parents privately request a toxicology screening for their daughter but ask that she be told that her blood will be taken to “check her thyroid gland.” After discussing the parents’ wish for secrecy, which of the following is the most appropriate next step in management?","” After discussing the parents’ wish for secrecy, which of the following is the most appropriate next step in management?","
A. Comply with the parents’ wishes 
B. Inform the parents that everything the patient tells the physician is confidential 
C. Inform the parents that if the patient’s toxicology screening is positive, it must be reported to the police 
D. Inform the parents that the physician cannot deceive the patient
",D,D,True,"Option A (Comply with the parents' wishes) is inappropriate because deceiving a patient, especially a minor, violates ethical principles of medical practice. It undermines trust between the patient and healthcare provider and can have long-term negative effects on the therapeutic relationship. Option B (Inform the parents that everything the patient tells the physician is confidential) is not directly addressing the issue at hand, which is the parents' request to perform a toxicology screen under false pretenses. While confidentiality is important, this response does not resolve the ethical dilemma presented by the parents' request. Option C (Inform the parents that if the patient's toxicology screening is positive, it must be reported to the police) is incorrect because it introduces an additional layer of misinformation. Reporting to the police is not automatically required for a positive toxicology result unless mandated by law or specific circumstances, such as suspected child abuse or neglect. This information would further confuse the situation and could lead to unnecessary legal complications. Option D (Inform the parents that the physician cannot deceive the patient) is the most appropriate response. It upholds the ethical standards of honesty and transparency in the patient-physician relationship. It also sets clear boundaries regarding the limits of confidentiality and the importance of truthfulness in medical care. If the parents insist on a toxicology screen, the physician should discuss the need for informed consent and explore ways to address the parents' concerns while respecting the patient's autonomy and rights.",0.0037,0.0407,0.209,0.0824,0.0302,0.0749,0.0749,0.4952,0.5996,0.6367
"A 52-year-old woman with type 2 diabetes mellitus comes to the office for a follow-up examination. Two weeks ago, she was treated with amoxicillin for a urinary tract infection. At that time, her blood pressure was 165/98 mm Hg, and serum creatinine concentration was 1.2 mg/dL; lisinopril therapy was also begun. During the past week, she has had increased swelling of the lower extremities and shortness of breath. Her dysuria has resolved. She appears anxious. Temperature is 36.8°C (98.2°F), pulse is 110/min, respirations are 20/min, and blood pressure is 185/105 mm Hg. Diffuse bilateral crackles are heard on pulmonary examination. An S3 gallop is heard. There is 3+ pitting bilateral pretibial edema. The laboratory studies showed that the levels for Serum Urea nitrogen is 45 mg/dL and Serum Creatinine is 4 mg/dL. As for the urine, its specific gravity is 1.010, no blood, and has moderate numbers of Hyaline casts. Which of the following is the most likely diagnosis?",Which of the following is the most likely diagnosis?,"
A. Acute glomerulonephritis 
B. Acute interstitial nephritis 
C. Acute kidney injury 
D. Acute obstructive uropathy 
E. Intravascular volume depletion
",C,C,True,"Given the patient's clinical presentation and laboratory findings, acute kidney injury (AKI) is the most likely diagnosis. Here’s a detailed breakdown of why this is the case and why the other options are less likely: - Acute Kidney Injury (AKI): This condition is characterized by a rapid decline in renal function, often associated with an increase in serum creatinine and urea nitrogen levels, which are seen here (creatinine from 1.2 mg/dL to 4 mg/dL, urea nitrogen from normal to 45 mg/dL). The patient's symptoms of bilateral lower extremity edema, shortness of breath, and pretibial edema suggest fluid overload, which can occur in AKI due to decreased urine output and retention of sodium and water. Additionally, the presence of an S3 gallop and diffuse bilateral crackles on lung examination indicate signs of heart failure secondary to fluid overload, commonly seen in AKI. The hyaline casts in the urine are indicative of tubular damage, which is consistent with AKI. - Acute Glomerulonephritis: While this condition can cause hematuria and proteinuria, the absence of these findings in the patient's urinalysis makes it less likely. Furthermore, the dramatic rise in serum creatinine and urea nitrogen levels over a short period is more characteristic of AKI than acute glomerulonephritis. - Acute Interstitial Nephritis: This condition typically presents with fever, rash, eosinophilia, and sometimes leukocytosis, which are not mentioned in the patient's history. Additionally, the patient's symptoms and lab results are more consistent with AKI rather than the interstitial inflammation seen in acute interstitial nephritis. - Acute Obstructive Uropathy: This condition would be expected to present with symptoms such as flank pain, costovertebral angle tenderness, and possibly hydronephrosis on imaging. The patient's history does not mention any of these features, and the absence of dysuria after treatment for a urinary tract infection further suggests that obstruction is unlikely. - Intravascular Volume Depletion: This condition would typically present with hypotension, tachycardia, and oliguria, but the patient's blood pressure is elevated, and there is evidence of fluid overload (edema, crackles, S3 gallop), making intravascular volume depletion unlikely. Therefore, based on the clinical presentation and laboratory findings, acute kidney injury is the most appropriate diagnosis.",0.0048,0.0167,0.1347,0.043,0.0216,0.0376,0.0376,0.3865,0.5524,0.6445
"A 15-year-old girl is brought to the emergency department by her father because of a 2-hour history of right leg pain that began after she fell from her bicycle. Medical history is remarkable for bilateral hearing loss, a fracture of the humerus at age 8 years, and multiple rib fractures. She takes no medications. Family history is remarkable for kyphoscoliosis, hearing loss, and early onset osteoporosis in her mother; the mother died from complications related to a hip fracture at age 44 years. The patient is a refugee who has recently immigrated. The patient appears to be in distress. She is below the 5th percentile for height, at the 70th percentile for weight, and above the 95th percentile for BMI. Her temperature is 37.0°C (98.6°F), pulse is 118/min, respirations are 12/min, and blood pressure is 130/68 mm Hg. Examination shows kyphosis and hypermobile joints of the hands, wrists, and feet. Examination of the right lower extremity shows superficial abrasions and ecchymoses; there is tenderness to palpation and movement of the extremity. Which of the following is the most likely underlying diagnosis?",Which of the following is the most likely underlying diagnosis?,"
A. Idiopathic juvenile osteoporosis 
B. Juvenile Paget disease 
C. Osteogenesis imperfecta 
D. Osteomalacia 
E. Rickets
",C,C,True,"Osteogenesis Imperfecta (OI) is a genetic disorder characterized by bones that break easily, often from little or no apparent cause. The clinical presentation of the patient includes several features consistent with OI: - A history of multiple fractures (humerus fracture at age 8 and rib fractures) suggests a predisposition to bone fragility. - Kyphoscoliosis and hearing loss are common in OI, especially in types I and IV. - Hypermobile joints are also frequently observed in individuals with OI due to the laxity of connective tissue. - The patient's short stature (below the 5th percentile for height) can be associated with OI, particularly in more severe forms. - The family history of early-onset osteoporosis and maternal death due to hip fracture is indicative of a genetic condition affecting bone health, which aligns with OI. - The recent immigration status does not directly affect the diagnosis but may influence the availability of medical records and previous diagnoses. Let's briefly discuss why the other options are less likely: A. Idiopathic Juvenile Osteoporosis: This condition typically presents with spontaneous fractures without a clear cause, but it usually affects children between 5 and 13 years old and is rare. It does not explain the family history of hearing loss and kyphoscoliosis. B. Juvenile Paget Disease: This is a rare form of Paget disease that affects children and adolescents. It is characterized by enlarged and deformed bones, which do not fit the patient's presentation of fragile bones and multiple fractures. D. Osteomalacia: This condition results from vitamin D deficiency leading to softening of the bones. While it can cause bone pain and fractures, it is unlikely given the patient's normal BMI and lack of dietary deficiencies noted. E. Rickets: This is a childhood disorder caused by vitamin D deficiency, leading to soft and weak bones. Given the patient's age and the presence of multiple fractures without nutritional deficiencies mentioned, rickets is less likely. Therefore, considering the patient's clinical presentation, family history, and physical examination findings, Osteogenesis Imperfecta is the most likely diagnosis.",0.0026,0.0184,0.1587,0.0461,0.0232,0.0461,0.0461,0.4346,0.5444,0.6307
"A 22-year-old primigravid woman at 10 weeks’ gestation comes to the emergency department (ED) because of a 3- day history of persistent vomiting. She is treated with intravenous hydration, pyridoxine, and doxylamine. As the resident physician prepares the patient for discharge, he asks who will be picking her up from the ED. She says her husband will be arriving soon and asks if the hospital staff can refer to her symptoms as a “stomach flu.” She does not want anyone to mention to her husband that she is pregnant because the pregnancy resulted from an oral contraceptive failure and “he is not expecting this.” Which of the following is the most appropriate next question to ask this patient?",” Which of the following is the most appropriate next question to ask this patient?,"
A. “Are finances tight at home?” 
B. “How do you think he will react?” 
C. “Is there somebody else who can pick you up?” 
D. “Was there a problem with your birth control?” 
E. “Will he try to force you to do something you aren’t comfortable with?”
",B,E,False,"Option A (""Are finances tight at home?"") is irrelevant to the immediate situation and does not address the patient's concerns about her husband's reaction to her pregnancy. Option B (""How do you think he will react?"") could be useful in understanding the patient's perspective but does not directly address the safety concern that might arise from her husband's potential reaction to the news of the pregnancy. Option C (""Is there somebody else who can pick you up?"") shifts the focus away from the patient's primary concern and does not address the underlying issue of her husband's possible negative reaction. Option D (""Was there a problem with your birth control?"") is factually relevant but does not address the patient's fear of her husband's reaction or any potential danger she might face. Option E (""Will he try to force you to do something you aren’t comfortable with?"") is the most appropriate question because it directly addresses the possibility of domestic violence or coercion, which is a serious concern when a partner reacts negatively to unexpected pregnancy news. This question allows the healthcare provider to assess whether the patient is in a potentially dangerous situation and can help determine the safest course of action for her discharge and future care.",0.0042,0.0418,0.2007,0.0957,0.0351,0.087,0.087,0.5023,0.5816,0.6209
"Five days after admission to the hospital for management of an ST-elevation myocardial infarction, a 59-year-old man has the sudden onset of severe abdominal and bilateral lower extremity pain, cyanosis of the lower body, and paresthesias. On hospital days 1 and 2, he received vasopressor and inotropic therapy. On hospital day 2, echocardiography showed extensive anterolateral akinesis of the left ventricle. He has no history of serious illness. His medications are metoprolol, lisinopril, simvastatin, and dalteparin. He appears to be in acute distress. Pulse is 105/min and regular, respirations are 24/min, and blood pressure is 80/60 mm Hg. Examination shows lower body cyanosis to the level of the costal margins. Crackles are heard over the lower lung fields bilaterally. Distant heart sounds but no murmurs are heard. The abdomen is nondistended and nontender. Pulses are 1+ in the upper extremities and absent in the lower extremities. Muscle strength is 3/5 in the lower extremities. Sensation to touch and temperature is decreased over the lower extremities. ECG shows sinus tachycardia. Which of the following is the most likely explanation for this patient’s clinical findings?",Which of the following is the most likely explanation for this patient’s clinical findings?,"
A. Aortic dissection 
B. Aortic embolism 
C. Pericardial tamponade 
D. Right ventricular failure 
E. Ventricular rupture
",B,A,False,"The patient's presentation includes sudden onset of severe abdominal and bilateral lower extremity pain, cyanosis of the lower body, and paresthesias five days after admission for an ST-elevation myocardial infarction (STEMI). These symptoms, along with the absence of pulses in the lower extremities and decreased muscle strength and sensation, strongly suggest aortic dissection. Here's why each option can be ruled out or considered: A. Aortic dissection - This is the most likely cause given the patient's symptoms and physical exam findings. Aortic dissection can present with a variety of symptoms depending on where the dissection occurs and which branches of the aorta it affects. In this case, the involvement of the lower body suggests that the dissection may have extended into the descending thoracic aorta or abdominal aorta, leading to compromised blood flow to the lower extremities and visceral organs. The absence of pulses in the lower extremities and the presence of cyanosis and paresthesias are classic signs of aortic dissection affecting the aortic arch and descending aorta. B. Aortic embolism - While aortic embolism can lead to ischemic symptoms in the lower extremities, it typically results from a thrombus or embolus originating elsewhere, such as the left ventricle post-MI. However, the sudden onset of symptoms and the specific pattern of findings (cyanosis, paresthesias) are more consistent with aortic dissection rather than an embolic event. C. Pericardial tamponade - This condition would present with Beck's triad (hypotension, muffled heart sounds, and jugular venous distention), Kussmaul's sign, and pulsus paradoxus. The patient does not have these findings, and the symptoms are more localized to the lower body, making pericardial tamponade less likely. D. Right ventricular failure - Although right ventricular failure can occur post-STEMI, especially if there is significant left ventricular dysfunction, it would not typically present with the sudden onset of lower body symptoms, cyanosis, and paresthesias. Additionally, the absence of pulses in the lower extremities is not a typical finding in right ventricular failure. E. Ventricular rupture - Ventricular septal defect or free wall rupture is a catastrophic complication of STEMI that usually presents with acute hypotension and cardiogenic shock, often leading to immediate death. The patient's symptoms are more localized and do not fit the rapid deterioration expected with ventricular rupture. Given the patient's history of STEMI, recent vasopressor and inotropic therapy, and the current clinical presentation, aortic dissection remains the most plausible diagnosis.",0.0022,0.0223,0.1308,0.0625,0.0242,0.0481,0.0481,0.4454,0.5738,0.6553
"A 75-year-old man comes to the clinic because of a 2-year history of progressive shortness of breath. He also has had an occasional dry cough for the past 6 months. He has not had chest pain, palpitations, or swelling of his legs. Medical history is unremarkable, and the patient takes no medications. He has smoked one pack of cigarettes daily for 57 years. He does not drink alcoholic beverages. Vital signs are temperature 37.0°C (98.6°F), pulse 92/min, respirations 18/min, and blood pressure 122/76 mm Hg. Pulse oximetry on room air shows an oxygen saturation of 89%. The patient has mild dyspnea when he speaks. Auscultation of the lungs discloses fine and dry crackles in the bases of both lungs. Cardiac examination discloses a normal S1 and S2. No extra heart sounds are heard. Jugular venous pulsation is measured at 2 cm above the sternal angle with the head of the bed elevated at 30 degrees. Examination of the extremities shows clubbing of the digits of both hands. Results of complete blood count, serum chemistry profile, and urinalysis are within the reference ranges. Chest x-ray shows scattered reticular opacities in both lung bases. There is no hilar lymphadenopathy. Which of the following is the most appropriate next step in evaluation?",Which of the following is the most appropriate next step in evaluation?,"
A. Echocardiography 
B. High-resolution CT scan of the chest 
C. Lung biopsy 
D. Serum antiglomerular basement membrane antibody assay 
E. Thoracic PET scan
",B,B,True,"Given the patient's long-term smoking history, chronic symptoms of shortness of breath and a dry cough, along with physical findings such as clubbing and abnormal chest X-ray results, the most likely diagnosis is a chronic interstitial lung disease (ILD). The scattered reticular opacities in the lung bases on the chest X-ray are consistent with this possibility. Option A (Echocardiography) is not the most appropriate next step because while it can help rule out cardiac causes of dyspnea, the clinical presentation and physical exam do not suggest significant cardiac involvement. The absence of jugular venous distension and the normal S1 and S2 heart sounds make cardiac causes less likely. Option C (Lung biopsy) is invasive and typically reserved for cases where the diagnosis remains unclear after non-invasive testing. Given the clinical context and imaging findings, a high-resolution CT scan would be more informative before considering a biopsy. Option D (Serum antiglomerular basement membrane antibody assay) is specific for Goodpasture syndrome, which is characterized by glomerulonephritis and pulmonary hemorrhage. This condition is unlikely given the absence of hemoptysis and renal involvement. Option E (Thoracic PET scan) is not indicated here as it is generally used to evaluate malignancies or infections that might present with similar symptoms but would not be the first choice for evaluating ILD. Therefore, the most appropriate next step is a high-resolution CT scan of the chest (Option B), which will provide more detailed information about the extent and nature of the lung abnormalities, aiding in the diagnosis of the specific type of ILD.",0.0071,0.0315,0.2344,0.073,0.0368,0.0657,0.0657,0.452,0.5528,0.6133
"A previously healthy 20-year-old woman, who is a sophomore in college, is brought to the emergency department by her roommates because of an 8-hour history of weakness and vomiting blood and a 2-day history of dizziness. She has no history of similar symptoms. She says she overeats in response to the stress of her classes. She induces vomiting after consuming a significant amount of food because she feels ""too full"" and ""out of control."" She now vomits almost daily. She feels she is slightly overweight. She is physically active and exercises moderately two to three times weekly. She does not use laxatives or diuretics. She has many friends and enjoys going out socially. She takes no medications. She drinks three to four beers on weekends and does not use illicit drugs. She appears uncomfortable and is tearful and mildly diaphoretic. She is 157 cm (5 ft 2 in) tall and weighs 59 kg (130 lb); BMI is 24 kg/m². Temperature is 37.5°C (99.5°F), pulse is 115/min and regular, and blood pressure is 100/68 mm Hg. Examination shows tender parotid glands bilaterally and poor dentition. Results of laboratory studies are most likely to show which of the following in this patient?",Results of laboratory studies are most likely to show which of the following in this patient?,"
A. K+ is Decreased, Cl⁻ is decreased, HCO³⁻ is decreased 
B. K+ is Decreased, Cl⁻ is decreased, HCO³⁻ is increased 
C. K+ is Decreased, Cl⁻ is increased, HCO³⁻ is decreased 
D. K+ is Increased, Cl⁻ is decreased, HCO³⁻ is increased 
E. K+ is Increased, Cl⁻ is increased, HCO³⁻ is decreased 
F. K+ is Increased, Cl⁻ is increased, HCO³⁻ is increased
",B,B,True,"This patient's presentation suggests a diagnosis of bulimia nervosa, characterized by recurrent episodes of binge eating followed by inappropriate compensatory behaviors such as self-induced vomiting. The patient's symptoms include weakness, vomiting blood, dizziness, and frequent vomiting, which are consistent with the complications associated with purging behaviors. In patients with bulimia nervosa who frequently induce vomiting, the repeated exposure of the esophagus to gastric acid can lead to significant electrolyte imbalances. Specifically, the loss of stomach contents through vomiting results in the loss of potassium (K⁺) and chloride (Cl⁻). Potassium is crucial for maintaining normal cardiac function, and its deficiency can cause arrhythmias, muscle weakness, and fatigue, all of which are seen in this patient. Chloride is also lost during vomiting, contributing to metabolic alkalosis due to the loss of hydrogen ions (H⁺). Metabolic alkalosis occurs when there is a loss of acid from the body, often through vomiting, leading to an increase in bicarbonate (HCO₃⁻) levels. This is because the body tries to compensate for the loss of acid by retaining bicarbonate. Therefore, the patient is expected to have a decreased level of potassium, a decreased level of chloride, and an increased level of bicarbonate. Option A is incorrect because it suggests a decrease in bicarbonate, which would indicate metabolic acidosis rather than metabolic alkalosis. Option C is incorrect because it suggests an increase in chloride, which is unlikely given the loss of stomach contents through vomiting. Option D is incorrect because it suggests an increase in potassium, which is contrary to the expected loss of potassium through vomiting. Option E is incorrect because it suggests an increase in both chloride and potassium, which contradicts the expected losses due to vomiting. Option F is incorrect because it suggests an increase in both chloride and potassium, which again contradicts the expected losses due to vomiting, and an increase in bicarbonate, which could be correct but is less likely without the context of other factors leading to metabolic alkalosis. Therefore, the correct answer is B, reflecting the typical electrolyte profile seen in a patient with bulimia nervosa who frequently induces vomiting.",0.0,0.0251,0.1175,0.0598,0.0164,0.0489,0.0489,0.4078,0.5377,0.5822
"A 58-year-old man comes to the clinic for a follow-up examination 3 months after beginning warfarin therapy for deep venous thrombosis. He noted blood in his urine 1 week ago but has not seen any since that time. He has not had pain, fever, or increased urinary frequency. He has not sustained any recent trauma. His prothrombin time and INR have been within the therapeutic ranges during his previous measurements. He has hypertension and benign prostatic hyperplasia. Medications are warfarin and hydrochlorothiazide. He smoked one pack of cigarettes daily for 40 years but quit when diagnosed with deep venous thrombosis. Temperature is 35.9°C (96.6°F), pulse is 88/min, respirations are 18/min, and blood pressure is 135/87 mm Hg. The prostate is moderately enlarged; no nodules are noted. Laboratory studies showed that the Prothrombin time is 19 sec (INR=2.5), serum Urea nitrogen is 18 mg/dL, serum Creatinine is 1 mg/dL, and Prostate-specific antigen is 3.8 ng/mL (N<4). The laboratory result on urine showed the following: blood is 3+, protein is 1+, RBC is too numerous to count, WBC is 2/hpf, no casts, and negative for Nitrites and Leukocyte esterase. In addition to a CT scan of the abdomen, which of the following is the most appropriate next step in management?","In addition to a CT scan of the abdomen, which of the following is the most appropriate next step in management?","
A. Adjustment of the warfarin dosage to maintain an INR between 1.5 and 2.0 
B. Ciprofloxacin therapy 
C. Cystoscopy 
D. Discontinuation of hydrochlorothiazide therapy 
E. Finasteride therapy
",C,C,True,"Given the patient's history of warfarin therapy for deep venous thrombosis and the presence of hematuria (blood in the urine) without other symptoms such as pain, fever, or increased urinary frequency, the most likely cause of hematuria is related to the anticoagulant therapy rather than an infection or benign prostatic hyperplasia. Warfarin can cause bleeding complications, including hematuria, especially if the INR is elevated above the therapeutic range. However, in this case, the INR is within the therapeutic range (though slightly high at 2.5), suggesting that the hematuria may be due to another factor. Option A: Adjustment of the warfarin dosage to maintain an INR between 1.5 and 2.0 - While maintaining the INR within the therapeutic range is important, the current INR is within the therapeutic range, and the hematuria does not seem to be directly related to the INR value being slightly higher than the lower end of the therapeutic range. Therefore, adjusting the dose might not address the underlying issue causing hematuria. Option B: Ciprofloxacin therapy - There is no evidence of a urinary tract infection based on the laboratory results (negative nitrite and leukocyte esterase tests, low white blood cell count in the urine). Therefore, antibiotic therapy would not be indicated. Option D: Discontinuation of hydrochlorothiazide therapy - Hydrochlorothiazide is a diuretic and is not known to cause hematuria. Given the absence of any indication that hydrochlorothiazide is contributing to the patient's condition, discontinuing it would not be the most appropriate next step. Option E: Finasteride therapy - Finasteride is used to treat benign prostatic hyperplasia, but the patient's prostate-specific antigen level is within normal limits, and there is no indication that the hematuria is due to prostatic enlargement or disease. Option C: Cystoscopy - This is the most appropriate next step because cystoscopy allows direct visualization of the bladder and urethra, which can help identify the source of hematuria. It can reveal conditions such as bladder tumors, bladder stones, or other lesions that could not be detected through imaging alone. Given the patient's history of anticoagulation and the presence of hematuria, cystoscopy is necessary to rule out serious causes of bleeding and to ensure that the hematuria is not indicative of a more severe condition requiring specific treatment.",0.0072,0.036,0.1951,0.0756,0.0354,0.0655,0.0655,0.4519,0.5643,0.6258
"A 32-year-old woman is brought to the emergency department immediately after being involved in a motor vehicle collision. She was the unrestrained driver. On arrival, she says she has severe pain in her right groin. On examination, any movement of the right hip produces pain. An x-ray of the pelvis shows a completely displaced fracture of the femoral neck. In addition to intravenous morphine, which of the following is the most appropriate management?","In addition to intravenous morphine, which of the following is the most appropriate management?","
A. Bed rest 
B. Closed reduction followed by traction 
C. Hip spica hinge brace 
D. Limited weight bearing with use of crutches 
E. Operative reduction and internal fixation
",E,E,True,"In the case of a completely displaced fracture of the femoral neck in an adult patient, operative reduction and internal fixation (ORIF) is typically the most appropriate management. This approach aims to restore the normal anatomy and biomechanics of the hip joint, which is crucial for maintaining function and preventing complications such as avascular necrosis (AVN) of the femoral head, nonunion, and post-traumatic arthritis. Option A (Bed rest): While bed rest may be necessary initially to manage pain and prevent further injury, it is not a definitive treatment for a displaced femoral neck fracture. Prolonged immobilization without surgical intervention can lead to complications like deep vein thrombosis (DVT), pulmonary embolism, and muscle atrophy. Option B (Closed reduction followed by traction): Closed reduction is generally not recommended for displaced femoral neck fractures in adults due to the high risk of failure and the potential for increased complications, including AVN. Traction alone does not address the displacement and instability of the fracture. Option C (Hip spica hinge brace): A hip spica brace is used primarily for pediatric patients with certain types of hip fractures. It is not suitable for adults with a displaced femoral neck fracture because it cannot adequately stabilize the fracture site and may increase the risk of AVN. Option D (Limited weight bearing with use of crutches): Weight-bearing restrictions are often part of the postoperative care plan after ORIF but are not sufficient as a standalone treatment for a displaced femoral neck fracture. Attempting to bear weight on an unstable, displaced fracture can worsen the injury and increase the risk of complications. Therefore, the most appropriate initial management for this patient would be operative reduction and internal fixation, followed by appropriate postoperative care and rehabilitation.",0.0031,0.0337,0.1567,0.0662,0.0267,0.0662,0.0662,0.4575,0.575,0.6366
"A 57-year-old man comes to the physician 1 week after he had a 45-minute episode of slurred speech and clumsiness of his right hand. The episode occurred during his daily walk; the symptoms resolved during the next 24 hours. He has no history of similar symptoms. He has a 20-year history of hypertension and a 15-year history of hypercholesterolemia controlled with a low-cholesterol diet and daily exercise. He takes no medications. He has smoked one pack of cigarettes daily for 40 years and drinks one to two glasses of wine nightly with dinner. He is alert and fully oriented. He is 178 cm (5 ft 10 in) tall and weighs 86 kg (190 lb); BMI is 27 kg/m². His temperature is 37.0°C (98.6°F), pulse is 88/min, respirations are 10/min, and blood pressure is 170/90 mm Hg. Examination, including neurologic examination, shows no other abnormalities. Daily enteric-coated aspirin therapy is begun. Which of the following is the most appropriate next step to decrease this patient’s risk for subsequent cerebral infarction?",Which of the following is the most appropriate next step to decrease this patient’s risk for subsequent cerebral infarction?,"
A. Alcohol cessation 
B. Smoking cessation 
C. Weight loss program 
D. Antihypertensive therapy 
E. Cholesterol-lowering therapy
",D,D,True,"Given the patient's history of a transient ischemic attack (TIA) characterized by slurred speech and clumsiness of his right hand, which resolved within 24 hours, the primary concern is to reduce the risk of a subsequent stroke. A TIA is often a warning sign that a more serious stroke may occur soon. Therefore, managing modifiable risk factors is crucial. Option A (Alcohol cessation): While alcohol consumption can contribute to hypertension and other cardiovascular risks, the patient's moderate alcohol intake (one to two glasses of wine nightly) does not necessarily need to be completely stopped unless there are other compelling reasons. However, reducing alcohol intake could be beneficial as part of a broader strategy but is not the most critical step here. Option B (Smoking cessation): Smoking is a significant risk factor for cardiovascular disease, including stroke. It increases the risk of atherosclerosis and thrombosis. Encouraging smoking cessation is essential for long-term health improvement, but it is not the immediate priority compared to controlling blood pressure, which is elevated in this patient. Option C (Weight loss program): Obesity is associated with an increased risk of stroke due to its link with hypertension, diabetes, and dyslipidemia. However, while weight loss would be beneficial, it is a longer-term intervention and less immediately impactful than controlling blood pressure. Option D (Antihypertensive therapy): Given the patient's current blood pressure of 170/90 mm Hg, which is stage 2 hypertension, initiating antihypertensive therapy is crucial. Hypertension is a major risk factor for stroke, and effective management can significantly reduce the risk of recurrent cerebrovascular events. This is the most immediate and impactful step to take given the patient's recent TIA. Option E (Cholesterol-lowering therapy): Although the patient has a history of hypercholesterolemia, his cholesterol levels are being managed with lifestyle modifications. Since he is already on a low-cholesterol diet and exercises regularly, adding cholesterol-lowering medication might be considered if his lipid profile remains abnormal, but it is not the most urgent step compared to addressing his hypertension. Therefore, the most appropriate next step to decrease this patient’s risk for subsequent cerebral infarction is initiating antihypertensive therapy.",0.0274,0.042,0.3419,0.1,0.0794,0.1,0.1,0.5349,0.6366,0.8327
"A 27-year-old primigravid woman at 21 weeks’ gestation comes to the emergency department because of a 2-day history of moderate headache, shortness of breath, nausea, vomiting, muscle aches, and malaise. She also has had cough occasionally productive of sputum. Pregnancy had been uncomplicated. She has no history of serious illness, and her only medication is a prenatal vitamin. She immigrated to the USA from India 6 months ago. Temperature is 38.3°C (100.9°F), pulse is 100/min, respirations are 18/min, and blood pressure is 100/60 mm Hg. On examination, breath sounds are decreased at the right lung base. Fundal height is 22 cm. Fetal heart rate is 160/min. Chest x-ray shows right-sided interstitial infiltrates. Which of the following is the most likely infectious agent?",Which of the following is the most likely infectious agent?,"
A. Haemophilus influenzae 
B. Influenza A virus 
C. Legionella pneumophila 
D. Mycobacterium tuberculosis 
E. Pseudomonas aeruginosa 
F. Streptococcus pneumoniae
",B,B,True,"Given the patient's symptoms, including fever, headache, shortness of breath, nausea, vomiting, muscle aches, malaise, and occasional cough with sputum production, along with the chest X-ray findings of right-sided interstitial infiltrates, the clinical presentation is highly suggestive of an acute respiratory infection. The patient's recent immigration from India and current pregnancy status add complexity but do not necessarily point towards any specific pathogen over another without additional context. Let's evaluate each option: A. Haemophilus influenzae - This bacterium typically causes respiratory infections, particularly in young children and immunocompromised individuals. However, it usually presents with more localized symptoms such as otitis media, sinusitis, or pneumonia rather than the widespread symptoms seen here. B. Influenza A virus - This is a common cause of respiratory illness, especially during flu season. It can present with systemic symptoms like fever, headache, myalgia, and respiratory symptoms such as cough and shortness of breath. The interstitial infiltrates on the chest X-ray are consistent with viral pneumonia, which can be caused by influenza A. C. Legionella pneumophila - While this bacterium can cause severe pneumonia, it is less commonly associated with the systemic symptoms described here, and its presentation is often more insidious. Additionally, Legionnaires' disease is not typically associated with the epidemiological factors presented in this case. D. Mycobacterium tuberculosis - Tuberculosis can present with similar symptoms, but it is much less likely given the acute onset and the presence of interstitial infiltrates rather than the typical cavitary lesions seen in TB. Moreover, the rapid progression of symptoms does not align well with the chronic nature of TB. E. Pseudomonas aeruginosa - This is a gram-negative bacterium that can cause pneumonia, but it is more commonly seen in immunocompromised patients or those with underlying lung disease. The clinical presentation would be more severe and less likely to present with the systemic symptoms noted here. F. Streptococcus pneumoniae - This bacterium is a common cause of community-acquired pneumonia and can present with fever, cough, and shortness of breath. However, the interstitial pattern on the chest X-ray is less characteristic for S. pneumoniae compared to other pathogens listed. Considering all these points, Influenza A virus is the most likely infectious agent given the clinical presentation and radiographic findings.",0.0071,0.0189,0.1596,0.047,0.0262,0.047,0.047,0.4127,0.5519,0.6591
"A 7-year-old boy is brought to the physician because of a 1-year history of poor performance in school. His parents say that he is bright, has many friends, and seems to want to do well in school. His teachers report that he seems frustrated with his own progress and his inability to meet the expectations of his parents. Speech fluency and articulation and motor skills are appropriate for age. Physical examination shows no abnormalities. When asked to read during the examination, he has significant difficulty sounding out words he is unfamiliar with. Visual acuity test and audiometry show no abnormalities. Which of the following is the most likely diagnosis?",Which of the following is the most likely diagnosis?,"
A. Attention-deficit/hyperactivity disorder 
B. Expressive language disorder 
C. Intellectual developmental disorder 
D. Learning disorder 
E. Social anxiety disorder (social phobia) 
F. Normal behavior
",D,D,True,"Given the scenario, the child exhibits significant difficulty in reading, particularly in sounding out unfamiliar words, despite having normal speech fluency, articulation, motor skills, visual acuity, and hearing. This specific issue points towards a learning disorder, specifically dyslexia, which is a type of learning disorder characterized by difficulties with accurate and/or fluent word recognition and by poor spelling and decoding abilities. Option A (Attention-deficit/hyperactivity disorder): While ADHD can co-occur with learning disorders, the primary symptoms described here do not align with core ADHD symptoms such as hyperactivity, impulsivity, or inattention. The child's social interactions and motor skills are noted to be age-appropriate, which does not support an ADHD diagnosis. Option B (Expressive language disorder): This condition involves problems with verbal expression but does not typically affect reading skills directly. Since the child's speech fluency and articulation are appropriate for his age, this option is less likely. Option C (Intellectual developmental disorder): This would involve significantly below-average intellectual functioning across multiple areas, which is not indicated by the information provided. The child is described as bright and having many friends, suggesting typical cognitive development. Option E (Social anxiety disorder): This condition primarily affects social interactions and may cause anxiety in social situations. There is no indication of social anxiety or avoidance behaviors in the given scenario. Option F (Normal behavior): Given the significant academic struggles described, it would be inappropriate to consider this as normal behavior, especially when there are clear signs of a specific learning difficulty. Therefore, based on the symptoms described, the most likely diagnosis is a learning disorder, specifically dyslexia, which falls under option D.",0.0032,0.0219,0.1879,0.0563,0.0213,0.0563,0.0563,0.4243,0.5393,0.6399
"A 23-year-old woman who is an active-duty enlisted airman in the US Air Force comes to the base clinic because of a 4-week history of an itchy sensation in her right ear. She has not had ringing in her ears or hearing loss. She works as a fuel specialist and at first attributed her symptom to the earplugs she uses when she is on the flight line. The symptom has not improved despite the patient's wearing headphones instead of the earplugs during the past 2 weeks. She has no history of serious illness and takes no medications. Vital signs are within normal limits. During examination, pulling of the right pinna inferiorly to examine the ear canal produces pain. The right ear canal appears erythematous and edematous. The tympanic membrane cannot be fully visualized because of the presence of cerumen. Examination of the left ear shows no abnormalities. Which of the following is the most likely diagnosis?",Which of the following is the most likely diagnosis?,"
A. Cerumen impaction 
B. Ear canal trauma 
C. Otitis externa 
D. Polychondritis 
E. Seborrheic dermatitis
",C,C,True,"- Cerumen Impaction (Option A): While cerumen impaction can cause itching and discomfort, the patient's symptoms of erythema, edema, and pain upon manipulation of the ear canal are more indicative of inflammation rather than simple cerumen buildup. - Ear Canal Trauma (Option B): Although the use of earplugs could potentially cause some irritation, the chronic nature of the symptoms over four weeks and the presence of erythema and edema suggest a more prolonged inflammatory process rather than acute trauma. - Otitis Externa (Option C): This is the most likely diagnosis given the patient's symptoms of itching, erythema, edema, and pain upon manipulation of the ear canal. Otitis externa, also known as swimmer's ear, is an infection or inflammation of the external auditory canal that can be caused by water exposure, trauma, or even from the use of objects like earplugs that can irritate the skin of the ear canal. - Polychondritis (Option D): This condition involves inflammation of cartilage throughout the body, including the ears, but it typically presents with systemic symptoms and affects multiple areas of cartilage, not just one ear. It is less likely given the localized nature of the patient's symptoms. - Seborrheic Dermatitis (Option E): This condition usually affects the scalp, face, and other sebaceous areas and would present with flaking and scaling rather than the erythema and edema seen here. Additionally, seborrheic dermatitis does not typically cause significant pain upon manipulation of the affected area. Given the patient's symptoms and the physical findings, otitis externa is the most probable diagnosis.",0.0068,0.0236,0.161,0.053,0.0382,0.053,0.053,0.4005,0.5458,0.6598
"A 34-year-old woman who is on active duty in the US Army comes to the military urgent care clinic because of a 4- day history of headache, purulent nasal discharge, and left facial pain. She has not had fever or chills. She has chronic bilateral knee pain, which she attributes to multiple parachute jumps while she was assigned to an airborne unit 7 years ago. The knee pain is exacerbated by long-distance running on pavement. Her only medication is occasional ibuprofen for the knee pain. The patient has no known medication allergies. Temperature is 37.1°C (98.8°F), pulse is 60/min, respirations are 14/min, and blood pressure is 122/80 mm Hg. Cervical lymph nodes are not palpable. There is tenderness to palpation over the left maxillary sinus. Nasal examination shows inflamed turbinates and purulent discharge. The patient needs to blow her nose twice during the examination. Bilateral otoscopic examination discloses no abnormalities. Examination of the oropharynx shows scant purulent discharge posteriorly. The remainder of the examination discloses no abnormalities. Which of the following is the most appropriate next step in management?",Which of the following is the most appropriate next step in management?,"
A. CT scan of the sinuses 
B. Gram stain and culture of nasal discharge 
C. Ibuprofen and decongestant therapy 
D. Trimethoprim-sulfamethoxazole therapy 
E. X-ray of the sinuses
",C,D,False,"Given the patient's symptoms of headache, purulent nasal discharge, and left facial pain, along with the tenderness over the left maxillary sinus, the clinical presentation strongly suggests acute bacterial sinusitis, specifically involving the left maxillary sinus. The absence of fever does not exclude this diagnosis, as not all patients with sinusitis have fever. Option A (CT scan of the sinuses) is not the most appropriate initial step. While imaging can be useful in complicated cases or when there is a need to rule out other conditions, it is generally not necessary for the initial management of uncomplicated acute bacterial sinusitis. Option B (Gram stain and culture of nasal discharge) could provide information about the causative organism, but it is not the most immediate or practical next step given the clinical context. Cultures take time to process and do not provide immediate guidance for treatment. Option C (Ibuprofen and decongestant therapy) addresses pain and congestion but does not treat the underlying bacterial infection. Antibiotics are typically indicated for bacterial sinusitis, especially if symptoms are severe or worsening. Option D (Trimethoprim-sulfamethoxazole therapy) is the correct choice because it provides targeted antibiotic coverage for the likely bacterial cause of the sinusitis. This antibiotic is effective against many common pathogens that cause sinus infections, including Streptococcus pneumoniae, Haemophilus influenzae, and Moraxella catarrhalis. It is also a good first-line choice due to its broad spectrum and effectiveness. Option E (X-ray of the sinuses) is less sensitive than CT scans for diagnosing sinusitis and is not routinely recommended for this condition. Therefore, it is not the best choice for managing this patient's symptoms. In conclusion, starting trimethoprim-sulfamethoxazole therapy is the most appropriate next step in managing this patient's suspected acute bacterial sinusitis.",0.0125,0.0309,0.2361,0.0656,0.0462,0.059,0.059,0.441,0.569,0.669
"A 16-year-old boy with VATER syndrome is brought to the physician because of 2-week history of harsh cough that began with a common cold. He receives no medications. Temperature is 37°C (98.6°F), pulse is 70/min, respirations are 20/min, and blood pressure is 112/64 mm Hg. Examination shows a harsh vibratory sound in the mid anterior chest with forced expiration. A systolic murmur is heard best at the lower left sternal border. There is mild scoliosis. Spirometry shows an FVC of 2.54 L (78% of predicted) and a slow vital capacity of 2.88 L (85% of predicted). A flow volume loop shows scooping on the expiratory limb. Which of the following is the most likely cause of the discrepancy between this patient’s forced and slow vital capacity measurements?",Which of the following is the most likely cause of the discrepancy between this patient’s forced and slow vital capacity measurements?,"
A. Bronchospasm 
B. Laryngeal braking 
C. Subglottic mass 
D. Tracheal collapse 
E. Upper airway compression
",D,B,False,"In this scenario, the patient has VATER syndrome, which is a non-random association of congenital anomalies including vertebral defects, anal atresia, tracheoesophageal fistula, renal anomalies, and radial dysplasia. The discrepancy between the patient's forced vital capacity (FVC) and slow vital capacity (SVC) measurements, where SVC is higher than FVC, suggests laryngeal braking. This phenomenon occurs when there is increased resistance to airflow during forced expiration due to the vocal cords not fully relaxing, leading to a reduced FVC compared to SVC. Option A (Bronchospasm): While bronchospasm can affect lung function tests, it typically results in a decreased FVC and FEV1, but the ratio of FEV1/FVC would be abnormally low, which is not mentioned in the case description. Additionally, bronchospasm usually causes more significant respiratory distress and wheezing, which are not described here. Option C (Subglottic mass): A subglottic mass would likely obstruct airflow and could affect both FVC and SVC, potentially causing a reduction in both values rather than a discrepancy between them. Moreover, such a condition would often present with stridor or other signs of upper airway obstruction. Option D (Tracheal collapse): Tracheal collapse can occur in certain conditions like severe chronic obstructive pulmonary disease (COPD) or after prolonged intubation, but it does not typically cause a specific discrepancy between FVC and SVC. It would more likely result in a general reduction in both measures of lung capacity. Option E (Upper airway compression): Compression of the upper airway can affect breathing and may lead to symptoms such as stridor or difficulty breathing, but it generally does not specifically cause a difference between FVC and SVC unless it affects the ability to forcefully exhale, which is less likely without additional clinical signs. Given the context of VATER syndrome and the specific findings of a discrepancy between FVC and SVC, laryngeal braking due to abnormal relaxation of the vocal cords during forced expiration is the most plausible explanation.",0.0027,0.0489,0.2268,0.1228,0.0647,0.0819,0.0819,0.4922,0.5858,0.6782
"A chief medical officer at a hospital has received several reports that one of her colleagues, a 64-year-old male surgeon, has “not been acting like himself” recently. An administrative assistant says that during the past 6 months, the surgeon’s dictations have become hard to follow and appear to be missing information; previously, they were comprehensive and easy to transcribe. The assistant adds that after the surgeon missed three meetings in a row during the past 2 months, he asked her to send him a text message 5 minutes before the next meeting to let him know its location. Previously, he was always in attendance and on time for meetings. A senior resident also has noted unusual behavior by the surgeon; the resident says that while on rounds 3 days ago, the surgeon listed incorrect indications for a specific surgical procedure. A scrub nurse reported that the surgeon used unsterile practices three times during a 2-hour procedure today. The chief medical officer meets with the surgeon and asks him about these reported incidents. The surgeon says that “nothing is wrong” and the people who reported him are angry with him for various reasons and “are trying to stir up trouble.” Which of the following is the most appropriate action for the chief medical officer to take?",” Which of the following is the most appropriate action for the chief medical officer to take?,"
A. Accept the surgeon’s answer and only pursue further action if there is another complaint 
B. Determine whether other staff have noticed anything different about the surgeon’s behavior 
C. Inform the surgeon that he should consider retirement 
D. Instruct the surgeon to take a temporary leave of absence and undergo a medical evaluation
",D,D,True,"Option D is the most appropriate action because it addresses the potential serious issue of a decline in the surgeon's professional performance and safety concerns for patients. When multiple individuals report concerning changes in behavior and performance, it is crucial to act proactively to ensure patient safety and the quality of care provided. Option A is incorrect because accepting the surgeon’s denial without further investigation could lead to overlooking significant issues that may affect patient outcomes. It is not advisable to wait for additional complaints when there is already evidence of declining performance and potential risks to patient safety. Option B, while a reasonable step, is not as immediate or comprehensive as Option D. Gathering more opinions from staff can provide additional context but does not address the urgent need to assess the surgeon's current fitness to practice. Option C is premature and inappropriate without a thorough assessment. Retirement should not be suggested based solely on anecdotal evidence and without understanding the underlying cause of the observed changes in behavior and performance. Therefore, instructing the surgeon to take a temporary leave of absence and undergo a medical evaluation (Option D) is the most responsible course of action. This allows for a comprehensive assessment of the surgeon's health and competence, ensuring that any necessary interventions can be made to protect both the surgeon and their patients.",0.0084,0.0496,0.1593,0.098,0.0494,0.0735,0.0735,0.4935,0.5975,0.6682
"A 33-year-old woman is admitted to the hospital because of visual field loss following a 48-hour history of acute eye pain. She also has a 3-week history of numbness and a feeling of ""heaviness"" in both legs. She has no history of serious illness and takes no medications. Six weeks ago, she returned from a hiking expedition in the northeastern USA; she has no recent history of international travel. Vital signs are within normal limits. Muscle strength is 5/5 in the upper extremities, 3/5 in the hip flexors and knee extensors, and 4/5 in the knee flexors and ankle dorsiflexors. Patellar and ankle reflexes are 3+ bilaterally, and there is nonsustained ankle clonus bilaterally. Sensation to pinprick is absent throughout the lower extremities. Ophthalmologic examination discloses optic neuritis and reconfirms the visual field loss. Which of the following studies is most likely to confirm the diagnosis?",Which of the following studies is most likely to confirm the diagnosis?,"
A. CT scan of the cervical spine 
B. Electromyography and nerve conduction studies 
C. Lumbar puncture for examination of cerebrospinal fluid 
D. Measurement of serum Lyme (Borrelia burgdorferi) antibody concentration 
E. MRI of the brain
",E,D,False,"Given the patient's symptoms, including optic neuritis, bilateral leg weakness, and sensory deficits, along with her recent history of hiking in an area endemic for Lyme disease, the most likely diagnosis is neuroborreliosis, which is Lyme disease affecting the nervous system. The key to confirming this diagnosis would be identifying evidence of Borrelia burgdorferi infection. Option A (CT scan of the cervical spine): While imaging can help rule out other causes of neurological symptoms, such as spinal cord compression, it does not directly diagnose neuroborreliosis. Therefore, it is not the most specific test for this condition. Option B (Electromyography and nerve conduction studies): These tests assess muscle and nerve function but do not detect the presence of Borrelia burgdorferi infection. They may show abnormalities consistent with peripheral neuropathy but cannot confirm the cause of the neuropathy. Option C (Lumbar puncture for examination of cerebrospinal fluid): This procedure can be useful in diagnosing neuroborreliosis, as it can reveal pleocytosis (increased white blood cells), elevated protein levels, and sometimes the presence of Borrelia-specific antibodies in the CSF. However, the serum antibody test is more direct and specific for confirming the diagnosis of Lyme disease. Option D (Measurement of serum Lyme (Borrelia burgdorferi) antibody concentration): This is the most appropriate test to confirm the diagnosis of Lyme disease. Elevated serum antibodies against Borrelia burgdorferi indicate an active or past infection with the bacterium, which is the causative agent of Lyme disease. If positive, it strongly supports the diagnosis of neuroborreliosis. Option E (MRI of the brain): An MRI can show characteristic changes in the brain associated with Lyme disease, such as meningeal enhancement or white matter lesions. However, like the CT scan, it does not directly identify the presence of Borrelia burgdorferi and is less specific than a serological test for confirming the diagnosis. Therefore, measuring the serum concentration of Lyme antibodies is the most direct and specific method to confirm the diagnosis of neuroborreliosis in this patient.",0.0027,0.0265,0.1909,0.0649,0.0297,0.059,0.059,0.4283,0.5843,0.6477
"A 68-year-old woman comes to the office because she is concerned about developing Alzheimer disease. She says she has had increasing difficulty recalling names of people and objects during the past 6 months. She has not had difficulty with her activities of daily living, finances, or shopping. She teaches part-time at a local community college. She has no history of serious illness and takes no medications. She does not smoke cigarettes. She drinks one 5-oz glass of wine daily. Her mother developed dementia, Alzheimer type, in her mid 70s. Physical and neurologic examinations of the patient show no abnormalities. On cognitive testing, she has delayed recall of three of five words. She is able to perform serial sevens, knows similarities, is fully oriented, and has intact executive, visuospatial, and attention abilities. Which of the following is the most appropriate next step in management?",Which of the following is the most appropriate next step in management?,"
A. Amyloid plaque imaging 
B. Determination of ApoE allele status 
C. Measurement of beta-amyloid in the cerebrospinal fluid 
D. MRI of the brain with volumetric analysis 
E. No additional diagnostic studies are indicated
",E,E,True,"Given the patient's presentation, which includes mild memory difficulties but no significant impairment in daily functioning, and considering that her physical and neurological examinations are normal, the current findings do not warrant further invasive or expensive diagnostic procedures. The patient's ability to perform serial sevens, know similarities, be fully oriented, and have intact executive, visuospatial, and attention abilities suggests that her cognitive function is largely preserved despite some mild memory issues. Option A (Amyloid plaque imaging) is typically used for research purposes or in specialized clinical settings where there is a high suspicion of Alzheimer’s disease and a need to differentiate it from other causes of dementia. Given the patient's relatively mild symptoms and normal examination, this would be an overly aggressive approach. Option B (Determination of ApoE allele status) involves genetic testing for the apolipoprotein E (APOE) gene, which is associated with increased risk for late-onset Alzheimer's disease. However, this test is not routinely recommended for asymptomatic individuals or those with only mild cognitive complaints, as it does not change management and can lead to unnecessary worry. Option C (Measurement of beta-amyloid in the cerebrospinal fluid) is another diagnostic tool that is more commonly used in research settings or when there is a strong clinical suspicion of Alzheimer's disease and a need to distinguish it from other dementias. It is not indicated in this case due to the absence of significant functional impairment and normal examination findings. Option D (MRI of the brain with volumetric analysis) might be considered if there were signs of significant cognitive decline affecting daily life or if there was a concern for structural brain lesions. However, since the patient's cognitive deficits are mild and do not interfere with her daily activities, this would not be necessary. Therefore, the most appropriate next step is Option E, which indicates that no additional diagnostic studies are needed at this time. Instead, the focus should be on reassurance, monitoring for any progression of symptoms, and possibly offering strategies to improve memory function, such as mnemonic techniques or cognitive training exercises. Regular follow-up visits can help monitor the patient's condition over time.",0.0051,0.0253,0.1814,0.0585,0.0267,0.0479,0.0479,0.4449,0.5522,0.6608
"A 55-year-old man with major depressive disorder is brought to the emergency department 1 1/2 hours after he was found by his brother in his home acting strangely. On arrival, he is babbling incoherently and cannot answer questions. There are two empty pill bottles in his pockets; one is for paroxetine and the other is for duloxetine. He is restless, diaphoretic, and says he has a severe headache. Temperature is 38.5°C (101.3°F), pulse is 130/min, and blood pressure is 145/105 mm Hg. The pupils are 8 mm and reactive to light. Deep tendon reflexes are 4+ and symmetric in all extremities. There is spontaneous myoclonus in the upper extremities. Results of laboratory studies, including a complete blood count, serum electrolyte concentrations, creatine phosphokinase activity, and thyroid function tests, are within the reference ranges. After admitting the patient to the hospital for observation and supportive care, what are you going to give or change in terms of pharmacotherapy?","After admitting the patient to the hospital for observation and supportive care, what are you going to give or change in terms of pharmacotherapy?","
A. Add carbamazepine to the medication regimen 
B. Add dantrolene to the medication regimen 
C. Add haloperidol to the medication regimen 
D. Discontinue paroxetine and duloxetine 
E. Switch from duloxetine to olanzapine
",D,D,True,"Given the clinical presentation, the patient appears to be experiencing serotonin syndrome, which is a potentially life-threatening condition caused by excessive serotonergic activity in the central nervous system. Serotonin syndrome can occur when multiple serotonergic agents are used concurrently or when doses of such agents are increased. In this case, the patient is taking both paroxetine (an SSRI) and duloxetine (an SNRI), which are both serotonergic agents. The symptoms described—restlessness, diaphoretic state, severe headache, fever, tachycardia, hypertension, mydriasis (pupils dilated to 8mm), hyperreflexia, and myoclonus—are consistent with serotonin syndrome. Option A (Add carbamazepine to the medication regimen): Carbamazepine is an anticonvulsant and mood stabilizer that would not address the underlying issue of serotonin excess. It could potentially worsen the situation if it interacts adversely with the current medications. Option B (Add dantrolene to the medication regimen): Dantrolene is a muscle relaxant used primarily in the treatment of malignant hyperthermia and spasticity. While it might help manage some of the muscular symptoms, it does not address the core issue of serotonin excess. Option C (Add haloperidol to the medication regimen): Haloperidol is an antipsychotic that can be used to manage agitation, but it does not treat serotonin syndrome directly. Additionally, neuroleptic malignant syndrome (NMS) can present similarly to serotonin syndrome, and adding another dopamine antagonist could complicate the diagnosis and management. Option D (Discontinue paroxetine and duloxetine): This is the most appropriate action because serotonin syndrome is caused by the accumulation of serotonin due to the use of serotonergic drugs. Stopping these drugs immediately is crucial to prevent further serotonin buildup and to allow the body to clear the excess serotonin. Option E (Switch from duloxetine to olanzapine): Olanzapine is an atypical antipsychotic and is not a serotonergic agent. However, switching to a non-serotonergic drug while continuing paroxetine would still leave the patient exposed to the risk of serotonin syndrome. Therefore, discontinuing both serotonergic agents is more appropriate. In conclusion, the immediate cessation of both paroxetine and duloxetine is necessary to manage the serotonin syndrome effectively. Supportive care measures should also be initiated, including hydration, cooling measures for hyperthermia, and monitoring for complications.",0.0,0.0314,0.1452,0.0684,0.0159,0.0474,0.0474,0.4597,0.5573,0.6093
"A 32-year-old man comes to the office for a follow-up examination 2 months after he was diagnosed with hypertension. He arrives late for the appointment, stating that he had to make sure no one followed him here because some ""drug dealers"" are after him. He insists that he be seen in an examination room with no windows. He says he is ""fine"" but is reluctant to answer questions because ""doctors hold everything against me."" He doubts his diagnosis and says, ""Doctors and drug companies are in cahoots trying to get my money."" He refuses to speak with the office manager about his bill because he thinks ""she looks at me funny and makes nasty remarks about me behind my back."" He says he has no history of psychiatric illness; his medical record indicates that he has made similar statements during the past 7 years concerning doctors and office staff but he always refused to elaborate on his statements. His medications are metoprolol and hydrochlorothiazide. He does not drink alcohol or use illicit drugs. Vital signs are within normal limits. Physical and neurologic examinations show no abnormalities. Results of screening laboratory studies are within the reference ranges. Which of the following is the most appropriate next step in management?",Which of the following is the most appropriate next step in management?,"
A. Begin clonazepam therapy 
B. Begin risperidone therapy 
C. Begin sertraline therapy 
D. Determine whether the patient has friends or family who can monitor him at home 
E. Determine whether the patient has had thoughts of harming others 
F. Determine whether the patient is adherent to his medication
",E,F,False,"Option F, ""Determine whether the patient is adherent to his medication,"" is the most appropriate next step in management. The patient's behavior and statements suggest significant mistrust towards healthcare providers and potential non-adherence to prescribed medications. Ensuring adherence to his current medications (metoprolol and hydrochlorothiazide) is crucial for managing his hypertension effectively. Non-adherence could explain his reluctance to discuss his condition and his doubts about his diagnosis. Option A (Begin clonazepam therapy) is inappropriate as there is no evidence of anxiety disorder severe enough to warrant benzodiazepine treatment. Option B (Begin risperidone therapy) is also inappropriate without clear evidence of psychotic symptoms or severe mood disorders. Option C (Begin sertraline therapy) might be considered if there were signs of depression, but the primary issue appears to be non-adherence and mistrust rather than depressive symptoms. Option D (Determine whether the patient has friends or family who can monitor him at home) may be relevant if there are concerns about safety or adherence, but it should come after confirming the patient's adherence status. Option E (Determine whether the patient has had thoughts of harming others) is important for safety but less urgent compared to addressing adherence and trust issues first. Therefore, assessing adherence to his medication regimen is the most direct and necessary step to ensure proper management of his hypertension and to address his underlying mistrust and non-compliance issues.",0.0197,0.0389,0.2363,0.0813,0.0574,0.0732,0.0732,0.4861,0.5757,0.7249
"An 87-year-old woman, gravida 2, para 2, is brought to the emergency department from a skilled nursing care facility because of profuse vaginal bleeding for 2 days. At the age of 41 years, she underwent a cold knife cone biopsy for cervical dysplasia. Annual follow-up Pap smears until the age of 65 years showed no abnormalities. She is in moderate distress. Temperature is 36.1°C (97.0°F), pulse is 84/min, respirations are 30/min, and blood pressure is 140/90 mm Hg. Abdominal examination shows mild distention and tenderness; no masses are palpated. Pelvic examination shows a large verrucous lesion on the perineum partially covering the anal verge. Speculum examination shows atrophic changes on the vagina and cervix. Which of the following is the most likely explanation for these findings?",Which of the following is the most likely explanation for these findings?,"
A. Cervical carcinoma 
B. External hemorrhoids 
C. Rectal carcinoma 
D. Rectal polyps 
E. Vulvar carcinoma
",E,E,True,"Given the patient's presentation of profuse vaginal bleeding, a large verrucous lesion on the perineum partially covering the anal verge, and the absence of any mention of cervical or rectal pathology, vulvar carcinoma is the most likely diagnosis. Here’s a detailed breakdown of why each option is correct or incorrect: A. Cervical carcinoma - While this is a possibility in elderly women, especially those with a history of cervical dysplasia, the presence of a large verrucous lesion on the perineum and not on the cervix makes this less likely. Additionally, the patient's history of normal Pap smear results until age 65 suggests that cervical cancer is less probable. B. External hemorrhoids - Hemorrhoids typically present as painless bleeding during defecation rather than continuous vaginal bleeding. The description of a large verrucous lesion does not fit the typical presentation of external hemorrhoids. C. Rectal carcinoma - This would be more likely if there were signs of rectal mass or if the patient had symptoms such as constipation, change in bowel habits, or tenesmus. The location and nature of the lesion described do not support this diagnosis. D. Rectal polyps - Similar to rectal carcinoma, rectal polyps would typically present with symptoms related to the lower gastrointestinal tract, such as changes in bowel habits or bleeding during defecation, rather than vaginal bleeding. E. Vulvar carcinoma - Given the patient's age, the presence of a large verrucous lesion on the perineum, and the history of chronic irritation (cold knife cone biopsy for cervical dysplasia), vulvar carcinoma is the most plausible diagnosis. Vulvar carcinomas often present as persistent lesions and can cause significant bleeding, especially in older patients. The patient's symptoms and physical exam findings align closely with this condition. Therefore, based on the clinical presentation and the options provided, vulvar carcinoma is the most likely explanation for the patient's symptoms.",0.0088,0.0262,0.1786,0.0562,0.0377,0.05,0.05,0.416,0.5471,0.6914
"A 47-year-old woman comes to the office for a routine health maintenance examination. She feels well and has no history of serious illness. Examination shows a 2-cm, soft, nontender nodule in the right lobe of the thyroid gland. There is no lymphadenopathy. Her serum thyroid-stimulating hormone concentration is within the reference range. Which of the following is the most appropriate initial step in management?",Which of the following is the most appropriate initial step in management?,"
A. CT scan of the neck 
B. Fine-needle aspiration biopsy 
C. Reexamination in 3 months 
D. Surgical excision 
E. Ultrasonography of the thyroid gland
",E,E,True,"For a patient presenting with a newly discovered thyroid nodule, the initial step should be to evaluate the nodule's characteristics more thoroughly. The options provided can be evaluated as follows: A. CT scan of the neck - This is not the most appropriate initial step because it does not provide specific information about the nature of the thyroid nodule itself. While a CT scan can show the relationship between the nodule and surrounding structures, it is typically used after other diagnostic steps have been taken, especially when there is suspicion of invasion or metastasis. B. Fine-needle aspiration biopsy (FNAB) - Although FNAB is a definitive way to assess whether a thyroid nodule is benign or malignant, it is usually performed after an ultrasound evaluation. Ultrasound can help determine if the nodule is cystic, solid, or mixed, which can influence the decision to perform a biopsy. C. Reexamination in 3 months - This could be considered if the nodule is very small, asymptomatic, and stable on imaging studies. However, given that the nodule is 2 cm and palpable, it warrants further investigation rather than observation alone. D. Surgical excision - This is too aggressive for an initial step in the management of a thyroid nodule without any evidence of malignancy. Surgery would only be considered if there were strong indications of cancer or if the nodule was causing significant symptoms such as compression or hyperfunction. E. Ultrasonography of the thyroid gland - This is the most appropriate initial step. It provides detailed images of the thyroid gland and the nodule, helping to determine its size, shape, margins, echogenicity, and vascularity. These features can guide subsequent decisions regarding the need for fine-needle aspiration biopsy or continued monitoring. Therefore, the correct initial step in managing this patient's thyroid nodule is ultrasonography of the thyroid gland.",0.0089,0.0294,0.2086,0.0703,0.045,0.0639,0.0639,0.4514,0.5777,0.6783
"A 1-hour-old male newborn is examined in the hospital nursery. He was born at term to a 22-year-old woman, gravida 1, para 1, with HIV infection. The mother took antiretroviral therapy throughout her pregnancy, and her HIV viral load was consistently <1000 copies/mL. She received intravenous zidovudine (AZT) during labor. The patient’s Apgar scores were 8 and 9 at 1 and 5 minutes, respectively. He is at the 50th percentile for length, weight, and head circumference. He appears well. Examination shows no abnormalities. In addition to administration of the hepatitis B vaccine, which of the following is the most appropriate pharmacotherapy for this newborn?","In addition to administration of the hepatitis B vaccine, which of the following is the most appropriate pharmacotherapy for this newborn?","
A. Lopinavir-ritonavir and trimethoprim-sulfamethoxazole 
B. Lopinavir-ritonavir only 
C. Penicillin 
D. Trimethoprim-sulfamethoxazole only 
E. Zidovudine (AZT)
",E,E,True,"Given the context that the newborn was exposed to HIV in utero and the mother's HIV status, the primary concern is the prevention of perinatal transmission of HIV. The newborn should receive prophylactic antiretroviral therapy to reduce the risk of HIV acquisition. Option A (Lopinavir-ritonavir and trimethoprim-sulfamethoxazole): While lopinavir-ritonavir is an antiretroviral drug used in the treatment of HIV, it is not typically used as first-line prophylaxis for neonates exposed to HIV. Trimethoprim-sulfamethoxazole is an antibiotic used primarily for prophylaxis against Pneumocystis jirovecii pneumonia in immunocompromised patients, not as an HIV prophylactic for newborns. Option B (Lopinavir-ritonavir only): As mentioned above, lopinavir-ritonavir is not the standard first-line prophylactic agent for HIV-exposed infants. It is more commonly used in combination with other drugs for treatment rather than prophylaxis. Option C (Penicillin): This is an antibiotic used for bacterial infections and has no role in preventing HIV transmission. Option D (Trimethoprim-sulfamethoxazole only): Similar to option A, trimethoprim-sulfamethoxazole is not used for HIV prophylaxis in newborns but rather for preventing opportunistic infections in those already diagnosed with HIV. Option E (Zidovudine (AZT)): Zidovudine is the recommended prophylactic antiretroviral medication for HIV-exposed newborns. The mother received AZT intravenously during labor, and the newborn should continue to receive AZT orally to prevent HIV transmission. According to the Centers for Disease Control and Prevention (CDC), a 6-week course of AZT is recommended for HIV-exposed infants whose mothers have HIV or whose HIV status is unknown. Therefore, the most appropriate pharmacotherapy for this newborn is Zidovudine (AZT).",0.0138,0.0512,0.2945,0.1049,0.0493,0.0979,0.0979,0.459,0.58,0.6892
"A 25-year-old woman comes to the office because she has not had a menstrual period for 6 months. Previously, menses occurred at regular 28-day intervals. She has not had blurred or double vision. She has no history of serious illness and takes no medications. Temperature is 37.0°C (98.6°F), pulse is 72/min, and blood pressure is 108/60 mm Hg. The pupils are equal and reactive to light; extraocular muscles are intact. Funduscopic examination shows no abnormalities. Visual field testing shows bitemporal hemianopia. Milky discharge can be expressed from the nipples. Pelvic examination shows no abnormalities. Serum studies show a thyroid-stimulating hormone concentration of 2.0 μU/mL and a prolactin concentration of 100 ng/mL. A urine pregnancy test is negative. MRI of the pituitary gland shows a 1.2 × 1.5-cm mass compressing the optic chiasm. Which of the following is the most appropriate next step in management?",Which of the following is the most appropriate next step in management?,"
A. Biopsy of the pituitary gland 
B. Cabergoline therapy 
C. Gamma knife radiation to the pituitary gland 
D. Oral contraceptive therapy 
E. Transsphenoidal pituitary surgery
",B,E,False,"The patient's presentation includes amenorrhea (absence of menstruation), bitemporal hemianopia (a visual field defect indicating compression of the optic chiasm), galactorrhea (milky discharge from the nipples), and a pituitary mass on MRI. These symptoms strongly suggest a prolactinoma, which is a benign tumor of the pituitary gland that secretes excessive amounts of prolactin. The high prolactin levels (100 ng/mL) further support this diagnosis. Option A (Biopsy of the pituitary gland): While a biopsy could confirm the nature of the mass, it is generally not the first-line approach due to the risks associated with the procedure and the availability of less invasive diagnostic methods such as MRI and serum prolactin levels. Option B (Cabergoline therapy): Cabergoline is a dopamine agonist used to treat hyperprolactinemia and reduce the size of prolactinomas. However, given the significant size of the tumor (1.2 × 1.5 cm) and its effect on the optic chiasm, medical treatment alone may not be sufficient to relieve the pressure on the optic nerves and restore normal vision. Option C (Gamma knife radiation to the pituitary gland): Radiosurgery can be considered for residual or recurrent tumors after surgery or for patients who are not candidates for surgery. However, it is typically not the initial treatment for a newly diagnosed large prolactinoma causing significant visual impairment. Option D (Oral contraceptive therapy): This would not address the underlying cause of the prolactinoma and could potentially worsen the condition by increasing prolactin levels. Option E (Transsphenoidal pituitary surgery): Given the size of the tumor and its location compressing the optic chiasm, surgical removal via transsphenoidal surgery is the most appropriate initial step. This approach aims to relieve pressure on the optic chiasm, preserve or improve vision, and reduce prolactin levels. Post-surgical management might include medical therapy with dopamine agonists if necessary. Therefore, the most appropriate next step in management is transsphenoidal pituitary surgery.",0.014,0.0277,0.2358,0.0675,0.0494,0.0675,0.0675,0.4249,0.5511,0.6995
"A 2-week-old boy is evaluated in the neonatal intensive care unit because of temperature instability and decreased activity. He was born by cesarean delivery at 30 weeks’ gestation because of premature rupture of membranes. Since birth, he has been fed breast milk by orogastric tube. He was feeding and growing appropriately until today, when his axillary temperature was 36.5°C (97.7°F) and he had decreased activity. During the past 4 hours, gastric residue has been noted in the orogastric tube when it is aspirated prior to feedings. Temperature is now 37.0°C (98.6°F), pulse is 160/min, respirations are 50/min, and blood pressure is 70/40 mm Hg. The anterior fontanel is soft. Cardiopulmonary examination shows no abnormalities. The abdomen is mildly distended, and there is mild tenderness to palpation diffusely; there are no masses. Bowel sounds are decreased. There is a small amount of blood-streaked stool in the diaper. The remainder of the examination shows no abnormalities. Leukocyte count is 18,000/mm³ (N=5000–34,000) (80% segmented neutrophils, 5% bands, 10% lymphocytes, and 5% monocytes), and platelet count is 100,000/mm³. Blood culture results are pending. Which of the following is most likely to confirm the diagnosis?",Which of the following is most likely to confirm the diagnosis?,"
A. Measurement of prothrombin time and partial thromboplastin time 
B. Measurement of stool reducing substances 
C. Stool culture 
D. Upper gastrointestinal series 
E. X-ray of the abdomen
",E,E,True,"Given the clinical scenario, the patient presents with signs of sepsis (temperature instability, decreased activity, leukocytosis, hypotension), and possible gastrointestinal bleeding (blood-streaked stool). However, the key finding that points towards a potential surgical emergency is the presence of a distended abdomen with decreased bowel sounds and blood-streaked stool, which suggests an intestinal obstruction or perforation. Option A (Measurement of prothrombin time and partial thromboplastin time): While these tests can help assess for coagulation disorders, they are not specific for diagnosing the underlying cause of the abdominal symptoms described here. Therefore, this option is less relevant given the clinical context. Option B (Measurement of stool reducing substances): This test is used to detect the presence of reducing sugars in the stool, typically associated with carbohydrate malabsorption conditions like lactose intolerance. It does not address the clinical suspicion of an intestinal obstruction or perforation. Option C (Stool culture): Although important for identifying any infectious causes of the patient's symptoms, it would not directly confirm the suspected mechanical issue within the intestines. Option D (Upper gastrointestinal series): This imaging study is useful for evaluating the upper gastrointestinal tract but may not be as effective for assessing the lower gastrointestinal tract where the symptoms seem to originate from. Option E (X-ray of the abdomen): An abdominal X-ray is the most appropriate initial imaging study in this case. It can reveal signs of bowel obstruction such as dilated loops of bowel, air-fluid levels, or free air under the diaphragm indicative of a perforation. These findings would support the clinical suspicion of an intestinal problem necessitating urgent surgical intervention. Therefore, the correct answer is E, as it is the most direct way to confirm the diagnosis of an intestinal issue in this neonate.",0.003,0.024,0.201,0.0592,0.0265,0.0592,0.0592,0.4438,0.5816,0.6682
"A 13-month-old boy is brought to a small rural emergency department (ED) near his family's community because of an erythematous, edematous mass in his perianal area that is hot to touch. He has no history of serious illness and receives no medications. Growth and development are appropriate for age. Vaccinations are up-to-date. He is at the 50th percentile for length and weight. Temperature is 39.4°C (103.0°F), pulse is 160/min, and respirations are 36/min. Examination shows fluctuance and exquisite tenderness to palpation of the perianal mass. Oral acetaminophen and a dose of oral cephalexin are administered, and the parents are told that their child’s case is beyond the capabilities of the hospital. They are referred to the nearest hospital with a pediatric service, a suburban hospital 50 miles away. The suburban hospital is contacted regarding the referral and a pediatric surgeon accepts transfer of the patient. When the patient is brought to the ED of the suburban hospital, a triage nurse obtains his oral temperature of 37.7°C (99.8°F) and pulse of 126/min. The nurse notes that the family has no health insurance and states that the case is beyond the capabilities of the hospital. The nurse recommends taking the patient to the ED of a downtown university hospital 4 miles away. The parents follow this recommendation, and the patient undergoes incision and drainage of the abscess at the downtown hospital later that day. Which of the following is the most accurate characterization of this patient's pattern of care?",Which of the following is the most accurate characterization of this patient's pattern of care?,"
A. The patient received appropriate care under the circumstances 
B. The pediatric surgeon at the suburban hospital should have insisted on personally examining the patient and draining the abscess 
C. The rural hospital should have sent the patient directly to the downtown university hospital 
D. The suburban hospital executed unethical but legal conduct in this case 
E. The suburban hospital violated the Emergency Medical Treatment and Active Labor Act (EMTALA)
",E,E,True,"Option A is incorrect because although the patient was eventually treated appropriately, the series of events leading to the treatment involved multiple instances where the patient's care was not handled according to the Emergency Medical Treatment and Active Labor Act (EMTALA). This act mandates that hospitals must provide an appropriate medical screening examination to anyone who comes to an emergency room, regardless of their ability to pay, and stabilize any emergency medical condition before transferring the patient. Option B is incorrect because while it might seem ideal for the pediatric surgeon to examine and treat the patient, the primary issue here is not about the quality of care but rather the adherence to EMTALA. The surgeon's decision to refer the patient based on the hospital's limitations does not violate EMTALA if the patient was first medically screened and stabilized. Option C is incorrect because sending the patient directly to the downtown university hospital from the rural hospital would have been a reasonable course of action, but the critical issue is the handling of the patient once he arrived at the suburban hospital, which did not comply with EMTALA. Option D is incorrect because the suburban hospital's actions were not just unethical; they also violated federal law. Referring a patient without providing an appropriate medical screening and stabilization is a violation of EMTALA, not merely unethical behavior. Option E is correct because the suburban hospital violated EMTALA by failing to provide an appropriate medical screening and stabilization before referring the patient elsewhere. According to EMTALA, hospitals are required to screen all patients who come to the emergency department and cannot refuse to treat them based on their inability to pay. The suburban hospital's refusal to treat the patient due to lack of insurance and its recommendation to go to another hospital without ensuring the patient was stable first constitutes a violation of EMTALA.",0.0,0.024,0.1321,0.0661,0.0242,0.048,0.048,0.4364,0.5692,0.5974
"A 25-year-old woman is brought to the emergency department by paramedics because of a seizure that began 45 minutes ago at home. Intravenous antiepileptic therapy begun en route to the hospital has not stopped her seizure. Her parents report that she initially began crying, then fell to the floor and exhibited asymmetric kicking and thrashing of all extremities. Fifteen years ago, she was diagnosed with a seizure disorder. Her seizures had been well controlled with oral antiepileptic therapy until this morning. Today, while the physician is in the patient’s room, the movements of her extremities gradually subside. The patient then sits up and asks the physician what happened. She is fully oriented. Vital signs are within normal limits. Examination shows no evidence of tongue biting, urinary incontinence, or other abnormalities. Which of the following is most likely to confirm this patient’s diagnosis?",Which of the following is most likely to confirm this patient’s diagnosis?,"
A. Interview following amobarbital administration 
B. Measurement of serum antiepileptic concentration 
C. Measurement of serum creatine kinase activity 
D. Neuropsychological testing 
E. Video EEG monitoring
",E,B,False,"Given the context of the patient's history and presentation, the most likely cause of the breakthrough seizure despite ongoing antiepileptic therapy is related to either non-adherence to medication, an incorrect dose, or a change in metabolism affecting drug levels. Therefore, measuring the serum antiepileptic concentration (Option B) would be the most direct way to confirm whether the current level of antiepileptic drugs in her system is adequate for seizure control. - Option A (Interview following amobarbital administration): This procedure, also known as the ""gold standard"" for uncovering hidden memories or diagnosing certain conditions like epilepsy, is not relevant here since the patient's condition is already known to be related to a seizure disorder. - Option C (Measurement of serum creatine kinase activity): Elevated creatine kinase can indicate muscle damage, but it does not directly relate to the management or diagnosis of a seizure disorder. - Option D (Neuropsychological testing): While useful in assessing cognitive function and potential long-term effects of seizures, it does not address the immediate issue of why the seizure occurred. - Option E (Video EEG monitoring): Although this is a valuable tool for diagnosing and managing epilepsy, it is more useful for understanding the type and pattern of seizures rather than confirming the immediate cause of a breakthrough seizure in a patient who has a known seizure disorder and is currently experiencing a breakthrough event. Therefore, measuring the serum antiepileptic concentration (Option B) is the most appropriate next step to determine if the current treatment regimen is effective and to adjust it if necessary.",0.0,0.0342,0.1282,0.0889,0.0299,0.0741,0.0741,0.4926,0.5787,0.6009
"A 32-year-old woman comes to the emergency department because of a 1-day history of sharp, right-sided chest pain that worsens with coughing and sneezing. Four days ago, she had a mild sore throat and runny nose followed by nonproductive cough 1 day later. Over-the-counter decongestant and aspirin mildly relieved the symptoms. She has not had shortness of breath, blood-tinged sputum, fever, or chills. She has a long-standing history of recurrent aphthous ulcers. Her only medication is an oral contraceptive. Temperature is 37.2°C (99.0°F), pulse is 65/min, and respirations are 14/min. Pulse oximetry on room air shows an oxygen saturation of 99%. Splinting is observed over the right hemithorax with deep breathing. On cardiac examination, no abnormalities are heard. The remainder of the examination shows no abnormalities. Chest x-ray shows no abnormalities. Which of the following is the most appropriate next step in management?",Which of the following is the most appropriate next step in management?,"
A. Azithromycin therapy 
B. CT angiography 
C. Electrocardiography 
D. Ibuprofen therapy 
E. Prednisone therapy 
F. Transthoracic echocardiography
",D,D,True,"Given the patient's presentation of sharp, right-sided chest pain that worsens with coughing and sneezing, along with a recent history of upper respiratory infection, the differential diagnosis includes conditions such as musculoskeletal strain, pleurisy, or even a pulmonary embolism. However, the absence of significant risk factors for pulmonary embolism (such as recent surgery, prolonged immobilization, or deep vein thrombosis) and the normal chest X-ray make this less likely. Additionally, the presence of splinting with deep breathing suggests inflammation or irritation of the pleura or musculoskeletal structures rather than a more serious condition like pneumonia or a pneumothorax. Option A (Azithromycin therapy): This antibiotic is typically used for bacterial infections, particularly those involving Mycoplasma or Chlamydia, which can cause atypical pneumonia. Given the lack of fever, chills, blood-tinged sputum, and the absence of infiltrates on the chest X-ray, it is unlikely that the patient has a bacterial pneumonia requiring antibiotics. Option B (CT angiography): While this would be indicated if there were strong clinical suspicion of pulmonary embolism, the patient’s presentation does not strongly suggest this diagnosis, especially given the normal chest X-ray and lack of other risk factors. Option C (Electrocardiography): An ECG would be considered if there was concern for cardiac causes of chest pain, but the absence of typical cardiac symptoms (like radiation of pain, diaphoresis, nausea) and normal vital signs make this less likely. Option D (Ibuprofen therapy): Nonsteroidal anti-inflammatory drugs (NSAIDs) like ibuprofen are often effective for musculoskeletal pain and inflammation, which seems to fit the patient's symptoms well. Since the pain is localized and exacerbated by movement, it is reasonable to consider musculoskeletal strain as a primary cause, and NSAIDs can help manage the discomfort while monitoring for any changes in symptoms. Option E (Prednisone therapy): Corticosteroids are generally reserved for inflammatory conditions where there is significant systemic involvement or when there is a clear indication of an inflammatory process that might benefit from their use. In this case, without evidence of severe inflammation or autoimmune disease flare-up, prednisone is not indicated. Option F (Transthoracic echocardiography): This would be considered if there were concerns about cardiac pathology, but the absence of cardiac symptoms and normal physical exam findings make this unnecessary. Therefore, the most appropriate next step in management is to provide symptomatic relief with ibuprofen therapy (Option D). If the pain persists or worsens despite this treatment, further evaluation may be warranted.",0.0086,0.0215,0.1841,0.0524,0.0335,0.0524,0.0524,0.4088,0.5303,0.6951
"A 30-year-old nulligravid woman, who is a military veteran, comes to the office because she has not had a menstrual period for the past year. She has not had nausea, vomiting, or night sweats. Menses previously occurred at regular 28-day intervals. She is sexually active with one male partner and uses condoms consistently. Three weeks ago, she returned from a 1-year deployment in the Middle East, where she worked as an army combat medic. She resumed work as a teacher 2 weeks ago. She appears tearful but otherwise in no distress. Temperature is 37.1°C (98.7°F), pulse is 88/min, respirations are 16/min, and blood pressure is 116/72 mm Hg. Physical examination, including pelvic examination, shows no abnormalities. Serum studies show: Thyroid-stimulating hormone: 2 μU/mL Follicle-stimulating hormone: 7 mIU/mL Luteinizing hormone: 10 mIU/mL Prolactin: 10 ng/mL β-hCG: negative Which of the following is the most likely cause of this patient’s amenorrhea?",Serum studies show: Thyroid-stimulating hormone: 2 μU/mL Follicle-stimulating hormone: 7 mIU/mL Luteinizing hormone: 10 mIU/mL Prolactin: 10 ng/mL β-hCG: negative Which of the following is the most likely cause of this patient’s amenorrhea?,"
A. Gonadal dysgenesis 45,X (Turner syndrome) 
B. Hypothalamic hypogonadism 
C. Polycystic ovarian syndrome 
D. Premature ovarian failure 
E. Prolactinoma
",B,B,True,"Given the patient's history and laboratory findings, hypothalamic hypogonadism is the most likely cause of her amenorrhea. Here's a detailed breakdown of why this is the case and why the other options are less likely: - Hypothalamic hypogonadism (Option B): This condition involves a disruption in the hypothalamus' ability to produce gonadotropin-releasing hormone (GnRH), which regulates the pituitary gland's production of follicle-stimulating hormone (FSH) and luteinizing hormone (LH). The patient's FSH and LH levels are within the normal range for a premenopausal woman, indicating that her ovaries are still functioning normally. However, the low levels suggest a lack of stimulation from the hypothalamus, consistent with hypothalamic hypogonadism. The patient's recent stressors, such as her deployment and subsequent return to work, can trigger a state of hypogonadotropic hypogonadism due to the body's response to stress, leading to decreased GnRH secretion. - Gonadal dysgenesis 45,X (Turner syndrome) (Option A): This genetic disorder typically presents with primary amenorrhea and other characteristic features like short stature, webbed neck, and lymphedema. Since the patient has a normal menstrual history before the onset of amenorrhea and no physical abnormalities are noted on examination, Turner syndrome is unlikely. - Polycystic ovarian syndrome (PCOS) (Option C): PCOS is characterized by elevated androgen levels, irregular menstrual cycles, and polycystic ovaries on ultrasound. The patient's menstrual cycle was regular before the onset of amenorrhea, and there is no mention of hirsutism, acne, or other signs of hyperandrogenism. Additionally, the patient's hormonal profile does not indicate elevated androgens, making PCOS less likely. - Premature ovarian failure (Option D): This condition involves the loss of ovarian function before age 40, often associated with elevated FSH levels (typically >40 mIU/mL) and low estradiol levels. The patient's FSH level is within the normal range, suggesting that her ovaries are still functional, thus ruling out premature ovarian failure. - Prolactinoma (Option E): Elevated prolactin levels can lead to amenorrhea, but the patient's prolactin level is within the normal range. Furthermore, prolactinomas are usually associated with galactorrhea (milk production from the breasts), which is not mentioned in the patient's history. In conclusion, given the patient's history of stress and the normal hormonal levels except for the low FSH and LH, hypothalamic hypogonadism is the most plausible diagnosis.",0.0068,0.0492,0.2295,0.1043,0.0476,0.0711,0.0711,0.5144,0.5408,0.6131
"A 45-year-old woman comes to the office because she has not had a menstrual period for 1 year. Menses previously occurred at regular 30-day intervals. She feels well, has no history of serious illness, and takes no medications. She has smoked one-half pack of cigarettes daily for 20 years. She is sexually active with one male partner and uses condoms consistently. She is 163 cm (5 ft 4 in) tall and weighs 63 kg (140 lb); BMI is 24 kg/m². Vital signs are within normal limits. Physical examination, including pelvic examination, shows no abnormalities. Measurement of which of the following serum concentrations is most likely to confirm the diagnosis?",Measurement of which of the following serum concentrations is most likely to confirm the diagnosis?,"
A. Estradiol 
B. Follicle-stimulating hormone 
C. β-hCG 
D. Luteinizing hormone 
E. Progesterone
",B,B,True,"The patient's presentation of amenorrhea (absence of menstruation) for one year, along with her age and other clinical details, suggests that she may be experiencing menopause. Menopause is defined as the permanent cessation of menstruation, typically occurring around the age of 50 but can occur earlier. The key diagnostic marker for menopause is an elevated level of follicle-stimulating hormone (FSH), which occurs due to the decline in ovarian function and the resultant decrease in estrogen production. - Option A (Estradiol): While estradiol levels do drop during menopause, they can still fluctuate and may not always be reliably low enough to diagnose menopause definitively on their own. - Option B (Follicle-stimulating hormone - FSH): Elevated FSH levels are a hallmark of menopause. As ovarian function declines, the pituitary gland increases its secretion of FSH in an attempt to stimulate the ovaries. This increase in FSH is usually accompanied by a decrease in estrogen production, leading to the characteristic symptoms of menopause. - Option C (β-hCG): This test is used primarily to detect pregnancy. Since the patient is not reporting any pregnancy-related symptoms and is using contraception, this test would not be relevant. - Option D (Luteinizing hormone - LH): Like FSH, LH also increases during menopause, but it is FSH that is more commonly measured and considered the primary indicator of menopause. - Option E (Progesterone): Progesterone levels are not typically used to diagnose menopause. They can vary widely throughout the menstrual cycle and do not provide a clear indication of menopausal status. Therefore, measuring the serum concentration of follicle-stimulating hormone (FSH) is the most reliable method to confirm the diagnosis of menopause in this patient.",0.0032,0.0344,0.259,0.0764,0.021,0.0764,0.0764,0.4732,0.5785,0.6917
"A 2-month-old girl is brought to the office by her mother for a routine examination. Newborn screening electrophoresis showed hemoglobin FS. The mother says her daughter has not had fever or pallor. The patient is feeding well and gaining weight appropriately. She receives no medications. She appears well. She is at the 35th percentile for length and weight. Temperature is 37.0°C (98.6°F), pulse is 158/min, and respirations are 28/min. Examination shows no abnormalities. All routine immunizations are administered. In addition to routine anticipatory guidance about feeding and development, the mother is instructed to observe the patient for pallor and fever and to palpate for an enlarged spleen. Which of the following is most appropriate to prevent complications in this patient?",Which of the following is most appropriate to prevent complications in this patient?,"
A. Amoxicillin as needed for febrile illness 
B. Instructions for the parents to palpate the long bones routinely 
C. Instructions for the parents to take and record the patient’s pulse daily 
D. Low-dose aspirin therapy 
E. Oral prophylactic penicillin therapy
",E,E,True,"The patient's newborn screening results showing hemoglobin FS suggest sickle cell trait (HbAS) rather than sickle cell disease (HbSS). However, the question implies that there might be a need for preventive measures against potential complications, which typically aligns more closely with sickle cell disease management. Given the context, it seems the scenario is considering a condition where prophylaxis is necessary to prevent infections, which is a common complication in sickle cell disease. Option A (Amoxicillin as needed for febrile illness): This is not the best approach because amoxicillin would be used to treat an infection rather than prevent one. Prophylactic antibiotics are recommended for children with sickle cell disease to prevent severe bacterial infections. Option B (Instructions for the parents to palpate the long bones routinely): Palpating the long bones is not a standard practice for monitoring sickle cell disease or its complications. It does not help in preventing infections or other common complications like acute chest syndrome. Option C (Instructions for the parents to take and record the patient’s pulse daily): While monitoring vital signs can be important, recording the pulse daily is not a specific preventive measure for sickle cell disease complications. It does not address the primary concern of preventing infections or other serious complications. Option D (Low-dose aspirin therapy): Aspirin is generally avoided in children due to the risk of Reye's syndrome unless specifically indicated for conditions such as Kawasaki disease or to prevent blood clots in certain situations. It is not a standard recommendation for sickle cell disease prevention. Option E (Oral prophylactic penicillin therapy): This is the correct answer. Children with sickle cell disease are often prescribed prophylactic penicillin to reduce the risk of serious bacterial infections, which are a significant cause of morbidity and mortality in these patients. Starting penicillin prophylaxis early in life and continuing until at least five years of age is a standard recommendation to prevent severe infections. Therefore, the most appropriate action to prevent complications in this patient, assuming she has sickle cell disease or a similar condition requiring such precautions, is oral prophylactic penicillin therapy.",0.0078,0.0282,0.2305,0.0659,0.0331,0.0659,0.0659,0.4528,0.5847,0.6615
"A 3-week-old boy is brought to the physician by his mother because of a 5-day history of yellow eyes and skin and white stools. Pregnancy and delivery were uncomplicated. The patient's temperature is 37.1°C (98.8°F), pulse is 160/min, respirations are 40/min, and blood pressure is 85/50 mm Hg. Examination shows diffuse jaundice. Cardiopulmonary examination shows no abnormalities. The abdomen is nontender. The liver edge is palpated 4 cm below the right costal margin. The spleen tip is palpated 3 cm below the left costal margin. Laboratory studies show: Leukocyte count: 10,000/mm³ Serum Bilirubin, total: 16 mg/dL Direct: 12 mg/dL AST: 800 U/L ALT: 500 U/L Amylase: 100 U/L Which of the following is the most appropriate next step in diagnosis?","Laboratory studies show: Leukocyte count: 10,000/mm³ Serum Bilirubin, total: 16 mg/dL Direct: 12 mg/dL AST: 800 U/L ALT: 500 U/L Amylase: 100 U/L Which of the following is the most appropriate next step in diagnosis?","
A. Air-contrast enema 
B. Ultrasonography of the abdomen 
C. Upper gastrointestinal series 
D. Colonoscopy 
E. Esophagogastroduodenoscopy
",B,B,True,"Given the clinical presentation of a 3-week-old infant with jaundice, elevated liver enzymes, and hepatomegaly, the most likely diagnosis is neonatal hepatitis or biliary atresia. These conditions require prompt investigation to prevent irreversible liver damage. Option A (Air-contrast enema) is used primarily for diagnosing intussusception, which is not indicated by the symptoms described here. Option C (Upper gastrointestinal series) is typically used to evaluate the esophagus, stomach, and duodenum for structural abnormalities but does not provide information about liver function or biliary obstruction. Option D (Colonoscopy) is not relevant in this case as it focuses on the colon and rectum, areas that are not implicated based on the clinical presentation. Option E (Esophagogastroduodenoscopy) can be useful for direct visualization of the upper gastrointestinal tract but does not address the primary concern of liver dysfunction or biliary obstruction. Option B (Ultrasonography of the abdomen) is the most appropriate next step. It allows for the evaluation of liver size, texture, and presence of bile duct dilation, which are critical findings in distinguishing between neonatal hepatitis and biliary atresia. Additionally, ultrasonography can help identify other potential causes of liver dysfunction such as choledochal cysts or vascular anomalies. Given the urgency of the situation, an abdominal ultrasound is the preferred initial imaging modality to guide further management.",0.0123,0.0445,0.2186,0.093,0.0469,0.0775,0.0775,0.4614,0.4879,0.5405
"A 52-year-old woman comes to the physician for a follow-up examination. She received the diagnosis of hypertension 3 weeks ago, and lisinopril therapy was begun at that time. She has had a constant, nonproductive, hacking cough for 2 weeks but has not had any other problems. She has no history of serious illness and takes no other medications. She does not smoke. She drinks one to two glasses of wine daily. She does aerobic exercise for 30 minutes four to five times weekly. Her blood pressure has decreased from 164/92 mm Hg 3 weeks ago to 140/84 mm Hg today. Lungs are clear to auscultation. Which of the following is the most appropriate next step in management of this patient's cough?",Which of the following is the most appropriate next step in management of this patient's cough?,"
A. Pulmonary function tests 
B. CT scan of the chest 
C. Course of prednisone 
D. Discontinuation of lisinopril 
E. Use of a cough suppressant 
F. No change in management is indicated at this time
",D,D,True,"Option A (Pulmonary function tests) - This test would be more relevant if there were signs of obstructive or restrictive lung disease, which is not indicated here. The patient's lungs are clear on auscultation, and her symptoms do not suggest a condition that would require pulmonary function testing. Option B (CT scan of the chest) - Given that the patient's cough started after she began taking lisinopril and there are no other significant symptoms or physical findings suggesting a need for further imaging, a CT scan is not indicated. The cough is likely related to the medication rather than an underlying lung pathology. Option C (Course of prednisone) - Prednisone is typically used for inflammatory conditions such as asthma or chronic obstructive pulmonary disease (COPD). Since the patient's cough is likely due to lisinopril, corticosteroids would not be expected to alleviate her symptoms. Option D (Discontinuation of lisinopril) - Lisinopril, an ACE inhibitor, is known to cause a persistent dry cough in some patients. Given that the patient's cough began shortly after starting lisinopril and there are no other apparent causes, discontinuing the lisinopril is the most appropriate action. If the cough resolves after stopping the medication, it confirms the association between the cough and the drug. Option E (Use of a cough suppressant) - While a cough suppressant might temporarily relieve the symptom, it does not address the underlying cause of the cough, which appears to be related to the lisinopril. Therefore, this would not be the most effective approach. Option F (No change in management is indicated at this time) - Given the temporal relationship between the start of lisinopril and the onset of the cough, and the absence of other potential causes, continuing the current treatment without addressing the cough would not be advisable. Therefore, the most appropriate next step in managing this patient's cough is to discontinue lisinopril, as it is the most likely cause of her symptoms.",0.0111,0.0385,0.2964,0.0947,0.0655,0.0828,0.0828,0.4812,0.5962,0.7254
A 27-year-old primigravid woman at 41 weeks' gestation is admitted to the hospital for induction of labor. She has received cervical ripening agents and is now receiving oxytocin. The cervix is 9 cm dilated and 100% effaced; the vertex is at 0 station. Fetal monitoring shows contractions every 3 minutes and a reassuring heart rate. She requests pain medication. Which of the following is the most likely adverse effect of an intravenous opioid in this patient?,Which of the following is the most likely adverse effect of an intravenous opioid in this patient?,"
A. Maternal fever 
B. Maternal tachycardia 
C. Neonatal acidosis 
D. Neonatal arrhythmia 
E. Neonatal respiratory depression
",E,E,True,"Intravenous opioids administered to a laboring mother can cross the placenta and affect the fetus. Among the options provided, neonatal respiratory depression (option E) is the most likely adverse effect of an intravenous opioid in this patient. Opioids can suppress the newborn's respiratory drive, leading to decreased respiration rates and potentially hypoxia if not managed properly. - Option A (Maternal fever): While opioids can cause side effects such as nausea, vomiting, and itching, they do not typically cause maternal fever. - Option B (Maternal tachycardia): Opioids generally have a sedative effect on the cardiovascular system, which may lead to bradycardia rather than tachycardia in the mother. - Option C (Neonatal acidosis): Although opioids can affect fetal heart rate patterns, leading to variable decelerations that might be associated with acidosis, the direct cause of acidosis is not a primary adverse effect of opioids. - Option D (Neonatal arrhythmia): Opioids are not known to directly cause neonatal arrhythmias. - Option E (Neonatal respiratory depression): This is the most significant concern with the use of opioids during labor, as it can lead to difficulty breathing in the newborn, necessitating immediate intervention such as suctioning and possibly positive pressure ventilation. Therefore, the most likely adverse effect of an intravenous opioid in this patient is neonatal respiratory depression.",0.0405,0.06,0.4026,0.1416,0.1071,0.1327,0.1327,0.5014,0.6248,0.8126
"A 7-year-old girl is brought to the clinic by her father because of behavior problems at school since she started second grade 6 months ago. Her teacher is concerned because she cannot sit still or complete tasks and is not learning at the same pace as her classmates. Psychoeducational testing shows normal intelligence. The father says his daughter’s behavior problems have worsened since last year. She snores at night and wets the bed several nights weekly. She has no history of serious illness and receives no medications. She has been at the 25th percentile for height and weight for the past 3 years. Pulse is 105/min and regular, respirations are 22/min, and blood pressure is 105/65 mm Hg. The tonsils are 3+. Cardiopulmonary and abdominal examinations show no abnormalities. On neurologic examination, cranial nerves are intact. Deep tendon reflexes are 2+ in all extremities. Finger-nose testing shows no abnormalities. Romberg sign is absent. Her gait is normal. Which of the following is the most appropriate next step in diagnosis?",Which of the following is the most appropriate next step in diagnosis?,"
A. EEG 
B. Karyotype analysis 
C. MRI of the brain 
D. Polysomnography 
E. Thyroid function tests
",D,D,True,"Given the clinical scenario, the most appropriate next step in diagnosis would be polysomnography (D). Here's why: - Polysomnography: This test is indicated due to the patient's symptoms of snoring and bedwetting, which could suggest sleep-disordered breathing such as obstructive sleep apnea (OSA). OSA can lead to daytime sleepiness, hyperactivity, and cognitive difficulties, which align with the child's behavioral issues and academic struggles. Addressing potential sleep disorders is crucial before considering other diagnostic avenues. - EEG (A): An EEG is typically ordered when there is suspicion of epilepsy or other seizure disorders. While it might be considered if there were signs of neurological dysfunction, the current presentation does not strongly suggest this. - Karyotype Analysis (B): This test is usually performed to diagnose genetic conditions that may present with developmental delays or dysmorphic features. Since the psychoeducational testing showed normal intelligence and there are no specific indicators of a genetic disorder, this is less likely to be the next step. - MRI of the Brain (C): An MRI would be more appropriate if there were neurological signs or symptoms suggesting structural brain abnormalities. However, the neurologic examination was unremarkable, making this less urgent compared to addressing the sleep issues first. - Thyroid Function Tests (E): These tests are important in ruling out hypothyroidism, which can cause cognitive and behavioral issues. However, given the absence of other typical hypothyroid symptoms (such as cold intolerance, constipation, or delayed growth), and the presence of sleep-related symptoms, addressing sleep first is more pertinent. In summary, the combination of behavioral issues, poor academic performance, and sleep-related symptoms strongly suggests that evaluating for sleep-disordered breathing through polysomnography should be prioritized.",0.0124,0.0308,0.1658,0.0764,0.049,0.0556,0.0556,0.4595,0.5711,0.7093
"An 8-year-old boy is brought to the emergency department (ED) by ambulance 45 minutes after he was struck by a car while riding his bicycle. He did not lose consciousness but has multiple rib fractures with depression of the left anterior chest wall. His parents have been notified and are on their way to the hospital. On the patient's arrival to the ED, his temperature is 37.2°C (99.0°F), pulse is 180/min, respirations are 36/min, and blood pressure is 65/30 mm Hg. The abdomen is distended with exquisite tenderness to palpation. A rapid intravenous infusion of 0.9% saline is begun. CT scans are quickly obtained and show a disrupted spleen and an abdominal cavity filled with free fluid. The parents arrive at the hospital and are informed that their son needs an emergency laparotomy and splenectomy to control the internal bleeding. A saline infusion is continued to support the patient's blood pressure. The parents provide consent to proceed with the operation but refuse to consent to transfusion of blood or blood products, regardless of consequences, because of their religious beliefs. As the patient is transferred to the operating room, his pulse is 210/min and blood pressure is 50/20 mm Hg. Hemoglobin concentration is 3.8 g/dL. The surgeon agrees with the anesthesiologist that the patient will die without transfusion of blood and plasma. Which of the following is the most appropriate action?",Which of the following is the most appropriate action?,"
A. Contact the national organization of the parents’ religion and insist that the parents speak with a representative on the phone regarding the matter 
B. Contact the parents’ religious advisor to request help in acquiring consent for blood transfusion 
C. Proceed with the blood transfusion while obtaining an emergency telephone court order 
D. Proceed with the operation and abide by the parents’ wishes that no blood products be used 
E. Transfer the patient by ambulance immediately to a bloodless surgical center
",C,C,True,"In this scenario, the patient is critically ill and requires immediate intervention to save his life. The parents' refusal to consent to blood transfusions due to their religious beliefs poses a significant ethical dilemma. However, the medical team must prioritize the patient's survival over non-medical considerations when the patient's life is in imminent danger. Option A: Contacting the national organization of the parents' religion and insisting that they speak with a representative on the phone regarding the matter is not practical in an emergency situation where time is critical. This approach would likely delay necessary treatment and could result in the patient's death. Option B: Contacting the parents' religious advisor to request help in acquiring consent for blood transfusion might be more effective than Option A, as it involves someone who understands the family's beliefs. However, even if the religious advisor were able to convince the parents, this process would still take valuable time that the patient may not have. Option C: Proceeding with the blood transfusion while obtaining an emergency telephone court order is the most appropriate action. In cases where there is a clear and imminent threat to life and the parents' refusal to consent to necessary treatment is based on non-medical reasons, healthcare providers can seek legal intervention. An emergency telephone court order allows for the bypassing of parental consent in life-threatening situations, ensuring that the patient receives the necessary treatment to survive. Option D: Proceeding with the operation and abiding by the parents' wishes that no blood products be used would likely result in the patient's death, as the medical team has determined that the patient will die without a transfusion. This option prioritizes the parents' beliefs over the patient's right to life and medical necessity. Option E: Transferring the patient by ambulance immediately to a bloodless surgical center is not feasible given the patient's critical condition. Such a transfer would take too long and would likely result in the patient's death before reaching another facility. Therefore, the most appropriate action is to proceed with the blood transfusion while simultaneously seeking an emergency telephone court order to override the parents' refusal, ensuring that the patient receives the life-saving treatment he needs.",0.0051,0.0177,0.1262,0.0363,0.026,0.0363,0.0363,0.4229,0.5459,0.6403
"A female newborn has the onset of tachypnea 4 hours after birth. She was delivered at term to a 24-year-old woman following an uncomplicated pregnancy and delivery. Apgar scores were 9 and 9 at 1 and 5 minutes, respectively. Her parents had refused prenatal screening. The patient's temperature is 37.2°C (99.0°F), pulse is 150/min, respirations are 60/min, and blood pressure is 55/35 mm Hg. On cardiac examination, a single, loud S₂ is heard. The liver edge is palpated 3 cm below the right costal margin. Capillary refill time is 6 seconds. Peripheral pulses are difficult to palpate in all extremities. Arterial blood gas analysis on room air shows: pH: 7.24 PCO₂: 35 mm Hg (N=27–40) PO₂: 68 mm Hg HCO₃⁻: 15 mEq/L Chest x-ray shows increased pulmonary haziness and vascular markings suggestive of bilateral pulmonary edema. The most appropriate next step in management is administration of which of the following?",The most appropriate next step in management is administration of which of the following?,"
A. Bolus of 0.9% saline 
B. Bolus of sodium bicarbonate 
C. Intravenous alprostadil (prostaglandin E₁) 
D. Intravenous digoxin 
E. Intravenous dopamine
",C,C,True,"Given the clinical presentation of a newborn with tachypnea, poor perfusion, and signs of heart failure, along with the chest X-ray findings indicative of pulmonary edema, the scenario strongly suggests persistent pulmonary hypertension of the newborn (PPHN). PPHN occurs when the newborn fails to make the normal transition from fetal to neonatal circulation, leading to high resistance in the pulmonary vasculature and resulting in right-to-left shunting through the ductus arteriosus and foramen ovale. Option A (Bolus of 0.9% saline): While fluid resuscitation may be necessary in cases of hypovolemia, it is not the primary treatment for PPHN. In this case, the infant's condition is more likely due to pulmonary hypertension rather than hypovolemia. Option B (Bolus of sodium bicarbonate): This would be inappropriate as the acidosis seen here (pH 7.24) is metabolic in nature, likely secondary to lactic acidosis due to poor perfusion, and not due to a primary respiratory acidosis that would require bicarbonate therapy. Option C (Intravenous alprostadil (prostaglandin E₁)): Alprostadil is the correct choice because it helps maintain patency of the ductus arteriosus, which can act as a bypass for blood flow around the lungs, thereby reducing the workload on the right ventricle and improving systemic perfusion. It is a first-line treatment for PPHN. Option D (Intravenous digoxin): Digoxin is used primarily for heart failure and atrial fibrillation but does not address the underlying issue of pulmonary hypertension. It would not be the first-line treatment for PPHN. Option E (Intravenous dopamine): Dopamine can increase cardiac output and blood pressure, but it does not directly address the pulmonary hypertension. Additionally, its use in PPHN is controversial and generally not recommended as a first-line therapy. Therefore, the most appropriate next step in management is the administration of intravenous alprostadil (prostaglandin E₁) to help manage the pulmonary hypertension and improve oxygenation and perfusion.",0.0114,0.034,0.2596,0.0798,0.0556,0.0675,0.0675,0.4393,0.5097,0.6057
"A 43-year-old woman comes to the office for a follow-up examination 1 week after she was discharged from the hospital following an overnight admission for an episode of crushing, aching chest pain. The pain was located behind her sternum and radiated to her left jaw and shoulder. She also had shortness of breath, palpitations, and nausea. Initial ECG obtained on admission showed ST-segment depressions in leads V₃ through V₆. Nitroglycerin was administered, and the chest pain resolved. Follow-up serial ECGs disclosed no abnormalities and serum troponin concentrations were within the reference ranges. Cardiac catheterization obtained the next morning showed no substantial narrowing of the coronary arteries. At discharge, the patient declined medication to prevent recurrence of pain. The patient reports that since discharge, she has had two episodes of chest discomfort lasting 2 to 4 minutes, similar in location and quality to the pain precipitating her hospitalization. Medical history otherwise is unremarkable and she takes no routine medications. Vital signs are within normal limits. Physical examination discloses no abnormalities. Which of the following is the most appropriate pharmacotherapy to prescribe at this time?",Which of the following is the most appropriate pharmacotherapy to prescribe at this time?,"
A. Diltiazem 
B. Lisinopril 
C. Propranolol 
D. Warfarin 
E. No pharmacotherapy is indicated at this time
",A,A,True,"Given the patient's presentation, which includes typical angina symptoms (crushing, aching chest pain behind the sternum radiating to the left jaw and shoulder, associated with shortness of breath, palpitations, and nausea), and the findings from her initial evaluation (ST-segment depressions on ECG, resolution of pain with nitroglycerin, and normal cardiac enzymes and coronary angiography), the diagnosis leans towards unstable angina or non-ST-elevation myocardial infarction (NSTEMI). However, the absence of significant coronary artery disease on cardiac catheterization suggests that the patient may be experiencing vasospastic angina, a condition where coronary arteries spasm, leading to reduced blood flow to the heart muscle. - Option A (Diltiazem): This calcium channel blocker is often used in patients with vasospastic angina because it can help dilate coronary arteries and reduce spasm. It would be appropriate to prescribe diltiazem to prevent further episodes of chest pain. - Option B (Lisinopril): An ACE inhibitor like lisinopril is typically used in patients with hypertension, heart failure, or post-myocardial infarction to improve survival and reduce morbidity. Given the lack of evidence of coronary artery disease and the absence of heart failure, lisinopril is not indicated in this case. - Option C (Propranolol): A beta-blocker such as propranolol might be considered in stable angina or post-MI, but it could potentially exacerbate symptoms in patients with vasospastic angina due to its negative inotropic effects and potential to increase coronary spasm. Therefore, it is not the first-line treatment here. - Option D (Warfarin): Anticoagulation therapy with warfarin is generally reserved for patients with atrial fibrillation, mechanical heart valves, or those who have had a thromboembolic event. There is no indication for anticoagulation in this patient’s scenario. - Option E (No pharmacotherapy is indicated at this time): Considering the patient's recurrent episodes of chest discomfort despite being asymptomatic at rest, pharmacotherapy is warranted to prevent further episodes and manage her condition effectively. Therefore, based on the clinical presentation and the diagnostic workup, diltiazem is the most appropriate pharmacotherapy to prescribe at this time.",0.0183,0.0312,0.2611,0.0745,0.0519,0.0745,0.0745,0.4563,0.5729,0.7546
"A 35-year-old woman is brought to the emergency department by police after they found her wandering the streets and appearing intoxicated. On arrival, she is tremulous and appears distressed. She says she moved out of her abusive boyfriend’s apartment 1 week ago because she was afraid he would kill her. She has no financial or emotional family support. She worked at a grocery store until 1 month ago when she was fired for missing four shifts during the course of 1 week. During the past week, she has slept less than 4 hours nightly because she has slept on the streets or in shelters. She has panic disorder treated with fluoxetine. She takes no other medications. Ten years ago, she underwent 6 months of psychotherapy for dependent personality disorder. During the past year, she has drunk four or more glasses of wine and other alcoholic beverages nightly. She tried to quit drinking alcohol twice during the past year but was unsuccessful. Her last alcoholic drink was 24 hours ago. Pulse is 90/min and blood pressure is 140/90 mm Hg. Physical examination shows resting hand tremors and delayed reflexes. Mental status examination shows slurred speech. She has an irritable mood and anxious affect. Blood alcohol concentration is 140 mg/dL. Which of the following is the strongest predisposing risk factor for suicide in this patient?",Which of the following is the strongest predisposing risk factor for suicide in this patient?,"
A. Adjustment disorder with depressed mood 
B. Alcohol use disorder 
C. Dependent personality disorder 
D. History of physical abuse 
E. Panic disorder
",B,B,True,"- Adjustment Disorder with Depressed Mood (Option A): While adjustment disorders can be significant contributors to psychological distress, particularly in the context of recent life changes such as moving out due to fear of violence, they do not carry the same level of risk for suicide as active substance use disorders like alcoholism. - Alcohol Use Disorder (Option B): This is the strongest predisposing risk factor for suicide in this patient. Chronic alcohol use can lead to severe mental health issues, including depression and anxiety, which significantly increase the risk of suicidal ideation and behavior. Additionally, withdrawal from alcohol can cause severe symptoms such as delirium tremens, which can also heighten the risk of suicide. The patient's history of attempting to quit drinking but failing, coupled with her current state of withdrawal, indicates a strong dependence on alcohol, which is a critical risk factor. - Dependent Personality Disorder (Option C): Although this condition can contribute to feelings of helplessness and low self-esteem, it does not inherently elevate the risk of suicide to the extent that active substance abuse does. The patient's history of psychotherapy suggests some form of management or improvement in this area. - History of Physical Abuse (Option D): Physical abuse can certainly contribute to a range of mental health issues and increase the risk of suicide, but in this case, the patient's current situation involving alcohol use disorder presents a more immediate and potent risk factor. - Panic Disorder (Option E): While panic disorder can be debilitating and contribute to overall mental health deterioration, it is generally managed with medication (in this case, fluoxetine) and therapy. The patient's current presentation is dominated by the effects of alcohol withdrawal and ongoing alcohol use, which pose a higher risk for suicide compared to the panic disorder alone. Given the patient's current state of alcohol withdrawal, her history of chronic alcohol use, and the associated mental and physical health risks, alcohol use disorder stands out as the most significant predisposing risk factor for suicide in this scenario.",0.0211,0.0339,0.2515,0.0793,0.057,0.0737,0.0737,0.4805,0.6168,0.7711
"A 76-year-old woman, who is receiving home hospice care because of end-stage metastatic lung cancer diagnosed 1 month ago, is examined at home at the request of her family because of a 3-hour history of labored breathing despite receiving 100% oxygen at 5 L/min via face mask. Pulse is 92/min, respirations are 18/min, and blood pressure is 105/62 mm Hg. Pulse oximetry on 100% oxygen via face mask shows an oxygen saturation of 85%. The patient appears cachectic and is in mild distress, showing increased work of breathing with prominent sternocleidomastoid muscles and intermittent agonal respirations. Which of the following is the most appropriate next step in management?",Which of the following is the most appropriate next step in management?,"
A. Administer intravenous morphine 
B. Admit the patient to the hospital for further evaluation 
C. Initiate a propofol infusion 
D. Transition the patient to noninvasive positive pressure ventilation 
E. No further action is indicated
",A,A,True,"In this scenario, the patient is experiencing severe respiratory distress that is not being adequately managed by high-flow oxygen therapy alone. Given the context of end-stage metastatic lung cancer and the patient's current state, it is important to consider the underlying cause of her labored breathing, which may be related to airway obstruction, fluid overload, or pain, among other factors. However, the primary concern here is the patient's distress and the potential for discomfort associated with her breathing difficulties. Option A (Administer intravenous morphine) is the most appropriate next step because morphine can help alleviate dyspnea (shortness of breath) by reducing the sensation of breathlessness and decreasing the work of breathing. It also has analgesic properties, which can help manage any pain the patient might be experiencing. Morphine can be administered intravenously to quickly achieve therapeutic levels, making it suitable for a patient in acute distress. Option B (Admit the patient to the hospital for further evaluation) could be considered if there were concerns about reversible causes of respiratory failure that require immediate intervention, such as pneumothorax or pulmonary embolism. However, given the patient's advanced stage of disease and the fact that she is receiving hospice care, hospital admission may not align with her goals of care and could potentially disrupt her end-of-life wishes. Option C (Initiate a propofol infusion) is inappropriate in this setting because propofol is primarily used for sedation during procedures and anesthesia. Its use would likely lead to deep sedation, which could obscure the patient's condition and make it difficult to assess her response to treatment. Additionally, propofol does not address the underlying issue of dyspnea. Option D (Transition the patient to noninvasive positive pressure ventilation) might be considered in some cases of respiratory failure, but it is generally not recommended for patients with terminal illness who are nearing the end of life, especially when they are already in significant distress. Noninvasive ventilation can be uncomfortable and may not be well-tolerated by a patient who is already in mild distress. Option E (No further action is indicated) is not appropriate because the patient is clearly in distress and requires intervention to improve her comfort and quality of life. Therefore, the administration of intravenous morphine (Option A) is the most appropriate next step in managing this patient's symptoms while respecting her end-of-life care preferences.",0.0093,0.0208,0.2084,0.0487,0.0293,0.0487,0.0487,0.4518,0.5653,0.6679
"A 42-year-old woman comes to the physician because of a 1-month history of moderate constant abdominal pain. She was evaluated in the emergency department 6 weeks ago for renal calculi and was told that her serum calcium concentration was increased. She has labile hypertension treated with hydrochlorothiazide and enalapril. Two brothers have hyperparathyroidism, and one sister has an adrenal tumor. The patient's temperature is 37.0°C (98.6°F), pulse is 80/min, respirations are 12/min, and blood pressure is 182/98 mm Hg. Funduscopic examination shows arteriovenous nicking. There is mild, diffuse tenderness to palpation of the abdomen. The remainder of the examination shows no abnormalities. Serum calcium concentration is 13.2 mg/dL. Urine metanephrine concentration is 4000 μg/24 h (N=140–785). This patient is most likely at risk for which of the following conditions?",This patient is most likely at risk for which of the following conditions?,"
A. Carcinoid syndrome 
B. Chronic autoimmune (Hashimoto) thyroiditis 
C. Familial hypocalciuric hypercalcemia 
D. Medullary thyroid carcinoma 
E. Parathyroid carcinoma
",D,E,False,"Given the patient's symptoms and laboratory findings, the most likely diagnosis is parathyroid carcinoma. Here’s why: - Serum Calcium Concentration: The patient's serum calcium level is significantly elevated at 13.2 mg/dL, which is well above the normal range (typically 8.5-10.5 mg/dL). Hypercalcemia can be caused by several conditions, but the combination of high calcium levels with other specific clinical features points towards parathyroid disease. - Family History: The patient has a family history of hyperparathyroidism, which suggests a genetic predisposition to parathyroid disorders. Additionally, one of her siblings has an adrenal tumor, which could indicate a familial endocrine disorder such as multiple endocrine neoplasia type 1 (MEN1) or type 2 (MEN2). - Urine Metanephrines: Elevated urine metanephrines (4000 μg/24h) suggest a pheochromocytoma or paraganglioma, but this finding does not directly correlate with hypercalcemia. However, it might indicate a broader endocrine disorder like MEN2, which can include parathyroid carcinoma. - Clinical Presentation: The patient's hypertension, especially when resistant to treatment, and fundoscopic signs of arteriovenous nicking (suggestive of chronic hypertension), along with abdominal pain, are consistent with complications from hypercalcemia and possibly a parathyroid disorder. - Differentiating Options: - A. Carcinoid Syndrome: This condition typically presents with flushing, diarrhea, and sometimes wheezing, and is associated with elevated serotonin metabolites, not metanephrines or hypercalcemia. - B. Chronic Autoimmune (Hashimoto) Thyroiditis: This condition would present with goiter, hypothyroidism, and antithyroid antibodies, none of which are mentioned here. - C. Familial Hypocalciuric Hypercalcemia: While this condition can cause hypercalcemia, it usually does not result in significant elevation of calcium levels (as seen here) and is not associated with elevated metanephrines. - D. Medullary Thyroid Carcinoma: This condition is part of MEN2 and can present with elevated calcitonin levels, not metanephrines. It also doesn't typically cause severe hypercalcemia. - E. Parathyroid Carcinoma: This is the most likely diagnosis given the severe hypercalcemia, family history of hyperparathyroidism, and the presence of other endocrine tumors (adrenal tumor). Parathyroid carcinoma often causes persistent, severe hypercalcemia and can be associated with MEN syndromes. Therefore, considering all these factors, the patient is most likely at risk for parathyroid carcinoma.",0.0093,0.0278,0.2171,0.0659,0.0331,0.044,0.044,0.429,0.541,0.7205
A 26-year-old woman with common variable immunodeficiency comes to the office because of a 2-month history of night sweats. She also has had a 10-kg (22-lb) weight loss during the past 3 months despite no change in appetite. She has a 15-year history of recurrent sinusitis and otitis media. Her only medication is intravenous immune globulin. She is 163 cm (5 ft 4 in) tall and weighs 54 kg (120 lb); BMI is 21 kg/m². Vital signs are within normal limits. Examination shows cervical and epitrochlear lymphadenopathy. Which of the following is the most appropriate next step in management?,Which of the following is the most appropriate next step in management?,"
A. Lymph node biopsy 
B. Methylprednisolone therapy 
C. Penicillin therapy 
D. Plasmapheresis 
E. Trimethoprim-sulfamethoxazole therapy
",A,A,True,"Given the patient's history of common variable immunodeficiency (CVID), recurrent infections, significant weight loss, and night sweats, along with the presence of lymphadenopathy, these symptoms suggest a possible malignancy or an autoimmune condition. CVID patients are at increased risk for lymphoproliferative disorders and other malignancies, such as non-Hodgkin lymphoma, which can present with similar symptoms. Option A (Lymph node biopsy): This is the most appropriate next step because it would help determine if there is any underlying pathology such as lymphoma or another type of malignancy that could explain her symptoms. Given the patient's immunodeficiency and the presence of lymphadenopathy, a biopsy is crucial to rule out malignancy. Option B (Methylprednisolone therapy): While corticosteroids might be used in certain inflammatory conditions, they are not indicated here without a clear diagnosis of an inflammatory condition or autoimmune disease. The patient's symptoms and physical findings do not strongly suggest an acute inflammatory process that would warrant immediate corticosteroid treatment. Option C (Penicillin therapy): This is not appropriate because penicillin is typically used for bacterial infections, particularly those caused by Gram-positive bacteria. The patient's symptoms and lymphadenopathy are more suggestive of a chronic condition rather than an acute bacterial infection. Option D (Plasmapheresis): This procedure is generally used for conditions where plasma exchange can remove harmful substances from the blood, such as in some autoimmune diseases or severe infections. However, given the patient's presentation, plasmapheresis is not indicated without evidence of a specific condition that would benefit from this intervention. Option E (Trimethoprim-sulfamethoxazole therapy): This antibiotic combination is often used prophylactically in immunocompromised individuals to prevent Pneumocystis jirovecii pneumonia, but it is not indicated as a first-line treatment for the patient's symptoms unless there is a specific indication for its use based on culture results or other diagnostic information. Therefore, the most appropriate next step is to perform a lymph node biopsy to investigate the cause of the lymphadenopathy and the patient's systemic symptoms.",0.0083,0.0247,0.196,0.0581,0.0351,0.0523,0.0523,0.4238,0.5393,0.6259
"A 9-month-old boy is brought to the office by his mother because of a 6-hour history of persistent fussiness and decreased appetite. Two weeks ago, he was diagnosed with an upper respiratory tract infection. The symptoms have since resolved. He lives with his parents and a pet lizard. His diet consists of cow milk-based formula, baby food, and some solid foods. He has no history of serious illness and receives no medications. Immunizations are up-to-date. Today, he is inconsolable. He is at the 50th percentile for length and weight. Examination shows multiple flaccid bullae on an erythematous base over the buttocks. The mother says she had no knowledge of these findings. Which of the following is the most appropriate next step in management?",Which of the following is the most appropriate next step in management?,"
A. Abdominal ultrasonography 
B. Anti–Saccharomyces cerevisiae antibody testing 
C. Nitroblue tetrazolium testing 
D. Rectal swab for group B streptococcus 
E. Skeletal survey 
F. Stool culture for Salmonella enteritidis
",E,D,False,"Given the clinical presentation of a 9-month-old infant with persistent fussiness, decreased appetite, and the discovery of multiple flaccid bullae on an erythematous base over the buttocks, the most likely diagnosis is herpetic gingivostomatitis or herpetic vesicular rash, but given the specific location (buttocks) and the recent history of an upper respiratory tract infection, it's also important to consider other causes such as viral exanthems or secondary bacterial infections. However, the presence of bullae and the patient's current state of being inconsolable raises concern for a more serious condition like herpes simplex virus (HSV) infection, which can be life-threatening if not treated promptly. Option A (Abdominal ultrasonography): This would not be indicated based on the described symptoms. While abdominal pain could be a symptom of various conditions, the primary concern here is the skin lesions and the systemic symptoms of fussiness and decreased appetite, which do not point towards an abdominal pathology as the primary issue. Option B (Anti–Saccharomyces cerevisiae antibody testing): This test is used to diagnose inflammatory bowel disease, particularly Crohn’s disease. It does not relate to the presented symptoms and is not relevant in this case. Option C (Nitroblue tetrazolium testing): This test is used to assess the function of neutrophils and is typically ordered when there is suspicion of chronic granulomatous disease, a rare genetic disorder. There is no indication from the history or physical exam that suggests this condition. Option D (Rectal swab for group B streptococcus): Given the appearance of the lesions and the patient's age, a rectal swab for Group B Streptococcus (GBS) is warranted. GBS can cause invasive infections in infants, including sepsis and meningitis, and can present with similar symptoms. Additionally, the lesions could represent a secondary bacterial infection superimposed on a viral exanthem. Culturing for GBS is crucial to rule out or confirm this potentially serious condition. Option E (Skeletal survey): This would be indicated if there were signs of trauma or suspected non-accidental injury, but there is no information suggesting this in the case description. Option F (Stool culture for Salmonella enteritidis): While stool cultures can be useful in diagnosing gastrointestinal infections, the symptoms and physical findings do not suggest a gastrointestinal source of illness. Furthermore, Salmonella enteritidis is less commonly associated with the described symptoms in infants. Therefore, the most appropriate next step in management is to perform a rectal swab for Group B Streptococcus (Option D), as it addresses the possibility of a serious bacterial infection that requires prompt treatment.",0.0084,0.021,0.1811,0.0507,0.037,0.0507,0.0507,0.4293,0.5384,0.6261
"A 62-year-old woman is admitted to the hospital because of an 8-hour history of severe right upper abdominal pain, nausea, and fever that began after she ate fried fish and potatoes. During the past 3 years, she has had 12 episodes of similar pain after meals, but it has not lasted as long or been as severe as this episode. She has hypertension, hyperlipidemia, and alcohol use disorder. Her medications are amlodipine, benazepril, and simvastatin. She drinks one 12-oz beer daily. She is 163 cm (5 ft 4 in) tall and weighs 86 kg (190 lb); BMI is 33 kg/m². Temperature is 38.5°C (101.3°F), pulse is 120/min, respirations are 28/min, and blood pressure is 100/68 mm Hg. Pulse oximetry on room air shows an oxygen saturation of 98%. On abdominal examination, there is diffuse tenderness to palpation, rebound, and guarding. Bowel sounds are decreased. Laboratory studies show: Hematocrit: 35% Leukocyte count: 16,000/mm³ Serum Ca²⁺: 7.9 mg/dL Urea nitrogen: 26 mg/dL Glucose: 200 mg/dL Creatinine: 2 mg/dL Triglycerides: 180 mg/dL AST: 162 U/L ALT: 98 U/L Amylase: 682 U/L Lipase: 515 U/L (N=14–280) Serum electrolyte concentrations and lactate dehydrogenase activities are within the reference ranges. Which of the Following is the most appropriate next step in diagnosis?",Which of the Following is the most appropriate next step in diagnosis?,"
A. CT scan of the abdomen 
B. Endoscopic retrograde cholangiopancreatography 
C. MR cholangiopancreatography 
D. MRI of the pancreas 
E. Ultrasonography of the right upper abdominal quadrant
",E,A,False,"Given the patient's symptoms of severe right upper abdominal pain, nausea, fever, and laboratory findings such as elevated amylase and lipase levels, along with leukocytosis, the clinical scenario strongly suggests acute pancreatitis. The patient's history of recurrent episodes of similar pain after meals over the past three years, her obesity, hypertension, hyperlipidemia, and alcohol use disorder all contribute to a high risk for developing acute pancreatitis, especially after eating fatty foods like fried fish. Option A (CT scan of the abdomen) is the most appropriate next step in diagnosis because it can provide detailed images of the pancreas and surrounding structures, helping to confirm the presence of pancreatitis and assess its severity. It can also help rule out other potential causes of the patient’s symptoms, such as gallstones, abscesses, or complications like pseudocysts or necrosis. Option B (Endoscopic retrograde cholangiopancreatography - ERCP) is typically used for therapeutic purposes, such as removing bile duct stones or treating strictures, rather than initial diagnostic workup. While ERCP can be useful in diagnosing and treating biliary pancreatitis, it is usually reserved for cases where there is suspicion of biliary obstruction or when other treatments have failed. Option C (MR cholangiopancreatography - MRCP) is a non-invasive imaging technique that provides excellent visualization of the biliary and pancreatic ducts. However, it does not offer the same level of detail regarding inflammation and necrosis as a CT scan, which is more critical in the acute setting. Option D (MRI of the pancreas) is less commonly used in the acute setting due to its lower availability and longer acquisition time compared to CT scans. While MRI can provide detailed images of soft tissues, it is not as effective as CT in assessing the extent of inflammation and necrosis in acute pancreatitis. Option E (Ultrasonography of the right upper abdominal quadrant) is often the first-line imaging modality for suspected acute pancreatitis due to its non-invasiveness and lack of radiation exposure. However, in obese patients, ultrasound may have limited sensitivity and specificity, particularly in visualizing the pancreas and detecting complications. Given the patient's obesity and the need for a definitive diagnosis, a CT scan would be more reliable. Therefore, considering the clinical presentation and the need for a comprehensive assessment of the pancreas and surrounding structures, a CT scan of the abdomen is the most appropriate next step in the diagnosis of this patient.",0.0113,0.0225,0.1806,0.0535,0.0391,0.0535,0.0535,0.4278,0.5541,0.6491
"A 63-year-old man with chronic obstructive pulmonary disease comes to the urgent treatment center because of a 4- day history of worsening shortness of breath. Use of his albuterol rescue inhaler has provided no improvement in his symptoms. Medical history otherwise is unremarkable. Additional medications are formoterol, budesonide, and tiotropium. The patient smoked two packs of cigarettes daily for 45 years but currently smokes only three to four cigarettes daily and says he is trying hard to quit. He appears anxious. He is 175 cm (5 ft 9 in) tall and weighs 100 kg (220 lb); BMI is 33 kg/m². Temperature is 37.2°C (99.0°F), pulse is 96/min, respirations are 26/min, and blood pressure is 128/76 mm Hg. Pulse oximetry on room air discloses an oxygen saturation of 85%. Mild cyanosis is noted, but there is no clubbing or edema of the extremities. Auscultation of the lungs discloses diffuse expiratory wheezes. Cardiac examination discloses distant but regular heart sounds. Results of arterial blood gas analysis on room air are shown: PO2: 48 mm Hg PCO2: 55 mm Hg pH: 7.36 After an albuterol nebulizer treatment is administered, the patient reports feeling somewhat better but says he is feeling ""jittery"" and is starting to have a mild tremor. In addition to providing smoking cessation counseling and prescribing antibiotic and corticosteroid therapy, which of the following is the most appropriate next step in management?","In addition to providing smoking cessation counseling and prescribing antibiotic and corticosteroid therapy, which of the following is the most appropriate next step in management?","
A. Continuous nebulized albuterol therapy 
B. CT scan of the chest without contrast 
C. Intravenous aminophylline therapy 
D. Pulmonary function testing 
E. Pulmonary rehabilitation 
F. Titrated oxygen therapy
",F,F,True,"Given the patient's presentation of worsening shortness of breath, low oxygen saturation (85% on room air), and the results of arterial blood gas analysis indicating hypoxemia (PO2: 48 mm Hg) and hypercapnia (PCO2: 55 mm Hg), the most immediate concern is the need to improve oxygenation. The patient's response to albuterol nebulization suggests that bronchodilator therapy is partially effective, but it does not address the primary issue of inadequate oxygenation. Option A (Continuous nebulized albuterol therapy): While albuterol can help relieve bronchospasm, continuous use may lead to side effects such as jitteriness and tremors, as observed in this patient. Additionally, it does not directly address the hypoxemia. Option B (CT scan of the chest without contrast): This imaging study would be useful if there were signs of complications like pneumonia or pneumothorax, but given the clinical presentation and the effectiveness of bronchodilators, it is not the most urgent step. Option C (Intravenous aminophylline therapy): Aminophylline can be used as an adjunct to bronchodilator therapy, but it is not the first-line treatment for acute exacerbation of COPD. It also carries risks of side effects such as nausea, vomiting, and arrhythmias. Option D (Pulmonary function testing): This is typically done in a stable state to assess baseline lung function and is not indicated during an acute exacerbation when the focus should be on stabilizing the patient. Option E (Pulmonary rehabilitation): This is a long-term management strategy aimed at improving exercise capacity and quality of life in patients with COPD. It is not relevant in the acute setting. Option F (Titrated oxygen therapy): Given the patient's severe hypoxemia, titrated oxygen therapy is the most appropriate next step. Oxygen should be administered to achieve an oxygen saturation target of 88-92%, as higher levels can worsen hypercapnia in patients with COPD. This will help alleviate the patient's symptoms and prevent further deterioration. Therefore, the most appropriate next step in management is titrated oxygen therapy.",0.0133,0.0397,0.2461,0.0855,0.0458,0.0798,0.0798,0.515,0.5866,0.7333
"A 49-year-old man returns to the office for follow-up 2 weeks after he was evaluated for a 4-month history of intermittent diarrhea associated with cramping abdominal pain, urgency, and fecal incontinence. Since the onset of these symptoms, he has had four to five bowel movements daily that contain blood and mucus. Endoscopy done 1 week ago showed erythematous, inflamed mucosa of the rectum and sigmoid colon; there were no abnormalities of the ileum. He also had an episode of uveitis treated with intraocular corticosteroids 3 months ago. He takes no routine medications. He is 185 cm (6 ft 1 in) tall and weighs 77 kg (170 lb); BMI is 22 kg/m². Vital signs are temperature 37.3°C (99.2°F), pulse 88/min, respirations 18/min, and blood pressure 128/80 mm Hg. Skin examination shows raised, tender nodules that are 2 to 3 cm in diameter on the anterior surfaces of both lower extremities. Palpation of the abdomen discloses mild tenderness. Rectal examination discloses no fissures or ulcers. Test of the stool for occult blood is trace positive. This patient should be counseled that he is at greatest risk for which of the following?",This patient should be counseled that he is at greatest risk for which of the following?,"
A. Adenocarcinoma of the colon 
B. Cholelithiasis 
C. Nephrolithiasis 
D. Primary biliary cirrhosis 
E. Spontaneous bacterial peritonitis
",A,A,True,"Given the patient's presentation, including chronic diarrhea, bloody stools, and the presence of skin lesions (erythema nodosum), along with a history of uveitis, the clinical picture strongly suggests inflammatory bowel disease (IBD), specifically Crohn’s disease or ulcerative colitis. However, the endoscopic findings of erythematous, inflamed mucosa limited to the rectum and sigmoid colon without any ileal involvement suggest ulcerative colitis rather than Crohn’s disease. Ulcerative colitis is a type of IBD characterized by continuous inflammation of the large intestine, typically starting from the rectum and extending proximally. The patient's symptoms, such as bloody diarrhea, abdominal pain, and urgency, are consistent with this condition. Additionally, extraintestinal manifestations like uveitis and erythema nodosum can occur in patients with IBD, further supporting this diagnosis. Among the options provided, adenocarcinoma of the colon (Option A) is the most relevant concern for this patient. Patients with long-standing ulcerative colitis have an increased risk of developing colorectal cancer, particularly if the inflammation involves the entire colon. The risk increases with the duration and extent of the disease, making it crucial to monitor these patients closely for early signs of malignancy. Options B, C, D, and E are less pertinent to the patient's condition: - Cholelithiasis (Option B) is not directly related to ulcerative colitis. - Nephrolithiasis (Option C) is unrelated to the patient's gastrointestinal symptoms and does not commonly occur due to ulcerative colitis. - Primary biliary cirrhosis (Option D) is a liver disease that primarily affects the bile ducts and is not associated with ulcerative colitis. - Spontaneous bacterial peritonitis (Option E) is more commonly seen in patients with liver cirrhosis and ascites, not in those with ulcerative colitis. Therefore, given the patient's history and the nature of ulcerative colitis, the greatest risk highlighted here is adenocarcinoma of the colon, necessitating close surveillance and appropriate management strategies to mitigate this risk.",0.0,0.0223,0.1318,0.0552,0.0185,0.0491,0.0491,0.4419,0.5439,0.621
"A 27-year-old man is examined in the intensive care unit 1 day after he sustained a closed head injury, liver laceration, and pelvic fracture in a motor vehicle collision. He is intubated and mechanically ventilated. He is receiving intravenous midazolam and 5% dextrose in lactated Ringer solution. Temperature is 37.8°C (100.0°F), pulse is 95/min, and blood pressure is 100/70 mm Hg. Cardiopulmonary examination shows no abnormalities. The abdomen is soft. He withdraws appropriately to painful stimuli. Laboratory studies show: Hematocrit: 28% Leukocyte count: 13,000/mm³ Serum Na⁺: 138 mEq/L K⁺: 3.5 mEq/L Cl⁻: 102 mEq/L HCO₃⁻: 24 mEq/L Urea nitrogen: 20 mg/dL Glucose: 220 mg/dL Creatinine: 1 mg/dL Which of the following is the most likely mechanism of these laboratory findings?",5 mEq/L Cl⁻: 102 mEq/L HCO₃⁻: 24 mEq/L Urea nitrogen: 20 mg/dL Glucose: 220 mg/dL Creatinine: 1 mg/dL Which of the following is the most likely mechanism of these laboratory findings?,"
A. Decreased uptake of glucose by insulin-sensitive tissues 
B. Exogenous production of glucose by bacteria 
C. Impaired excretion of glucose by the kidneys 
D. Increased infusion of intravenous glucose 
E. Insulin deficiency
",A,D,False,"Given the patient's condition, the most likely cause of hyperglycemia (glucose level of 220 mg/dL) is the increased infusion of intravenous glucose. The patient is receiving 5% dextrose in lactated Ringer solution, which means they are being administered a significant amount of glucose intravenously. This can lead to an elevation in blood glucose levels, especially in a critically ill patient who may have impaired glucose metabolism due to stress and the use of corticosteroids and other medications. Let's examine each option in detail: A. Decreased uptake of glucose by insulin-sensitive tissues - While this could contribute to hyperglycemia, it is less likely to be the primary cause given that the patient is receiving intravenous glucose. Additionally, the presence of stress from trauma and critical illness can lead to decreased insulin sensitivity, but the direct administration of glucose is more immediately impactful. B. Exogenous production of glucose by bacteria - This is not a common mechanism for hyperglycemia. Bacteria do not produce glucose; rather, they metabolize glucose and other substrates. Infections can lead to stress-induced hyperglycemia, but this would not be the primary cause in this scenario. C. Impaired excretion of glucose by the kidneys - This is typically seen in diabetes mellitus where there is a threshold for glucose reabsorption in the kidney. However, the patient's renal function appears normal based on creatinine levels, making this an unlikely cause. D. Increased infusion of intravenous glucose - This is the most plausible explanation. The patient is receiving 5% dextrose in their IV fluids, which directly increases their blood glucose levels. E. Insulin deficiency - Although possible, particularly in the context of stress-induced hyperglycemia, the immediate and direct cause of the elevated glucose levels is the intravenous administration of glucose. Stress and trauma can indeed impair insulin action, but the infusion of glucose is the more direct cause here. Therefore, the most likely mechanism for the patient's hyperglycemia is the increased infusion of intravenous glucose.",0.0055,0.0383,0.1758,0.0826,0.0388,0.0771,0.0771,0.4451,0.4764,0.5824
"A 72-year-old woman is evaluated in the acute rehabilitation facility where she has been receiving physical therapy since sustaining a stroke 2 weeks ago that resulted in moderate left hemiparesis. A swallowing study obtained on admission to the facility showed no abnormalities and she has been progressing well with her rehabilitation. She is able to walk with the aid of a walker and assistant, has no speech impairment, and tolerates a regular diet. Medical history also is notable for well-controlled hypertension and hyperlipidemia. Medications are lisinopril, simvastatin, and daily aspirin. Temperature is 37.0°C (98.6°F), pulse is 72/min and regular, respirations are 12/min, and blood pressure is 130/80 mm Hg. Cardiopulmonary examination shows no abnormalities. Cranial nerves are intact. Muscle strength in the extremities is 4/5 on the left and 5/5 on the right. Sensation is intact bilaterally. Standardized assessment of cognitive function shows no abnormalities. For the past 2 days, the patient has insisted that she is well enough to go home despite not being fully cleared to do so by her physical therapist and physiatrist, who want her to stay for 1 more week to try to advance from the walker to a cane. The patient lives with her daughter, son-in-law, and grandson, and has a bedroom on the main floor of the house with no need to use stairs. The daughter works as a stay-at-home mother. Which of the following is the most appropriate next step in management?",Which of the following is the most appropriate next step in management?,"
A. Discharge the patient with a plan for home health care and physical therapy 
B. Inform the patient that she would need to sign out against medical advice 
C. Inform the patient that transfer to a long-term care facility is most suitable for her 
D. Request psychiatric evaluation of the patient's decision-making capacity
",A,A,True,"Option A: This is the most appropriate next step because it balances the patient's desire to return home with the need for continued rehabilitation. Given that the patient has made significant progress and can tolerate a regular diet without swallowing issues, and considering her living situation which is conducive to safety (no stairs, living with family), discharge with a plan for home health care and physical therapy could be a reasonable compromise. This approach allows for ongoing support and rehabilitation at home while respecting the patient’s wishes. Option B: Informing the patient that she would need to sign out against medical advice might be seen as an ultimatum rather than a collaborative solution. It does not address the underlying issue of the patient's readiness to return home and could lead to non-compliance or dissatisfaction with the healthcare team. Option C: Transferring the patient to a long-term care facility is not indicated based on the information provided. The patient has shown good progress and has a supportive home environment. Long-term care facilities are typically reserved for patients who require more intensive care or have significant functional limitations that cannot be managed at home. Option D: Requesting a psychiatric evaluation of the patient's decision-making capacity may be unnecessary if there is no evidence of cognitive impairment or mental health issues affecting her judgment. The standardized assessment of cognitive function did not show any abnormalities, and the patient's insistence on going home seems to be a rational decision based on her current condition and living situation. Therefore, the best course of action is to discharge the patient with a plan for home health care and physical therapy, ensuring that she continues to receive the necessary support to maintain and improve her recovery.",0.0097,0.0256,0.2038,0.0581,0.039,0.0387,0.0387,0.4686,0.5699,0.6821
"A 46-year-old woman comes to the office for an annual health maintenance examination. She reports a 6-week history of fatigue, which she attributes to working full time and caring for her three children. Her blood pressure has been consistently high as measured at home with her husband's automated cuff, with many readings greater than 150/90 mm Hg. Medical history is unremarkable and routine preventive screenings, including mammography and Pap smear, have shown no abnormalities. Her only medications are a daily multivitamin and ibuprofen as needed. She is 165 cm (5 ft 5 in) tall and weighs 72 kg (158 lb); BMI is 26 kg/m². Pulse is 84/min, and blood pressure is 152/98 mm Hg. Physical examination shows trace edema of the ankles but no other abnormalities. Results of serum studies are shown: Urea nitrogen: 12 mg/dL Creatinine: 0.9 mg/dL Na⁺: 141 mEq/L K⁺: 3.1 mEq/L Cl⁻: 100 mEq/L HCO₃⁻: 23 mEq/L Which of the following is the most likely explanation for this patient's increased blood pressure?",1 mEq/L Cl⁻: 100 mEq/L HCO₃⁻: 23 mEq/L Which of the following is the most likely explanation for this patient's increased blood pressure?,"
A. Cushing syndrome 
B. Fibromuscular dysplasia 
C. Hyperaldosteronism 
D. Hypothyroidism 
E. Obstructive sleep apnea
",C,C,True,"Given the patient's presentation, the most likely cause of her hypertension is hyperaldosteronism. Here’s why: - Hyperaldosteronism (also known as Conn's syndrome) is characterized by excessive production of aldosterone, a hormone that regulates sodium retention and potassium excretion. This condition can lead to hypertension and hypokalemia (low potassium levels). The patient's blood pressure is elevated, and her potassium level is on the lower side (3.1 mEq/L), which is consistent with hyperaldosteronism. - Cushing syndrome (Option A) typically presents with central obesity, moon face, buffalo hump, and purple striae. There is usually no specific pattern of electrolyte disturbance, and the patient does not present with these features. - Fibromuscular dysplasia (Option B) is a rare condition affecting arteries, particularly those supplying the kidneys. It can cause renovascular hypertension, but it is less likely given the absence of specific symptoms like abdominal bruits or renal artery stenosis. - Hypothyroidism (Option D) can cause fatigue and weight gain, but it typically does not cause hypertension unless severe. Additionally, hypothyroidism often leads to hypercholesterolemia and elevated TSH levels, neither of which are mentioned here. - Obstructive sleep apnea (Option E) can cause hypertension, especially if there is significant daytime sleepiness or snoring. However, without specific symptoms such as loud snoring, witnessed apneas, or excessive daytime sleepiness, this diagnosis is less likely. Therefore, considering the patient's clinical presentation and laboratory findings, hyperaldosteronism is the most plausible explanation for her hypertension.",0.0,0.0561,0.2634,0.1288,0.0687,0.0909,0.0909,0.4689,0.502,0.5891
"A 50-year-old woman is brought to the emergency department because of a 3-day history of severely painful lesions over her right leg and temperatures to 38.7°C (101.7°F). She has a 12-year history of type 2 diabetes mellitus. Her only medication is insulin. On arrival, temperature is 39.3°C (102.8°F). Examination of the right lower extremity shows exquisite tenderness to palpation, edema, and warmth. The extremity appears shiny and diffusely erythematous without sharp margins. The subcutaneous tissue is firm, and there are areas of notable skin breakdown with bullae containing thick purple fluid. Examination of the left lower extremity shows no abnormalities. Which of the following is the most likely diagnosis?",Which of the following is the most likely diagnosis?,"
A. Cellulitis 
B. Dermatophytosis 
C. Erysipelas 
D. Erythema nodosum 
E. Herpes zoster 
F. Necrotizing fasciitis
",F,F,True,"Necrotizing fasciitis is a severe, rapidly progressive infection that involves the deeper layers of the skin and subcutaneous tissues, including the fascia. It is characterized by intense pain, swelling, and erythema, often with bullae formation and skin breakdown. The patient's symptoms, including fever, exquisite tenderness, edema, warmth, and the presence of bullae with thick purple fluid, strongly suggest necrotizing fasciitis. Additionally, the patient's history of poorly controlled type 2 diabetes mellitus increases her risk for such infections due to compromised immune function and poor circulation. - A. Cellulitis: While cellulitis can present with redness, swelling, and pain, it typically does not cause bullae formation or have as severe an appearance as necrotizing fasciitis. - B. Dermatophytosis: This condition, also known as ringworm, is caused by fungi and presents with a characteristic ring-like rash. It is not associated with systemic symptoms like fever or bullae. - C. Erysipelas: Erysipelas is a superficial bacterial skin infection that usually presents with well-defined borders, bright red skin, and a raised edge. It does not typically cause bullae or significant tissue necrosis. - D. Erythema nodosum: This condition is characterized by tender, red nodules on the skin, usually on the shins. It is not associated with systemic symptoms like fever or extensive skin breakdown. - E. Herpes zoster: Also known as shingles, this condition results from reactivation of the varicella-zoster virus and presents with a vesicular rash along a dermatome. It does not cause the systemic symptoms or widespread skin changes seen in necrotizing fasciitis. - F. Necrotizing fasciitis: This is the most likely diagnosis given the severity of symptoms, the presence of bullae, and the patient's underlying condition of diabetes mellitus, which predisposes her to such infections. Immediate surgical intervention and broad-spectrum antibiotics are critical for treatment.",0.0058,0.0203,0.1593,0.0528,0.0332,0.0462,0.0462,0.4041,0.5343,0.6054
"A 37-year-old woman comes to the office for a routine health maintenance examination. For the past 6 years, she has worked in a paper mill factory that uses liquid chlorine to bleach the paper. The patient is concerned about her exposure to toxic substances. Vital signs are within normal limits. Examination shows no abnormalities. Which of the following is the most appropriate recommendation to address this patient's concerns?",Which of the following is the most appropriate recommendation to address this patient's concerns?,"
A. Corticosteroid therapy 
B. Taking frequent breaks from the paper-bleaching area 
C. Undergoing monthly pulmonary function testing 
D. Using a respirator at work 
E. Washing daily after work with a chlorhexidine-based solution
",D,D,True,"Given the context of the patient's occupation in a paper mill where she is exposed to liquid chlorine, which is a respiratory irritant and can be harmful if inhaled, the most appropriate recommendation would be to use a respirator at work (Option D). This measure directly addresses the concern of exposure to toxic substances and provides protection against inhalation of chlorine gas, which can cause respiratory irritation, bronchospasm, and other adverse effects. Option A (Corticosteroid therapy) is not indicated unless there is evidence of an inflammatory condition such as asthma or chronic obstructive pulmonary disease (COPD), which is not mentioned in the case description. Option B (Taking frequent breaks from the paper-bleaching area) might help reduce exposure but does not eliminate it entirely and may not be practical or feasible depending on the nature of her job duties. Option C (Undergoing monthly pulmonary function testing) could be considered for monitoring purposes if there were existing respiratory symptoms or concerns, but it does not prevent exposure and is more of a surveillance measure rather than a preventive one. Option E (Washing daily after work with a chlorhexidine-based solution) is a good hygiene practice but does not protect against inhalation of chlorine gas during work hours, which is the primary concern here. Therefore, using a respirator at work (Option D) is the most direct and effective way to mitigate the risk of inhaling toxic substances like chlorine in her workplace environment.",0.0038,0.0372,0.2444,0.1012,0.0471,0.0778,0.0778,0.5054,0.5801,0.6151
"A 57-year-old man with alcohol use disorder comes to the emergency department because of a 3-day history of worsening abdominal pain and distention. Medical history is remarkable for alcoholic cirrhosis, hypertension, hyperlipidemia, and a laparoscopic cholecystectomy 10 years ago. The patient also has had several previous hospital admissions for similar episodes of abdominal pain and distention. The patient takes no medications but has been prescribed medications for hypertension in the past. He recently participated in an alcohol rehabilitation program but began drinking alcohol again 1 week ago. During the past 5 days, he has drunk 1 L of vodka daily. Pulse is 100/min, respirations are 16/min, and blood pressure is 165/85 mm Hg. Pulse oximetry on room air shows an oxygen saturation of 100%. The patient appears jaundiced. Cardiopulmonary examination discloses no abnormalities. The abdomen is large, distended, and tense; a fluid wave is present. Palpation of the abdomen discloses a 2-cm–wide reducible umbilical hernia and diffuse tenderness without guarding. There is no tenderness to percussion. In addition to large-volume paracentesis and furosemide therapy, initiation of which of the following pharmacotherapies is most appropriate?","In addition to large-volume paracentesis and furosemide therapy, initiation of which of the following pharmacotherapies is most appropriate?","
A. Enalapril 
B. Metoprolol 
C. Propranolol 
D. Spironolactone 
E. Valsartan
",D,D,True,"Given the patient's history of alcoholic cirrhosis, hypertension, and recent heavy alcohol consumption, the presentation of worsening abdominal pain and distention, along with physical signs such as jaundice, a tense and distended abdomen, and a fluid wave, strongly suggests the presence of ascites secondary to portal hypertension. The patient's history of multiple hospital admissions for similar symptoms further supports this diagnosis. - Enalapril (Option A): This is an ACE inhibitor used primarily for treating hypertension and heart failure. While it can help reduce blood pressure, it does not specifically address the underlying cause of ascites in a patient with cirrhosis. - Metoprolol (Option B): This is a beta-blocker used for managing hypertension and certain heart conditions. It does not have any specific role in the management of ascites or portal hypertension. - Propranolol (Option C): Similar to metoprolol, propranolol is a beta-blocker that can be used to manage hypertension and prevent variceal bleeding in patients with cirrhosis. However, it is not indicated for the treatment of ascites. - Spironolactone (Option D): This is a potassium-sparing diuretic that acts as an aldosterone antagonist. It is particularly useful in the management of ascites due to its ability to reduce sodium retention and increase urine output, thereby decreasing fluid accumulation. Given the patient's condition, spironolactone would be an appropriate choice to help manage the ascites. - Valsartan (Option E): This is an angiotensin II receptor blocker (ARB) used for treating hypertension and heart failure. Like enalapril, valsartan does not directly address the issue of ascites in a patient with cirrhosis. Therefore, considering the patient's condition and the need to manage ascites effectively, spironolactone is the most appropriate pharmacotherapy to initiate alongside large-volume paracentesis and furosemide therapy.",0.0061,0.0395,0.2731,0.0918,0.0396,0.059,0.059,0.5121,0.5705,0.7362
"A 48-year-old man is admitted to the hospital 2 hours after the onset of severe abdominal pain, nausea, and vomiting. The pain radiates to the back but improves when he bends forward. He has no history of serious illness and takes no medications. He does not smoke cigarettes. He drinks two 12-oz beers weekly. He appears restless. He is 173 cm (5 ft 8 in) tall and weighs 90 kg (198 lb); BMI is 30 kg/m² . Temperature is 38.0°C (100.4°F), pulse is 110/min, respirations are 20/min, and blood pressure is 110/60 mm Hg. On pulmonary examination, decreased breath sounds are heard at the lung bases; there is dullness to percussion. Abdominal examination shows distention and severe tenderness to palpation of the epigastrium and left upper quadrant. Laboratory studies show: Hemoglobin: 13.5 g/dL Serum Urea nitrogen: 30 mg/dL Glucose: 120 mg/dL Creatinine: 1.2 mg/dL Cholesterol: 300 mg/dL Triglycerides: 1500 mg/dL Total bilirubin: 1.1 mg/dL Amylase: 300 U/L Administration of intravenous fluids and analgesics is begun. The patient’s abdominal pain, nausea, and vomiting decrease. Which of the following is the most appropriate next step in management? Choose one among the choices below.",Which of the following is the most appropriate next step in management?,"
A. Apheresis 
B. Ezetimibe therapy 
C. Gemfibrozil therapy 
D. Metformin therapy 
E. Recommendation for weight loss
",C,A,False,"Given the patient's presentation, which includes severe abdominal pain radiating to the back, worsening with straightening and improving with bending, along with significant laboratory findings such as markedly elevated triglycerides (1500 mg/dL), this scenario strongly suggests acute pancreatitis, likely due to hypertriglyceridemia. Hypertriglyceridemia can cause acute pancreatitis when levels exceed 1000 mg/dL. Option A (Apheresis): This is the most appropriate next step because the patient's triglyceride level is extremely high, indicating a condition that may require immediate reduction to prevent further pancreatic damage. Apheresis, specifically lipid apheresis, is an extracorporeal procedure used to rapidly reduce serum triglyceride levels in cases of severe hypertriglyceridemia. It is indicated when triglyceride levels are very high (typically >1000 mg/dL) and when there is evidence of acute pancreatitis or other complications related to hypertriglyceridemia. Option B (Ezetimibe therapy): While ezetimibe can help lower cholesterol levels, it does not have a significant effect on triglycerides and would not be the first-line treatment for acute hypertriglyceridemia causing pancreatitis. Option C (Gemfibrozil therapy): Gemfibrozil can be effective in lowering triglycerides over time, but it is not suitable for immediate management of severe hypertriglyceridemia associated with acute pancreatitis. Immediate reduction of triglycerides is necessary to prevent further pancreatic damage, which apheresis can achieve more rapidly than pharmacological agents. Option D (Metformin therapy): Metformin is primarily used for managing diabetes and does not affect triglyceride levels significantly. It is not relevant to the management of hypertriglyceridemia-induced pancreatitis. Option E (Recommendation for weight loss): While weight loss could be beneficial long-term for managing obesity and reducing the risk of future episodes of hypertriglyceridemia, it is not an immediate intervention for the acute situation described here. Immediate steps to reduce triglyceride levels and manage the acute pancreatitis are required. Therefore, the most appropriate next step in management is apheresis to rapidly reduce the patient's triglyceride levels and manage the acute pancreatitis effectively.",0.0139,0.0276,0.2271,0.0665,0.0426,0.0665,0.0665,0.4051,0.5502,0.6681
"A 57-year-old man is admitted to the hospital 30 minutes after he was found wandering in the streets. Fingerstick blood glucose concentration obtained by paramedics prior to transport was 68 mg/dL. The patient's medical history is unknown. Temperature is 35.8°C (96.5°F), pulse is 80/min, respirations are 16/min, and blood pressure is 106/70 mm Hg. The patient appears disheveled and is not oriented to person, place, or time. Physical examination shows mild conjunctival icterus. Cardiopulmonary examination discloses no abnormalities. Abdominal examination discloses a small fluid wave. There is palmar erythema and 1+ pitting edema of the lower extremities. Gait is broad based and ataxic. The patient is unable to cooperate with ocular or neurologic examinations. ECG shows a regular sinus rhythm and no acute abnormalities. Results of toxicology screening are pending. The most appropriate initial step in management is to administer which of the following?",The most appropriate initial step in management is to administer which of the following?,"
A. Glucose 
B. Vitamin B₁ (thiamine) 
C. Vitamin B₂ (riboflavin) 
D. Vitamin B₆ (pyridoxine) 
E. Vitamin B₁₂ (cyanocobalamin)
",B,B,True,"Given the patient's presentation, including low blood glucose levels, disorientation, and physical signs such as jaundice and edema, it is crucial to consider the possibility of Wernicke-Korsakoff syndrome, a condition often associated with chronic alcoholism and thiamine deficiency. This syndrome can present with symptoms like confusion, ataxia, and ophthalmoplegia, which align with the patient's clinical picture. Option A (Glucose): While the patient has hypoglycemia, the primary concern here is the potential for Wernicke-Korsakoff syndrome due to the patient's disorientation and other signs. Administering glucose alone would address the immediate hypoglycemia but does not treat the underlying thiamine deficiency that could be contributing to the neurological symptoms. Option B (Vitamin B₁ - Thiamine): This is the correct choice because thiamine deficiency can lead to Wernicke-Korsakoff syndrome, characterized by confusion, ataxia, and ophthalmoplegia. Administering thiamine is critical to prevent further neurological damage and should be given before any glucose administration to avoid precipitating the Wernicke encephalopathy component of the syndrome. Options C, D, and E (Vitamins B₂, B₆, and B₁₂ respectively): These vitamins are not directly related to the symptoms presented by the patient. While they are important for overall health, there is no indication from the patient's presentation that a deficiency in these specific vitamins is the cause of his symptoms. In summary, the patient's presentation strongly suggests a need for thiamine supplementation to address potential Wernicke-Korsakoff syndrome, making Option B the most appropriate initial step in management.",0.0111,0.0401,0.2932,0.0927,0.0545,0.0541,0.0541,0.4207,0.5133,0.5957
"Three days after an operation for uterine cancer, a hospitalized 67-year-old woman develops edema of the right lower extremity. Doppler ultrasonography shows a deep venous thrombosis (DVT). Review of the patient's record indicates that no DVT prophylaxis was initiated perioperatively. Which of the following is the best approach to prevent a similar adverse event in the future?",Which of the following is the best approach to prevent a similar adverse event in the future?,"
A. Conduct a nursing in-service regarding DVT prophylaxis 
B. Develop an institutional policy with standardized orders for DVT prophylaxis 
C. Encourage early ambulation during the postoperative period 
D. Prescribe low-molecular-weight heparin for all postoperative patients 
E. No intervention indicated because this is an isolated case and does not occur frequently
",B,B,True,"Option A: Conducting a nursing in-service regarding DVT prophylaxis is a good educational initiative but may not be sufficient on its own to ensure consistent application of DVT prevention measures across all patients. While education is important, it needs to be paired with clear policies and standardized procedures to ensure compliance. Option B: Developing an institutional policy with standardized orders for DVT prophylaxis is the most comprehensive approach. It ensures that all healthcare providers are aware of the necessary steps to prevent DVT and can follow a set protocol without ambiguity. This approach addresses systemic issues and helps prevent such adverse events from occurring in other patients. Option C: Encouraging early ambulation during the postoperative period is beneficial for overall recovery and can help reduce the risk of DVT, but it is not a complete solution. Patients who are unable to walk due to their condition or surgery still require additional preventive measures. Option D: Prescribing low-molecular-weight heparin for all postoperative patients could be effective, but it should be part of a broader strategy that includes assessing individual patient risks and contraindications. Not all patients may need anticoagulant therapy, and some may have conditions that make such treatment inappropriate. Option E: Stating that no intervention is needed because this is an isolated case is incorrect. Preventable adverse events like DVTs can have serious consequences and should be addressed proactively to improve patient safety and outcomes. Ignoring the issue would not prevent similar occurrences in the future.",0.0,0.0487,0.2601,0.0977,0.0379,0.0827,0.0827,0.5273,0.6034,0.6844
"A clinical trial is performed to assess the efficacy of aspirin in decreasing the risk for myocardial infarction. Twenty-two thousand male physicians with no history of coronary artery disease are randomly assigned to receive aspirin (325 mg/d) or a placebo. After following the subjects for 5 years, results show that the incidence of myocardial infarction is 1.2% in the aspirin group and 2.2% in the placebo group. The reduction in incidence is statistically significant. Which of the following is the most accurate interpretation of these results?",Which of the following is the most accurate interpretation of these results?,"
A. Absolute risk reduction is 1% 
B. Absolute risk reduction is 10% 
C. Number needed to treat is 4 
D. Number needed to treat is 25 
E. Relative risk reduction is 25% 
F. Relative risk reduction is 75%
",A,A,True,"To interpret the results accurately, we need to calculate both the absolute risk reduction (ARR) and the relative risk reduction (RRR). - Absolute Risk Reduction (ARR): This is calculated as the difference between the incidence rates in the placebo group and the aspirin group. In this case, it's 2.2% - 1.2% = 1%. Therefore, option A is correct. - Relative Risk Reduction (RRR): This is calculated as the percentage decrease in risk due to the treatment compared to the control group. It can be computed using the formula: RRR = (Incidence Rate in Control Group - Incidence Rate in Treatment Group) / Incidence Rate in Control Group 100. Here, RRR = (2.2% - 1.2%) / 2.2% 100 = 1% / 2.2% * 100 ≈ 45.45%. Thus, options E and F are incorrect. - Number Needed to Treat (NNT): This is the number of patients who need to be treated with the intervention to prevent one additional adverse event. It is calculated as the inverse of the absolute risk reduction. Here, NNT = 1 / ARR = 1 / 0.01 = 100. So, options C and D are incorrect. Therefore, the most accurate interpretation based on the given data is that the absolute risk reduction is 1%, making option A the correct choice.",0.0039,0.0344,0.1958,0.0845,0.0474,0.0657,0.0657,0.4296,0.5186,0.655
"An 18-year-old man is being prepared to undergo left temporal craniotomy for meningioma. General anesthesia has been administered. The surgeon reviews the patient's most recent MRI findings, which are hanging on a view box in the operating room, and prepares to clip the hair from the patient's right scalp. The circulating nurse is concerned because the signed operative consent form indicates a left temporal craniotomy. Which of the following is the most appropriate course of action for the circulating nurse?",Which of the following is the most appropriate course of action for the circulating nurse?,"
A. No action is required 
B. Review the MRI to determine the correct operative site 
C. Ask the surgeon to continue the operation only after the discrepancy is resolved 
D. Change the operative consent to match the surgeon's actions 
E. Call the waiting room to confirm the correct operative site with the patient's parents 
F. Write a postoperative incident report only
",C,C,True,"Option A (No action is required) is incorrect because it would be negligent to ignore a potential error that could lead to an incorrect surgical procedure. Option B (Review the MRI to determine the correct operative site) is partially correct but not the most immediate action. While reviewing the MRI is important, the primary concern is ensuring the correct patient and site before proceeding with surgery. Option C (Ask the surgeon to continue the operation only after the discrepancy is resolved) is the most appropriate action. It ensures patient safety by confirming the correct surgical site before any irreversible steps are taken. Option D (Change the operative consent to match the surgeon's actions) is incorrect because altering the consent form does not address the issue of performing the wrong procedure and could lead to legal and ethical complications. Option E (Call the waiting room to confirm the correct operative site with the patient's parents) is not the most effective immediate action. While communication with family members is important, it should not delay addressing the immediate concern of the correct surgical site. Option F (Write a postoperative incident report only) is incorrect as it does not address the immediate need to ensure the correct surgical site before the procedure begins. Incident reporting is necessary but should follow the resolution of the immediate issue.",0.0041,0.0366,0.1276,0.0753,0.0338,0.0669,0.0669,0.4709,0.5991,0.6548
"A 52-year-old man is brought to the emergency department because of a 2-day history of severe, progressive shortness of breath associated with exacerbation of his chronic cough. He has a 6-week history of pneumonia, which has responded slowly to treatment. Prior to the onset of his current symptoms, he had minimally productive cough and mild shortness of breath after walking one or two blocks. He also has had a low-grade fever for 6 days. He has no other history of serious illness. Current medications are erythromycin and an over-the-counter cough suppressant. He has smoked one pack of cigarettes daily for 20 years. On arrival, he appears ill. He is diaphoretic and in severe respiratory distress. Temperature is 38.1°C (100.6°F), pulse is 110/min, respirations are 36/min and shallow, and blood pressure is 70/50 mm Hg. Pulse oximetry on room air shows an oxygen saturation of 83%. Examination shows perioral cyanosis. There is no jugular venous distention. Diffuse crackles and wheezes are heard throughout the lungs. Heart sounds are normal. While a blood sample is being taken, the patient's blood pressure decreases, and he stops breathing. He is intubated, and mechanical ventilation is begun. Laboratory studies show: Hematocrit: 42% Leukocyte count: 16,000/mm³ Segmented neutrophils: 85% Lymphocytes: 15% Platelet count: 200,000/mm³ Arterial blood gas analysis on an FIO2 of 1.0 shows: pH: 7.35 PCO₂: 42 mm Hg PO₂: 55 mm Hg Chest x-ray shows diffuse alveolar infiltrates bilaterally and no cardiomegaly. Following intravenous administration of fluids, his blood pressure increases to 118/80 mm Hg. Which of the following is the most appropriate next step in management?",Which of the following is the most appropriate next step in management?,"
A. Continuation of mechanical ventilation at the current setting 
B. Administration of cyclophosphamide 
C. Administration of dexamethasone 
D. Extracorporeal membrane oxygenation 
E. Application of positive end-expiratory pressure
",E,E,True,"Given the clinical scenario, the patient presents with severe respiratory distress, hypoxemia, and bilateral diffuse alveolar infiltrates on chest X-ray, which are indicative of acute respiratory distress syndrome (ARDS). The patient's condition is critical, and immediate measures need to be taken to improve oxygenation and support lung function. Option A: Continuation of mechanical ventilation at the current setting - This may not be sufficient as the patient is experiencing severe hypoxemia despite receiving 100% FiO2. Mechanical ventilation alone without additional supportive measures might not adequately address the underlying issue of ARDS. Option B: Administration of cyclophosphamide - Cyclophosphamide is a cytotoxic agent used primarily in cancer chemotherapy and autoimmune diseases. It is not indicated in the management of ARDS and would not help in improving the patient's immediate respiratory status. Option C: Administration of dexamethasone - Although corticosteroids have been used historically in ARDS, recent evidence suggests that they do not improve outcomes and may even worsen them. Therefore, this is not recommended as the first-line intervention for managing ARDS. Option D: Extracorporeal membrane oxygenation (ECMO) - ECMO is a highly invasive procedure reserved for patients who are refractory to conventional mechanical ventilation and have severe hypoxemia or hypercapnia. Given that the patient's blood pressure has improved with fluid resuscitation and he is currently on mechanical ventilation, ECMO might be considered if there is no improvement in oxygenation, but it is not the immediate next step. Option E: Application of positive end-expiratory pressure (PEEP) - PEEP is a crucial component of ventilator management in ARDS. It helps to recruit collapsed alveoli, reduce intrapulmonary shunting, and improve oxygenation. Implementing PEEP can be an effective way to manage the patient's severe hypoxemia while on mechanical ventilation. Therefore, the most appropriate next step in management is to apply positive end-expiratory pressure (PEEP) to improve oxygenation and lung compliance in this patient with suspected ARDS.",0.0115,0.0285,0.2166,0.0675,0.037,0.0675,0.0675,0.4434,0.5597,0.6411
"A 14-year-old boy is brought to the emergency department by his parents 30 minutes after the sudden onset of confusion, sweating, and pallor. He has enuresis treated with imipramine. His parents refilled his prescription for imipramine 3 days ago and noted today that the bottle is empty. On arrival, the patient is awake but confused. Temperature is 37.0°C (98.6°F), pulse is 80/min, respirations are 8/min, and blood pressure is 100/60 mm Hg. Examination shows dilated pupils and flushed skin. In addition to ensuring an adequate airway and establishing intravenous access, which of the following is the most appropriate initial step in management?","In addition to ensuring an adequate airway and establishing intravenous access, which of the following is the most appropriate initial step in management?","
A. Cardiac monitoring 
B. Chest x-ray 
C. Echocardiography 
D. EEG 
E. Measurement of serum imipramine concentration
",A,E,False,"Given the clinical scenario, the patient's symptoms strongly suggest an overdose of imipramine, a tricyclic antidepressant (TCA). The presentation includes confusion, sweating, pallor, and enuresis, along with bradypnea (slow breathing rate) and hypotension (low blood pressure), which are classic signs of TCA toxicity. Dilated pupils and flushed skin can also be seen in TCA overdose. Option A (Cardiac monitoring): While cardiac monitoring is important in TCA overdose due to the risk of arrhythmias, it is not the most immediate step needed to confirm the diagnosis. Option B (Chest x-ray): This would not be relevant to the diagnosis of TCA overdose and does not address the immediate concerns of the patient's altered mental status and hemodynamic instability. Option C (Echocardiography): This imaging modality is not necessary for the initial assessment of a suspected TCA overdose. It might be useful later if there are specific concerns about cardiac function, but it is not the first step. Option D (EEG): An EEG would be more relevant in cases of suspected seizures or other neurological conditions rather than in the context of a TCA overdose. Option E (Measurement of serum imipramine concentration): This is the most appropriate initial step because it confirms the diagnosis of TCA overdose and provides information on the severity of the poisoning, which guides further treatment decisions. Knowing the level of imipramine in the bloodstream helps in predicting the likelihood of severe complications and in planning the detoxification process. Therefore, measuring the serum imipramine concentration is the most appropriate initial step in managing this patient.",0.0136,0.047,0.3037,0.0996,0.0502,0.0996,0.0996,0.5031,0.5769,0.6752
"A 65-year-old man with mild hypertension comes to the veterans’ administration outpatient clinic because he is concerned about having an abdominal aortic aneurysm. He says he feels well. His medications are metoprolol and lisinopril. His older brother, who was ""seemingly in good health,"" recently underwent emergency repair of a ruptured abdominal aortic aneurysm that had not been diagnosed previously. The patient retired from the military 15 years ago. He smoked one-half pack of cigarettes daily for 20 years but quit 20 years ago. He is 183 cm (6 ft 0 in) tall and weighs 84 kg (185 lb); BMI is 25 kg/m². Pulse is 72/min and regular, and blood pressure is 140/85 mm Hg. Abdominal examination shows no organomegaly or tenderness to palpation. The aortic pulsation is estimated at 3 cm in width. A midepigastric bruit is heard. The remainder of the examination shows no abnormalities. Which of the following is the most appropriate next step in diagnosis?",Which of the following is the most appropriate next step in diagnosis?,"
A. CT scan of the abdomen and pelvis 
B. Digital angiography of the aorta 
C. Duplex ultrasonography of the abdomen 
D. X-ray of the abdomen 
E. No diagnostic imaging is indicated
",C,C,True,"Given the patient's history of a family member with a recently ruptured abdominal aortic aneurysm (AAA), his age, and the presence of a midepigastric bruit on physical examination, there is a reasonable suspicion for an undiagnosed AAA. However, the absence of symptoms such as back pain, abdominal pain, or signs of a pulsatile mass does not rule out the possibility of an aneurysm, especially given the risk factors present. Option A (CT scan of the abdomen and pelvis): While a CT scan is considered the gold standard for diagnosing and measuring the size of an AAA, it involves radiation exposure and may be more invasive than necessary for initial screening. It is typically used when there is a high clinical suspicion or if other less invasive methods are inconclusive. Option B (Digital angiography of the aorta): This is an invasive procedure that carries risks such as bleeding, infection, and allergic reactions to contrast dye. It is usually reserved for cases where surgical intervention is planned and requires precise anatomical information. Option C (Duplex ultrasonography of the abdomen): This is the most appropriate next step due to its non-invasive nature, lack of radiation exposure, and ability to accurately measure the diameter of the aorta. It can also detect any abnormal blood flow patterns, such as the bruit noted during the physical exam, which could indicate an aneurysm. Ultrasound is widely available, cost-effective, and suitable for initial screening in patients like this one. Option D (X-ray of the abdomen): Plain radiographs do not have the sensitivity or specificity to diagnose an AAA reliably. They might show calcification within the aorta, but they cannot measure the diameter of the vessel accurately, making them insufficient for ruling out or confirming an aneurysm. Option E (No diagnostic imaging is indicated): Given the patient's risk factors (family history, age, smoking history), the presence of a bruit, and the absence of symptoms, it would be prudent to perform some form of imaging to rule out an AAA. Therefore, this option is not appropriate. In conclusion, duplex ultrasonography is the most appropriate initial test to evaluate for the presence of an abdominal aortic aneurysm in this patient.",0.0072,0.0216,0.1487,0.0532,0.0321,0.0479,0.0479,0.4415,0.5694,0.6403
"A 57-year-old man comes to the physician because of a 1-month history of fatigue and moderate low back pain. He also has had a mildly decreased appetite resulting in a 1.8-kg (4-lb) weight loss during this period. He has a 1-week history of headache. He has had no fever, sweating, or chills. He has hypertension well controlled with triamterene-hydrochlorothiazide. Other medications include 81-mg aspirin, ibuprofen, and a daily multivitamin. He appears tired. Examination shows slightly pale conjunctivae. A grade 2/6 systolic flow murmur is heard best at the lower left sternal border. The remainder of the examination shows no abnormalities. Test of the stool for occult blood is negative. Laboratory studies show: Hematocrit: 32% Mean corpuscular volume: 102 μm³ Leukocyte count :9200/mm³ Segmented neutrophils: 66% Bands: 3% Lymphocytes: 31% Platelet count: 325,000/mm3 Red cell distribution width: 15.6% (N=13%–15%) Serum Ca²⁺: 10.8 mg/dL Urea nitrogen: 18 mg/dL Glucose: 108 mg/dL Creatinine: 1.5 mg/dL Albumin: 3 g/dL X-rays of the lumbosacral spine show mild osteopenia. Which of the following is the most appropriate next step in diagnosis?",Which of the following is the most appropriate next step in diagnosis?,"
A. Serum protein electrophoresis 
B. Echocardiography 
C. Bone scan 
D. Colonoscopy 
E. Esophagogastroduodenoscopy
",A,A,True,"Given the patient's symptoms of fatigue, weight loss, and anemia (as indicated by the hematocrit level of 32%), along with the laboratory findings of macrocytic anemia (mean corpuscular volume of 102 μm³) and increased red cell distribution width (15.6%), the most likely cause is a chronic condition that could be related to bone marrow dysfunction or malignancy. The presence of a grade 2/6 systolic flow murmur at the lower left sternal border might suggest a cardiac issue, but it is not specific enough to warrant echocardiography as the first diagnostic step. Option A, serum protein electrophoresis, is the most appropriate next step because it can detect monoclonal gammopathies, which are often associated with conditions like multiple myeloma or Waldenström macroglobulinemia. These conditions can present with similar symptoms and laboratory findings, including anemia, elevated red cell distribution width, and sometimes bone pain due to lytic lesions. Option B, echocardiography, would be more relevant if there were significant cardiac symptoms or signs suggesting heart disease, such as shortness of breath, palpitations, or edema. However, the patient’s primary complaints do not strongly indicate a cardiac origin. Option C, bone scan, might be considered if there was suspicion of metastatic disease or other bone-related issues, but given the mild osteopenia noted on x-ray and the lack of specific bone pain, this is less likely to be the primary issue. Option D, colonoscopy, would be more appropriate if there were gastrointestinal symptoms or signs pointing towards a gastrointestinal source of bleeding or anemia, but the negative stool test for occult blood and the absence of gastrointestinal symptoms make this less likely. Option E, esophagogastroduodenoscopy, would be more relevant if there were upper gastrointestinal symptoms or signs, such as dysphagia, reflux, or hematemesis, but these are not mentioned in the patient's presentation. Therefore, the most appropriate next step in the diagnosis is serum protein electrophoresis to investigate for possible underlying hematologic disorders.",0.011,0.0272,0.2103,0.0655,0.0359,0.0655,0.0655,0.4393,0.5615,0.6901
"A 38-year-old woman, gravida 1, para 1, comes to the office because she has been unable to conceive for the past year. She and her husband have had unprotected sexual intercourse three times weekly during this time. They have a 6-year-old daughter. During the past year, menses have occurred at irregular 90- to 120-day intervals. Her last menstrual period was 2 months ago. Menses previously occurred at regular 30-day intervals. She used an oral contraceptive for 4 years after the birth of her daughter but discontinued it 14 months ago. She has no history of serious illness and takes no medications. The patient appears well. She is 163 cm (5 ft 4 in) tall and weighs 63 kg (140 lb); BMI is 24 kg/m². Vital signs are within normal limits. Examination shows no abnormalities. Results of serum studies are shown: Thyroid-stimulating hormone: 3 μU/mL Follicle-stimulating hormone: 100 mIU/mL Prolactin: 10 ng/mL β-hCG: negative This patient’s diagnosis puts her at risk for which of the following?",Results of serum studies are shown: Thyroid-stimulating hormone: 3 μU/mL Follicle-stimulating hormone: 100 mIU/mL Prolactin: 10 ng/mL β-hCG: negative This patient’s diagnosis puts her at risk for which of the following?,"
A. Breast cancer 
B. Endometrial cancer 
C. Obesity 
D. Osteoporosis 
E. Unplanned pregnancy
",D,B,False,"The patient's case presents several key points that suggest a possible diagnosis of hyperprolactinemic amenorrhea or more likely, polycystic ovary syndrome (PCOS), given the context of irregular menses and elevated follicle-stimulating hormone (FSH) levels. However, the most striking finding is the extremely high FSH level (100 mIU/mL), which is indicative of ovarian failure, often seen in women approaching menopause or with premature ovarian insufficiency (POI). In such conditions, the ovaries do not function properly, leading to irregular or absent menstruation and infertility. Option A (Breast cancer): While hormonal imbalances can affect breast health, there is no direct link between the patient's condition and increased risk of breast cancer based on the information provided. Option B (Endometrial cancer): Women with amenorrhea due to ovarian failure or PCOS are at risk for endometrial hyperplasia and potentially endometrial cancer if they do not have regular menstrual cycles to shed the lining of the uterus. The absence of regular menses means that the endometrium may thicken without being shed, increasing the risk of endometrial cancer. Option C (Obesity): Although obesity can be associated with PCOS, the patient's BMI is within the normal range (24 kg/m²), and there is no direct evidence linking her current condition to obesity. Option D (Osteoporosis): Osteoporosis is a concern for postmenopausal women due to decreased estrogen levels, but the patient's age and the specific condition described do not directly indicate osteoporosis as the primary risk. Option E (Unplanned pregnancy): Given the patient's amenorrhea and the fact that her β-hCG test is negative, the risk of unplanned pregnancy is not the primary concern here. Therefore, considering the patient's presentation and laboratory findings, the most significant risk among the options provided is endometrial cancer (Option B).",0.003,0.0674,0.22,0.1208,0.0486,0.0846,0.0846,0.5282,0.529,0.5754
"A 27-year-old man comes to the physician because of a 1-month history of progressive fatigue and episodes of moderate abdominal pain. He has a 4-year history of recurrent nosebleeds that have increased in frequency despite undergoing cauterization of the nasal mucosa 6 months ago. He takes no medications. His sister has anemia associated with recurrent nosebleeds and heavy menstrual periods; she also had postpartum hemorrhage that required transfusion. The patient's vital signs are within normal limits. Examination shows pallor; no other abnormalities are noted. Laboratory studies show: Hemoglobin: 7.1 g/dL Erythrocyte count: 2.1 million/mm³ Leukocyte count: 13,500/mm³ Platelet count: 250,000/mm³ Prothrombin time: 12 sec (INR=1) Partial thromboplastin time: 45 sec Which of the following is the most likely diagnosis?","1 million/mm³ Leukocyte count: 13,500/mm³ Platelet count: 250,000/mm³ Prothrombin time: 12 sec (INR=1) Partial thromboplastin time: 45 sec Which of the following is the most likely diagnosis?","
A. Bernard-Soulier syndrome 
B. Glanzmann thrombasthenia 
C. Hemophilia A 
D. Hereditary hemorrhagic telangiectasia 
E. von Willebrand disease
",E,D,False,"The patient presents with a history of progressive fatigue, abdominal pain, recurrent nosebleeds, and a family history of similar symptoms including anemia and heavy menstrual bleeding. The laboratory findings include low hemoglobin and erythrocyte counts indicative of anemia, but normal platelet count and prothrombin time. The partial thromboplastin time (PTT) is prolonged, which suggests a coagulation disorder involving factors VIII or IX. Option A, Bernard-Soulier syndrome, is a rare inherited bleeding disorder characterized by giant platelets and a defect in platelet adhesion due to a deficiency of glycoprotein Ib-IX-V complex. It typically presents with mild to moderate bleeding symptoms such as easy bruising, petechiae, and mucosal bleeding, but not usually with a significant anemia or prolonged PTT. Option B, Glanzmann thrombasthenia, is another rare inherited platelet function disorder caused by a deficiency or dysfunction of the GPIIb/IIIa receptor on platelets. This condition leads to impaired platelet aggregation and can cause severe bleeding, but it does not typically present with anemia or a prolonged PTT. Option C, Hemophilia A, is a hereditary bleeding disorder caused by a deficiency in factor VIII. It can lead to spontaneous bleeding into joints and muscles, and prolonged PTT, but it does not typically cause anemia unless there is chronic blood loss from repeated bleeds. Option D, Hereditary hemorrhagic telangiectasia (HHT), is a genetic disorder characterized by abnormal blood vessel formation leading to telangiectasias (small dilated blood vessels) and arteriovenous malformations (AVMs). These vascular abnormalities can cause recurrent epistaxis (nosebleeds), gastrointestinal bleeding, and skin and mucosal telangiectasias. HHT can also be associated with iron deficiency anemia due to chronic blood loss, which fits the patient's presentation of fatigue and anemia. The prolonged PTT could be secondary to iron deficiency, which can affect clotting factors, or it might be coincidental. Option E, von Willebrand disease, is a common inherited bleeding disorder caused by a deficiency or dysfunction of von Willebrand factor (VWF), which affects platelet adhesion and factor VIII stability. It can cause mucocutaneous bleeding, but it usually does not present with a significantly prolonged PTT unless there is a type 3 von Willebrand disease, which is very rare. Additionally, the patient's family history and clinical presentation do not strongly suggest this diagnosis over HHT. Given the patient's history of recurrent nosebleeds, anemia, and a family history of similar symptoms, along with the laboratory findings, the most likely diagnosis is Hereditary Hemorrhagic Telangiectasia (HHT).",0.0022,0.0302,0.207,0.0686,0.0368,0.0686,0.0686,0.4541,0.4796,0.559
"A 37-year-old woman comes to the office for a follow-up examination 3 weeks after testing confirmed a mass in her left breast to be benign. She says that despite the test results, she has had anxiety, insomnia, and a preoccupation with cancer since noticing the lump. Two weeks ago, she had a 20-minute episode of markedly intense anxiety characterized by heart palpitations and the fear that she was dying. She says she has always been a tense, nervous person and is uncomfortable in social situations. She says she frequently worries and is fearful of the future and apprehensive of dying. She has no other history of panic episodes, traumatic events, or serious illness and takes no medications. She does not drink alcohol or use illicit drugs. Physical examination shows a 2-cm mass in the left breast. On mental status examination, she is cooperative but worried. Her thought processes are linear, and content focuses on possible negative eventualities. Which of the following is the most likely diagnosis?",Which of the following is the most likely diagnosis?,"
A. Avoidant personality disorder 
B. Generalized anxiety disorder 
C. Illness anxiety disorder (hypochondriasis) 
D. Persistent depressive disorder (dysthymia) 
E. Social anxiety disorder (social phobia)
",B,B,True,"- Generalized Anxiety Disorder (GAD): This condition is characterized by excessive worry about a variety of everyday problems for at least six months. The patient's symptoms include persistent anxiety, insomnia, and a preoccupation with cancer, which aligns well with GAD. Additionally, her history of being a tense, nervous person and her frequent worrying about the future and death further support this diagnosis. - Avoidant Personality Disorder: While the patient mentions discomfort in social situations, avoidant personality disorder involves a pervasive pattern of social inhibition, feelings of inadequacy, and sensitivity to rejection. The patient’s primary issue seems to be generalized anxiety rather than a pervasive pattern of social avoidance. - Illness Anxiety Disorder (Hypochondriasis): This disorder involves a preoccupation with having or acquiring a serious illness. Although the patient is concerned about cancer, her symptoms are more broadly related to anxiety and worry rather than a specific focus on bodily symptoms or health concerns alone. - Persistent Depressive Disorder (Dysthymia): Dysthymia is characterized by a chronic low mood lasting for at least two years. The patient's symptoms do not suggest a persistent depressed mood but rather an acute onset of anxiety following the discovery of a benign breast mass. - Social Anxiety Disorder (Social Phobia): This disorder involves significant fear or anxiety about social situations where one might be scrutinized. While the patient mentions being uncomfortable in social situations, her primary symptoms are more consistent with generalized anxiety rather than a specific fear of social interactions. Given the patient's symptoms of persistent worry, anxiety, and sleep disturbances, along with her history of being a tense, nervous person, the most fitting diagnosis is Generalized Anxiety Disorder.",0.0,0.0223,0.1301,0.0567,0.0071,0.0496,0.0496,0.3889,0.5443,0.5872
"A 55-year-old man comes to the emergency department because of a 6-hour history of diffuse abdominal pain and subjective fever. His most recent bowel movement 4 hours ago was loose but not bloody. He reports no chills or urinary symptoms. Medical history is remarkable for gastroesophageal reflux disease and alcoholic cirrhosis. Medications are furosemide, spironolactone, lactulose, and pantoprazole. The patient appears uncomfortable. Temperature is 37.8°C (100.0°F), pulse is 88/min, respirations are 14/min, and blood pressure is 104/66 mm Hg. Physical examination shows conjunctival icterus and abdominal distention. Bowel sounds are normal. There is moderate diffuse abdominal tenderness with mild guarding but no rebound tenderness. Results of laboratory studies are shown: Serum ALT: 70 U/L AST: 85 U/L Alkaline phosphatase: 66 U/L Total bilirubin: 3.5 mg/dL Creatinine: 0.6 mg/dL Blood Hematocrit: 39% Hemoglobin: 13.0 g/dL Leukocyte count: 11,300/mm³ Platelet count: 66,000/mm³ Partial thromboplastin time: 39 seconds Prothrombin time: 17.2 seconds Abdominal paracentesis is done, and analysis of the ascitic fluid shows a segmented neutrophil cell count of 288 cells/mm³. Results of blood and ascitic fluid cultures are pending. Which of the following is the most appropriate pharmacotherapy at this time?",Which of the following is the most appropriate pharmacotherapy at this time?,"
A. Cefotaxime 
B. Clindamycin 
C. Metronidazole 
D. Oxacillin 
E. Vancomycin 
F. No pharmacotherapy is indicated at this time
",A,A,True,"Given the patient's presentation with diffuse abdominal pain, fever, and findings consistent with spontaneous bacterial peritonitis (SBP) based on the elevated white blood cell count in the ascitic fluid (288 cells/mm³), the most appropriate initial antibiotic therapy is cefotaxime. SBP is a serious complication of cirrhosis and ascites, often presenting with fever, abdominal pain, and changes in mental status, though not all patients will have these classic signs. The diagnosis is supported by an ascitic fluid polymorphonuclear leukocyte (PMN) count greater than 250 cells/mm³, which this patient has. - Option A (Cefotaxime): This is the correct choice as it provides broad-spectrum coverage against the common gram-negative bacteria that cause SBP, such as Escherichia coli, Klebsiella pneumoniae, and Enterobacter species. It also covers some gram-positive organisms, making it suitable for empiric treatment while awaiting culture results. - Option B (Clindamycin): While clindamycin can be used for certain infections, it does not cover the typical pathogens associated with SBP and is generally not recommended as first-line therapy for this condition. - Option C (Metronidazole): Although metronidazole is effective against anaerobic bacteria, it does not provide adequate coverage for the aerobic gram-negative rods that are the primary cause of SBP. - Option D (Oxacillin): Oxacillin is primarily used for methicillin-sensitive Staphylococcus aureus (MSSA) infections and does not cover the gram-negative bacteria typically responsible for SBP. - Option E (Vancomycin): Vancomycin is used for treating MRSA and other gram-positive infections but does not provide adequate coverage for the gram-negative bacteria that are the usual culprits in SBP. - Option F (No pharmacotherapy is indicated at this time): Given the clinical suspicion of SBP and the laboratory evidence supporting this diagnosis, initiating appropriate antibiotic therapy is crucial to prevent complications and improve outcomes. Therefore, the immediate initiation of cefotaxime is the most appropriate pharmacotherapy in this scenario.",0.0056,0.0279,0.2161,0.0687,0.0377,0.0562,0.0562,0.4536,0.5594,0.7321
A 45-year-old man is brought to the emergency department because of moderate chest pain after a generalized tonic-clonic seizure 30 minutes ago. He has seizure disorder for which he has taken carbamazepine and phenobarbital for the past 20 years. X-ray of the chest shows generalized osteopenia with several rib fractures. Which of the following is the most likely nutritional deficiency?,Which of the following is the most likely nutritional deficiency?,"
A. Folic acid 
B. Iron 
C. Magnesium 
D. Vitamin B₂ (riboflavin) 
E. Vitamin D 
F. Zinc
",E,E,True,"Given the patient's history of long-term use of anticonvulsant medications such as carbamazepine and phenobarbital, coupled with the presence of generalized osteopenia and rib fractures on chest X-ray, the most likely nutritional deficiency is Vitamin D. Anticonvulsant drugs can interfere with vitamin D metabolism, leading to decreased calcium absorption and subsequent bone demineralization, which manifests as osteopenia and increased risk of fractures. - Vitamin D: This is the most plausible answer because anticonvulsants like carbamazepine and phenobarbital are known to induce hepatic enzymes that increase the metabolism of vitamin D, leading to hypovitaminosis D. This can result in secondary hyperparathyroidism, which then leads to bone resorption and osteopenia. - Folic Acid (Option A): While some anticonvulsants can cause folate deficiency, this is less likely to be the primary cause of the described symptoms. Folate deficiency typically presents with hematological abnormalities rather than bone changes. - Iron (Option B): Iron deficiency anemia would present with symptoms such as pallor, fatigue, and shortness of breath, but not specifically with bone changes. - Magnesium (Option C): Magnesium deficiency can affect bone health, but it is less commonly associated with generalized osteopenia and rib fractures in the context of anticonvulsant therapy. - Vitamin B₂ (Riboflavin) (Option D): Riboflavin deficiency is rare in developed countries and does not typically cause generalized osteopenia. - Zinc (Option F): Zinc deficiency can lead to immune dysfunction and skin problems, but it is not typically associated with generalized osteopenia and rib fractures. Therefore, given the clinical presentation and the patient's medication history, Vitamin D deficiency is the most likely cause of the observed bone changes.",0.0098,0.0259,0.1558,0.0657,0.0441,0.0511,0.0511,0.4244,0.5598,0.6459
A 32-year-old man comes to the office because of a 2-day history of redness of the right eye. He has not had sensitivity to light or the sensation of a foreign body in the eye. He has no history of serious illness and takes no medications. Examination of the right eye shows erythema and clear discharge. Examination of the left eye shows no abnormalities. The physician prescribes ketorolac ophthalmic solution. Which of the following is the most appropriate way for the physician to write the prescription?,Which of the following is the most appropriate way for the physician to write the prescription?,"
A. Ketorolac 0.5% solution, 1 drop in right eye, four times daily 
B. Ketorolac .5% solution, 1 drop in right eye QID 
C. Ketorolac 0.5% solution, 1 drop OD four times daily 
D. Ketorolac 0.5% solution, 1 drop OD, QID
",A,C,False,"Option A is incorrect because it does not use standard medical abbreviations. ""QID"" (four times daily) should be included to specify the frequency of administration. Option B is partially correct but still lacks clarity. While it uses the abbreviation ""QID,"" it omits the standard abbreviation ""OD"" for the right eye, which could lead to confusion or misinterpretation. Option C correctly specifies the medication, concentration, dosage, and frequency of administration. It also uses the standard abbreviation ""OD"" for the right eye, ensuring that the prescription is clear and unambiguous. Option D is almost correct but includes an unnecessary comma between ""OD"" and ""QID."" In medical prescriptions, clarity and brevity are crucial to avoid any potential errors or misunderstandings. Therefore, Option C is the most appropriate way to write the prescription as it provides all necessary information in a concise and standardized format.",0.0178,0.0756,0.3932,0.1783,0.1032,0.1529,0.1529,0.5071,0.5852,0.7091
"A 14-year-old girl is brought to the physician by her mother for a well-child examination. Vital signs are within normal limits. On breast examination, the areolae are 3 cm in diameter and form a secondary mound bilaterally. Cardiopulmonary and abdominal examinations show no abnormalities. Pelvic examination shows dark, curly, coarse hair that spreads sparsely over the pubic area but not over the thighs. Which of the following is the most accurate assessment of this patient's development?",Which of the following is the most accurate assessment of this patient's development?,"
A. Pubic Hair Development: Delayed; Breast Development: delayed 
B. Pubic Hair Development: Delayed; Breast Development: normal 
C. Pubic Hair Development: Normal; Breast Development: delayed 
D. Pubic Hair Development: Normal; Breast Development: normal
",D,B,False,"The stages of puberty are typically assessed using the Tanner staging system, which categorizes physical changes into five stages for both breast development (Tanner I-V) and pubic hair development (Tanner I-V). For breast development, the description given indicates that the areolae have formed a secondary mound bilaterally and are 3 cm in diameter. This corresponds to Tanner Stage II, which is considered normal for the onset of breast development in early puberty. Regarding pubic hair development, the description states that there is dark, curly, coarse hair that spreads sparsely over the pubic area but does not extend to the thighs. This corresponds to Tanner Stage II as well, but it is important to note that pubic hair development usually follows breast development by about six months to one year. Since the patient is described as having only sparse pubic hair without thigh extension, this suggests that the pubic hair development may be slightly delayed compared to the breast development. Therefore, while breast development appears to be within the normal range for early puberty, pubic hair development seems to be lagging behind what would be expected at this stage of breast development, making option B the most accurate assessment.",0.0046,0.0455,0.2829,0.1121,0.0283,0.0748,0.0748,0.475,0.5776,0.6198
A healthy 19-year-old woman comes to the clinic requesting advice regarding contraception. Menses occur at regular 28-day intervals with heavy flow. She is sexually active and has had three lifetime male partners. She has smoked one-half pack of cigarettes daily for 2 years. She lives in a college dormitory and says that she often does not sleep in her own room and has trouble remembering to take medications regularly. Her only medication is a daily multivitamin. She is 163 cm (5 ft 4 in) tall and weighs 58 kg (128 lb); BMI is 22 kg/m². Vital signs are within normal limits. Physical examination shows no abnormalities. Which of the following is the most appropriate recommendation regarding contraception for this patient?,Which of the following is the most appropriate recommendation regarding contraception for this patient?,"
A. Condoms with spermicidal foam 
B. Diaphragm with spermicidal foam 
C. Oral contraceptive therapy 
D. Subdermal contraceptive implant 
E. Vaginal contraceptive ring
",D,D,True,"Given the patient's profile, the subdermal contraceptive implant (Option D) is the most appropriate recommendation for several reasons: - Effectiveness: The subdermal contraceptive implant is highly effective, with a failure rate of less than 1% when used correctly. This aligns well with the patient's need for reliable contraception. - User-Friendliness: Since the patient mentions difficulty in remembering to take medications regularly, an implant that requires no daily action would be ideal. The subdermal implant is placed under the skin and provides continuous protection without the need for daily compliance. - Duration of Effectiveness: The implant can last up to 3 years, which means the patient won't have to worry about contraception for a long time, reducing the likelihood of pregnancy due to forgetfulness. - Menstrual Cycle Considerations: The patient reports heavy menstrual flow. While the implant may cause irregular bleeding patterns initially, it often leads to lighter periods over time, which could be beneficial for someone experiencing heavy flow. - Smoking: Although smoking can increase the risk of certain side effects from hormonal contraceptives, the subdermal implant does not contain estrogen, making it a safer choice compared to combined oral contraceptives for smokers. Options A, B, C, and E are less suitable for the following reasons: - Condoms with Spermicidal Foam (A): While they are easy to use, they require consistent use and can be easily forgotten or misused, leading to a higher failure rate. - Diaphragm with Spermicidal Foam (B): Requires proper fitting and consistent use, which might be challenging given the patient's history of forgetting to take medications. - Oral Contraceptive Therapy (C): Daily pill-taking can be problematic for someone who struggles with adherence. Additionally, the patient's smoking habit slightly increases the risk of cardiovascular side effects associated with combined oral contraceptives. - Vaginal Contraceptive Ring (E): Requires monthly replacement and insertion, which might still pose a challenge for someone with poor adherence to medication schedules. Therefore, considering all factors, the subdermal contraceptive implant is the most appropriate recommendation for this patient.",0.0052,0.0308,0.24,0.0751,0.0465,0.0694,0.0694,0.4762,0.596,0.7501
"A previously healthy 17-year-old girl comes to the emergency department because of a 3-day history of moderate right lower quadrant pain, fever, and loss of appetite. She has not had abnormal vaginal discharge. Four months ago, she was treated with oral antibiotics for cystitis. She currently takes no medications. Menses occur at regular 28-day intervals. Her last menstrual period was 10 days ago. She has been sexually active with two male partners during the past 6 months and uses condoms inconsistently. Temperature is 38.5°C (101.3°F), pulse is 105/min, respirations are 14/min, and blood pressure is 127/82 mm Hg. Abdominal examination shows tenderness to palpation of the lower quadrants with rebound in the right lower quadrant; there is no distention. Bowel sounds are decreased. Pelvic examination shows blood-tinged discharge from the cervical os and cervical motion tenderness. There is a 5-cm mass in the right adnexal region. Which of the following is the most likely diagnosis?",Which of the following is the most likely diagnosis?,"
A. Appendicitis 
B. Ectopic pregnancy 
C. Ovarian torsion 
D. Pyelonephritis 
E. Tubo-ovarian abscess
",E,E,True,"Given the patient's symptoms and physical findings, the most likely diagnosis is a tubo-ovarian abscess (TOA). Here’s why: - Appendicitis (Option A): While appendicitis can present with right lower quadrant pain, it typically does not cause cervical motion tenderness or a pelvic mass. The presence of a mass in the right adnexal region and cervical motion tenderness makes appendicitis less likely. - Ectopic Pregnancy (Option B): An ectopic pregnancy could be considered given her sexual activity and the presence of abdominal pain and fever. However, the absence of significant vaginal bleeding, the presence of a mass on pelvic exam, and the cervical motion tenderness make an ectopic pregnancy less likely compared to a TOA. - Ovarian Torsion (Option C): Ovarian torsion often presents with sudden onset severe pain, nausea, and vomiting. It usually does not present with fever or leukocytosis as seen in this case. Additionally, ovarian torsion typically does not cause cervical motion tenderness or a pelvic mass. - Pyelonephritis (Option D): This condition would more commonly present with flank pain, hematuria, and possibly dysuria. The patient's symptoms and physical findings do not align well with pyelonephritis. - Tubo-Ovarian Abscess (Option E): This is the most likely diagnosis given the patient's history of recent antibiotic use for cystitis, which increases the risk of ascending infection leading to a TOA. The presence of fever, lower abdominal pain, cervical motion tenderness, and a pelvic mass strongly suggest a TOA. The blood-tinged discharge from the cervical os also supports this diagnosis, as it can be a sign of infection. Therefore, considering all the clinical features presented, the most probable diagnosis is a tubo-ovarian abscess.",0.0063,0.0218,0.1404,0.0563,0.0284,0.0493,0.0493,0.406,0.5573,0.661
"A 15-year-old girl is brought to the office because she has never had a menstrual period. She has no history of serious illness and receives no medications. Growth and development are appropriate for age. Breast development began at the age of 10 years. She has never been sexually active. She is at the 90th percentile for height, 75th percentile for weight, and 69th percentile for BMI. Sexual maturity rating is 4 for breast development. Pelvic examination shows a normal-appearing vagina; the cervix and uterus cannot be palpated. Her serum testosterone concentration is 340 ng/dL (N=5–40). Serum concentrations of luteinizing hormone, follicle-stimulating hormone, thyroid-stimulating hormone, 17α-hydroxyprogesterone, and prolactin are within the reference ranges. Serum β-hCG testing is negative. Pelvic ultrasonography shows no uterus. Her karyotype is 46,XY. Which of the following is the most appropriate next step in management?",Which of the following is the most appropriate next step in management?,"
A. Estrogen and progestin therapy 
B. Gonadectomy 
C. Gonadotropin-releasing hormone agonist therapy 
D. Progestin therapy only 
E. No further management is indicated
",B,B,True,"Given the patient's presentation, including her karyotype of 46,XY, elevated testosterone levels, and the absence of a uterus on pelvic ultrasound, the diagnosis of Androgen Insensitivity Syndrome (AIS) or another form of male pseudohermaphroditism should be considered. The patient's physical characteristics, such as breast development and lack of palpable uterus and cervix, suggest that she has partial resistance to androgens, which is typical in AIS. However, the presence of a 46,XY karyotype and high testosterone levels indicate that she has testes producing androgens, which can lead to an increased risk of malignancy if left untreated. Option A (Estrogen and progestin therapy): While estrogen and progestin therapy might be used to induce secondary sexual characteristics and prevent endometrial hyperplasia in individuals with a uterus, this patient does not have a uterus. Therefore, this treatment would not address the underlying issue of having internal testes that could become cancerous. Option B (Gonadectomy): This is the most appropriate next step. Given the patient's condition, gonadectomy (removal of the testes) is necessary to reduce the risk of developing gonadal tumors, which is a significant concern in individuals with AIS or other forms of androgen insensitivity. After gonadectomy, hormonal replacement therapy can be initiated to manage secondary sexual characteristics and overall health. Option C (Gonadotropin-releasing hormone agonist therapy): This therapy is typically used to suppress puberty in conditions like central precocious puberty but is not indicated here since the patient already has signs of pubertal development and the underlying issue is the presence of internal testes rather than premature puberty. Option D (Progestin therapy only): Progestin alone would not address the primary issue of having internal testes that could develop into cancer. It might be used post-gonadectomy to manage any residual tissue or to prepare the body for estrogen therapy, but it is not sufficient as a standalone treatment. Option E (No further management is indicated): This is incorrect because the patient has a significant medical condition that requires intervention to prevent potential life-threatening complications from undescended testes. Therefore, the most appropriate next step in management is gonadectomy to remove the risk of developing testicular cancer, followed by appropriate hormonal replacement therapy.",0.0123,0.0244,0.1787,0.0584,0.0427,0.0584,0.0584,0.4212,0.5515,0.6773
"A 50-year-old man returns to the office for a follow-up examination. During the past 2 months, he has had increased blood pressure readings during several checks at the office and at home. He says he has felt well. He has major depressive disorder and gout. Medications are fluoxetine and allopurinol. His maternal grandfather had congestive heart failure and the patient's older brother has hypertension. The patient has smoked one-half pack of cigarettes daily for 32 years. He is 180 cm (5 ft 11 in) tall and weighs 95 kg (210 lb); BMI is 29 kg/m². Pulse is 70/min and blood pressure is 152/90 mm Hg. Physical examination discloses no abnormalities. Which of the following medications is contraindicated in this patient?",Which of the following medications is contraindicated in this patient?,"
A. Amlodipine 
B. Doxazosin 
C. Hydrochlorothiazide 
D. Lisinopril 
E. Metoprolol
",C,C,True,"Given the patient's history and current health status, let's evaluate each medication option: A. Amlodipine - This is a calcium channel blocker used to treat high blood pressure and angina. It is generally safe for patients with depression as it does not interact significantly with SSRIs like fluoxetine. There are no specific contraindications listed for this patient, so it is not contraindicated. B. Doxazosin - This is an alpha-adrenergic antagonist used primarily for treating hypertension and benign prostatic hyperplasia. It can cause orthostatic hypotension, which could be problematic if the patient experiences dizziness upon standing. However, there are no specific contraindications that would make it inappropriate for this patient. C. Hydrochlorothiazide - This is a thiazide diuretic used to treat hypertension. Thiazides can increase serum uric acid levels, which may exacerbate gout. Given that the patient already has gout and is on allopurinol, hydrochlorothiazide could potentially worsen his condition by increasing uric acid levels, making it contraindicated in this case. D. Lisinopril - This is an ACE inhibitor used to treat hypertension and heart failure. It is generally safe for use in patients with depression and does not have any direct interactions with fluoxetine. Additionally, it is beneficial for patients with a family history of heart disease. There are no specific contraindications listed for this patient, so it is not contraindicated. E. Metoprolol - This is a beta-blocker used to treat hypertension and other cardiovascular conditions. Beta-blockers can sometimes worsen depression, but this effect is usually manageable with dose adjustment or switching to another class of antihypertensive drugs. There are no specific contraindications listed for this patient, so it is not contraindicated. Therefore, considering the patient's condition of gout and the potential for worsening of gout due to increased uric acid levels, hydrochlorothiazide is the most appropriate choice to be considered contraindicated.",0.0,0.0207,0.1149,0.0511,0.0193,0.0447,0.0447,0.4375,0.5702,0.6442
"A 23-year-old woman is brought to the emergency department by her friends 30 minutes after the sudden onset of nausea, facial flushing, and chest pressure while eating at a Thai restaurant. She does not have any known allergies to foods or medications. She had asthma during childhood but has not required treatment for 5 years. On arrival, she is diaphoretic and appears anxious. Temperature is 37.1°C (98.8°F), pulse is 92/min, respirations are 20/min, and blood pressure is 126/68 mm Hg. Pulse oximetry on room air shows an oxygen saturation of 99%. Examination of the neck shows erythema; no masses or nodules are palpated. Cardiopulmonary examination shows no abnormalities. Which of the following is the most likely diagnosis?",Which of the following is the most likely diagnosis?,"
A. Asthma exacerbation 
B. Carcinoid syndrome 
C. Panic attack 
D. Reaction to food additive 
E. Systemic mastocytosis 
F. Thyrotoxicosis
",D,D,True,"Given the patient's symptoms of nausea, facial flushing, chest pressure, diaphoresis, and anxiety, along with the context of eating at a Thai restaurant, a reaction to a food additive is the most likely diagnosis. Here’s why each option can be ruled out or considered: A. Asthma exacerbation - While the patient had asthma in childhood, she hasn't needed treatment for five years. The symptoms described do not align well with typical asthma exacerbation, which would more commonly present with wheezing, shortness of breath, and coughing rather than the predominant gastrointestinal and cutaneous symptoms seen here. B. Carcinoid syndrome - This condition typically presents with episodic flushing, diarrhea, and sometimes wheezing, but it usually occurs in patients with a history of carcinoid tumors. The acute onset of symptoms without a known history of such tumors makes this less likely. C. Panic attack - Although panic attacks can cause similar symptoms like sweating, palpitations, and chest pain, they are generally not associated with facial flushing or gastrointestinal symptoms triggered by a specific event (eating). Additionally, the patient's symptoms began shortly after eating, which points more towards a physical trigger rather than a psychological one. D. Reaction to food additive - This is the most plausible diagnosis given the context. Many food additives, including monosodium glutamate (MSG) commonly found in Asian cuisine, can cause a range of symptoms including flushing, headache, nausea, and chest discomfort. These reactions are often referred to as ""Chinese Restaurant Syndrome"" due to the association with MSG-containing dishes. E. Systemic mastocytosis - This condition involves the accumulation of mast cells in various tissues and can lead to anaphylaxis-like symptoms. However, systemic mastocytosis is rare and would typically present with a history of recurrent episodes of flushing, hypotension, or other signs of anaphylaxis. Without a known history of such episodes, this diagnosis is less likely. F. Thyrotoxicosis - Symptoms of thyrotoxicosis include tremor, heat intolerance, weight loss, and palpitations. The patient's presentation does not fit these criteria, and there is no indication of hyperthyroidism. Therefore, considering the acute onset of symptoms following ingestion of food, the most probable diagnosis is a reaction to a food additive, specifically MSG, which is common in Thai cuisine.",0.0047,0.0187,0.1125,0.0481,0.0215,0.0428,0.0428,0.4097,0.5583,0.6699
"A 45-year-old woman returns to the office to discuss results of a fine-needle aspiration biopsy of a 0.5-cm right breast mass obtained 1 week ago. She is unaccompanied. Medical history is unremarkable and she takes no medications. Her mother and maternal aunt were diagnosed with breast cancer at the ages of 45 and 52 years, respectively. Physical examination discloses no palpable axillary nodes. The biopsy specimen showed malignant cells. The patient is counseled that she has an excellent chance of cure with lumpectomy and radiation therapy. She adamantly refuses this treatment plan and states that she will try natural therapies, including megavitamins and herbal remedies instead. After exploring the reasons behind the patient's decision, which of the following is the most appropriate response?","After exploring the reasons behind the patient's decision, which of the following is the most appropriate response?","
A. Advise the patient that there is no proof that these alternative therapies work and that she is essentially throwing her life away 
B. Agree to the alternative therapies and schedule a follow-up visit in 6 months 
C. Askdcsxe office in 2 weeks to discuss treatment options again 
D. Inform the patient that she will be referred to another physician based on her treatment decision
",C,C,True,"Option A is inappropriate because it dismisses the patient's beliefs and feelings without providing a supportive approach. While it is true that there is limited scientific evidence supporting the efficacy of alternative therapies for treating breast cancer, advising the patient that she is ""throwing her life away"" can be perceived as judgmental and may lead to a breakdown in the doctor-patient relationship. Option B is not advisable because agreeing to the patient's decision without further discussion could be harmful to her health. It is important to ensure that the patient understands the risks associated with delaying conventional treatment, especially given her family history of breast cancer. Option C is the most appropriate response. By asking the patient to return in two weeks, the healthcare provider allows time for the patient to consider the information provided and potentially reconsider her decision. This approach respects the patient's autonomy while also ensuring that she receives adequate information about the potential consequences of her choice. It also provides an opportunity for the healthcare provider to continue educating the patient about the benefits of conventional treatment and to address any concerns or misinformation she might have. Option D is not recommended because referring the patient to another physician based solely on her initial decision does not support her in making an informed choice. It may also make the patient feel unsupported and could result in her seeking care from someone who may not provide the necessary medical expertise. Therefore, the most appropriate action is to encourage the patient to revisit the decision after some reflection and further discussion, as outlined in Option C.",0.0071,0.042,0.2006,0.0897,0.0486,0.0759,0.0759,0.5214,0.6361,0.691
"A 47-year-old woman comes to the office because of a 2-month history of progressive weakness and numbness of her right leg. She has a 3-year history of type 2 diabetes mellitus treated with metformin. She has worked as a stock person in a storeroom for 12 years; she often moves and lifts heavy objects and sometimes crawls into tight spaces. On neurologic examination, muscle strength is 5−/5 in the hip extensor, thigh abductor, hamstring, and gastrocnemius muscles on the right and intact on the left. Muscle strength is intact in the iliopsoas, thigh adductor, quadriceps, and tibial anterior muscles bilaterally. Deep tendon reflexes are 1+ in the right ankle and 2+ in the left ankle. Sensation to light touch is mildly decreased over the lateral and inferior aspects of the right foot. Sensation otherwise is intact. Which of the following is the most likely diagnosis?",Which of the following is the most likely diagnosis?,"
A. Common peroneal neuropathy 
B. Femoral neuropathy 
C. L2 radiculopathy 
D. L4 radiculopathy 
E. Obturator neuropathy 
F. S1 radiculopathy
",F,A,False,"The patient's symptoms and physical findings are consistent with common peroneal neuropathy. This condition typically affects the common peroneal nerve, which branches from the sciatic nerve and supplies sensation and motor function to the lower leg and foot. The common peroneal nerve wraps around the fibular head (the outer part of the knee) and can be compressed there due to prolonged pressure or trauma, leading to symptoms such as those described in this case. - Common Peroneal Neuropathy (Option A): This is the most likely diagnosis given the patient's symptoms of weakness and numbness in the right leg, particularly affecting the lateral and inferior aspects of the foot where the common peroneal nerve provides sensory innervation. The mild decrease in sensation over the lateral and inferior aspects of the right foot and the preserved strength in other muscles suggest involvement of the common peroneal nerve rather than a more generalized spinal cord or root issue. - Femoral Neuropathy (Option B): This would present with weakness in the quadriceps muscle group, which is responsible for extending the leg at the knee. Since the patient’s quadriceps strength is intact, femoral neuropathy is less likely. - L2 Radiculopathy (Option C): This would primarily affect the iliopsoas muscle, causing hip flexion weakness, which is not observed in this patient. - L4 Radiculopathy (Option D): This would cause weakness in the quadriceps muscle, which is also not seen in this patient. - Obturator Neuropathy (Option E): This would result in weakness of the adductor muscles of the thigh, but the patient's adductor strength is intact. - S1 Radiculopathy (Option F): While S1 radiculopathy can cause foot drop and sensory changes in the foot, it usually involves the anterior compartment of the leg (which is not affected here), and the pattern of sensory loss is more specific to dermatomes served by the S1 nerve, which does not match the patient's presentation. Given the patient's occupation involving repetitive strain and potential compression of the common peroneal nerve, along with the specific pattern of symptoms, common peroneal neuropathy is the most probable diagnosis.",0.0051,0.0178,0.1405,0.0452,0.0284,0.0452,0.0452,0.3959,0.5375,0.5989
