background,question,option,ground_truth,prediction,acc,explanation,bleu4,bleu1,meteor,rouge1,rouge2,rougeL,rougeLsum,bertscore_f1,bertscore_f1_avg_sent,bertscore_f1_max_sent
"An 18-month-old boy, with complete immunization schedule to date, who consults the Emergency Department for right knee swelling after playing in the park, without obvious trauma. In the directed anamnesis, the mother refers that an uncle of hers had similar problems. The ultrasound examination is compatible with hemarthrosis and in the analytical analysis only an APTT lengthening of 52'' (normal 25-35'') stands out. What is the most probable diagnostic hypothesis?",What is the most probable diagnostic hypothesis?,"
A. Marfan syndrome 
B. Von-Willebrand's disease 
C. Ehlers-Danlos disease 
D. Hemophilia A 
E. Bernard-Soulier disease
",D,D,True,"Hemophilia A is the most likely diagnosis given the clinical presentation and laboratory findings. Here’s a detailed breakdown of why this is the case and why the other options are less likely: - Hemophilia A: This is an X-linked recessive disorder characterized by a deficiency in clotting factor VIII. It commonly presents with spontaneous bleeding into joints (hemarthrosis) and soft tissues, often without a history of significant trauma. The prolonged APTT (activated partial thromboplastin time) seen in the patient's blood test is indicative of a coagulation factor deficiency, which is consistent with Hemophilia A. Additionally, the family history provided by the mother, mentioning that an uncle had similar problems, supports the genetic nature of the condition. - Marfan Syndrome: This is a connective tissue disorder characterized by abnormalities in the cardiovascular system, skeleton, eyes, and skin. While it can cause joint hypermobility, it does not typically present with hemarthrosis or prolonged APTT. Therefore, it is not relevant to the current clinical scenario. - Von Willebrand Disease: This is another inherited bleeding disorder but is caused by a deficiency or defect in von Willebrand factor, which affects platelet adhesion and factor VIII stability. It usually results in mucocutaneous bleeding rather than hemarthrosis. Although it can also cause a prolonged APTT, it is less likely in this context due to the specific presentation of hemarthrosis and the strong family history pointing towards a factor VIII deficiency. - Ehlers-Danlos Syndrome: This is a group of hereditary connective tissue disorders characterized by joint hypermobility, skin extensibility, and tissue fragility. While it can lead to joint issues, it does not typically cause hemarthrosis or prolonged APTT. The absence of characteristic features such as skin hyperextensibility or atrophic scarring makes this diagnosis unlikely. - Bernard-Soulier Syndrome: This is a rare autosomal recessive disorder characterized by a defect in platelet glycoprotein Ib, leading to giant platelets and a bleeding tendency. It does not typically cause hemarthrosis or prolonged APTT. The clinical presentation and laboratory findings do not align with this condition. In conclusion, the combination of hemarthrosis, a positive family history, and a prolonged APTT strongly suggests Hemophilia A as the most probable diagnosis.",0.0,0.0099,0.0785,0.022,0.0166,0.022,0.022,0.3811,0.5665,0.6615
"We are consulted by an 84-year-old woman for insomnia of conciliation. After failing sleep hygiene measures, it is decided to initiate pharmacological treatment. Which of the following drugs would you select for the patient?",Which of the following drugs would you select for the patient?,"
A. Diacepam 
B. Lormetacepam 
C. Phenobarbital 
D. Chlordiazepoxide 
E. Chloracepate
",B,D,False,"When considering pharmacological treatment for an elderly patient suffering from insomnia, it's crucial to choose a medication that balances efficacy with safety, particularly in terms of side effects and potential interactions with other medications commonly used in geriatric patients. Here’s a breakdown of each option: A. Diacepam (likely meant Diazepam) - While diazepam can be effective for short-term use in treating insomnia, it has a high risk of causing sedation, cognitive impairment, and falls in elderly patients. It also has a long half-life which can lead to residual effects the next day. B. Lormetazepam - This is a shorter-acting benzodiazepine that might be less problematic than longer-acting ones like diazepam. However, it still carries risks of dependency and adverse effects such as dizziness and confusion, especially in older adults. C. Phenobarbital - This barbiturate is not typically recommended for insomnia due to its high risk of respiratory depression, dependence, and severe withdrawal symptoms. It is generally avoided in elderly patients because of these risks and its potential to exacerbate cognitive decline. D. Chlordiazepoxide - This is a long-acting benzodiazepine that can be used for short-term management of insomnia in elderly patients. It is often preferred over other benzodiazepines because it has a lower risk of causing daytime sedation and cognitive impairment compared to some other options. However, it should still be used cautiously and for the shortest duration possible due to the risk of tolerance and dependence. E. Chloracepate - This is not a recognized drug name. It may be a misspelling or a confusion with another medication. Therefore, this option is invalid. Given these considerations, chlordiazepoxide (Option D) is the most appropriate choice among the given options, although it should be prescribed with caution and under close monitoring due to the inherent risks associated with benzodiazepine use in the elderly.",0.0,0.0148,0.0901,0.0381,0.0064,0.0254,0.0254,0.4319,0.5503,0.6003
"A 65-year-old woman consults for weakness in the right hand that has spread in a few months to other muscle territories of both arms and legs, with distal predominance. On examination there is atrophy and fasciculations in different metameric territories with preserved sensitivity. There is a bilateral Babinski's sign, what is the diagnostic test that would confirm the suspected diagnosis?","There is a bilateral Babinski's sign, what is the diagnostic test that would confirm the suspected diagnosis?","
A. Cerebral CT 
B. Electromyographic study 
C. Cerebral MRI 
D. Multimodal evoked potentials
",B,B,True,"The patient's symptoms suggest a motor neuron disease, such as amyotrophic lateral sclerosis (ALS), given the progressive weakness, atrophy, and fasciculations in multiple muscle groups, along with the presence of an upper motor neuron sign (bilateral Babinski's sign). An electromyographic (EMG) study is the most appropriate diagnostic test in this scenario because it can detect abnormalities in the electrical activity of muscles and nerves, which are characteristic of motor neuron diseases. EMG can reveal signs of denervation, such as fibrillation potentials and positive sharp waves, which are indicative of muscle fiber loss due to nerve damage. Option A (Cerebral CT): A cerebral CT scan is not specific for diagnosing motor neuron diseases. It is more useful for detecting structural brain lesions, tumors, or hemorrhages, which do not align with the clinical presentation described here. Option C (Cerebral MRI): While MRI can provide more detailed images of the brain and spinal cord than a CT scan, it is not the first-line test for motor neuron diseases. MRI may show changes in the spinal cord or brainstem in advanced cases of ALS but does not directly assess the function of motor neurons. Option D (Multimodal evoked potentials): Evoked potential studies measure the electrical response of sensory pathways to stimuli. They are used to evaluate the integrity of the central nervous system's conduction pathways but do not specifically target motor neurons or their innervation of muscles, making them less suitable for confirming a diagnosis of motor neuron disease compared to an EMG. Therefore, the best diagnostic test to confirm the suspected diagnosis of a motor neuron disease in this case is an electromyographic study.",0.0033,0.0452,0.2592,0.0956,0.055,0.0887,0.0887,0.5014,0.5861,0.7064
"25-year-old patient, who suffers a motorcycle accident on a Friday night. He is taken to the emergency room and diagnosed with abdominal trauma (negative echo-fast), mild head trauma (Glasgow = 14) and a displaced intracapsular fracture of the right hip. Hemodynamically she is stable, what would be the treatment of choice?","Hemodynamically she is stable, what would be the treatment of choice?","
A. Reduction, open if necessary, and osteosynthesis of the fracture in the first 24-36 hours 
B. Total hip resurfacing arthroplasty on Monday on a scheduled basis 
C. Wait for improvement of the cranial trauma and schedule the following week a scheduled surgery consisting of reduction and osteosynthesis of the fracture 
D. Given the risk of non-union of these types of fracture, I would perform an emergency bipolar hip hemiarthroplasty
",A,A,True,"Option A is the most appropriate course of action given the patient's condition. The patient has suffered multiple traumas but remains hemodynamically stable. The displaced intracapsular fracture of the right hip requires prompt attention as it can lead to avascular necrosis (AVN) of the femoral head if not treated appropriately. The timing of the intervention within the first 24-36 hours is crucial to reduce the risk of AVN and other complications such as infection. Open reduction may be necessary depending on the complexity of the displacement, and osteosynthesis will help stabilize the fracture and promote healing. Option B is incorrect because total hip resurfacing arthroplasty is typically reserved for elective procedures in patients without significant comorbidities and is not indicated for acute traumatic fractures. This procedure involves more extensive surgical intervention than necessary for a displaced intracapsular fracture and carries higher risks in an unstable patient. Option C is also incorrect because waiting for the cranial trauma to improve before scheduling surgery could delay essential treatment for the hip fracture, increasing the risk of complications such as AVN. Since the patient's Glasgow Coma Scale score indicates only mild head trauma (GCS = 14), this should not significantly impede immediate surgical intervention for the hip. Option D is incorrect because performing an emergency bipolar hip hemiarthroplasty is generally reserved for older patients with poor bone quality or those with severe comminuted fractures where internal fixation is not feasible. In a young patient with good bone quality and a displaced intracapsular fracture, reduction and osteosynthesis are preferred over arthroplasty to preserve joint function and avoid the need for further surgeries later in life.",0.0,0.024,0.0978,0.0493,0.0,0.0423,0.0423,0.4654,0.5729,0.6787
"A 61-year-old woman, administrative, with a history of overweight, hypertension, dyslipidemia and metabolic syndrome, who consults for pain in both buttocks, left trochanteric region, lateral aspect of the left thigh up to the knee and left leg up to the middle third. The pain appears when the lower limb is lifted with the knee extended, but is relieved when the knee is flexed. What is the first clinical suspicion?",What is the first clinical suspicion?,"
A. Gouty arthritis of left hip 
B. Left coxofemoral arthrosis 
C. Radiated low back pain / lumbosciatica 
D. Claudication due to canal stenosis
",C,C,True,"The patient's symptoms suggest a radiculopathy, which is typically caused by compression or irritation of a spinal nerve root. The pain pattern described—starting from the buttock and radiating down the leg, specifically alleviated when the knee is flexed (FABER test or straight leg raise test)—is characteristic of sciatic nerve involvement, often referred to as lumbosciatica. This condition usually originates from the lumbar spine, where a herniated disc or spinal stenosis can compress the sciatic nerve roots. Option A (Gouty arthritis of left hip) is less likely because gout typically presents with acute, severe pain, redness, and swelling, especially in the big toe but also potentially in other joints like the hip. The distribution of pain in this case does not fit the typical presentation of gout. Option B (Left coxofemoral arthrosis) involves degeneration of the hip joint, leading to pain that is usually localized around the hip and groin area rather than radiating down the leg. While it can cause pain in the buttock, the specific pattern of pain relief with knee flexion is more indicative of nerve root irritation rather than joint disease. Option D (Claudication due to canal stenosis) refers to pain that occurs during walking and is relieved by rest, typically associated with peripheral artery disease. The patient’s pain pattern does not match the classic description of claudication, which is activity-related and relieved by rest. Therefore, considering the patient's age, medical history, and the specific pattern of pain described, the most likely diagnosis is radiated low back pain or lumbosciatica.",0.0,0.0069,0.0423,0.0151,0.0,0.0151,0.0151,0.3908,0.5452,0.6036
"A 32-year-old diabetic patient on insulin therapy with good control of his blood glucose levels comes to your office with tingling in both hands, with a sensation of corking and thermal insensitivity of progressive onset over the course of 2 weeks. She does not report visual disturbances, strength deficit, motor clumsiness or other symptoms. On examination she found anesthesia to pain and temperature in both hands and distal forearms; positional and vibratory sensitivity were preserved. There is no muscle atrophy or strength deficit. Muscle reflexes are normal and symmetrical. There is no dysmetria, dysdiadochokinesia or intention tremor. The rest of the neurological examination is strictly normal. Indicate the most likely diagnosis in this case:",Indicate the most likely diagnosis in this case:,"
A. Peripheral sensitvo symmetric distal peripheral neuropathy of diabetic cause 
B. Compressive cervical spinal cord injury 
C. Bilateral carpal tunnel syndrome 
D. Multiple sclerosis type demyelinating disease 
E. Central cervical spinal cord injury
",E,A,False,"- Option A (Peripheral sensitvo symmetric distal peripheral neuropathy of diabetic cause): This is the most likely diagnosis given the patient's history of diabetes and the presentation of symptoms. Diabetic peripheral neuropathy typically presents with sensory changes that start distally and progress proximally. The patient's symptoms of tingling, corking sensation, and thermal insensitivity in both hands and distal forearms are characteristic of this condition. Additionally, the preservation of vibratory and positional senses, as well as the absence of muscle atrophy and strength deficits, aligns with the clinical picture of a predominantly sensory neuropathy. - Option B (Compressive cervical spinal cord injury): This would be less likely because the patient has no signs of upper motor neuron involvement such as hyperreflexia, spasticity, or Babinski sign. Also, the symptoms are symmetric and confined to the hands and forearms without any evidence of radicular pain or weakness in the arms or legs, which would be more typical in a compressive cervical lesion. - Option C (Bilateral carpal tunnel syndrome): While carpal tunnel syndrome can present with numbness and tingling in the hands, it usually affects the median nerve distribution specifically (thumb, index, middle, and half of the ring finger). The patient’s symptoms are more generalized and involve both pain and temperature sensations, which are not specific to the median nerve territory. Furthermore, carpal tunnel syndrome typically causes nocturnal symptoms and can lead to weakness of the thenar muscles, neither of which is reported here. - Option D (Multiple sclerosis type demyelinating disease): Multiple sclerosis (MS) can present with various neurological symptoms, but the patient's symptoms do not fit the typical pattern of MS. MS often involves optic neuritis, brainstem or cerebellar signs, and can show asymmetry or multifocal neurological deficits. The patient's symptoms are symmetric and confined to sensory changes without any motor deficits or signs of central nervous system involvement. - Option E (Central cervical spinal cord injury): Similar to option B, a central cervical spinal cord injury would present with more significant neurological deficits including upper motor neuron signs, which are not seen in this patient. The patient's symptoms are purely sensory and do not suggest a central lesion. Therefore, based on the clinical presentation and the patient's medical history, the most likely diagnosis is diabetic peripheral neuropathy.",0.0023,0.0161,0.1437,0.031,0.0208,0.031,0.031,0.3692,0.5477,0.6747
"A 37-year-old man presents with arthritis of the metacarpophalangeal joints of both hands and right pleuritis. Bilateral malar erythema is seen on examination. Positive antinuclear antibodies were detected (titer 1/640), with anti native DNA antibodies also positive; anti-Sm negative What would be the initial treatment of choice for this patient?","Positive antinuclear antibodies were detected (titer 1/640), with anti native DNA antibodies also positive; anti-Sm negative What would be the initial treatment of choice for this patient?","
A. Glucocorticoids at high doses 
B. Glucocorticoids and mycophenolate 
C. Nonsteroidal anti-inflammatory drugs and antimalarials 
D. The picture will probably be self-limited and does not require treatment
",A,C,False,"Given the clinical presentation of the patient, which includes arthritis of the metacarpophalangeal joints, bilateral malar erythema, and right pleuritis, along with positive antinuclear antibodies (ANA) and anti-native DNA antibodies, the diagnosis leans towards systemic lupus erythematosus (SLE). However, the absence of anti-Smith (anti-Sm) antibodies does not rule out SLE but may suggest a less typical presentation. Option A (Glucocorticoids at high doses): High-dose glucocorticoids are typically reserved for severe cases of SLE, such as those involving significant organ involvement like nephritis or central nervous system lupus. Given that the patient's symptoms do not indicate life-threatening organ involvement, high-dose glucocorticoids would be an over-treatment and could lead to significant side effects. Option B (Glucocorticoids and mycophenolate): This combination is usually considered in more severe cases of SLE where there is significant organ damage or when the disease is refractory to other treatments. Since the patient's condition does not appear to be life-threatening or severely debilitating, this aggressive approach is unnecessary. Option C (Nonsteroidal anti-inflammatory drugs and antimalarials): This is the most appropriate initial treatment for mild to moderate SLE manifestations. Nonsteroidal anti-inflammatory drugs (NSAIDs) can help manage joint pain and inflammation, while antimalarials (such as hydroxychloroquine) are effective in controlling skin rashes, joint pain, and fatigue associated with SLE. They are generally well-tolerated and have fewer side effects compared to glucocorticoids. Option D (The picture will probably be self-limited and does not require treatment): Systemic lupus erythematosus is a chronic autoimmune condition that requires ongoing management. While some patients may experience periods of remission, the condition itself is not self-limiting and requires treatment to prevent flare-ups and potential organ damage. Therefore, the best initial treatment for this patient would be nonsteroidal anti-inflammatory drugs and antimalarials, making Option C the correct answer.",0.0,0.0559,0.2274,0.1128,0.0597,0.1068,0.1068,0.5028,0.5334,0.5948
"A 75-year-old woman consults for violaceous lesions on the hands and neck together with progressive muscle weakness of 3 months of evolution. What diagnostic tests, among those indicated, can be useful for the diagnosis?","What diagnostic tests, among those indicated, can be useful for the diagnosis?","
A. Determination of serum aldolase 
B. Electroencephalogram 
C. Biopsy of subcutaneous cellular tissue 
D. Determination of anti-smooth muscle antibodies 
E. Genetic study of their descendants
",A,A,True,"A. Determination of serum aldolase - This is the correct answer. Aldolase is an enzyme found in many tissues, but it is particularly abundant in muscle tissue. Elevated levels of serum aldolase are often associated with muscle damage or disease, such as myopathies or muscular dystrophies. Given the patient's symptoms of violaceous lesions and progressive muscle weakness, testing for serum aldolase could help diagnose a condition affecting her muscles. B. Electroencephalogram (EEG) - This test records electrical activity in the brain and is used to diagnose conditions that affect brain function, such as epilepsy or other neurological disorders. It would not be relevant for diagnosing muscle-related issues or skin lesions. C. Biopsy of subcutaneous cellular tissue - While a biopsy might be useful to determine the nature of the violaceous lesions, it does not directly address the issue of muscle weakness. The lesions could be due to various causes, including dermatological conditions, which may or may not be related to the muscle weakness. D. Determination of anti-smooth muscle antibodies - These antibodies are typically associated with autoimmune liver diseases, such as autoimmune hepatitis. They do not relate to muscle weakness or skin lesions unless there is a specific context suggesting a systemic autoimmune disorder affecting multiple organs, which is not indicated here. E. Genetic study of their descendants - This option is not relevant to the immediate diagnosis of the patient's current symptoms. Genetic studies might be considered if there is a suspicion of a hereditary condition, but this is not indicated based on the information provided. Given the patient's symptoms, the most appropriate initial test would be the determination of serum aldolase, as it can provide insight into whether the muscle weakness is due to muscle damage or disease.",0.0,0.028,0.1096,0.0464,0.0067,0.0265,0.0265,0.4526,0.5396,0.5933
"A 67-year-old man, ex-smoker, with a diagnosis of severe COPD (multidimensional index BODE 5, FEVl 38%, body mass index 23, dyspnea index according to the mMRC 3 scale, distance covered in the 6-minute walk test 260 m) who has had 3 hospital admissions for exacerbation of his COPD in the last 7 months, comes to the consultation. She also has a history of hypertension, ischemic heart disease with AMI 5 years ago and intermittent claudication. In the clinical examination, there is a decrease in vesicular murmur with expiratory wheezing in both lung fields and an oximetry saturation of 88%. Which of the following therapeutic strategies would NOT be recommended for this patient?",Which of the following therapeutic strategies would NOT be recommended for this patient?,"
A. Adjustment of inhaled therapy with long-acting bronchodilators combining anticholinergics and beta-2 adrenergics with inhaled glucocorticoids 
B. Start oral glucocorticoids for 6 months to control exacerbations 
C. Check that the patient performs the inhalation technique correctly 
D. Initiate chronic home oxygen therapy regimen
",B,B,True,"A. Adjustment of inhaled therapy with long-acting bronchodilators combining anticholinergics and beta-2 adrenerics with inhaled glucocorticoids - This is a common and recommended strategy for patients with severe COPD, especially those with frequent exacerbations. The combination of these medications can help reduce symptoms and prevent future exacerbations. B. Start oral glucocorticoids for 6 months to control exacerbations - Long-term use of oral glucocorticoids is not recommended due to significant side effects such as osteoporosis, diabetes, and immunosuppression. Oral glucocorticoids are typically used for short periods during acute exacerbations but not as a maintenance treatment. C. Check that the patient performs the inhalation technique correctly - Ensuring proper inhalation technique is crucial for effective delivery of inhaled medications and maximizing their benefits. Incorrect technique can lead to poor symptom control and increased risk of exacerbations. D. Initiate chronic home oxygen therapy regimen - Chronic home oxygen therapy is indicated for patients with COPD who have resting hypoxemia (as evidenced by the patient's oxygen saturation of 88%), which can improve quality of life and survival rates. Given the patient's low oxygen saturation, this is a reasonable recommendation. Therefore, the option that would NOT be recommended for this patient is B, as it involves the inappropriate long-term use of oral glucocorticoids.",0.0175,0.039,0.3151,0.0897,0.0543,0.0897,0.0897,0.4881,0.5203,0.6829
"An 87-year-old woman with a history of hypertension was admitted 48 hours ago to the coronary unit for acute myocardial infarction with ST-segment elevation of anterior location. She reported dyspnea. Examination revealed a systolic murmur with fremitus, radiating to the right sternal border, which was not present on admission. What complication do you suspect?",What complication do you suspect?,"
A. Heart failure due to extensive necrosis 
B. Anterior aneurysm 
C. Left ventricular free wall rupture 
D. Rupture in the interventricular septum
",D,D,True,"Given the patient's presentation with a new systolic murmur radiating to the right sternal border, this suggests a complication that involves a change in cardiac structure or function since her admission. The most likely explanation for this finding is a rupture in the interventricular septum (IVS). - Option A: Heart failure due to extensive necrosis - While heart failure can occur after an acute myocardial infarction (AMI), it typically presents with signs such as pulmonary congestion, peripheral edema, and jugular venous distension rather than a new systolic murmur. - Option B: Anterior aneurysm - An aneurysm would be more likely to cause a localized bulge in the heart wall and might present with a palpable thrill or a displaced apical impulse, but it does not typically cause a murmur that radiates to the right sternal border. - Option C: Left ventricular free wall rupture - This is a catastrophic event that often leads to sudden death or immediate cardiogenic shock due to pericardial tamponade. It usually presents with hypotension, muffled heart sounds, and signs of cardiac arrest rather than a new murmur. - Option D: Rupture in the interventricular septum - This condition can result from an infarct affecting the septal wall, leading to a tear that allows blood to flow between the left and right ventricles. This creates a high-velocity jet across the defect, resulting in a characteristic murmur that can be heard at the right sternal border. The presence of a new systolic murmur in this context strongly suggests this diagnosis. Therefore, the new systolic murmur with fremitus radiating to the right sternal border is most consistent with a rupture in the interventricular septum, making option D the best answer.",0.0,0.0032,0.0273,0.0071,0.0,0.0071,0.0071,0.3367,0.4728,0.5314
"A 66-year-old patient diagnosed with stage IV pancreatic adenocarcinoma 8 months ago. He follows treatment with delayed release morphine 200 mg/12 hours orally, kerosene and lactulose. For the last 15 days he has reported paresthesias and occasional lancinating pain in the right lumbar and periumbilical area that does not subside with rescue morphine. The neurological examination is normal. Indicate the most appropriate management:",Indicate the most appropriate management:,"
A. Perform computed axial tomography and evaluate nerve compression since it is neuropathic pain 
B. Evaluate neurolytic treatment since neuropathic pain is difficult to control 
C. Decrease the dose of morphine as it is ineffective in this type of pain 
D. Administer amitriptyline or gabapentin, dexamethasone and increase the dose of morphine
",D,D,True,"Option A: Performing a computed axial tomography (CT) scan to evaluate for nerve compression is not the most appropriate initial step. While neuropathic pain can be caused by nerve compression, the patient's symptoms have been present for 15 days and have not responded to increased doses of morphine. Additionally, the neurological examination is normal, which suggests that there may not be significant structural damage or compression causing the pain. Therefore, while imaging could be considered later if other treatments fail, it is not the first-line approach in this scenario. Option B: Evaluating neurolytic treatment, such as nerve blocks or radiofrequency ablation, is an advanced intervention typically reserved for severe cases where other treatments have failed. Given that the patient's pain has only recently developed and has not yet been managed with other less invasive methods, it would be premature to consider neurolytic treatment at this stage. Option C: Decreasing the dose of morphine is not advisable because the patient is experiencing new-onset pain that is not being controlled by the current regimen. Morphine is effective for nociceptive pain but may not adequately manage neuropathic pain. Abruptly reducing the dose could lead to increased pain and discomfort without addressing the underlying cause of the new symptoms. Option D: Administering amitriptyline or gabapentin, along with increasing the dose of morphine, is the most appropriate initial management strategy. Amitriptyline and gabapentin are commonly used medications for managing neuropathic pain. They work by modulating neurotransmitters and reducing neuronal excitability, which can help alleviate the paresthesias and lancinating pain the patient is experiencing. Increasing the dose of morphine can also be considered to address any breakthrough pain, although care should be taken to avoid excessive dosing due to potential side effects. Adding dexamethasone might also be beneficial if there is suspicion of inflammation contributing to the pain, though this is not explicitly mentioned in the options provided. Therefore, the best course of action is to start with a combination of medications targeting both the neuropathic component of the pain and the overall pain management, which aligns with Option D.",0.0,0.0132,0.0853,0.0227,0.0114,0.0227,0.0227,0.3828,0.5225,0.58
"Juan is 60 years old, has been smoking 2 packs/day for years and has reported a persistent cough for the last 6 months. He notes that his left eyelid is more droopy and that the pupil of this eye is smaller. John reports that the medial side of his left hand is numb and with less strength. His physician checks for palpebral ptosis and left miosis; he checks that he can close both eyelids symmetrically and that both pupils respond correctly to light. In addition, he checks that there is no sweating from the left hemiface, that he feels less prickling on the inner surface of the left hand and that he has less strength in the grip of the left hand. Regarding the ocular symptomatology, where is the lesion located?","Regarding the ocular symptomatology, where is the lesion located?","
A. Sympathetic fibers, at some level that would span from the hypothalamus to the interinedio-lateral Clark's column of the dorsal medulla 
B. Left common ocular motor nerve in the midbrain 
C. Edinger-Westphal nucleus above the left common ocular motor nerve nucleus 
D. Parasympathetic fibers, at some level ranging from the Edinger-Westphal nucleus to the constrictor muscle of the left pupil 
E. Tarsal muscle exclusively
",A,A,True,"The symptoms described in Juan's case suggest Horner's syndrome, which is characterized by three classic signs: ptosis (drooping of the upper eyelid), miosis (constriction of the pupil), and anhidrosis (absence of sweating) on the affected side. These symptoms are due to damage to the sympathetic nervous system pathway that innervates the eye. Option A is correct because Horner's syndrome results from damage to the sympathetic fibers anywhere along their path from the hypothalamus to the cervical sympathetic chain (which includes the intermedio-lateral cell column of the spinal cord). The pathway involves three segments: pre-ganglionic fibers originating from the hypothalamus and descending through the brainstem and spinal cord, preganglionic fibers synapsing in the superior cervical ganglion, and post-ganglionic fibers traveling to the eye. Damage to any part of this pathway can result in Horner's syndrome. Option B is incorrect because the left common ocular motor nerve (cranial nerve III) is responsible for controlling the movement of the eye and the levator palpebrae superioris muscle, which elevates the eyelid. While damage to cranial nerve III can cause ptosis and ophthalmoplegia (paralysis of the eye muscles), it does not typically cause miosis or anhidrosis. Option C is incorrect because the Edinger-Westphal nucleus is involved in parasympathetic innervation of the eye, which controls pupillary constriction via the oculomotor nerve (cranial nerve III). Lesions here would cause mydriasis (dilated pupil) rather than miosis. Option D is incorrect for similar reasons as Option C. It describes a parasympathetic pathway, which would not cause miosis in the context of Horner's syndrome but rather mydriasis if damaged. Option E is incorrect because the tarsal muscle is not directly related to the sympathetic innervation of the eye and does not explain the combination of ptosis, miosis, and anhidrosis seen in Horner's syndrome. Therefore, the lesion causing Juan's symptoms is most likely located in the sympathetic fibers spanning from the hypothalamus to the intermedio-lateral Clark's column of the dorsal medulla, making option A the correct answer.",0.0,0.0189,0.084,0.0345,0.0058,0.0345,0.0345,0.4231,0.5676,0.6595
"A 24-year-old woman, primigestation, suffers a spontaneous abortion at 7 weeks gestation. The anatomopathological study of the abortive remains indicates molar disease. We should inform you that:",We should inform you that:,"
A. The risk of a new molar gestation in a future pregnancy is 50% 
B. She should not become pregnant until periodic check-ups and after one year with negative BHCG levels 
C. Subsequent controls are not necessary if the evacuation of the trophoblastic tissue was complete 
D. Periodic check-ups are necessary since 40% of cases will develop gestational trophoblastic neoplasia
",B,D,False,"Option A is incorrect because the risk of a new molar gestation in a future pregnancy is not 50%. The risk of recurrence for a subsequent pregnancy following a partial mole is approximately 1-2%, while for a complete mole, it is around 1-10%. Option B is partially correct but not the best answer. It is true that women who have had a molar pregnancy should avoid becoming pregnant again until they have completed a period of follow-up care and their beta-human chorionic gonadotropin (BHCG) levels have normalized. However, the specific recommendation of waiting one year is not universally accepted; some guidelines suggest shorter periods of follow-up if BHCG levels remain consistently negative. Option C is incorrect because even if the evacuation of the trophoblastic tissue appears to be complete, subsequent controls are still necessary. This is due to the potential for persistent or residual trophoblastic tissue which can lead to gestational trophoblastic neoplasia (GTN). Option D is the best answer because it correctly emphasizes the necessity of periodic check-ups. Approximately 40% of cases of hydatidiform mole may progress to GTN, which includes conditions such as invasive mole, choriocarcinoma, and placental site trophoblastic tumor. Regular monitoring of BHCG levels is crucial for early detection and management of these potentially serious complications.",0.0,0.0083,0.0345,0.0181,0.0,0.009,0.009,0.2946,0.365,0.4102
A 10-year-old girl comes for a health check-up. Physical examination is normal with weight and height in the 50th percentile and BP 109/65. A routine urinalysis shows a specific gravity of 1035 pH6 blood 2+ with no protein. Urine sediment shows 5-10 red blood cells per field. What would be the most appropriate course of action?,What would be the most appropriate course of action?,"
A. Determination of creatinine and nitrogen in blood 
B. Refer the child for cystoscopy 
C. Determine antinuclear antibodies and complement 
D. Repeat urine sediment in 15 days 
E. Abdominal computed axial tomography
",D,D,True,"Given the scenario where a 10-year-old girl presents with a normal physical examination but has hematuria (red blood cells in the urine) as evidenced by the presence of 5-10 red blood cells per field in the urine sediment, the most appropriate next step is to repeat the urine sediment in 15 days (Option D). This approach is based on the understanding that transient hematuria can occur due to various benign causes such as vigorous exercise, dehydration, or even a recent illness. Here's why the other options are not the best choices: A. Determination of creatinine and nitrogen in blood - While these tests can help assess kidney function, they do not directly address the issue of hematuria. They might be useful if there were signs of renal dysfunction, but given the normal physical exam and absence of proteinuria, this is not the first step. B. Refer the child for cystoscopy - Cystoscopy is an invasive procedure that involves visualizing the bladder and urethra. It is typically reserved for cases where there is persistent or severe hematuria, or when there are other concerning findings like significant proteinuria or evidence of structural abnormalities on imaging studies. Given the initial presentation, this is too aggressive a step at this point. C. Determine antinuclear antibodies and complement - These tests are more relevant in the context of autoimmune diseases that can affect the kidneys, such as lupus nephritis. However, without any clinical suspicion of an autoimmune disorder, these tests are not indicated initially. E. Abdominal computed axial tomography - An abdominal CT scan is a significant radiological investigation that exposes the patient to radiation. It is generally not the first-line investigation for hematuria unless there are other symptoms or signs suggesting a need for imaging, such as pain, mass, or recurrent infections. Therefore, repeating the urine sediment in 15 days allows for monitoring of the hematuria over time and helps determine whether it is a transient finding or something that requires further investigation.",0.0,0.0136,0.0819,0.0295,0.0119,0.0236,0.0236,0.4335,0.5303,0.6212
"A 13-year-old female, with no relevant history, with menarche 3 months ago, followed since the age of 10 years by idiopathic scoliosis that has worsened. In the physical examination she presents a hump of 7 degrees in the Adams test and in the scoliogram a thoracolumbar curve T4-L1 of 35 degrees of Cobb and a Risser 0. The correct attitude to take will be:",The correct attitude to take will be:,"
A. Recommend swimming and revision in three months 
B. Prescribe a corset-type orthosis 
C. Refer to physiotherapy for spine elastification 
D. Review in 6 months with a new X-ray
",B,B,True,"Given the patient's age (13 years old), recent menarche (which indicates the onset of puberty), worsening idiopathic scoliosis, and the specific measurements provided (a thoracolumbar curve of 35 degrees of Cobb and a Risser sign of 0), the most appropriate course of action is to prescribe a corset-type orthosis (Option B). Here’s why the other options are not as suitable: - Option A (Recommend swimming and revision in three months): While swimming can be beneficial for overall health and may help maintain flexibility, it does not address the structural issue of the progressing curvature. Given the severity of the curve (35 degrees) and the fact that the patient is still growing (Risser 0), waiting only three months before re-evaluation might allow the curve to progress further without intervention. - Option C (Refer to physiotherapy for spine elastification): Physiotherapy can be part of a comprehensive treatment plan but alone is unlikely to halt or reverse a curve of this magnitude. It is generally used in conjunction with bracing or surgery rather than as a primary treatment for severe curves in growing adolescents. - Option D (Review in 6 months with a new X-ray): This approach is too passive given the current severity of the curve and the ongoing growth potential indicated by the Risser sign. Waiting six months could result in significant progression of the curve, making non-surgical correction more difficult or impossible. Therefore, prescribing a corset-type orthosis (Option B) is the most appropriate initial step. Bracing is recommended for patients with curves between 20 and 40 degrees who are still growing, especially if they have not yet reached skeletal maturity (as indicated by the Risser sign). The goal of bracing is to prevent further progression of the curve until the patient reaches skeletal maturity.",0.0,0.0118,0.0725,0.0197,0.0,0.0197,0.0197,0.3757,0.4684,0.544
"A 67-year-old patient who in the last 6 months, in two routine analyses, presents progressive lymphocytosis. In the last one, hemoglobin 15.4 g/dL; leukocytes 18.5 x103/μL with 82 % of mature lymphocytes that by flow cytometry express CD5/CD19/CD23 antigens and platelets 240 x103/μL. What do you think is the correct approach?",What do you think is the correct approach?,"
A. Study of TP53 mutations to establish prognosis 
B. Bone aspirate/biopsy to confirm diagnosis 
C. PET/CT to establish the therapeutic attitude 
D. New clinical and analytical control in 6 months
",D,B,False,"Given the patient's age, the progressive lymphocytosis over six months, and the specific immunophenotype (CD5/CD19/CD23 positive), these findings strongly suggest a diagnosis of chronic lymphocytic leukemia (CLL). CLL is characterized by an accumulation of mature-appearing B lymphocytes that express CD5, CD19, and CD23. The presence of these markers on flow cytometry is highly indicative of CLL. Option A (Study of TP53 mutations to establish prognosis) is not the first step because while TP53 mutations can indeed influence the prognosis and treatment options for CLL, they should be evaluated after confirming the diagnosis. Identifying TP53 mutations is more relevant once the diagnosis is confirmed and when considering the aggressiveness of the disease and potential treatment strategies. Option C (PET/CT to establish the therapeutic attitude) is also not the initial step. While PET/CT scans can help assess the extent of disease and guide therapeutic decisions, especially in cases where there might be extranodal involvement, it is not necessary at this stage to confirm the diagnosis. It would be premature to use such imaging without first confirming the diagnosis through bone marrow examination. Option D (New clinical and analytical control in 6 months) is not appropriate given the progressive nature of the lymphocytosis and the specific immunophenotypic profile. Delaying further investigation could potentially delay appropriate management of the condition. Therefore, the most appropriate next step is to perform a bone marrow aspirate and biopsy to confirm the diagnosis of CLL and to evaluate the extent of bone marrow involvement, which is essential for staging and guiding subsequent management.",0.0,0.0068,0.0408,0.0149,0.0,0.0149,0.0149,0.3971,0.5295,0.6024
"A 45-year-old female patient with a history of gastroesophageal reflux has been presenting for the past year with episodes of pallor in some fingers with exposure to cold. She had recently been prescribed prednisone at a dose of 20 mg/day for joint pain and skin induration in the hands and arms. For the last 48 hours, she presented with general malaise and intense headache, for which she went to the emergency department. Examination revealed only a rhythmic tachycardia at 100 bpm, with no neurological focality. Blood pressure was 200/110 mmHg. The blood test shows only a creatinine level of 2.5 mg/dL. Indicate which of the following autoantibodies is best related to the process described:",Indicate which of the following autoantibodies is best related to the process described:,"
A. Anti-RNA polymerase III antibodies 
B. Anti-centromere antibodies 
C. Anti-proteinase 3 antibodies 
D. Anti-PM-Scl antibodies
",A,B,False,"The scenario describes a 45-year-old female patient with a history of gastroesophageal reflux who has developed symptoms suggestive of Raynaud's phenomenon (pallor in fingers with exposure to cold), joint pain, and skin induration, along with hypertension and renal impairment. These symptoms are indicative of a systemic autoimmune condition, specifically a form of scleroderma, also known as systemic sclerosis. Option A, Anti-RNA polymerase III antibodies, are associated with diffuse cutaneous systemic sclerosis (dcSSc) and can be seen in patients with severe organ involvement, but they are not the most specific for the clinical presentation described here. Option B, Anti-centromere antibodies, are strongly associated with limited cutaneous systemic sclerosis (lcSSc), which often presents with Raynaud's phenomenon, telangiectasia, and calcinosis, as well as pulmonary arterial hypertension and less severe visceral involvement compared to dcSSc. This patient's presentation, including the presence of Raynaud's phenomenon and milder skin changes, aligns more closely with lcSSc than dcSSc. Option C, Anti-proteinase 3 antibodies, are associated with Granulomatosis with Polyangiitis (GPA), previously known as Wegener's granulomatosis. This condition typically involves upper and lower respiratory tract symptoms and glomerulonephritis, which do not fit the clinical picture provided. Option D, Anti-PM-Scl antibodies, are found in patients with polymyositis/scleroderma overlap syndrome, which includes features of both polymyositis and scleroderma. While this could potentially fit the patient's presentation, it is less likely given the predominant features of Raynaud's phenomenon and skin changes without significant muscle involvement. Given the patient's symptoms and laboratory findings, the best autoantibody related to the process described would be Anti-centromere antibodies (Option B), as they are highly associated with limited cutaneous systemic sclerosis, which fits the clinical presentation of this patient.",0.0062,0.0309,0.1996,0.066,0.0266,0.066,0.066,0.4436,0.5427,0.6544
"18-year-old young man with a history of asthma, allergy to pollens, mites and cat hair, comes to the emergency room referring sensation of food detention at retrosternal level with practical inability to swallow his own saliva. He refers similar episodes on other occasions that have subsided spontaneously within a few minutes. Which of the following is the most likely diagnosis?",Which of the following is the most likely diagnosis?,"
A. Barrett's esophagus 
B. Distal esophageal ring (Schatzki) 
C. Infectious esophagitis 
D. Eosinophilic esophagitis
",D,D,True,"Eosinophilic esophagitis (EoE) is an allergic inflammatory disease of the esophagus characterized by symptoms such as difficulty swallowing (dysphagia), particularly for solid foods, and chest pain. The patient's history of asthma and allergies to common allergens like pollen, mites, and cat hair makes him more susceptible to EoE. Symptoms of EoE can include the sensation of food being stuck in the throat (retrosternal level) and difficulty swallowing even saliva, which aligns with the patient's presentation. Option A, Barrett's esophagus, involves metaplastic changes in the lining of the lower esophagus due to chronic acid reflux and typically presents with symptoms of heartburn rather than dysphagia, making it less likely in this case. Option B, distal esophageal ring (Schatzki ring), causes intermittent dysphagia, especially for solid foods, but it usually does not cause difficulty swallowing saliva or present with a history of allergies and asthma. Option C, infectious esophagitis, often results from infections such as candida or herpes simplex virus and is associated with immunocompromised states or specific risk factors. It typically presents with severe pain during swallowing and visible lesions in the esophagus, which do not match the patient's description. Therefore, given the patient's history and symptoms, eosinophilic esophagitis is the most likely diagnosis.",0.0086,0.0297,0.2486,0.0737,0.0465,0.0737,0.0737,0.435,0.529,0.6449
"14-year-old girl who consults for decreased growth for 2-3 years previously normal (provides data) and that other girls her age have greater physical and sexual development. Lately she has had headaches and visual problems that she notices in class and when studying. She has not had menarche or polydipsia or polyuria. Parents with normal height. Examination: short stature at -2.1 standard deviations, normal body proportions, little pubic hair and breast development. Campimetry shows left temporal partial hemianopsia. Bone age: delay of 2 years. General laboratory tests were normal. Gonadotrophins (FSH and LH) and estradiol are low. What do you think is the most appropriate response?",What do you think is the most appropriate response?,"
A. Decreased growth and sexual development, delayed bone age, headache and visual alteration suggest hormonal deficit and involvement of the optic chiasm 
B. As she is a girl of pubertal age, it is most likely that her decreased growth and sexual retardation are due to Turner syndrome 
C. She must not have a hypothalamic tumor because of the absence of polyuria and polydipsia. She probably has constitutional delay and her visual problem is refractive 
D. A growth hormone deficiency may explain the developmental delay and low estradiol. To evaluate if she needs glasses, due to her headaches and visual disturbances 
E. She could have a craniopharyngioma, but it would be rare if she had not shown symptoms before. Also, it would not justify low gonadotrophins and estradiol
",A,E,False,"Option E is the most appropriate response given the clinical presentation. The patient's symptoms include short stature, delayed puberty, headaches, and visual field defects, which are indicative of a possible craniopharyngioma. Craniopharyngiomas are benign tumors that can occur near the pituitary gland and optic chiasm, leading to hormonal deficiencies and visual field defects. The presence of a delayed bone age and low levels of gonadotropins (FSH and LH) and estradiol further support this diagnosis as these hormones are produced by the pituitary gland. Let's analyze why the other options are less suitable: A. While this option correctly identifies some of the symptoms, it does not specify the underlying cause. Hormonal deficits and optic chiasm involvement are consistent with a craniopharyngioma, but this option does not mention the specific type of tumor that could be causing these issues. B. Turner syndrome typically presents with short stature and delayed puberty, but it usually involves characteristic physical features such as a webbed neck, low-set ears, and lymphedema of the hands and feet. Additionally, bone age delay and visual field defects are not typical findings in Turner syndrome. C. This option suggests a constitutional delay and refractive error as explanations for the symptoms, which do not align well with the clinical picture. Constitutional delay of growth and puberty would not typically present with visual field defects or hormonal abnormalities like those seen here. D. Growth hormone deficiency could explain the short stature, but it would not account for the visual field defects or the low gonadotropin and estradiol levels. Furthermore, the bone age delay and visual field defects suggest a more complex issue than just growth hormone deficiency. Therefore, considering all the clinical features together, the most plausible explanation is a craniopharyngioma, making option E the best choice. However, it is important to note that while craniopharyngiomas are a possibility, they are relatively rare, and the absence of earlier symptoms does not completely rule out the diagnosis. Further diagnostic imaging, such as an MRI of the brain, would be necessary to confirm the presence of a tumor.",0.0052,0.0155,0.0896,0.0338,0.0227,0.0282,0.0282,0.3808,0.5324,0.7017
"The patient comes to the home of an oncology patient whose pain has not been well controlled lately. On physical examination there appears to be no evidence of tumor progression, and no previously known data of interest is revealed. In the anamnesis, the main caregiver states that the patient has pain 8 hours after receiving the prescribed basal dose of morphine every 12 hours. This clinical situation is referred to as:",This clinical situation is referred to as:,"
A. Tolerance 
B. Hyperalgesia 
C. Dependency 
D. Ineffectiveness
",A,D,False,"In this scenario, the patient's pain recurs 8 hours after receiving the prescribed basal dose of morphine every 12 hours, indicating that the current dosage is not providing adequate pain relief for the full interval between doses. This situation is best described as ""ineffectiveness"" of the medication in managing the patient's pain over the intended duration. - Tolerance (Option A): This would refer to a decreased response to a drug due to repeated administration, leading to the need for higher doses to achieve the same effect. However, the question does not indicate that the patient requires increased dosages; rather, it suggests that the current dose is insufficient. - Hyperalgesia (Option B): This term refers to an increased sensitivity to pain, which is not indicated in the scenario. The patient's pain is not described as being more severe than before but rather as recurring prematurely. - Dependency (Option C): This term generally refers to a psychological or physical dependence on a substance, often associated with withdrawal symptoms when the substance is discontinued. The scenario does not suggest any signs of dependency or addiction. - Ineffectiveness (Option D): This accurately describes the situation where the prescribed dose of morphine is not effectively controlling the patient's pain for the full 12-hour period, necessitating a reassessment of the treatment plan to better manage the patient's pain.",0.0,0.0234,0.1057,0.0433,0.0087,0.0433,0.0433,0.3986,0.5109,0.5978
"A 33-year-old woman consults for repeated epistaxis, petechiae and ecchymosis. Laboratory tests show thrombocytopenia with a platelet count of 4000 platelets/microliter. The initial presumptive diagnosis is chronic immune thrombocytopenic purpura (ITP). Which of the following statements is FALSE regarding the diagnosis of ITP?",Which of the following statements is FALSE regarding the diagnosis of ITP?,"
A. The presence of lymphadenopathy or splenomegaly in the physical examination suggests a different diagnosis of ITP 
B. Bone marrow analysis shows a decreased number of megakaryocytes without other alterations 
C. Complete blood count shows isolated thrombocytopenia with often large platelets, without anemia unless there is significant bleeding or associated autoimmune hemolysis (Evans syndrome) 
D. The diagnosis of ITP is established by exclusion of other processes causing thrombocytopenia 
E. The determination of antiplatelet antibodies is not accurate to establish the diagnosis
",B,B,True,"- Option A is correct. Lymphadenopathy (swollen lymph nodes) or splenomegaly (an enlarged spleen) is not typically seen in ITP. These findings would suggest another cause of thrombocytopenia, such as lymphoproliferative disorders, leukemia, or hypersplenism. - Option B is incorrect. In ITP, bone marrow examination usually shows normal or increased numbers of megakaryocytes (the cells that produce platelets), but these megakaryocytes may be morphologically abnormal. They are often larger than usual and may have dysmorphic features. Therefore, a decreased number of megakaryocytes would point towards a different diagnosis, such as aplastic anemia or myelodysplasia. - Option C is correct. In ITP, the complete blood count (CBC) typically shows isolated thrombocytopenia, meaning low platelet counts without abnormalities in red blood cell or white blood cell counts. Platelets can sometimes appear large on peripheral smear. Anemia might occur if there has been significant bleeding or if the patient also has autoimmune hemolysis, which can coexist with ITP (Evans syndrome). - Option D is correct. The diagnosis of ITP is made after excluding other causes of thrombocytopenia, such as medications, infections, malignancies, or other autoimmune conditions. This process of exclusion is crucial because many conditions can mimic ITP. - Option E is correct. Antiplatelet antibody testing is not definitive for diagnosing ITP. While some patients with ITP do have detectable antiplatelet antibodies, their presence is neither sensitive nor specific enough to confirm the diagnosis. Many patients with ITP do not have detectable antibodies, and some patients with other conditions can have positive antibody tests.",0.0,0.0237,0.1542,0.062,0.0234,0.0543,0.0543,0.4393,0.5492,0.603
"A 27-year-old woman referred to the gynecology office for evaluation referring dyspareunia for about 8 months, along with dyschezia and occasional rectorrhagia coinciding with menstruation for 3-4 months. She also reports dysmenorrhea for years, which she controls well with ibuprofen. She has been trying to get pregnant for 16 months without success. In the gynecological examination she only has pain when pressing on the posterior vaginal fornix. Which test do you consider would allow you to reach a diagnosis of certainty of her pathology?",Which test do you consider would allow you to reach a diagnosis of certainty of her pathology?,"
A. Transvaginal ultrasound 
B. Diagnostic laparoscopy 
C. Magnetic resonance imaging 
D. Colonoscopy
",B,B,True,"Given the patient's symptoms of dyspareunia (painful intercourse), dyschezia (painful defecation), occasional rectorrhagia (rectal bleeding) during menstruation, and dysmenorrhea (painful periods), along with infertility issues, these could be indicative of endometriosis or adenomyosis, conditions where tissue similar to the lining of the uterus grows outside the uterus (endometriosis) or within the uterine wall (adenomyosis). However, the specific location of pain noted in the posterior vaginal fornix suggests a possible pelvic pathology that may not be easily visualized through other means. Option A, Transvaginal ultrasound, can be useful in diagnosing conditions such as ovarian cysts, fibroids, or adenomyosis, but it may not provide enough detail to diagnose endometriosis or other subtle pelvic pathologies, especially if they are located deep within the pelvis. Option C, Magnetic resonance imaging (MRI), offers excellent soft tissue contrast and can be very useful in diagnosing adenomyosis and some forms of endometriosis. However, MRI is more expensive and time-consuming compared to diagnostic laparoscopy, and it does not provide direct visualization of the pelvic cavity or the ability to take biopsies. Option D, Colonoscopy, is primarily used to examine the colon and rectum for conditions like inflammatory bowel disease, polyps, or cancer. While it might help rule out colorectal causes of the patient’s symptoms, it would not address the likely gynecological causes of her pain and infertility. Option B, Diagnostic laparoscopy, allows direct visualization of the abdominal and pelvic organs, including the ovaries, fallopian tubes, uterus, and peritoneum. It is considered the gold standard for diagnosing endometriosis because it provides both visual confirmation and the opportunity to obtain tissue samples for biopsy, which can confirm the presence of endometrial tissue outside the uterus. Additionally, laparoscopy can also identify other potential causes of pelvic pain and infertility, such as adhesions, ovarian cysts, or tubal blockages, making it the most comprehensive diagnostic tool in this scenario.",0.0,0.0192,0.104,0.0491,0.0062,0.0307,0.0307,0.4589,0.5717,0.603
"A 38-year-old woman of veterinary profession, in charge of monitoring wild animals and assisting in the delivery of domestic livestock. She starts with a high fever with chills, headache, myalgia and non-productive cough that she interprets as a flu-like process. She presented with chest pain. Chest X-ray showed bilateral pulmonary infiltrates in lower fields. A serologic test was performed with elevated titers of antibodies against phase II antigens. Which of the following statements is TRUE?",Which of the following statements is TRUE?,"
A. This entity is transmitted by ticks 
B. Both doxycycline and hydroxychloroquine are effective in treating acute forms of this disease 
C. In the acute form, the patient also generally has elevated antibodies to phase I antigens 
D. Mortality in acute forms is almost nonexistent
",D,C,False,"This scenario describes a case of Q fever, which is caused by the bacterium Coxiella burnetii. The clinical presentation includes symptoms such as fever, chills, headache, myalgia, non-productive cough, and chest pain, along with radiographic evidence of bilateral pulmonary infiltrates. The serologic test showing elevated titers of antibodies against phase II antigens is characteristic of acute Q fever. A. This statement is incorrect because Q fever is primarily transmitted through inhalation of contaminated aerosols from infected animals (such as sheep, goats, and cattle) rather than by tick bites. While ticks can be vectors for other diseases, they are not the primary vector for Q fever. B. This statement is incorrect. Doxycycline is indeed an effective treatment for acute Q fever, but hydroxychloroquine is not typically used for this condition. The standard treatment for acute Q fever involves antibiotics like doxycycline. C. This statement is correct. In acute Q fever, patients usually have elevated antibodies to both phase I and phase II antigens. Phase I antibodies appear early in the course of infection and are often used to diagnose recent infection, while phase II antibodies appear later and persist longer. D. This statement is incorrect. Although most cases of acute Q fever resolve without complications, mortality can occur, especially if the infection leads to complications such as endocarditis, hepatitis, or pneumonia. Therefore, it is not accurate to say that mortality in acute forms is almost nonexistent. Thus, the correct answer is C, as it accurately reflects the serological findings in acute Q fever.",0.0,0.0102,0.0826,0.0308,0.0,0.0308,0.0308,0.3972,0.5114,0.645
"A 49-year-old man is admitted to the ICU for traumatic brain injury after an accident at work. In the physical examination he does not open his eyes, does not emit sounds before being intubated and presents extension of extremities to nociceptive stimulus. An intracranial pressure sensor is placed and a decompressive craniotomy must be performed due to intraparenchymal hemorrhage. Which of the following statements is correct?",Which of the following statements is correct?,"
A. On arrival she is in a Glasgow scale coma of 7 
B. Cerebral perfusion pressure is mean arterial pressure plus intracranial pressure 
C. Vasogenic cerebral edema is due to cellular edema, membrane rupture and cell death 
D. Cerebral vascular flow increases with hypercapnia and acidosis
",D,A,False,"A. This statement is correct. The Glasgow Coma Scale (GCS) score is calculated based on eye opening response, verbal response, and motor response. For this patient, who does not open his eyes, does not emit sounds before being intubated, and presents with extension of extremities to nociceptive stimuli (which corresponds to a motor response of 2), the GCS score would be 3 + 1 + 2 = 6. However, since the question states that the patient does not open his eyes, does not emit sounds before being intubated, and presents with extension of extremities to nociceptive stimuli, it implies a score of 7 if we consider the patient might have been able to make some sound before intubation (even if it's minimal, like moaning). But typically, without any verbal response, the score should be 6. Given the options, the closest match is 7, which likely includes a minimal verbal response that was not explicitly stated but implied. B. This statement is incorrect. Cerebral perfusion pressure (CPP) is actually calculated as mean arterial pressure (MAP) minus intracranial pressure (ICP), not plus ICP. CPP is crucial in managing patients with traumatic brain injuries because it reflects the pressure difference driving cerebral blood flow. C. This statement is incorrect. Vasogenic cerebral edema is primarily due to disruption of the blood-brain barrier, leading to leakage of plasma proteins into the extracellular space, rather than cellular edema, membrane rupture, and cell death, which are more characteristic of cytotoxic edema. D. This statement is incorrect. While hypercapnia (increased carbon dioxide levels) and acidosis can cause vasodilation and thus increase cerebral blood flow, they do not necessarily increase cerebral vascular flow. In fact, in the context of traumatic brain injury, these conditions can exacerbate intracranial hypertension and worsen outcomes. The relationship between cerebral blood flow and metabolic demands is complex and influenced by multiple factors including autoregulation, which can limit the extent to which cerebral blood flow increases with hypercapnia and acidosis.",0.0,0.0104,0.0771,0.0302,0.0122,0.0242,0.0242,0.3716,0.5185,0.693
"A 45-year-old man undergoes a truncal vagotomy and antrectomy with Billroth II reconstruction for chronic peptic ulcer disease with pyloro-duodenal stricture. Six weeks after the surgery she reports that shortly after (less than half an hour) after ingestions she presents nausea, asthenia and sweating, dizziness and abdominal cramps usually accompanied by diarrhea. Which of the following is the most appropriate approach for her initial management?",Which of the following is the most appropriate approach for her initial management?,"
A. Apply treatment with a somatostatin inhibitor (octreotide) 
B. Follow specific dietary measures 
C. Trial treatment with a benzodiazepine 
D. Search for a probable neuroendocrine tumor (e.g. carcinoid) 
E. Indicate surgical treatment to perform an antiperistaltic Roux-en-Y gastrojejunostomy
",B,B,True,"The symptoms described - nausea, asthenia (weakness), sweating, dizziness, and abdominal cramps followed by diarrhea - are indicative of dumping syndrome, which can occur after certain types of gastrointestinal surgeries, including those involving vagotomy and antrectomy with Billroth II reconstruction. Dumping syndrome is characterized by rapid gastric emptying into the small intestine, leading to these symptoms shortly after eating. Option A (Apply treatment with a somatostatin inhibitor (octreotide)): While octreotide can be used in severe cases of dumping syndrome, it is not typically the first-line treatment. Dietary modifications are usually tried first before resorting to pharmacological interventions. Option B (Follow specific dietary measures): This is the correct answer because dietary changes are often effective in managing mild to moderate dumping syndrome. Recommendations include eating smaller, more frequent meals; avoiding simple sugars and high-sugar foods; increasing fiber intake; and remaining upright for at least 30 minutes after eating. Option C (Trial treatment with a benzodiazepine): Benzodiazepines are not indicated for the treatment of dumping syndrome. They may help manage anxiety but do not address the underlying physiological issues causing the symptoms. Option D (Search for a probable neuroendocrine tumor (e.g., carcinoid)): The symptoms described are not typical of a neuroendocrine tumor. While such tumors can cause similar symptoms, they would present differently and require different diagnostic approaches. Option E (Indicate surgical treatment to perform an antiperistaltic Roux-en-Y gastrojejunostomy): Surgery is generally considered only if conservative measures fail to alleviate symptoms significantly. Given that this patient has just undergone major surgery, additional surgery would be a last resort and not the initial approach. Therefore, the most appropriate initial management for this patient's symptoms is to follow specific dietary measures.",0.0,0.0303,0.2086,0.0748,0.0274,0.0612,0.0612,0.4531,0.5436,0.6967
"A 46-year-old man with bipolar disorder is brought to the emergency department after an over-ingestion of lithium carbonate. Examination reveals severe tremor, ataxia, dysarthria, myoclonus and fasciculations. Lithemia is 4.1 mEq/L (toxicity > 1.6 mEq/L). Which of the following therapeutic options would be most indicated?",Which of the following therapeutic options would be most indicated?,"
A. Aminophylline associated with a cathartic 
B. Activated charcoal 
C. Hemodialysis 
D. Forced diuresis
",C,C,True,"In cases of lithium toxicity, especially when there are signs of severe neurologic symptoms such as those described (severe tremor, ataxia, dysarthria, myoclonus, and fasciculations), hemodialysis is often the most effective treatment. The patient's lithium level of 4.1 mEq/L is significantly above the toxic threshold (>1.6 mEq/L), indicating a need for urgent intervention. Option A (Aminophylline associated with a cathartic) is not appropriate for treating lithium toxicity. Aminophylline is used primarily in respiratory conditions and does not affect lithium levels. Cathartics might help remove unabsorbed lithium from the gastrointestinal tract but are not effective once lithium has been absorbed into the bloodstream. Option B (Activated charcoal) is typically used for acute poisonings where the toxin is likely to be adsorbed by the charcoal in the gastrointestinal tract. However, since lithium is already absorbed and causing systemic toxicity, activated charcoal would not be beneficial. Option D (Forced diuresis) was previously considered a method to increase lithium excretion through urine. However, it is now recognized that this approach can lead to dehydration and electrolyte imbalances without effectively lowering lithium levels. It is generally not recommended for lithium toxicity management. Hemodialysis is the most effective method for removing lithium from the body quickly, making it the preferred treatment for severe lithium toxicity with significant clinical manifestations.",0.0,0.02,0.1156,0.0439,0.0,0.0439,0.0439,0.4426,0.5332,0.5796
"A 4-year-old girl presenting with a high fever of 6 days' evolution. On clinical examination she presents an erythematous maculopapular rash on the trunk and genital area, with a tendency to confluence, without becoming scarlatiniform; conjunctival injection without secretions and red lips with raspberry tongue. She also presents erythema with edema in hands and feet and a unilateral cervical adenopathy of 2 cm in diameter. The most likely clinical diagnosis of suspicion is:",The most likely clinical diagnosis of suspicion is:,"
A. Kawasaki disease 
B. Measles 
C. Rubella 
D. Scarlet fever
",A,A,True,"Kawasaki disease (KD) is a vasculitis that primarily affects children under five years old. The symptoms described in the case are highly indicative of KD: - Fever: Persistent high fever lasting more than five days is one of the key features of KD. - Erythematous maculopapular rash: This type of rash can appear anywhere on the body but is particularly noted in the genital area, which is characteristic of KD. - Conjunctival injection: Redness of the eyes without discharge is common in KD. - Red lips and ""strawberry"" tongue: These are classic signs of KD, where the lips become bright red and the tongue appears red and bumpy like a strawberry. - Erythema and edema in hands and feet: Swelling and redness of the extremities, especially the palms and soles, are typical findings in KD. - Unilateral cervical adenopathy: Enlarged lymph nodes, often on one side, can be seen in KD. Let's briefly discuss why the other options are less likely: - Measles (Option B): While measles can present with a high fever and a generalized erythematous rash, it typically includes cough, coryza (runny nose), and Koplik spots (small white spots on the inside of the cheeks). Conjunctivitis is also common but usually with purulent discharge, which was not mentioned in this case. - Rubella (Option C): Rubella typically presents with a fine, pink rash starting on the face and spreading downward, often accompanied by mild fever, swollen lymph nodes behind the ears and at the back of the neck, and sometimes a low-grade fever. It does not usually cause the severe symptoms such as strawberry tongue or significant swelling of the hands and feet. - Scarlet Fever (Option D): Scarlet fever is caused by group A Streptococcus and presents with a characteristic ""scarlatiniform"" rash (a diffuse, fine, sandpaper-like rash) and a ""strawberry"" tongue. However, it usually follows a strep throat infection, and the rash tends to be more widespread and have a specific texture. Additionally, scarlet fever does not typically include the hand and foot changes or the specific oral manifestations seen here. Therefore, based on the clinical presentation provided, Kawasaki disease is the most likely diagnosis.",0.0,0.0188,0.1245,0.0389,0.0112,0.0222,0.0222,0.4114,0.5365,0.7024
"A 67-year-old man presents with 3 months of asthenia and febrile fever, with nasal obstruction and mucus emission with some clots in the last month. In the last few days she noticed pain in the right eye and asymmetry with respect to the contralateral eye. Physical examination reveals proptosis of the right eyeball and inspection of the nostrils reveals an erythematous mucosa with serohematic crusts. The rest of the examination was normal. Blood tests (hemogram, renal and hepatic function) are normal, except for an ESR of 65 mm/h; urinalysis shows microhematuria and proteinuria of 520 mg/24h. What is the most probable initial diagnosis?",What is the most probable initial diagnosis?,"
A. Eosinophilic granulomatosis with polyangiitis 
B. Microscopic polyangiitis 
C. Granulomatosis with polyangiitis 
D. Polyarteritis nodosa
",C,C,True,"Granulomatosis with polyangiitis (GPA), previously known as Wegener's granulomatosis, is a systemic vasculitis that primarily affects small blood vessels, particularly those in the respiratory tract and kidneys. The clinical presentation includes upper and lower respiratory tract symptoms, such as nasal obstruction, sinusitis, and pulmonary infiltrates, along with renal involvement. The patient's symptoms of nasal obstruction, mucus emission with clots, and proptosis of the right eyeball are indicative of GPA. Additionally, the presence of microhematuria and proteinuria suggests renal involvement, which is common in GPA due to glomerulonephritis. Option A, eosinophilic granulomatosis with polyangiitis (EGPA), also known as Churg-Strauss syndrome, typically presents with asthma, eosinophilia, and peripheral neuropathy. While it can involve the respiratory tract and kidneys, the presence of eosinophilia is a key feature that is not mentioned in this case. Option B, microscopic polyangiitis (MPA), involves small vessel vasculitis without granulomas and often affects the kidneys and lungs. However, MPA does not typically present with the characteristic granulomatous lesions seen in GPA, nor does it usually cause ocular symptoms like proptosis. Option D, polyarteritis nodosa (PAN), is a medium-sized vessel vasculitis that can affect multiple organs but does not typically present with granulomatous inflammation or ocular manifestations such as proptosis. PAN is more commonly associated with skin lesions, abdominal pain, and peripheral neuropathy. Given the combination of respiratory tract symptoms, ocular involvement, and renal findings, the most likely diagnosis is Granulomatosis with polyangiitis (GPA).",0.0,0.0141,0.0882,0.0325,0.0082,0.0325,0.0325,0.3878,0.5327,0.5922
"75-year-old woman diagnosed 3 years ago with soft drusen in the fundus. She reports presenting, since 2 weeks ago, metamorphopsia and significant visual loss in her right eye that prevents her from reading. Indicate the most probable diagnosis:",Indicate the most probable diagnosis:,"
A. Macular epiretinal membrane 
B. Macular hole 
C. Thrombosis of the central retinal vein 
D. Senile macular degeneration 
E. Central serous chorioretinopathy
",D,B,False,"Given the patient's age (75 years) and the presence of soft drusen in the fundus for three years, the initial concern might be related to age-related macular degeneration (AMD). However, the sudden onset of metamorphopsia (distorted vision) and significant visual loss specifically in the right eye over the past two weeks points towards a more acute condition affecting the macula. - Option A: Macular Epiretinal Membrane - This condition can cause metamorphopsia and gradual visual decline but typically progresses more slowly than what is described here. The sudden onset of severe symptoms makes this less likely compared to other options. - Option B: Macular Hole - This is the most probable diagnosis given the abrupt onset of symptoms and significant visual loss. Macular holes often present with metamorphopsia and a sudden decrease in central vision, which aligns with the patient's report. They can occur in older individuals and may develop secondary to AMD, explaining the presence of drusen. - Option C: Thrombosis of the Central Retinal Vein - While this condition can cause sudden visual loss, it usually presents with pain and a more diffuse visual field defect rather than the specific metamorphopsia noted here. Additionally, thrombosis would affect both eyes if it were bilateral, which is not indicated in the case description. - Option D: Senile Macular Degeneration - Although the patient has a history of soft drusen, which is associated with early-stage AMD, the rapid progression of symptoms suggests an acute event rather than the typical slow progression seen in AMD. Therefore, while AMD is part of the background, it is not the primary cause of the current symptoms. - Option E: Central Serous Chorioretinopathy - This condition typically affects younger patients and presents with a mild reduction in vision and distorted vision, but it does not usually cause such a severe visual loss as described. It also tends to resolve spontaneously without intervention, making it less likely in this context. Therefore, considering the clinical presentation and the patient's history, the most probable diagnosis is a macular hole, which explains the sudden onset of metamorphopsia and significant visual loss.",0.0026,0.0128,0.1138,0.0228,0.0172,0.0228,0.0228,0.3491,0.5347,0.6064
"A 56-year-old female patient consulted for dorso-lumbar spine pain and progressive difficulty in performing usual tasks. In the last 5 years she gained weight, she has ecchymosis easily and arterial hypertension was detected. Physical examination: Obesity of central predominance, rounded facies, increased supraclavicular fat, decreased proximal muscle strength and some reddish striae in the abdomen. She has a blood glucose of 136 mg/dL and the radiological study showed osteoporosis and vertebral crushing. What do you think is the most coherent interpretation and attitude?",What do you think is the most coherent interpretation and attitude?,"
A. Postmenopausal osteoporosis, type 2 diabetes mellitus and essential hypertension, with decreased strength due to diabetic polyneuropathy 
B. It is necessary to rule out Cushing's disease by dexamethasone suppression test and perform a cranial CT scan 
C. Suggest Cushing's. Determine urinary free cortisol and basal ACTH, which serves to orient its etiology and select the most appropriate imaging technique 
D. It looks like Cushing's. If basal ACTH is high, it may be due to corticosteroid use or an adrenal tumor, and an MRI should be performed 
E. Probably has Cushing's. If the basal ACTH is low, he probably has a pituitary micro-adenoma, and a cranial CT scan should be performed
",C,C,True,"The patient's symptoms and physical findings strongly suggest Cushing's syndrome, a condition characterized by excessive levels of cortisol in the body. The presence of central obesity, rounded facies (moon face), increased supraclavicular fat, and abdominal striae are classic signs of this condition. Additionally, the patient's history of easy bruising, hypertension, and osteoporosis further support this diagnosis. Option A is incorrect because while postmenopausal osteoporosis, type 2 diabetes mellitus, and essential hypertension can occur independently, the combination of symptoms and signs in this patient points more towards Cushing's syndrome rather than these conditions alone. Furthermore, diabetic polyneuropathy typically presents with distal rather than proximal muscle weakness. Option B is partially correct in suggesting that Cushing's disease needs to be ruled out, but it does not specify the next steps adequately. Performing a dexamethasone suppression test and a cranial CT scan is part of the diagnostic process, but it does not cover all aspects of diagnosing Cushing's syndrome. Option C is the most comprehensive and accurate. It suggests Cushing's syndrome and recommends determining urinary free cortisol and basal ACTH levels. These tests help confirm the diagnosis and determine the cause of the syndrome. Elevated urinary free cortisol and inappropriate ACTH levels would point towards an ectopic source of ACTH production, while normal or low ACTH levels would suggest an adrenal cause. This information is crucial for selecting the appropriate imaging technique, such as MRI or CT scans of the pituitary gland or adrenal glands. Options D and E both focus on the basal ACTH level, which is indeed important, but they do not fully encompass the initial diagnostic steps. They also assume the results of the basal ACTH test without first confirming the diagnosis through urinary free cortisol testing, which is a critical first step. Therefore, the most coherent interpretation and attitude is to suspect Cushing's syndrome, confirm it with urinary free cortisol and basal ACTH levels, and then proceed with further investigations based on these results.",0.0083,0.022,0.1466,0.0465,0.0351,0.0465,0.0465,0.4341,0.5387,0.6506
"During a colonoscopy, a 5-cm tumor located in the right colon is detected in a 48-year-old man. No other lesions were found. His maternal grandmother also suffered from colon cancer. The biopsies are superficial and show a poorly differentiated tumor with abundant inflammatory cells in the stroma that is diagnosed as a medullary type carcinoma.",The biopsies are superficial and show a poorly differentiated tumor with abundant inflammatory cells in the stroma that is diagnosed as a medullary type carcinoma.,"
A. Chemotherapy is the treatment of choice 
B. Since the biopsy is superficial, it should be repeated before proceeding with treatment 
C. The prognosis of the tumor depends mainly on its high degree of anaplasia 
D. It is unlikely that this tumor has developed over a previous adenoma 
E. Microsatellite instability and DNA error repair genes should be studied
",E,E,True,"Option A: Chemotherapy is not necessarily the treatment of choice for a localized colon cancer, especially if it is early-stage (as suggested by the absence of metastasis and the fact that no other lesions were found). Surgery is typically the primary treatment for localized colon cancer, followed by adjuvant chemotherapy if necessary based on the stage and risk factors. Option B: While it is true that a superficial biopsy might not fully represent the characteristics of the entire tumor, repeating the biopsy alone would not provide enough information to guide treatment decisions. Given the presence of a large tumor and family history of colorectal cancer, further diagnostic steps such as imaging studies and possibly endoscopic ultrasound should be considered to assess the depth of invasion and potential lymph node involvement, rather than just repeating the biopsy. Option C: Although the high degree of anaplasia (poorly differentiated) does indicate a more aggressive tumor, the prognosis of the tumor is influenced by multiple factors including the stage of the cancer, the presence of lymphovascular invasion, and the patient's overall health status. Therefore, while the degree of differentiation is important, it is not the sole determinant of prognosis. Option D: It is possible that this tumor developed over a previous adenoma, even though adenomas are often smaller. However, given the family history of colorectal cancer, there is a possibility of Lynch syndrome or another hereditary predisposition, which can lead to the development of cancers without a preceding adenoma phase. Option E: This is the most appropriate response because medullary carcinomas, particularly those associated with a family history of colorectal cancer, may be linked to microsatellite instability (MSI) and defects in DNA mismatch repair (MMR) genes. Studying these features can help determine the genetic basis of the tumor, which is crucial for both prognostic and therapeutic purposes. Additionally, understanding the genetic profile can influence treatment decisions and surveillance strategies for the patient and his family members.",0.0,0.044,0.1823,0.0917,0.0058,0.063,0.063,0.527,0.5863,0.6395
A hyperuricemic patient who usually takes 100 mg of allopurinol daily comes to the ED with acute pain and inflammatory signs in the right knee. Arthrocentesis is performed and polarized light microscopy shows intracellular crystals with negative birefringence. Which of the following therapeutic approaches is the most appropriate in this case?,Which of the following therapeutic approaches is the most appropriate in this case?,"
A. Discontinue allopurinol and start colchicine treatment 
B. Discontinue allopurinol and start NSAIDs 
C. Add an NSAID until the crisis remits 
D. Increase the dose of allopurinol to 300 mg/day 
E. Substitute allopurinol for uricosuric acid
",C,C,True,"The patient's presentation of acute pain and inflammatory signs in the right knee, along with the finding of intracellular crystals with negative birefringence on arthrocentesis (which are indicative of urate crystals), suggests an acute gouty arthritis attack. Allopurinol is used as a prophylactic agent to prevent such attacks by reducing uric acid production, but it does not treat an acute flare-up once it has occurred. Option A (Discontinue allopurinol and start colchicine treatment) is incorrect because discontinuing allopurinol during an acute attack would not address the current inflammation and could potentially worsen the condition if uric acid levels rise. Colchicine can be effective in treating acute gout, but it is often used in conjunction with other anti-inflammatory agents rather than as a sole treatment. Option B (Discontinue allopurinol and start NSAIDs) is also incorrect for similar reasons as Option A. Discontinuing allopurinol is not indicated during an acute attack, and while NSAIDs are effective in managing the pain and inflammation associated with gout, stopping allopurinol could lead to increased uric acid levels and more frequent attacks. Option D (Increase the dose of allopurinol to 300 mg/day) is incorrect because increasing the dose of allopurinol during an acute attack will not alleviate the current symptoms. In fact, increasing the dose of allopurinol during an acute attack may precipitate further attacks due to the rapid change in serum uric acid levels. Option E (Substitute allopurinol for uricosuric acid) is incorrect because switching from allopurinol to a uricosuric agent like probenecid would not address the current acute inflammatory episode. Uricosuric agents work by increasing uric acid excretion through the kidneys, which is not the immediate concern during an acute attack. Therefore, the most appropriate approach is Option C: Adding an NSAID (nonsteroidal anti-inflammatory drug) until the crisis remits. NSAIDs are effective in reducing inflammation and pain associated with gouty arthritis and can be used safely alongside allopurinol without exacerbating the condition. Corticosteroids or colchicine might also be considered depending on the severity and response to NSAIDs.",0.0,0.0189,0.1503,0.0456,0.0115,0.0456,0.0456,0.4345,0.5464,0.6205
"A 20-year-old girl comes to the clinic with an acute fever, cervical lymphadenopathy and skin rash. According to the patient, 3 weeks ago she had a sexual relationship that could be a risk for contracting the HIV virus. Indicate which of the following answers is true:",Indicate which of the following answers is true:,"
A. A negative HIV-1/HIV-2 serology performed by ELISA technique rules out the possibility that the patient has been infected with the HIV virus 
B. The clinical process that the patient suffers from is not consistent with acute HIV infection 
C. If the patient's ELISA test was positive, nothing further would be necessary for the diagnosis of HIV infection 
D. The ELISA technique has a high sensitivity for the diagnosis of HIV infection, but its specificity is even higher 
E. If the ELISA test to diagnose HIV in the patient was negative, we could determine by PCR technique the viral load in blood
",E,E,True,"A. This statement is incorrect because a negative HIV-1/HIV-2 serology performed by ELISA technique does not definitively rule out HIV infection, especially if the test was conducted too early after potential exposure. It can take up to three months (and sometimes longer) for antibodies to HIV to reach detectable levels in the blood. B. This statement is incorrect because the symptoms described (acute fever, cervical lymphadenopathy, and skin rash) are consistent with acute HIV infection. Acute HIV infection often presents with flu-like symptoms within 2-4 weeks post-exposure. C. This statement is incorrect because if the ELISA test is positive, it needs to be confirmed with a more specific test such as Western Blot or an immunofluorescence assay (IFA). A positive ELISA alone is not sufficient for a definitive diagnosis of HIV infection. D. This statement is incorrect because while the ELISA technique has a high sensitivity for detecting HIV antibodies, its specificity is not necessarily higher than its sensitivity. In fact, ELISA tests can have a relatively high false-positive rate, which is why confirmatory testing is necessary. E. This statement is correct because if the ELISA test is negative, it may be too early to detect antibodies, and thus, a PCR (Polymerase Chain Reaction) test could be used to check for the presence of viral RNA in the blood, providing information about the viral load and confirming the presence of HIV infection even when antibody tests are negative due to the window period.",0.0,0.0143,0.0706,0.031,0.0,0.0233,0.0233,0.383,0.4807,0.5308
"A 47-year-old man, with a history of a right parotid pleomorphic adenoma, treated with surgery (extrafacial parotidectomy) 6 months ago, who comes to our office for presenting pain with sweating and reddening of the skin in the preauricular region during mastication. What treatment would be the treatment of choice?",What treatment would be the treatment of choice?,"
A. Extended total parotidectomy on suspicion of tumor recurrence 
B. Pregabalin 
C. Intradermal botulinum toxin injection 
D. Broad-spectrum antibiotherapy
",C,C,True,"Given the patient's history of a right parotid pleomorphic adenoma treated with extrafacial parotidectomy 6 months ago, and now presenting with pain, sweating, and reddening of the skin in the preauricular region during mastication, the most likely diagnosis is Frey's syndrome (also known as auriculotemporal syndrome). This condition occurs when the auriculotemporal nerve, which is part of the mandibular division of the trigeminal nerve, is damaged during parotid surgery and subsequently forms aberrant connections with the parasympathetic fibers that innervate the salivary glands. As a result, patients experience gustatory sweating and flushing in the area of the ear and temple when eating. Option A (Extended total parotidectomy on suspicion of tumor recurrence): This is not indicated because the symptoms described do not suggest a recurrence of the tumor. The symptoms are more consistent with Frey's syndrome rather than tumor growth. Option B (Pregabalin): While pregabalin can be used to manage neuropathic pain, it is not specifically targeted at treating the symptoms of Frey's syndrome. It may help with pain but does not address the primary issue of sweating and flushing. Option C (Intradermal botulinum toxin injection): This is the correct answer. Botulinum toxin injections into the affected skin areas can block the release of acetylcholine from the nerve endings, thereby reducing sweating and flushing. This treatment is effective and commonly used for managing Frey's syndrome. Option D (Broad-spectrum antibiotherapy): Antibiotics are not indicated here as there is no evidence of infection. The symptoms are not related to an infectious process but rather to nerve reinnervation following surgery. Therefore, the best treatment for this patient's symptoms would be intradermal botulinum toxin injection.",0.0,0.0195,0.1079,0.042,0.007,0.028,0.028,0.4006,0.4971,0.5919
"Pregnant woman, 27 years old, 30 weeks of gestation. She comes to the emergency room because she noticed pain in the left lumbar region and dysuria since yesterday. She has no febrile sensation. She refers repeated urinary tract infections (UTI). Urinalysis shows Hb 3+, leukocytes 3+, nitrites 2+, sediment: 15-20 leukocytes per field and 5-10 red blood cells per field. Which of the following microorganisms is the most frequent culprit in pregnant women?",Which of the following microorganisms is the most frequent culprit in pregnant women?,"
A. Escherichia coli 
B. Enterococcus faecalis 
C. Streptococcus agalactiae 
D. Proteus mirabilis 
E. Satphylococcus saprophyticus
",A,A,True,"Escherichia coli (E. coli) is the most common causative agent of urinary tract infections (UTIs) in pregnant women, as well as in the general population. The symptoms described by the patient, such as pain in the lumbar region and dysuria, along with the urinalysis results showing hematuria (Hb 3+), pyuria (leukocytes 3+), and positive nitrite test, are consistent with a UTI caused by E. coli. This bacterium is known for its ability to ascend from the urethra into the bladder and potentially to the kidneys, causing cystitis or pyelonephritis, respectively. Option B, Enterococcus faecalis, can cause UTIs but is less common than E. coli, especially in uncomplicated cases. It is more frequently associated with hospital-acquired infections or complicated UTIs. Option C, Streptococcus agalactiae (Group B Streptococcus), is primarily known for causing infections in newborns and is screened for during pregnancy, particularly at the time of delivery. While it can cause UTIs, it is not the most frequent culprit in pregnant women. Option D, Proteus mirabilis, can also cause UTIs, particularly in patients with indwelling catheters or those who have had prior antibiotic treatment. However, it is less commonly isolated from uncomplicated UTIs in pregnant women compared to E. coli. Option E, Staphylococcus saprophyticus, is another common cause of UTIs, especially in young women. However, it is less prevalent in pregnant women compared to E. coli. Given the clinical presentation and laboratory findings, E. coli remains the most likely causative organism for this patient's condition.",0.0136,0.0336,0.2298,0.0772,0.0545,0.0772,0.0772,0.4856,0.6054,0.6786
"A 66-year-old woman diagnosed with type 2 diabetes mellitus since three months ago. She has a BMI of 31 kg/m2 and presents poor glycemic control despite a program of non-pharmacological measures (healthy diet, exercise). Which of the following hypoglycemic drugs is associated with weight gain and should we avoid in this patient?:",Which of the following hypoglycemic drugs is associated with weight gain and should we avoid in this patient?,"
A. Metformin (biguanide) 
B. Pioglitazone (thiazolidinedione) 
C. Canagliflozin (sodium-glucose cotransporter 2 inhibitor- iSGLT2) 
D. Liraglutide (GLP-1 receptor agonist)
",B,B,True,"- Metformin (Biguanide): This drug is often recommended as a first-line treatment for type 2 diabetes due to its effectiveness in lowering blood glucose levels and its association with weight neutrality or even slight weight loss. Therefore, it would not be appropriate to avoid metformin based on concerns about weight gain. - Pioglitazone (Thiazolidinedione): This class of drugs is known to cause weight gain, primarily due to fluid retention and increased fat storage. Given that the patient already has a high BMI and poor glycemic control, pioglitazone should be avoided as it could exacerbate her weight issues. - Canagliflozin (SGLT2 Inhibitor): SGLT2 inhibitors are known for their ability to promote weight loss and reduce the risk of cardiovascular events. They work by increasing glucose excretion through urine, which can lead to weight reduction. Thus, this medication would not contribute to weight gain and could be considered for this patient. - Liraglutide (GLP-1 Receptor Agonist): GLP-1 receptor agonists are also associated with weight loss rather than weight gain. These drugs stimulate insulin secretion in response to meals and slow gastric emptying, leading to reduced food intake and weight loss. Therefore, liraglutide would not be a concern regarding weight gain. Given these points, the best choice to avoid in this patient due to its association with weight gain is Pioglitazone (Option B).",0.004,0.0553,0.316,0.1266,0.0681,0.1013,0.1013,0.4987,0.6148,0.7027
"A 32-year-old woman requests preconception counseling. The patient reports that she underwent cervical conization for a high-grade intraepithelial lesion (H-SIL) and subsequently had three miscarriages between 20 and 22 weeks gestation. She has no living children. On all three occasions she came to the emergency department with a feeling of weight in the hypogastrium, where she was found to be 8 cm dilated and with prominent amniotic membranes. She had never felt contractions before, what advice would you give her for the next pregnancy?","She had never felt contractions before, what advice would you give her for the next pregnancy?","
A. I would prescribe oral atosiban prophylaxis throughout the pregnancy 
B. I would offer lung maturation with corticosteroids from 19-20 weeks of gestation 
C. I would recommend a cervical cerclage at 14 weeks gestation 
D. I would advise her not to attempt any more pregnancies because of the high risk of recurrence 
E. I would recommend resorting to assisted reproductive techniques
",C,C,True,"Option A: Atosiban is an oxytocin receptor antagonist used to inhibit uterine contractions and is typically used for tocolysis during preterm labor. However, it is not recommended as a prophylactic treatment throughout pregnancy due to its potential side effects and lack of proven efficacy in preventing recurrent preterm birth in women without active labor. Option B: Corticosteroids are used to accelerate fetal lung maturity in cases of anticipated preterm delivery, but they do not prevent preterm labor or recurrent miscarriage. Administering them from 19-20 weeks would be too early and would not address the underlying issue of cervical insufficiency. Option C: This is the most appropriate recommendation given the history of cervical conization and recurrent late second trimester miscarriages. A cervical cerclage can help prevent preterm delivery in women with a history of second-trimester losses due to cervical insufficiency. It is usually placed between 14 and 16 weeks of gestation and removed around 37 weeks or earlier if labor begins. Option D: Advising against further pregnancies is not appropriate without considering the benefits of medical intervention. Given the patient's desire to have a child and the availability of effective interventions like cervical cerclage, this option is overly pessimistic and does not align with current obstetric practice. Option E: Assisted reproductive techniques are not indicated in this case as the primary issue is not infertility but rather recurrent miscarriage due to cervical insufficiency. While these techniques might be considered in other contexts, they do not address the specific problem faced by this patient. Therefore, the best course of action is to recommend a cervical cerclage at 14 weeks gestation to reduce the risk of recurrent miscarriage due to cervical insufficiency.",0.0,0.0198,0.0754,0.0336,0.0,0.0201,0.0201,0.4457,0.5517,0.5762
"A 70-year-old female patient is admitted to the ICU after suffering anterior AMI treated by coronary angioplasty and stent placement in the anterior descending artery. Four days later she suddenly presented hypotension that required vigorous volume support, initiation of vasoactive drugs, orotracheal intubation and connection to mechanical ventilation. Physical examination revealed a murmur not previously present. Suspicion of a mechanical complication of the infarction led to transthoracic echocardiography showing pericardial effusion. Mark the CORRECT answer:",Mark the CORRECT answer:,"
A. Mortality with medical treatment is 20% 
B. In case of free wall rupture there is an oximetric jump in the right ventricle in the Swan-Ganz catheterization 
C. In case of free wall rupture, there is no palpable frémito 
D. Mechanical complications usually appear on the first post-infarction day
",C,B,False,"Option A: This statement is not specific enough to be considered correct without additional context. While it's true that mechanical complications of myocardial infarction (MI) can have high mortality rates, the exact figure of 20% for medical treatment alone is not accurate and does not reflect the severity and urgency of conditions like free wall rupture or papillary muscle rupture, which often require immediate surgical intervention. Option B: This statement is correct. In the case of free wall rupture, blood from the left ventricle can enter the pericardium, leading to cardiac tamponade. If a Swan-Ganz catheter is in place, it might detect a sudden increase in oxygen saturation in the right ventricle due to mixing of oxygenated and deoxygenated blood as a result of the rupture. Option C: This statement is incorrect. In the case of free wall rupture, one might expect to find signs of cardiac tamponade, which could include muffled heart sounds but not necessarily the absence of a palpable fremito (vibration). The presence or absence of fremito is more related to lung conditions rather than cardiac rupture directly. Option D: This statement is incorrect. Mechanical complications of MI, such as free wall rupture or papillary muscle rupture, typically occur within the first few days following the infarction, but they do not always happen on the first post-infarction day. Free wall rupture usually occurs between 4-7 days after the infarction, while papillary muscle rupture can occur within hours to days after the infarction. Therefore, the most accurate statement among the options provided is B.",0.0,0.0069,0.0746,0.0152,0.0,0.0152,0.0152,0.3571,0.4805,0.591
"A 58-year-old man, three weeks after a severe ankle sprain presents, rapidly progressive, with dyspnea at rest, dizziness and syncope. On arrival at the hospital he has hypotension (systolic BP 80 mmHg, diastolic 40 mmHg) and poor perfusion. He is intubated and connected to mechanical ventilation and noradrenaline is started. Echocardiogram shows signs of pulmonary hypertension. Angio-CT shows multiple repletion defects occupying both main pulmonary arteries. Which of the following treatments would be associated with the most rapid hemodynamic improvement in this case?",Which of the following treatments would be associated with the most rapid hemodynamic improvement in this case?,"
A. Intravenous perfused sodium heparin 
B. Thromboendartectomy 
C. Systemic fibrinolysis with rt-PA (alteplase) 100 mg intravenous 
D. Inferior vena cava filter
",C,C,True,"This patient's presentation suggests acute pulmonary embolism (PE), which is confirmed by the echocardiographic findings of pulmonary hypertension and the CT angiography showing multiple filling defects in the pulmonary arteries. The clinical scenario indicates a high-risk PE, characterized by hemodynamic instability (hypotension, systolic BP 80 mmHg, diastolic 40 mmHg, and poor perfusion) and respiratory compromise necessitating intubation. Option A: Intravenous perfused sodium heparin - While anticoagulation is crucial for preventing further clot formation and progression of the disease, it does not address the immediate need to reduce the size of the existing clots causing obstruction. Heparin is used as an adjunct therapy but is not the primary treatment for achieving rapid hemodynamic improvement in this setting. Option B: Thromboendarterectomy - This surgical procedure involves removing thrombus from the arterial wall and is typically used for chronic conditions like fibromuscular dysplasia or Takayasu arteritis. It is not indicated for acute massive pulmonary embolism due to its invasive nature and the time required for recovery, which would delay the critical need for rapid intervention. Option C: Systemic fibrinolysis with rt-PA (alteplase) 100 mg intravenous - This is the most appropriate choice for achieving rapid hemodynamic improvement in a patient with high-risk PE. Fibrinolytic therapy aims to dissolve the obstructing thrombi quickly, thereby restoring blood flow and alleviating symptoms such as hypotension and respiratory distress. Given the severity of the patient's condition, systemic fibrinolysis can provide a more immediate benefit compared to other options. Option D: Inferior vena cava filter - An IVC filter might be considered in patients with contraindications to anticoagulation or recurrent PE despite adequate anticoagulation. However, in the context of a high-risk PE where there is significant risk of further embolization, placing an IVC filter alone would not address the current obstruction in the pulmonary arteries and would not lead to rapid hemodynamic improvement. Therefore, the most appropriate and effective treatment for achieving rapid hemodynamic improvement in this case is systemic fibrinolysis with rt-PA (alteplase) 100 mg intravenous.",0.0083,0.0356,0.2655,0.0802,0.0403,0.0802,0.0802,0.4942,0.6131,0.6775
"6-month-old infant presenting to the emergency department for respiratory distress. Examination: axillary temperature 37.2°C, respiratory rate 40 rpm, heart rate 160 bpm, blood pressure 90/45 mmHg, SatO2 95% on room air. He shows moderate respiratory distress with intercostal and subcostal retraction. Pulmonary auscultation: scattered expiratory rhonchi, elongated expiration and slight decrease in air entry in both lung fields. Cardiac auscultation: no murmurs. It is decided to keep the patient under observation in the hospital for a few hours. What do you consider the most appropriate attitude at this time with regard to the complementary tests?",What do you consider the most appropriate attitude at this time with regard to the complementary tests?,"
A. Request venous blood gas, leukocyte count and acute phase reactants 
B. Request chest X-ray 
C. Request arterial blood gases and acute phase reactants 
D. Do not request complementary tests
",D,A,False,"Given the clinical presentation of a 6-month-old infant with respiratory distress, it is crucial to gather more information about the underlying cause. The options provided suggest different approaches to diagnostic testing, and the most appropriate one should be chosen based on the immediate need to assess the severity of the condition and guide further management. Option A (Request venous blood gas, leukocyte count and acute phase reactants) is the most suitable choice because: - Venous blood gas analysis can help determine if there is an acid-base imbalance or respiratory compromise that might not be evident from oxygen saturation alone. - Leukocyte count and acute phase reactants (such as C-reactive protein) can indicate the presence of infection, which is a common cause of respiratory distress in infants. This information is critical for initiating appropriate antibiotic therapy if an infection is suspected. Option B (Request chest X-ray) is less urgent compared to the blood tests suggested in Option A. While a chest X-ray can provide valuable information about the extent of lung involvement and rule out conditions like pneumonia or pneumothorax, it does not offer immediate insights into the metabolic status or inflammatory response of the patient. Given the infant's current state of moderate respiratory distress, prioritizing blood tests that can inform immediate treatment decisions is more prudent. Option C (Request arterial blood gases and acute phase reactants) is close but less ideal than Option A due to the invasiveness of arterial blood sampling in a young infant. Arterial blood gases provide more precise information about the respiratory status compared to venous blood gases, but the additional risk and discomfort associated with arterial puncture may not outweigh the benefits in this scenario, especially when venous blood gases can still provide useful information. Option D (Do not request complementary tests) is inappropriate given the clinical presentation. Not performing any tests would leave the clinician without essential information needed to make informed decisions regarding the infant's care and could delay necessary interventions. In summary, the most appropriate initial approach is to perform non-invasive blood tests that can quickly provide critical information about the infant's metabolic and inflammatory status, guiding immediate management while the infant is under observation.",0.0,0.0226,0.1222,0.0515,0.0207,0.0412,0.0412,0.4472,0.5709,0.6274
"A patient with a history of fever and chest pain comes to the hospital with dyspnea and tachypnea. On physical examination, the blood pressure cyphrads are low, jugular venous pressure is elevated with a deep descending sinus X, and he has a pulsus paradoxus. What pathology should be suspected?",What pathology should be suspected?,"
A. Ischemic heart disease 
B. Dilated cardiomyopathy 
C. Severe aortic valve stenosis 
D. Constrictive pericarditis 
E. Pericardial effusion with cardiac tamponade
",E,E,True,"The patient's presentation includes fever, chest pain, dyspnea, tachypnea, hypotension, elevated jugular venous pressure (JVP), a deep descending wave in the JVP (also known as cannon A waves), and pulsus paradoxus. These findings strongly suggest cardiac tamponade, which is caused by an accumulation of fluid in the pericardium that restricts diastolic filling of the heart. This condition can lead to hemodynamic compromise, including hypotension and elevated JVP due to increased central venous pressure. The presence of cannon A waves indicates that the atria are contracting against a closed ventricle, which occurs when there is significant pericardial constraint. Pulsus paradoxus, where the systolic blood pressure drops more than 10 mmHg during inspiration, is another hallmark sign of cardiac tamponade. Let's examine why the other options are less likely: A. Ischemic heart disease - While ischemic heart disease can cause chest pain and dyspnea, it typically does not present with pulsus paradoxus or cannon A waves. Additionally, ischemic heart disease usually does not elevate the jugular venous pressure. B. Dilated cardiomyopathy - This condition can cause heart failure symptoms such as dyspnea and tachypnea but does not typically cause pulsus paradoxus or cannon A waves. Elevated JVP is possible in severe cases but is not characteristic of this condition. C. Severe aortic valve stenosis - This condition would primarily present with symptoms related to left ventricular outflow obstruction, such as angina and syncope, rather than the signs of tamponade. It does not cause pulsus paradoxus or cannon A waves. D. Constrictive pericarditis - This condition can mimic some features of cardiac tamponade, including elevated JVP and pulsus paradoxus. However, constrictive pericarditis is characterized by chronic inflammation and fibrosis of the pericardium, leading to a restrictive filling pattern without the acute hemodynamic changes seen in tamponade. Cannon A waves are not typical in constrictive pericarditis. Therefore, given the clinical presentation, the most likely diagnosis is pericardial effusion with cardiac tamponade (Option E).",0.0,0.0,0.012,0.0,0.0,0.0,0.0,0.2841,0.4519,0.4879
15-year-old female presenting with delayed menarche and short stature. She does not have intellectual disability. Which of the following genetic tests would be routinely used for the diagnosis of this patient:,Which of the following genetic tests would be routinely used for the diagnosis of this patient:,"
A. Massive sequencing (NGS) 
B. FISH 
C. DNA and/or RNA microarrays 
D. Karyotype
",D,D,True,"When dealing with a 15-year-old female who presents with delayed menarche and short stature but without intellectual disability, the initial genetic test that is typically ordered is a karyotype (Option D). A karyotype provides a visual representation of an individual's chromosomes, allowing for the detection of large chromosomal abnormalities such as deletions, duplications, translocations, and sex chromosome anomalies (like Turner syndrome, which is characterized by monosomy X or structural abnormalities involving the X chromosome). - Option A (Massive sequencing (NGS)): While next-generation sequencing (NGS) can identify smaller genetic changes and mutations that might not be visible in a standard karyotype, it is generally more expensive and time-consuming than a karyotype. It is usually considered after initial screening tests like a karyotype have been performed and when there is a specific clinical indication pointing towards a need for more detailed genetic analysis. - Option B (FISH): Fluorescence in situ hybridization (FISH) is a technique that can detect specific chromosomal abnormalities, particularly useful for identifying small deletions or duplications. However, it is often used as a follow-up test to confirm findings from a karyotype rather than as a first-line diagnostic tool. - Option C (DNA and/or RNA microarrays): Microarray analysis can detect copy number variations (CNVs) across the genome, which may be relevant in cases where a karyotype is normal but there is still suspicion of a genetic cause for the symptoms. This method is more comprehensive than a karyotype but less so than NGS, and it is typically employed after a karyotype has been done and when there is a need to look for CNVs. Therefore, given the clinical presentation of delayed menarche and short stature, a karyotype (Option D) is the most appropriate initial genetic test to perform.",0.0,0.0297,0.1335,0.0712,0.0065,0.0518,0.0518,0.4523,0.5691,0.602
"A 38-year-old man consults for dyspnea and hemoptysis. Blood tests show creatinine 7 mg/dL, urea 250 mg/dL and high titer positive anti-GBM (anti-glomerular basement membrane antibodies). Renal biopsy shows crescents in 75% of the glomeruli and immunofluorescence shows a linear Ig deposition pattern. Which of the following is the correct answer?",Which of the following is the correct answer?,"
A. It is an IgA nephropathy with acute renal failure 
B. Plasmapheresis would be indicated 
C. It is a membranous glomerulonephritis 
D. Mycophenolate mofetil is the initial treatment of choice 
E. Glomerular involvement is caused by the presence of circulating immunocomplexes
",B,B,True,"The patient's presentation, including dyspnea, hemoptysis, elevated creatinine and urea levels, and the presence of high-titer anti-GBM antibodies, along with the renal biopsy findings of crescent formation and linear IgG deposition, strongly suggest Anti-GBM disease (also known as Goodpasture syndrome). Option A is incorrect because IgA nephropathy typically presents with isolated hematuria or proteinuria, not hemoptysis, and does not usually present with anti-GBM antibodies or a linear IgG deposition pattern on biopsy. Option C is incorrect because membranous glomerulonephritis is characterized by subepithelial immune deposits seen on light microscopy and electron microscopy, not by crescent formation or linear IgG deposition. Option D is incorrect because mycophenolate mofetil is generally used in conditions like lupus nephritis or post-transplant rejection, not in Anti-GBM disease. The primary treatments for Anti-GBM disease include plasmapheresis to remove circulating antibodies and immunosuppressive therapy such as cyclophosphamide. Option E is incorrect because in Anti-GBM disease, the glomerular injury is primarily due to the direct binding of anti-GBM antibodies to the glomerular basement membrane rather than circulating immune complexes. Therefore, the correct answer is B. Plasmapheresis is indicated in Anti-GBM disease to rapidly reduce the level of circulating anti-GBM antibodies, which are directly responsible for the glomerular damage observed in this condition.",0.0,0.0264,0.1727,0.0625,0.018,0.0536,0.0536,0.3834,0.4611,0.5246
"A woman comes to the office with her 3 year old daughter because she has detected a slight mammary development since 3 months without taking any medication or any relevant history. Indeed, the physical examination shows a Tanner stage IV, with no growth of pubic or axillary hair. The external genitalia are normal. Ultrasonography reveals a small uterus and radiology reveals a bone age of 3 years. What attitude should be adopted?",What attitude should be adopted?,"
A. Follow-up every 3-4 months, as this is a temporary condition that often resolves on its own 
B. Breast biopsy 
C. Mammography 
D. Administration of GnRh analogues
",A,D,False,"In this scenario, the patient presents with premature thelarche (early breast development) in a young girl without other signs of puberty such as pubic or axillary hair growth. The physical examination indicates a Tanner stage IV breast development, which is unusual for a child at this age, especially when there is no corresponding bone age advancement or other secondary sexual characteristics. The presence of a small uterus on ultrasonography suggests that this may not be due to an ovarian tumor or other endocrine disorder causing precocious puberty. Option A (Follow-up every 3-4 months, as this is a temporary condition that often resolves on its own): While it's true that some cases of isolated premature thelarche can resolve spontaneously, the presentation here is more concerning given the advanced Tanner stage and the absence of other expected pubertal changes. Therefore, a more active approach is warranted rather than just observation. Option B (Breast biopsy): This is not indicated in the case of premature thelarche unless there is suspicion of a benign or malignant lesion, which is not suggested by the clinical presentation described. Option C (Mammography): Mammography is not appropriate for a young child and would not provide useful information in this context. It is typically used for screening and diagnosis in older women. Option D (Administration of GnRH analogues): Given the advanced Tanner stage and the potential for central precocious puberty, the administration of GnRH analogues is the most appropriate next step. These medications help to suppress the pituitary-gonadal axis, thereby halting further progression of puberty and allowing time for further evaluation and management. This treatment is commonly used in cases where there is concern about premature onset of puberty, especially if there is no clear identifiable cause. Therefore, the best course of action is to administer GnRH analogues while continuing to monitor the patient closely.",0.0,0.0029,0.0126,0.0064,0.0,0.0064,0.0064,0.3815,0.5188,0.6325
"A 40-year-old woman consults for approximately 20 episodes per day of intense left periocular pain lasting 15 minutes, accompanied by intense tearing and rhinorrhea. Her examination and MRI are normal. His treatment of choice would be:",His treatment of choice would be:,"
A. Indomethacin 
B. Lamotrigine 
C. Verapamil 
D. Prednisone 
E. Lithium carbonate
",A,C,False,"The patient's symptoms suggest a diagnosis of cluster headache, which is characterized by recurrent bouts of severe unilateral orbital, supraorbital, or temporal pain, often accompanied by ipsilateral lacrimation (tearing), nasal congestion, rhinorrhea, and/or ptosis. The pain typically lasts from 15 to 180 minutes and can occur several times a day. - Indomethacin (Option A): While indomethacin can be used as an acute abortive therapy for cluster headaches, it is not typically considered the first-line treatment for chronic cluster headaches due to its gastrointestinal side effects and potential for other adverse reactions. - Lamotrigine (Option B): Lamotrigine is primarily used for epilepsy and bipolar disorder. It is not a standard treatment for cluster headaches and has no established efficacy in this condition. - Verapamil (Option C): Verapamil is the drug of choice for preventing chronic cluster headaches. It works by reducing the frequency and severity of attacks. High doses may be required, and it should be started at a low dose and gradually increased under medical supervision due to potential side effects such as bradycardia and hypotension. - Prednisone (Option D): Prednisone is sometimes used during the initial phase of a cluster headache bout to rapidly reduce inflammation and pain. However, it is not a long-term preventive treatment due to its significant side effects and the risk of dependency. - Lithium Carbonate (Option E): Lithium is occasionally used for prevention in refractory cases of cluster headaches but is generally reserved for patients who do not respond to other treatments due to its narrow therapeutic index and potential toxicity. Therefore, given the chronic nature of the patient's symptoms and the need for a preventive treatment, verapamil (Option C) is the most appropriate choice.",0.0,0.0153,0.0643,0.0279,0.007,0.0279,0.0279,0.3803,0.487,0.5535
A 6-year-old boy comes to the clinic accompanied by the monitor of a day care center in our neighborhood because of a painful lump 3 cm in diameter on palpation in the right occipital area of the scalp. He suffers from alopecia in this area and 3 adenomegalies of quite hard consistency in the right posterior cervical region. What would be the most appropriate treatment?,What would be the most appropriate treatment?,"
A. Incision and drainage 
B. Topical Mupirocin 
C. Griseofulvin orally 
D. Intravenous cefazolin 
E. Topical Ketoconazole
",C,D,False,"Given the clinical presentation of a painful lump on the scalp with alopecia and adenomegaly in the right posterior cervical region, the scenario suggests a possible bacterial infection, such as a subcutaneous abscess or cellulitis, rather than a fungal infection. The presence of adenomegaly (enlarged lymph nodes) indicates that the body is mounting an immune response to an infection, which is more characteristic of a bacterial process than a fungal one. - Option A (Incision and Drainage): While incision and drainage might be necessary if there is a confirmed abscess, it is not the first-line treatment for suspected bacterial infections without definitive evidence of an abscess. - Option B (Topical Mupirocin): This is an antibiotic ointment used primarily for superficial skin infections like impetigo. It is not effective for deeper tissue infections or systemic symptoms like lymphadenopathy. - Option C (Griseofulvin orally): This is an antifungal medication used for treating fungal infections of the skin, hair, and nails. Given the clinical presentation, a fungal cause seems less likely compared to a bacterial one. - Option D (Intravenous cefazolin): This is a broad-spectrum antibiotic that can cover many common bacteria causing skin and soft tissue infections. Given the systemic signs (lymphadenopathy), intravenous antibiotics are warranted to ensure adequate coverage and rapid resolution of the infection. - Option E (Topical Ketoconazole): Similar to mupirocin, ketoconazole is an antifungal agent and would not be indicated for a suspected bacterial infection. Therefore, the most appropriate initial treatment based on the described symptoms would be intravenous cefazolin, as it provides broad-spectrum coverage against likely pathogens and addresses the systemic nature of the infection.",0.0,0.0194,0.1338,0.044,0.0221,0.044,0.044,0.3933,0.5362,0.632
"A 70-year-old woman with a history of anorexia, weight loss, discomfort in the muscles and proximal joints and pain in the temporomandibular region who comes to the emergency department for unilateral loss of vision (hand movement), sudden and painless onset (afferent pupillary defect).what test would you request first for diagnostic purposes?",what test would you request first for diagnostic purposes?,"
A. Lumbar puncture 
B. C Reactive Protein 
C. Magnetic resonance angiography 
D. Carotid ultrasound
",B,D,False,"Given the patient's symptoms, including unilateral loss of vision, sudden onset, and afferent pupillary defect, the most likely diagnosis is a carotid artery occlusion or dissection. The afferent pupillary defect (Marcus Gunn pupil) suggests an ischemic event affecting one optic nerve, leading to a relative afferent pupillary defect on the affected side. This condition requires urgent evaluation to prevent further neurological damage. Option A (Lumbar puncture): While lumbar puncture can be useful in diagnosing conditions such as meningitis or subarachnoid hemorrhage, it is not the first-line investigation for a suspected carotid artery issue causing visual loss. Option B (C Reactive Protein): This test measures inflammation but does not directly address the vascular issue that is likely responsible for the patient's symptoms. It may be useful in assessing systemic inflammation but is not specific enough for this clinical scenario. Option C (Magnetic Resonance Angiography): This imaging modality could indeed show arterial occlusions or stenosis, but it is more time-consuming than a carotid ultrasound and might not be the first choice when immediate intervention is needed. Option D (Carotid Ultrasound): This is the most appropriate initial test because it is non-invasive, readily available, and can quickly identify carotid artery stenosis or dissection, which are common causes of sudden monocular blindness. If significant narrowing or occlusion is found, further management can be initiated promptly, potentially preventing permanent vision loss. Therefore, the correct answer is D, as it provides rapid and relevant information about the potential cause of the patient's symptoms.",0.0,0.0105,0.0397,0.0229,0.0,0.0153,0.0153,0.4309,0.5643,0.611
"In a patient diagnosed with epilepsy who presents with episodes of unresponsiveness to external stimuli, irregular movements of all four limbs, closed eyes, crying and pelvic movements, lasting five to twenty seconds and unresponsive to treatment with antiepileptic drugs, which complementary study is most likely to clarify the diagnosis?","In a patient diagnosed with epilepsy who presents with episodes of unresponsiveness to external stimuli, irregular movements of all four limbs, closed eyes, crying and pelvic movements, lasting five to twenty seconds and unresponsive to treatment with antiepileptic drugs, which complementary study is most likely to clarify the diagnosis?","
A. Video-EEG monitoring for diagnosis of pseudocrisis (psychogenic seizures) 
B. Holter ECG for diagnosis of arrhythmic heart disease 
C. Routine EEG to diagnose the type of epilepsy (generalized or foc) 
D. Brain MRI to detect epileptogenic lesions (cortical dysplasia, tumor, medial temporal sclerosis) 
E. Determine capillary blood glucose for diagnosis of hypoglycemia
",A,D,False,"Given the clinical presentation of the patient with episodes of unresponsiveness, irregular limb movements, closed eyes, crying, and pelvic movements, lasting between five to twenty seconds, and unresponsiveness to antiepileptic drug treatment, the most appropriate diagnostic step would be a brain MRI to detect potential epileptogenic lesions such as cortical dysplasia, tumors, or medial temporal sclerosis. This is because these structural abnormalities can cause focal epilepsy that may not respond well to standard antiepileptic medications. Option A (Video-EEG monitoring for diagnosis of pseudocrisis (psychogenic seizures)) is less likely to be the first choice here since the symptoms described suggest a neurological rather than a psychological origin. While video-EEG is crucial in diagnosing epilepsy, it is more useful when there is uncertainty about whether the events are truly epileptic or if they could be psychogenic non-epileptic seizures. However, given the specific nature of the symptoms and their duration, a structural lesion seems more probable. Option B (Holter ECG for diagnosis of arrhythmic heart disease) is not relevant in this case as the symptoms do not point towards cardiac issues but rather neurological ones. Option C (Routine EEG to diagnose the type of epilepsy (generalized or foc)) might help in understanding the type of epilepsy, but it does not address the underlying cause if there is one. An EEG can show patterns consistent with epilepsy but cannot identify structural causes like tumors or other lesions. Option E (Determine capillary blood glucose for diagnosis of hypoglycemia) is also unlikely to be the primary issue here, as the symptoms do not suggest hypoglycemia as the main cause. While hypoglycemia can cause altered mental status, the combination of movements and specific behaviors described is more indicative of an epileptic event. Therefore, the most appropriate next step in clarifying the diagnosis would be a brain MRI to look for any structural abnormalities that could be causing the seizures.",0.0172,0.1083,0.3153,0.1868,0.0939,0.1484,0.1484,0.5915,0.5782,0.7965
"2-year-old boy. His personal history includes 3 episodes of acute otitis media, 1 meningococcal meningitis and 2 pneumonias (one middle lobe and one left upper lobe). She has been admitted on 3 occasions for thrombopenic purpura (on three occasions antiplatelet antibodies were negative and bone marrow showed normal megakaryocytes). Several males of the maternal family had died in childhood due to infectious processes. Physical examination showed lesions typical of atopic dermatitis. The immunological study showed a slight decrease in T-lymphocyte subpopulations; elevated IgA and IgE; decreased IgM and IgG at the lower limit of normal. What is the most likely diagnosis?",What is the most likely diagnosis?,"
A. Wiskott-Aldrich syndrome 
B. Hyper IgE syndrome 
C. Transient hypogammaglobulinemia of childhood 
D. X-linked severe combined immunodeficiency 
E. Common variable immunodeficiency
",D,A,False,"Wiskott-Aldrich syndrome (WAS) is a rare X-linked recessive disorder characterized by eczema, thrombocytopenia, and recurrent infections. The clinical presentation of the patient described aligns well with this condition: 1. Recurrent Infections: The patient has a history of multiple infections including acute otitis media, meningococcal meningitis, and pneumonias. Recurrent infections are a hallmark of WAS due to immune system dysfunction. 2. Thrombocytopenia: The patient has been admitted three times for thrombopenic purpura, which is a common feature of WAS. Thrombocytopenia in WAS is often associated with small platelets, but the presence of negative antiplatelet antibodies and normal megakaryocytes does not rule out the diagnosis as these findings can vary among patients. 3. Atopic Dermatitis: The physical examination showing lesions typical of atopic dermatitis is consistent with WAS, as many patients with this syndrome develop eczema. 4. Immunological Findings: The immunological profile shows a slight decrease in T-lymphocyte subpopulations, elevated IgA and IgE, and decreased IgM and IgG at the lower limit of normal. This pattern is seen in WAS, where there is a defect in T-cell function and B-cell antibody production leading to a mixed immunodeficiency state. 5. Family History: The mention of several males in the maternal family dying in childhood due to infectious processes suggests an X-linked inheritance pattern, which is characteristic of WAS. Let's briefly discuss why other options are less likely: - Hyper IgE Syndrome (Option B): While it involves elevated IgE levels and recurrent infections, it typically presents with very high IgE levels and eczema, but not the thrombocytopenia and specific immunological profile seen here. - Transient Hypogammaglobulinemia of Childhood (Option C): This condition usually resolves spontaneously by age 3-5 years and does not present with thrombocytopenia or significant T-cell abnormalities. - X-linked Severe Combined Immunodeficiency (Option D): This condition would present with more profound immunodeficiency, including severe reductions in both T and B cell numbers and function, and would not typically show the specific immunoglobulin profile described. - Common Variable Immunodeficiency (Option E): Typically occurs later in life and does not include the thrombocytopenia or the specific pattern of lymphocyte subpopulation changes seen in this case. Therefore, based on the clinical and laboratory findings, Wiskott-Aldrich syndrome is the most likely diagnosis.",0.0047,0.0118,0.1023,0.0264,0.0212,0.0264,0.0264,0.3733,0.5272,0.6642
"We are consulted to assess an 83-year-old woman admitted to the Trauma service for a hip fracture 6 hours ago. She has AP of hypertension, LBP, moderate dementia and lives in a nursing home. Her usual treatment is thiazide, atorvastatin, donepezil, Calcium and vitamin D. EF: Confused patient, pulse 90 bpm, respiratory rate 20 rpm, T art 170/88, jugular venous pressure normal. The CBC and chest X-ray are normal and the ECG shows sinus rhythm without ischemic alterations. Which of the following is the most correct therapeutic approach?",Which of the following is the most correct therapeutic approach?,"
A. Delay surgery until the confusional picture has disappeared 
B. Delay surgery and perform an echocardiogram 
C. Delay surgery until good blood pressure control 
D. Start a beta-blocker and initiate surgery 
E. Perform closed osteosynthesis, avoiding in any case the implantation of prosthesis
",D,C,False,"Option A (Delay surgery until the confusional picture has disappeared) - While confusion can be a significant issue in elderly patients, especially those with pre-existing cognitive impairment, it is not necessarily a contraindication for surgery. However, managing hypertension is more critical as uncontrolled blood pressure can lead to complications such as stroke or myocardial infarction, which could be life-threatening. Option B (Delay surgery and perform an echocardiogram) - An echocardiogram would be useful if there were specific concerns about cardiac function or structure that might affect surgical risk. However, given that the ECG shows sinus rhythm without ischemic changes and the patient's EF (ejection fraction) is not mentioned as being compromised, this test may not be immediately necessary unless there are additional clinical signs suggesting heart issues. Option C (Delay surgery until good blood pressure control) - This is the most appropriate choice because the patient's blood pressure (170/88 mmHg) is elevated, which increases the risk of perioperative cardiovascular events. Controlling hypertension before surgery can reduce these risks significantly. Given her history of hypertension and current elevated blood pressure, delaying surgery to achieve better blood pressure control is prudent. Option D (Start a beta-blocker and initiate surgery) - Starting a beta-blocker alone might not be sufficient to manage the patient’s hypertension effectively, especially considering the urgency of the hip fracture repair. Beta-blockers take time to reach their full effect, and adding them without other antihypertensive measures might not adequately control blood pressure in the short term. Option E (Perform closed osteosynthesis, avoiding in any case the implantation of prosthesis) - Closed osteosynthesis (internal fixation with plates and screws) is generally preferred over conservative management in hip fractures due to its superior outcomes in terms of pain relief, mobility, and reduced risk of complications compared to non-surgical treatments. Avoiding prosthesis implantation unnecessarily limits the options for optimal treatment. Therefore, the best course of action is to delay surgery until the patient's blood pressure is well-controlled, ensuring a safer surgical environment and reducing the risk of perioperative complications.",0.0,0.0131,0.0725,0.034,0.0171,0.0283,0.0283,0.4382,0.5375,0.5799
A 40-year-old woman consults because she has noticed a lump in the superoexternal quadrant of the right breast for the past month. She provides a mammography report describing a BIRADS 3 lesion. What is the best course of action?,What is the best course of action?,"
A. Reassure him, since an imaging test has already been done and malignancy has been ruled out 
B. This classification probably implies surgery since the probability of cancer is greater than 10%. He explains it to you and refers you preferentially to the Breast Unit 
C. This is a probably benign finding, since there is less than a 2% chance of cancer. He explains that it requires follow-up every 6-12 months until 24 months or a biopsy 
D. The findings are of low suspicion of cancer (between 2 and 10 %) but a biopsy is necessary
",C,C,True,"The BIRADS (Breast Imaging-Reporting and Data System) classification system is used to categorize the likelihood of malignancy based on mammographic findings. A BIRADS 3 classification indicates a benign finding with a very low probability of malignancy (less than 2%). Given this information, the appropriate course of action would be to reassure the patient about the low risk of cancer while emphasizing the need for regular follow-up examinations to monitor the lesion over time. Typically, a BIRADS 3 lesion requires follow-up imaging at intervals of 6 to 12 months for up to two years, or until the lesion can be reclassified as BIRADS 2 (benign finding), which does not require further follow-up. Option A is incorrect because although a BIRADS 3 classification suggests a low likelihood of malignancy, it does not completely rule out cancer. Therefore, reassurance alone without a plan for follow-up is not sufficient. Option B is incorrect because a BIRADS 3 classification specifically denotes a low probability of malignancy (less than 2%), not a probability greater than 10%, which would warrant more immediate intervention such as surgery. Option D is incorrect because while a BIRADS 4 classification (which includes subcategories 4A, 4B, and 4C) would indicate a moderate suspicion of cancer (between 2 and 95%), a BIRADS 3 classification does not fall into this category. Thus, a biopsy is generally not required for a BIRADS 3 lesion unless there are other clinical indications that suggest otherwise.",0.0,0.0182,0.072,0.04,0.0161,0.04,0.04,0.4195,0.5169,0.6141
An immunodeficient patient who presents a pneumonia with meniscus halo sign or crescentic contour on chest X-ray/CT suggests infection by a microorganism:,An immunodeficient patient who presents a pneumonia with meniscus halo sign or crescentic contour on chest X-ray/CT suggests infection by a microorganism:,"
A. Staphylococcus aureus 
B. Streptococcus pneumoniae 
C. Candida albicans 
D. Pseudomonas aeruginosa 
E. Aspergillus fumigatus
",E,E,True,"The meniscus halo sign or crescentic contour observed in the imaging of an immunocompromised patient with pneumonia is highly indicative of an infection caused by Aspergillus fumigatus. This radiographic finding is known as the ""halo sign"" and is characteristic of invasive pulmonary aspergillosis (IPA). It appears as a crescent-shaped area of low density surrounding a nodule or infiltrate, representing an area of hemorrhage or necrosis surrounded by an inflammatory reaction. - Staphylococcus aureus typically causes cavitary lesions or abscesses rather than the halo sign. - Streptococcus pneumoniae usually results in lobar consolidation without the specific halo sign. - Candida albicans can cause pneumonia in immunocompromised patients but does not typically present with the halo sign; it may show nodular opacities or ground-glass opacities. - Pseudomonas aeruginosa infections in the lungs often appear as multifocal areas of consolidation, cavitation, or nodules, but they do not usually present with the halo sign. Therefore, among the given options, Aspergillus fumigatus is the most likely causative agent for pneumonia presenting with the meniscus halo sign in an immunocompromised patient.",0.0157,0.067,0.2783,0.1421,0.0513,0.0914,0.0914,0.5267,0.6352,0.7815
"A 45-year-old man consults for a productive cough, pleuritic pain in the right flank and fever of 48 h of evolution. He has a baseline O2 saturation of 88% and rales in the right base. Chest X-ray shows a right basal consolidation. She has a history of HIV infection well controlled with antiretroviral drugs (CD4 lymphocytes 550 ce/uL and undetectable HIV viral load). Which of the following empirical antimicrobial treatments do you consider most appropriate?",Which of the following empirical antimicrobial treatments do you consider most appropriate?,"
A. Cefiriaxone 2 g and azithromycin 500 mg every 24 hours 
B. Cefiriaxone 2 g, azithrornicin 500 mg every 24 h and trimethoprim-sulfamethoxazole 5 mg/kg/8 h (based on trimethoprim doses) 
C. Methyl-prednisolone 40 mg/day, cefiriaxone 2 g IV 124 h and trimethoprim-sulfamethoxazole 5 mg/kg/8 h (based on trimethoprim doses) 
D. Meropenem I g/8 h and vancomycin I g/l2 h
",A,B,False,"Given the patient's presentation of a productive cough, pleuritic pain, fever, and a chest X-ray showing right basal consolidation, along with a history of HIV infection (though well-controlled), the clinical scenario suggests a possible pneumonia. The patient's low oxygen saturation and rales in the right base further support this diagnosis. Option A (Ceftriaxone 2 g and azithromycin 500 mg every 24 hours): This combination covers many common bacterial causes of pneumonia but does not specifically address potential opportunistic infections that could be more prevalent in immunocompromised patients, such as Pneumocystis jirovecii pneumonia (PCP). Option B (Ceftriaxone 2 g, azithromycin 500 mg every 24 h and trimethoprim-sulfamethoxazole 5 mg/kg/8 h): This option is the most comprehensive. It includes broad-spectrum antibiotics (ceftriaxone and azithromycin) to cover typical bacterial pathogens while also adding trimethoprim-sulfamethoxazole, which is effective against Pneumocystis jirovecii, an important consideration given the patient's HIV status, even if it is well-controlled. This approach ensures coverage for both community-acquired pneumonia and potential opportunistic infections. Option C (Methylprednisolone 40 mg/day, ceftriaxone 2 g IV 124 h and trimethoprim-sulfamethoxazole 5 mg/kg/8 h): While this option includes the necessary antibiotic coverage, the addition of methylprednisolone is inappropriate without evidence of an inflammatory condition requiring corticosteroids. Corticosteroids can suppress the immune response and should not be used empirically in this setting unless there is a specific indication like severe hypoxemia due to an inflammatory process. Option D (Meropenem 1 g/8 h and vancomycin 1 g/12 h): This option provides broad-spectrum coverage but is overly aggressive and unnecessary for a patient with HIV who does not have signs of severe sepsis or MRSA infection. It would be more appropriate for a patient with suspected multi-drug resistant organisms or severe pneumonia. Therefore, Option B is the most appropriate empirical treatment, providing broad-spectrum coverage while also addressing the risk of opportunistic infections associated with HIV.",0.0,0.0138,0.1245,0.0354,0.0059,0.0295,0.0295,0.4037,0.5547,0.6423
"A 70-year-old woman, diabetic and hypertensive, who suffers a fall at home, presenting a 9 cm wound communicating with a fracture site of the right tibia. Radiographically, a short oblique fracture of the mid-distal third of the tibia was observed. An emergency operation was performed by cleaning (Friederich) and placement of an endomedullary steel-plated nail. At 11 months he presents with atrophic pseudarthrosis of the tibia with suppuration in the wound area. What will be his best immediate therapeutic option?",What will be his best immediate therapeutic option?,"
A. Triple antibiotherapy (gram-positive, gram-negative and anaerobic) and cleaning of the surgical wound, removing the distal locks to promote bone consolidation 
B. Expectant attitude and antibiotic treatment with quinolones 
C. Autologous graft and growth factors (BMP 2 and 7) to stimulate the bone consolidation process, which is slowing 
D. Removal of the nail, debridement, placement of external fixator and antibiotherapy adjusted to culture results
",D,D,True,"Option A: While triple antibiotherapy and cleaning of the surgical wound are important steps in managing an infected nonunion, simply removing the distal locks may not be sufficient to address the complex issue of atrophic pseudarthrosis. The presence of a persistent infection and the need for bone healing require more aggressive intervention than just lock removal. Option B: An expectant attitude with antibiotic treatment alone is insufficient for this case. Given the patient's history of diabetes, hypertension, and the current state of atrophic pseudarthrosis with suppuration, conservative management is unlikely to lead to successful bone healing. Quinolone antibiotics, while effective against many bacteria, might not cover all pathogens present in the wound, especially if there is a mixed infection. Option C: Although autologous grafting and the use of growth factors can be beneficial in promoting bone healing, they are typically used after thorough debridement and control of infection. In the presence of ongoing infection, these measures would likely fail due to the hostile environment that inhibits bone formation. Option D: This option addresses the multifaceted problem comprehensively. Removing the nail helps eliminate a potential source of infection and mechanical irritation. Debridement is crucial to remove necrotic tissue and reduce bacterial load. Placing an external fixator provides stability while allowing for continued wound care and monitoring of infection. Adjusting antibiotherapy based on culture results ensures targeted treatment against the specific pathogens causing the infection. This approach aims to create conditions favorable for bone healing once the infection is under control. Therefore, the best immediate therapeutic option is D, as it directly addresses the infection, provides necessary stability, and allows for appropriate antibiotic therapy tailored to the specific pathogens involved.",0.0033,0.0162,0.1238,0.0348,0.0211,0.0348,0.0348,0.4434,0.5727,0.6334
A 14-year-old female patient in good general condition presents since 4 days ago a very pruritic generalized cutaneous eruption formed by erythematous-edematous plaques between 2 and 15 cm in diameter without desquamation with a tendency to acquire an annular morphology that individually disappear in less than 24 hours. The mucous membranes are respected. Your first diagnostic impression would be:,Your first diagnostic impression would be:,"
A. Urticaria 
B. Rubella 
C. Toxicoderma 
D. Staphylococcal toxic shock 
E. Scabies
",A,A,True,"Urticaria, commonly known as hives, is characterized by transient, itchy wheals (swellings) on the skin that can vary in size from small spots to large confluent areas. The description of the patient's symptoms—pruritic (itchy), erythematous-edematous plaques that range from 2 to 15 cm in diameter, tend to form an annular (ring-like) pattern, and resolve within 24 hours—strongly aligns with urticaria. Additionally, the absence of desquamation (peeling of the skin) and involvement of mucous membranes further supports this diagnosis. Option B, Rubella, is incorrect because it typically presents with a fine, pink rash that starts on the face and spreads downward, often accompanied by lymphadenopathy (enlarged lymph nodes) and fever. It does not usually present with intensely itchy lesions that resolve quickly. Option C, Toxicoderma, is a broad term for skin reactions caused by toxins but does not specifically describe the rapid resolution and characteristic appearance of the lesions seen here. Option D, Staphylococcal toxic shock, involves a severe systemic illness with high fever, hypotension, and a diffuse erythroderma (redness of the skin). It also includes multi-organ failure and does not match the localized, rapidly resolving nature of the described lesions. Option E, Scabies, causes intense itching and a papular rash, particularly in intertriginous areas (folds of the skin), but it does not typically cause rapidly resolving annular plaques of the described size and duration. Moreover, scabies often affects the hands, feet, and genitalia more prominently. Therefore, based on the clinical presentation provided, urticaria is the most likely diagnosis.",0.0,0.0,0.0412,0.0,0.0,0.0,0.0,0.3169,0.4241,0.5244
"A 34-year-old woman is admitted for polyuria and polydipsia. In the first 24 hours of admission a diuresis of 8.2 liters is found and a blood test shows a glycemia of 96 mg/dL, natremia of 148 mEq/L and plasma osmolality of 309 mOsm/kg with urinary osmolality of 89 mOsmlkg. What diagnostic test should be performed next?",What diagnostic test should be performed next?,"
A. Hypertonic saline infusion test for serial determination of antidiuretic hormone 
B. Dehydration test (Miller test) 
C. Administration of desmopressin with serial monitoring of urine osmolality 
D. Determination of antidiuretic hormone in plasma
",C,C,True,"Given the patient's symptoms of polyuria and polydipsia, along with the laboratory findings of high urinary output (diuresis of 8.2 liters in 24 hours), hypernatremia (sodium level of 148 mEq/L), and an elevated plasma osmolality (309 mOsm/kg) compared to low urinary osmolality (89 mOsm/kg), the clinical picture suggests a diagnosis of diabetes insipidus. Diabetes insipidus is characterized by the inability of the kidneys to concentrate urine, leading to excessive production of dilute urine despite adequate fluid intake. Option A (Hypertonic saline infusion test for serial determination of antidiuretic hormone): This test is used to assess the body's response to increased osmolality, which can help determine if the body is capable of producing ADH appropriately. However, it does not directly differentiate between central and nephrogenic diabetes insipidus, making it less specific for this case. Option B (Dehydration test (Miller test)): This test involves dehydrating the patient to see if they develop signs of dehydration while still producing large volumes of dilute urine. While it can confirm diabetes insipidus, it is more invasive and potentially dangerous due to the risk of severe dehydration, especially when the cause is already suspected to be diabetes insipidus. Option C (Administration of desmopressin with serial monitoring of urine osmolality): Desmopressin is a synthetic analog of vasopressin (antidiuretic hormone). Administering desmopressin and then measuring urine osmolality can distinguish between central and nephrogenic diabetes insipidus. If the urine becomes concentrated after administration, it indicates that the kidneys can respond to ADH, suggesting central diabetes insipidus. If there is no change in urine concentration, it suggests nephrogenic diabetes insipidus where the kidneys do not respond to ADH. Option D (Determination of antidiuretic hormone in plasma): Measuring plasma ADH levels alone may not be sufficient to diagnose diabetes insipidus because ADH levels can be normal or even elevated in both central and nephrogenic diabetes insipidus. The key is to understand how the kidneys respond to ADH, which is better assessed through functional tests like the desmopressin challenge. Therefore, the most appropriate next step is to administer desmopressin and monitor urine osmolality to determine the type of diabetes insipidus present.",0.0,0.0074,0.0421,0.0166,0.0,0.0166,0.0166,0.3859,0.5323,0.6297
"A 52-year-old woman consulted because she had noticed during the previous week a yellowish discoloration of the conjunctivae. She does not refer to risky sexual behaviors or epidemiological history of risk of viral hepatitis. She does not consume alcohol or hepatotoxic drugs. She reports a one-year history of generalized pruritus, asthenia, dry mouth and absence of lacrimation with no known cause. Rest of the anamnesis without pathological data. Physical examination showed scratching lesions, conjunctival jaundice and non-painful hepatomegaly. The patient brings a blood test carried out in his company with the following pathological results: Bilirubin 3 mg/dl, FA 400 UI/ VSG 40mm 1 hour. Indicate which would be the best recommendation to establish the etiological diagnosis of the patient's condition:",Indicate which would be the best recommendation to establish the etiological diagnosis of the patient's condition:,"
A. Anti-mitochondrial antibodies 
B. Study of Fe metabolism 
C. Study of copper metabolism 
D. Hepatic MRI 
E. Serology for B and C viruses
",A,E,False,"Given the patient's symptoms and laboratory findings, the most likely scenario is a liver disorder that could be either viral (hepatitis B or C) or another form of chronic liver disease. The patient has jaundice, hepatomegaly, and elevated bilirubin levels, all of which suggest liver dysfunction. However, since the patient denies any history of risky sexual behavior or exposure to viral hepatitis, it is still important to rule out both hepatitis B and C as potential causes due to their high prevalence and the possibility of asymptomatic carriage. Option A (Anti-mitochondrial antibodies): This test is specific for primary biliary cholangitis (PBC), an autoimmune disease that can present with similar symptoms such as pruritus and jaundice. While this is a possibility, it is less likely given the lack of other typical PBC symptoms like xerostomia (dry mouth) and sicca syndrome (absence of lacrimation). Option B (Study of Fe metabolism): This would be relevant if there was suspicion of hemochromatosis, a genetic disorder leading to iron overload. However, the patient's symptoms do not specifically point towards this condition, and there are no other indicators such as skin pigmentation changes or joint pain. Option C (Study of copper metabolism): Wilson's disease, a disorder of copper metabolism, can also present with liver dysfunction and neurological symptoms. However, the patient's presentation does not strongly suggest this condition, and there are no signs of Kayser-Fleischer rings or neuropsychiatric symptoms. Option D (Hepatic MRI): While imaging studies can provide information about liver structure and morphology, they do not directly help in establishing the etiology of liver dysfunction. An MRI might be useful later in the diagnostic process but is not the first-line investigation when trying to determine the cause of liver dysfunction. Option E (Serology for B and C viruses): Given the patient's symptoms and lab results, testing for hepatitis B and C is crucial. These viral infections are common causes of chronic liver disease and can lead to jaundice and hepatomegaly. Since the patient has no known risk factors for these conditions, ruling them out is essential before considering other diagnoses. Therefore, the best initial step to establish the etiological diagnosis is to perform serology for hepatitis B and C viruses.",0.0048,0.0355,0.1683,0.0769,0.0412,0.0513,0.0513,0.4606,0.5804,0.6625
20-year-old patient who comes to the emergency department after suffering a bicycle accident with facial trauma. A cranial CT scan was performed showing a fracture of the middle third of the face involving the orbito-malar region. One of the most frequent complications of this type of fracture is:,One of the most frequent complications of this type of fracture is:,"
A. Temporomandibular ankylosis 
B. Dental malocclusion 
C. Naso-ethmoidal pseudoarthrosis 
D. Enophthalmos
",D,D,True,"In the context of a fracture involving the orbito-malar region (which includes the zygomatic arch, zygomatic bone, and orbital floor), one of the most frequent complications is enophthalmos, which is the posterior displacement of the eye within the orbit. This can occur due to the loss of support from the fractured bones that normally help maintain the position of the eye. A. Temporomandibular ankylosis refers to a condition where there is a fusion between the temporal bone and the mandible, leading to restricted mouth opening. While it can be associated with maxillofacial fractures, it is not specifically linked to fractures in the orbito-malar region. B. Dental malocclusion can result from fractures affecting the maxilla or mandible, but it is not a common complication of fractures limited to the orbito-malar region. C. Naso-ethmoidal pseudoarthrosis involves nonunion of fractures in the nasal and ethmoid regions, which are parts of the anterior skull base. This is not typically associated with fractures in the orbito-malar region. Therefore, among the given options, enophthalmos (D) is the most frequent complication related to fractures involving the orbito-malar region.",0.0099,0.0437,0.2139,0.1106,0.0508,0.1005,0.1005,0.4601,0.5625,0.6587
"A 73-year-old woman with a history of obesity, type 2 diabetes mellitus, hypertension and dyslipidemia. She consults for unbearable pain in the right knee of 5 days of evolution, without previous trauma. Examination: globular knee, moderate varus, extension and flexion limited by pain, diffuse medial pain. X-ray shows osteophytes and mild impingement of the medial interlining. What would be his initial management?",What would be his initial management?,"
A. Explanation of the diagnosis, relative rest, paracetamol 1g/8h plus metamizol 500 mg/ 8 h rescue naproxen 
B. Preferential referral to Traumatology outpatients for evaluation of total cemented prosthesis 
C. Preferential referral to Traumatology outpatient clinic for arthroscopic debridement 
D. Preferred MRI request for evaluation of meniscopathy, Baker's cyst and/or tendinitis
",A,A,True,"Option A is the most appropriate initial management for this patient. Given her age, comorbidities (obesity, type 2 diabetes mellitus, hypertension, and dyslipidemia), and the clinical presentation of chronic knee pain without a history of trauma, the most likely diagnosis is osteoarthritis (OA) of the knee. The x-ray findings of osteophytes and mild impingement of the medial interlining support this diagnosis. Initial management should focus on conservative measures, including patient education about the condition, relative rest to avoid exacerbating symptoms, and pharmacological treatment to manage pain. Paracetamol is a first-line analgesic, while naproxen can be used as an additional rescue medication due to its anti-inflammatory properties. Metamizol is also an effective analgesic that can be used in combination with paracetamol when needed. Option B is not appropriate at this stage because the patient does not have severe functional impairment or pain unresponsive to conservative treatments that would warrant immediate consideration of a total knee replacement. Total knee arthroplasty is typically considered after failure of non-surgical treatments and when the patient has significant disability affecting quality of life. Option C is premature for this patient. Arthroscopic debridement is a surgical intervention that may be considered in certain cases of knee OA but is generally reserved for patients who have failed conservative management and have specific intra-articular pathology such as loose bodies or meniscal tears. This patient’s symptoms are more consistent with generalized OA rather than a specific intra-articular issue that would necessitate arthroscopy. Option D involves requesting an MRI, which might be useful to rule out other conditions like meniscus tear or tendonitis, but it is not the first step in managing a patient with clear signs of OA. An MRI is usually requested if there is uncertainty about the diagnosis or if there are specific clinical findings suggesting another condition that requires further investigation. Given the clear clinical picture and radiographic evidence of OA, starting with conservative management and reassessment is more appropriate before considering advanced imaging.",0.0,0.0112,0.0473,0.0235,0.0059,0.0176,0.0176,0.3452,0.4817,0.6125
"A 25-year-old man with no past history of interest presents to the emergency department with fever, headache, myalgia, nausea, vomiting, abdominal pain, jaundice and conjunctival injection, 2 weeks after traveling to Thailand to participate in a freshwater regatta. What is the most likely diagnosis?",What is the most likely diagnosis?,"
A. Malaria 
B. Schistosomiasis 
C. Leptospirosis 
D. Rabies
",C,C,True,"Leptospirosis is a zoonotic disease caused by spirochetes of the genus Leptospira. It is often contracted through contact with water contaminated with urine from infected animals, such as rats, which can occur during activities like swimming or boating in freshwater bodies where these animals reside. The patient's symptoms—fever, headache, myalgia (muscle pain), nausea, vomiting, abdominal pain, jaundice, and conjunctival injection—are consistent with leptospirosis. Additionally, the patient's recent travel to Thailand and participation in a freshwater regatta significantly increase the likelihood of contracting this disease due to potential exposure to contaminated water. Option A (Malaria) is less likely because malaria typically presents with fever, chills, and flu-like symptoms but does not usually include conjunctival injection or jaundice as prominent features. While it is possible to contract malaria in Thailand, the specific combination of symptoms and the context of freshwater exposure make leptospirosis more probable. Option B (Schistosomiasis) is also less likely given that schistosomiasis is primarily associated with exposure to freshwater snails and involves different clinical presentations, particularly involving the urinary tract and intestines, rather than the systemic symptoms described here. Option D (Rabies) is highly unlikely as rabies is transmitted through the bite of an infected animal and has a very different clinical presentation, including hydrophobia (fear of water) and neurological symptoms, which do not match the patient's symptoms. Therefore, based on the patient's symptoms and the context of freshwater exposure, leptospirosis is the most likely diagnosis.",0.0074,0.0182,0.1456,0.04,0.0323,0.04,0.04,0.4176,0.5367,0.6623
"A 64-year-old patient, farmer, former smoker (5 years), COPD and afflicted with rheumatoid arthritis on corticosteroid therapy. He consults the emergency department for presenting intense headache of 2 days of evolution with deviation of the oral commissure. As background, he reports that after a month of influenza, he persists with cough, purulent and occasionally hemoptotic expectoration, febrile fever, anorexia, asthenia and weight loss. On arrival, the patient had a fever of 38.2ºC, multiple skin abscesses on the hands, back and buttocks (some with fistulous tracts) and right central facial paralysis, apical infiltrates with small associated pleural effusion on chest X-ray and leukocytosis with neutrophilia. Among the following suspected diagnoses I would consider MOST likely:",Among the following suspected diagnoses I would consider MOST likely:,"
A. Lung neoplasm with brain metastases 
B. Disseminated tuberculosis 
C. Nocardiosis 
D. Aspergillosis
",D,C,False,"Given the patient's clinical presentation and medical history, nocardiosis stands out as the most likely diagnosis among the options provided. Here’s a detailed breakdown of why this is the case and why the other options are less likely: 1. Nocardiosis: - The patient has a history of chronic respiratory conditions (COPD) and immunosuppression due to corticosteroid therapy for rheumatoid arthritis. - The presence of multiple skin abscesses with fistulous tracts, fever, and neurological symptoms (facial paralysis) are characteristic of disseminated nocardiosis. - Nocardiosis can present with pulmonary involvement, which aligns with the patient's recent history of influenza followed by persistent cough, purulent sputum, and pleural effusion. - The patient's immunocompromised state makes him more susceptible to opportunistic infections like nocardiosis. 2. Lung Neoplasm with Brain Metastases (Option A): - While lung cancer with brain metastasis could explain the neurological symptoms, it does not account for the skin abscesses and the specific pattern of pulmonary infiltrates seen in this patient. - Additionally, the patient's history of COPD and recent flu-like illness make a primary lung infection more plausible than a malignancy at this stage. 3. Disseminated Tuberculosis (Option B): - Although tuberculosis can cause similar systemic symptoms and pulmonary infiltrates, the presence of multiple skin abscesses with fistulous tracts is not typical for TB. - The patient's recent history of influenza and subsequent respiratory symptoms suggest a more acute process rather than the chronic nature often seen in tuberculosis. 4. Aspergillosis (Option D): - Aspergillosis can cause pulmonary infiltrates and pleural effusions, but the neurological symptoms and skin abscesses are less commonly associated with this condition. - The patient's immunocompromised state increases the risk of invasive aspergillosis, but the combination of symptoms points more towards nocardiosis. In conclusion, the combination of immunosuppression, chronic respiratory disease, neurological symptoms, and cutaneous manifestations strongly suggests nocardiosis as the most likely diagnosis.",0.0,0.0085,0.1043,0.0254,0.0128,0.0254,0.0254,0.3722,0.4974,0.6263
"68-year-old woman, with a history of 2 major depressive episodes in her lifetime, who consults for symptoms of sadness, depressed mood, anhedonia, asthenia and anorexia compatible with a new depressive episode. She was prescribed 10 mg of escitalopram and was evaluated 2 weeks later. In this review the patient reports feeling very well, she wakes up early very hyperactive and with 'a lot of desire to do things', she says she has a lot of energy and is more talkative than usual. She does not report being irritable and is able to sleep for 6 hours continuously. Given this situation, what would you think the patient has?","Given this situation, what would you think the patient has?","
A. Bipolar disorder type I 
B. Drug-induced hypomania 
C. Normal response to escitalopram 
D. Frontal dementia
",C,B,False,"- Option A (Bipolar Disorder Type I): While bipolar disorder can present with manic or hypomanic episodes, the patient's symptoms of increased energy, hyperactivity, and talkativeness following the initiation of escitalopram suggest that these symptoms may be related to the medication rather than a pre-existing condition. Bipolar disorder typically involves recurrent episodes of mania or hypomania and depression, but without a prior history of such episodes, it is less likely to be the primary diagnosis here. - Option B (Drug-induced Hypomania): Escitalopram is an SSRI (Selective Serotonin Reuptake Inhibitor) commonly used to treat depression. However, in some cases, SSRIs can induce a state of hypomania, characterized by elevated mood, increased energy, and heightened activity levels. The patient's description of waking up early, feeling very active, having a lot of energy, and being more talkative than usual aligns with the symptoms of hypomania. Additionally, the timing of these symptoms coinciding with the start of escitalopram treatment supports the hypothesis that the medication could be causing these changes. - Option C (Normal Response to Escitalopram): A normal response to escitalopram would generally involve improvement in depressive symptoms such as sadness, anhedonia, asthenia, and anorexia, without the emergence of new atypical symptoms like those described. The patient's report of feeling very well suggests some improvement in depressive symptoms, but the presence of hyperactivity, increased energy, and talkativeness is not typical of a normal response to antidepressants and points towards a side effect or adverse reaction. - Option D (Frontal Dementia): Frontal dementia typically presents with cognitive decline, behavioral changes, and personality alterations over time. The sudden onset of symptoms after starting escitalopram and the absence of progressive cognitive decline make frontal dementia an unlikely diagnosis in this case. Given the context and the specific symptoms reported, drug-induced hypomania due to escitalopram is the most plausible explanation.",0.0,0.0142,0.0648,0.0317,0.0064,0.019,0.019,0.3795,0.5105,0.5814
"A 73-year-old woman is admitted with progressive dyspnea until she becomes at rest, orthopnea and weight gain of 4 kg. Physical examination showed blood pressure of 150/84 mm Hg, heart rate 100 beats/minute, increased jugular venous pressure, crepitant in both bases and malleolar edema. Usual treatment: enalapril 5 mg every 12 hours, furosemide 80 mg per day. What is the most appropriate treatment at this time?",What is the most appropriate treatment at this time?,"
A. Administer fiirosemide intravenously 
B. Increase enalapril dose according to tolerance and administer intravenous furosemide 
C. Start a beta-blocker 
D. Add treatment with amlodipine
",B,B,True,"Given the patient's symptoms of progressive dyspnea, orthopnea, weight gain, elevated jugular venous pressure, crackles in both lung bases, and malleolar edema, it is clear that she is experiencing worsening heart failure. The current medications include an ACE inhibitor (enalapril) and a diuretic (furosemide), which are standard treatments for heart failure. However, her condition has deteriorated despite these treatments, indicating the need for more aggressive management. Option A suggests administering furosemide intravenously. While this can be effective in managing acute decompensated heart failure, it does not address the underlying cause of the exacerbation, which may include inadequate control of afterload and heart rate. Option B proposes increasing the dose of enalapril according to tolerance and administering intravenous furosemide. This approach is appropriate because it aims to improve cardiac function by reducing afterload (with enalapril) and managing fluid overload (with intravenous furosemide). Increasing the dose of enalapril can help reduce the workload on the heart, while intravenous furosemide provides rapid diuresis to alleviate pulmonary congestion and peripheral edema. Option C suggests starting a beta-blocker. Beta-blockers are beneficial in chronic heart failure management as they reduce mortality and hospitalization rates, but they should be initiated cautiously and titrated slowly due to their potential to worsen heart failure acutely if used improperly. Given the acute nature of the patient's presentation, immediate initiation of a beta-blocker might not be the most urgent step. Option D recommends adding amlodipine, a calcium channel blocker. While amlodipine can be useful in some cases of heart failure, particularly when there is hypertension, its use in acute decompensation is less straightforward compared to the benefits of increasing ACE inhibition and providing more potent diuresis. Therefore, the most appropriate initial step is to increase the dose of enalapril and administer intravenous furosemide, making Option B the best choice.",0.0,0.0147,0.0989,0.0321,0.0129,0.0256,0.0256,0.4274,0.5867,0.6372
"A 24-year-old woman consults after noticing inguinal lymphadenopathy. The interrogation does not reveal the presence of any local discomfort or data suggestive of sexually transmitted infection. The examination revealed two lymphadenopathies, one in each groin, 1 cm in diameter, soft, mobile, non-painful. There are no skin lesions on the lower limbs, anus or perineum. Which test do you consider essential?",Which test do you consider essential?,"
A. A lues serology since it is most likely a Treponema pallidum infection 
B. A gynecological examination to rule out ovarian cancer 
C. By the clinical characteristics it seems to be normal lymph nodes and complementary explorations should not be done 
D. A Paul-Bunnell test should be performed in order to rule out infectious mononucleosis
",C,D,False,"Option A (A lues serology since it is most likely a Treponema pallidum infection) is incorrect because while syphilis can cause lymphadenopathy, the absence of other typical signs such as skin lesions, genital ulcers, or systemic symptoms makes this less likely. Serologic testing for syphilis would be indicated if there were more specific risk factors or clinical signs pointing towards this diagnosis. Option B (A gynecological examination to rule out ovarian cancer) is incorrect because the patient's age (24 years old), the absence of pain, and the fact that the lymph nodes are mobile and soft make metastatic ovarian cancer highly unlikely. Additionally, the clinical presentation does not suggest any gynecological pathology. Option C (By the clinical characteristics it seems to be normal lymph nodes and complementary explorations should not be done) is incorrect because even though the lymph nodes described could be considered within the range of normal reactive lymph nodes, it is still important to rule out other causes, especially infectious ones, which can present similarly but require different management. Option D (A Paul-Bunnell test should be performed in order to rule out infectious mononucleosis) is the correct answer. Infectious mononucleosis, caused by Epstein-Barr virus (EBV), can present with generalized lymphadenopathy, particularly in the cervical and inguinal regions. The Paul-Bunnell test (nowadays often replaced by heterophile antibody tests like Monospot) is used to diagnose infectious mononucleosis. Given the patient's age and the nature of the lymphadenopathy, ruling out this common cause of lymph node enlargement is prudent.",0.0,0.0035,0.0571,0.0154,0.0,0.0154,0.0154,0.3511,0.4716,0.5301
"A 71-year-old woman with a history of rheumatoid arthritis on sulfasalazine, prednisone and etanercept. She goes to the emergency room for 72 hours of clinical manifestations compatible with facial herpes zoster affecting the right hemiface, auricular pavilion, respecting the forehead and conjunctival chemosis. What would be the appropriate treatment?",What would be the appropriate treatment?,"
A. Symptomatic treatment of pain only 
B. Topical treatment with acyclovir 
C. Outpatient treatment with acyclovir, valacyclovir or oral famciclovir 
D. Hospital admission and treatment with acyclovir or famciclovir iv 
E. Parenteral Ig and vaccination
",D,D,True,"Given the patient's age (71 years), her immunosuppressive therapy (sulfasalazine, prednisone, and etanercept) for rheumatoid arthritis, and the presence of herpes zoster ophthalmicus (HZO) with conjunctival involvement, hospital admission and intravenous antiviral therapy are indicated. The patient's condition is complicated by her immunocompromised state due to long-term corticosteroid use and biologic therapy, which increases the risk of severe complications from HZO, such as ocular involvement leading to keratitis, uveitis, or even permanent vision loss. Option A (Symptomatic treatment of pain only) is insufficient because it does not address the viral infection itself, which can lead to serious complications in an immunocompromised patient. Option B (Topical treatment with acyclovir) is inadequate for this case because topical treatment alone is generally reserved for mild cases without ocular involvement. Given the patient's immunocompromised status and the potential for severe ocular complications, systemic treatment is necessary. Option C (Outpatient treatment with acyclovir, valacyclovir, or oral famciclovir) might be considered in less severe cases or in patients who are not immunocompromised. However, given the patient's advanced age, immunosuppression, and the potential for severe ocular complications, outpatient treatment is not sufficient. Option E (Parenteral Ig and vaccination) is not relevant here because the patient already has an active infection and needs immediate antiviral treatment rather than passive immunization or prophylactic measures. Therefore, the correct approach is Option D, which involves hospital admission and intravenous antiviral therapy to ensure rapid control of the infection and close monitoring for any signs of complications, particularly ocular involvement.",0.0,0.0103,0.0419,0.0232,0.0,0.0232,0.0232,0.38,0.5251,0.6025
"A 58-year-old man with a 6-year history of hypertension consults for poor blood pressure control despite treatment with an angiotensin-converting enzyme inhibitor, a diuretic and a calcium antagonist. On consultation she presented with blood pressure of 149/100 mmHg. Laboratory tests: creatinine 1.2 mg/dl, potassium 2.2 mEq/l and compensated metabolic alkalosis; the rest of the biochemical study, blood count, coagulation and urinary sediment were normal. Point out the correct statement:",Point out the correct statement:,"
A. The origin of hypertension in this case is excessive secretion of aldosterone caused by autonomic hyperfunction of the adrenal medulla 
B. In most cases the anatomical substrate is a bilateral hyperplasia of the adrenal cortex 
C. CT scan is part of the diagnostic study in case of biochemical confirmation 
D. Spironolactone is contraindicated in the management of this pathology
",C,C,True,"Option A is incorrect because the symptoms described (poor blood pressure control, hypokalemia, and metabolic alkalosis) suggest primary hyperaldosteronism rather than an issue related to the adrenal medulla. Primary hyperaldosteronism typically involves excessive secretion of aldosterone from the adrenal cortex, not the adrenal medulla. Option B is partially correct but not the best answer since it does not directly address the diagnostic approach or management of the condition. While bilateral adrenal hyperplasia can be the anatomical substrate in some cases of primary hyperaldosteronism, the question asks for the correct statement among the given options, and this option does not fully capture the diagnostic or therapeutic aspects highlighted in the other choices. Option C is correct because once biochemical tests confirm primary hyperaldosteronism (elevated plasma aldosterone concentration with suppressed renin activity), imaging studies such as a CT scan are used to identify the cause (unilateral adrenal adenoma or bilateral adrenal hyperplasia). This is a standard part of the diagnostic workup after biochemical confirmation. Option D is incorrect because spironolactone, an aldosterone antagonist, is actually a first-line treatment for primary hyperaldosteronism when surgery is not indicated or feasible. It helps manage hypertension and corrects hypokalemia by blocking the effects of aldosterone. Therefore, the best answer is C, as it correctly identifies a key step in the diagnostic process following biochemical confirmation of primary hyperaldosteronism.",0.0,0.0121,0.0498,0.0263,0.0177,0.0263,0.0263,0.389,0.5057,0.5708
Gustavo comes to the emergency room with skin lesions and general malaise of several days of evolution. He has psoriasiform lesions on the trunk with involvement of palms and soles. He also presents asymmetric non-suppurative joint inflammation and bilateral ocular redness as well as erosions on the glans penis. In the subsequent anamnesis Gustavo recognizes a risky sexual contact 20 days before. What is his diagnosis?,What is his diagnosis?,"
A. HIV infection 
B. Secondary syphilis 
C. Reiter's syndrome 
D. Erythema multiforme
",C,B,False,"- Secondary Syphilis: This sexually transmitted disease caused by Treponema pallidum can present with a variety of symptoms including skin rashes (often described as psoriasiform), mucocutaneous lesions, and systemic symptoms such as fever and malaise. The patient's presentation includes psoriasiform lesions on the trunk, palms, and soles, which are characteristic of secondary syphilis. Additionally, the presence of non-suppurative arthritis, ocular manifestations (bilateral conjunctivitis), and genital ulcers (erosions on the glans penis) further support this diagnosis. Given the patient's recent history of risky sexual contact, secondary syphilis is highly likely. - HIV Infection: While HIV can cause various skin conditions and systemic symptoms, it does not typically present with the specific combination of psoriasiform skin lesions, non-suppurative arthritis, ocular redness, and genital erosions seen in this case. HIV would be more likely if there were additional risk factors or if the patient had other signs of opportunistic infections or AIDS-defining illnesses. - Reiter's Syndrome: Also known as reactive arthritis, this condition usually follows an infection elsewhere in the body (such as the gastrointestinal tract or genitourinary system) and is characterized by arthritis, urethritis, and conjunctivitis. However, it does not typically present with the psoriasiform skin lesions noted here, nor does it have a direct link to a recent history of risky sexual contact. - Erythema Multiforme: This is an acute, self-limited mucocutaneous reaction that often follows an infectious process or drug exposure. It typically presents with targetoid lesions on the extremities and face, rather than the widespread psoriasiform rash described. Erythema multiforme does not usually involve the joints or eyes in the manner described, nor does it have a clear association with sexual activity. Given the clinical presentation and the patient's history, secondary syphilis is the most appropriate diagnosis.",0.0,0.006,0.0261,0.0135,0.0,0.0135,0.0135,0.3196,0.4864,0.5602
"35-year-old man admitted for severe chest trauma with multiple rib fractures. After responding favorably to treatment with analgesics and oxygen, he begins to present severe hypoxemia. Indicate the most probable cause of this deterioration:",Indicate the most probable cause of this deterioration:,"
A. Chest wall instability due to multiple fractures 
B. Aspiration respiratory infection 
C. Alteration of gas exchange due to pulmonary contusion 
D. Post-traumatic hypovolemia
",C,C,True,"In the context of a 35-year-old male who has been admitted for severe chest trauma with multiple rib fractures and is now experiencing severe hypoxemia after initially responding well to analgesics and oxygen therapy, the most probable cause of this deterioration is an alteration of gas exchange due to pulmonary contusion (Option C). - Option A: Chest wall instability due to multiple fractures - While chest wall instability can certainly contribute to breathing difficulties and discomfort, it typically does not directly cause severe hypoxemia unless it leads to significant ventilation-perfusion mismatch or atelectasis. The patient's initial response to analgesics suggests that pain management was effective in stabilizing his condition, making this less likely as the primary cause of the sudden hypoxemia. - Option B: Aspiration respiratory infection - Although aspiration can lead to respiratory complications such as pneumonia, which could result in hypoxemia, there is no mention of aspiration or signs of infection like fever or purulent sputum. Additionally, the rapid onset of hypoxemia following chest trauma is more characteristic of direct lung injury rather than an infectious process. - Option C: Alteration of gas exchange due to pulmonary contusion - Pulmonary contusions, which are common in blunt chest trauma, can severely impair gas exchange by causing alveolar flooding and interstitial edema. This can lead to acute respiratory distress syndrome (ARDS) and subsequent hypoxemia even if the patient is receiving supplemental oxygen. Given the patient's history of chest trauma and the sudden onset of severe hypoxemia, this is the most plausible explanation. - Option D: Post-traumatic hypovolemia - Hypovolemia from blood loss can indeed cause hypoxemia through reduced cardiac output and perfusion, but the question specifies that the patient responded favorably to analgesics and oxygen, suggesting that circulatory status is stable. Furthermore, hypovolemia would typically present with other signs such as tachycardia, hypotension, and decreased urine output, which are not mentioned here. Therefore, considering the clinical scenario provided, the most probable cause of the patient's severe hypoxemia is an alteration of gas exchange due to pulmonary contusion.",0.0108,0.0213,0.1381,0.0407,0.0351,0.0407,0.0407,0.4118,0.5592,0.6638
"A 66-year-old woman with type 2 diabetes mellitus. When assessing her renal function, she presents a G3a/A1 stage. To which values does this stage correspond, the most frequent in patients with diabetic nephropathy?","To which values does this stage correspond, the most frequent in patients with diabetic nephropathy?","
A. Glomerular filtration rate 45-59 ml/min/1.73 m² and albuminuria <30 mg/ml 
B. Glomerular filtration rate 30-44 ml/min/1.73 m² and albuminuria <30 mg/ml 
C. Glomerular filtration rate 45-59 ml/min/1.73 m² and albuminuria 30-300 mg/ml 
D. Glomerular filtration rate 15-29 ml/min/1.73 m² and albuminuria <30 mg/ml
",A,C,False,"In the context of diabetic nephropathy, the staging system used to assess kidney function combines two components: glomerular filtration rate (GFR) and albuminuria. The GFR is categorized into five stages, while albuminuria is divided into three categories. Option A is incorrect because it describes a stage where the GFR is within the range for G3a (which is correct), but the albuminuria level is too low for the A1 category. A1 specifically refers to microalbuminuria, which is an increase in urinary albumin excretion above normal but below the level that defines clinical proteinuria. Option B is incorrect as it describes a lower GFR range corresponding to G3b rather than G3a, and again, the albuminuria level is not consistent with the A1 category. Option C is correct because it accurately reflects the criteria for G3a/A1 stage. G3a corresponds to a GFR of 45-59 ml/min/1.73 m², indicating moderate reduction in kidney function. The A1 category indicates microalbuminuria, defined as an albumin-to-creatinine ratio of 30-300 mg/g (or 30-300 mg/mmol), which is a common finding in early diabetic nephropathy. Option D is incorrect because it describes a more severe reduction in GFR (corresponding to G4 stage) and the albuminuria level is too low for the A1 category. Therefore, the correct answer is C, reflecting a moderate decrease in GFR and microalbuminuria, which are typical findings in patients with diabetic nephropathy at this stage.",0.0074,0.0364,0.2624,0.0787,0.0397,0.0709,0.0709,0.4481,0.5811,0.7027
A 29-year-old patient comes to your office with a diagnosis of severe bone marrow aplasia. What is the treatment of choice?,What is the treatment of choice?,"
A. Periodic transfusions and antibiotics 
B. Androgens and platelet transfusions 
C. Allogeneic bone marrow transplantation if HLA identical sibling 
D. Autologous bone marrow transplantation to avoid rejection 
E. Cyclosporin A and antithymocyte globulin
",C,C,True,"Severe bone marrow aplasia, also known as severe aplastic anemia, is a condition characterized by a failure of the bone marrow to produce sufficient blood cells. This can lead to a deficiency in red blood cells (anemia), white blood cells (leukopenia), and platelets (thrombocytopenia). The treatment of choice for this condition, especially in younger patients and those with an available HLA-matched donor, is allogeneic bone marrow transplantation (BMT) from an HLA-identical sibling. Option A (Periodic transfusions and antibiotics): While periodic transfusions of red blood cells and platelets may be necessary to manage symptoms and prevent complications such as bleeding or infection, they do not address the underlying cause of the bone marrow failure. Antibiotics are used to treat infections but do not cure the aplasia. Option B (Androgens and platelet transfusions): Androgens have been used historically to stimulate hematopoiesis (blood cell production) in aplastic anemia, but their efficacy is limited, and they are not considered first-line therapy. Platelet transfusions are supportive care measures to manage thrombocytopenia but do not treat the underlying aplasia. Option C (Allogeneic bone marrow transplantation if HLA identical sibling): This is the most effective long-term treatment for severe aplastic anemia, particularly in younger patients. It involves replacing the patient's bone marrow with that of a matched donor, typically a sibling. The new bone marrow can restore normal blood cell production and potentially cure the disease. However, it carries significant risks, including graft-versus-host disease (GVHD), where the transplanted immune cells attack the recipient's body. Option D (Autologous bone marrow transplantation to avoid rejection): Autologous transplantation, using the patient's own bone marrow, is not a viable option for aplastic anemia because the patient's bone marrow is the source of the problem. Using the patient's own bone marrow would not address the underlying issue of bone marrow failure. Option E (Cyclosporin A and antithymocyte globulin): These immunosuppressive agents are used to treat aplastic anemia by suppressing the immune system, which is often mistakenly attacking the bone marrow. They can be effective, especially in patients who cannot undergo bone marrow transplantation, but they are not the treatment of choice for all cases of severe aplastic anemia. In conclusion, while several treatments exist for severe aplastic anemia, allogeneic bone marrow transplantation from an HLA-matched sibling is considered the gold standard when a suitable donor is available, due to its potential for curing the condition.",0.0022,0.0109,0.0474,0.0243,0.0196,0.0243,0.0243,0.3469,0.5183,0.5638
"A young man comes to the emergency room with a second-degree flame burn of 10% of the body surface, affecting the right arm in an extensive and circular manner. There is no arterial pulse in the hand measured by Doppler. What is the treatment of choice?",What is the treatment of choice?,"
A. Occlusive sulfadiazine-arginine cures and depth assessment at one week 
B. Lymphatic drainage and assess a vascular by-pass 
C. Escharotomy or emergency decompression incisions 
D. Expectant management 
E. Amputation of the extremity
",C,C,True,"In this scenario, the patient has a second-degree burn covering 10% of the body surface area (BSA) on the right arm, which is extensive and circular. Additionally, there is no arterial pulse detected in the hand using Doppler ultrasound, indicating potential compartment syndrome or vascular compromise due to the burn. The primary concern here is the lack of arterial pulse, which suggests that immediate intervention is necessary to prevent further tissue damage and possibly limb loss. Option A: Occlusive sulfadiazine-arginine cures and depth assessment at one week - This option focuses on wound care and assessment but does not address the critical issue of compromised circulation. It is not the immediate priority when there is a risk of compartment syndrome or vascular compromise. Option B: Lymphatic drainage and assess a vascular by-pass - While assessing for vascular compromise is important, lymphatic drainage alone would not be sufficient to address the immediate threat to the limb's viability. A bypass surgery might be considered later if other interventions fail, but it is not the first-line treatment in this acute situation. Option C: Escharotomy or emergency decompression incisions - This is the correct answer because escharotomy involves cutting through the burned skin (eschar) to relieve pressure and improve circulation. In cases where there is a risk of compartment syndrome or vascular compromise, as indicated by the absence of arterial pulses, performing an escharotomy can save the limb from ischemic injury and potentially prevent the need for amputation. Option D: Expectant management - Given the severity of the symptoms (absence of arterial pulse), expectant management is not appropriate. Immediate action is required to prevent further tissue damage and possible loss of the limb. Option E: Amputation of the extremity - Amputation should only be considered if all other measures have failed and the limb is beyond salvage. Given that the patient has not yet been assessed for the possibility of limb salvage through decompressive procedures, amputation is not the initial treatment of choice. Therefore, the most appropriate immediate treatment is to perform an escharotomy or emergency decompression incisions to address the vascular compromise and prevent further ischemic injury.",0.0,0.0128,0.0816,0.0278,0.0168,0.0278,0.0278,0.3742,0.536,0.6035
"While you are on call in the Emergency Department of your hospital, you have to attend a 64-year-old patient with acute respiratory failure. His clinical condition is critical, with low oxygen saturation and hemodynamic instability. An urgent chest X-ray was performed showing atelectasis of 2/3 of the right lung. Orotracheal intubation and assisted ventilation were performed, with Fi02 of 1.0. Subsequent arterial blood gas analysis showed pH 7.23, Pa02 60 mmHg and PaC02 30 mmHg. What was the cause of the hypoxemia?",What was the cause of the hypoxemia?,"
A. Short circuit 
B. Hypoventilation 
C. Low inspired 02 pressure 
D. Neuromuscular disease
",A,C,False,"In this scenario, the patient has been intubated and is receiving 100% oxygen (FiO2 of 1.0), yet he still exhibits hypoxemia as evidenced by his PaO2 of 60 mmHg. The presence of severe atelectasis (collapse of lung tissue) on the chest X-ray is the key factor here. Atelectasis leads to areas of the lung that do not participate in gas exchange, which can result in hypoxemia despite high levels of inspired oxygen. Option A (Short circuit): This refers to the situation where some of the air bypasses the alveoli and does not participate in gas exchange. However, in this case, the issue is more about the lack of functional lung tissue due to atelectasis rather than a short circuit within the lungs. Option B (Hypoventilation): This would typically lead to hypercapnia (elevated CO2 levels). In this case, the patient's PaCO2 is actually lower than normal (30 mmHg), indicating that hypoventilation is not the primary issue. Option C (Low inspired O2 pressure): Although the patient is receiving 100% oxygen, the hypoxemia persists because the problem lies in the lung's ability to transfer oxygen from the alveoli into the bloodstream due to the extensive atelectasis. Thus, the low PaO2 is a result of the reduced surface area available for gas exchange, not the inspired oxygen pressure itself. Option D (Neuromuscular disease): While neuromuscular diseases can affect breathing, there is no indication in the provided information that suggests a neuromuscular disorder is the cause of the patient's hypoxemia. Therefore, the correct answer is C, as the hypoxemia is primarily due to the significant reduction in effective lung tissue available for gas exchange caused by the atelectasis.",0.0032,0.0157,0.0944,0.0351,0.0283,0.0351,0.0351,0.4224,0.586,0.6508
If in a patient with chronic heart failure we detect prominent v waves in the jugular venous pulse and on cardiac auscultation a holosystolic murmur is auscultated in the area of the xiphoid appendage that is accentuated with deep inspiration. What is the valvulopathy responsible for this physical examination?,What is the valvulopathy responsible for this physical examination?,"
A. Mitral insufficiency 
B. Pulmonary insufficiency 
C. Tricuspid insufficiency 
D. Aortic insufficiency 
E. Aortic stenosis
",C,C,True,"The presence of prominent v waves in the jugular venous pulse and a holosystolic murmur heard at the xiphoid process that increases with deep inspiration strongly suggests tricuspid insufficiency (tricuspid regurgitation). Here's why: - Prominent V Waves: The v wave in the jugular venous pulse represents the atrial contraction during late diastole. In tricuspid regurgitation, there is backflow of blood from the right ventricle into the right atrium during systole, which increases the volume of blood in the right atrium and thus the size of the v wave. - Holosystolic Murmur: This type of murmur occurs throughout systole and is characteristic of regurgitation. In the case of tricuspid insufficiency, the murmur can be heard best at the lower left sternal border or at the xiphoid process. It may also radiate to the epigastrium. - Accentuation with Deep Inspiration: This maneuver increases intrathoracic pressure, which can accentuate the tricuspid regurgitation murmur due to increased preload in the right side of the heart. Let's briefly discuss why the other options are not correct: - Mitral Insufficiency (A): While mitral regurgitation can cause a holosystolic murmur, it is typically heard best along the left sternal border and does not cause prominent v waves in the jugular venous pulse. - Pulmonary Insufficiency (B): This condition would produce a diastolic murmur rather than a holosystolic one, and it does not cause prominent v waves in the jugular venous pulse. - Aortic Insufficiency (D): This condition produces a diastolic murmur (""to-and-fro"" murmur) and does not cause prominent v waves in the jugular venous pulse. - Aortic Stenosis (E): This condition produces a systolic ejection murmur, but it is heard best along the right second intercostal space and does not cause prominent v waves in the jugular venous pulse. Therefore, the combination of findings described points most directly towards tricuspid insufficiency.",0.0,0.0058,0.0342,0.0194,0.0,0.0194,0.0194,0.3979,0.5829,0.6284
"A 42-year-old female patient reports pain with inflammatory features and swelling in both wrists, 2nd and 3rd metacarpophalangeal and proximal interphalangeal joints bilaterally and left ankle of 4 months of evolution accompanied by morning stiffness of more than one hour duration. Hand X-ray shows an erosion in the styloid process of the ulna in the right carpus. Laboratory tests showed Hb: 10 g/dL with ESR of 45 mm in the first hour, CRP 16 mg/L, rheumatoid factor 160 IU/ML. After 6 months of treatment with indomethacin and methotrexate, the patient persists with pain and swelling of both carpals, morning stiffness lasting 30 minutes and a CBC showing an ESR 30 mm in the first hour and a CRP 9 mg/dL. Regarding the attitude to take, which of the following is true:","Regarding the attitude to take, which of the following is true:","
A. Suspend the prescribed treatment due to lack of response and initiate prednisone at high doses for symptom control only 
B. Maintain the therapeutic attitude taken since we have only been on it for 6 months and it would be necessary to wait a minimum of 9 months to evaluate therapeutic response 
C. If there is no medical contraindication, consider adding an anti-TNF alpha to the treatment 
D. Start a second disease-modifying drug as soon as possible, since it would not be possible to start treatment with biologic therapy alone after methotrexate 
E. Consider starting treatment with anti-CD20 therapy associated with methotrexate
",B,C,False,"The patient's symptoms and laboratory findings suggest a diagnosis of rheumatoid arthritis (RA). The presence of erosive changes on X-rays, positive rheumatoid factor, and persistent symptoms despite treatment with non-biologic disease-modifying antirheumatic drugs (DMARDs) such as methotrexate indicate that the current treatment regimen may not be sufficient. Given the persistence of symptoms and signs of inflammation (as indicated by the ESR and CRP levels), the next step should be to intensify the treatment. Option A is incorrect because suspending the current treatment without trying other options first is not advisable. Methotrexate is a cornerstone of RA treatment, and its discontinuation should be considered only if there are significant side effects or contraindications. Option B is incorrect because waiting longer before evaluating the response to treatment is not recommended when the patient continues to experience significant symptoms and signs of active disease. Early intensification of therapy can help prevent further joint damage. Option D is partially correct but less optimal compared to Option C. While adding another DMARD could be beneficial, the addition of a biologic agent like an anti-TNF alpha (tumor necrosis factor alpha) inhibitor is often preferred in patients who do not adequately respond to conventional DMARDs alone. Anti-TNF agents can provide rapid relief of symptoms and slow down disease progression. Option E is also a valid approach but less commonly used as a first-line add-on therapy compared to anti-TNF agents. Anti-CD20 therapy (such as rituximab) targets B cells and is typically reserved for patients who have failed multiple conventional and biologic DMARDs. Therefore, the most appropriate action is to consider adding an anti-TNF alpha to the existing methotrexate regimen, making Option C the best choice. This approach aligns with current guidelines for managing patients with moderate-to-severe RA who have an inadequate response to conventional DMARDs.",0.0,0.0183,0.0899,0.0312,0.0,0.0312,0.0312,0.3921,0.4955,0.5339
A 56-year-old woman with a history of well-controlled schizophrenia and no toxic habits. Admitted for middle lobe pneumonia with a small associated metaneumonic pleural effusion and on treatment with levofloxacin 500 mg/24h . She presented good clinical evolution except for persistent febrile fever and leukocytosis on the sixth day of treatment. Microbiological studies are not available. The most appropriate course of action is:,The most appropriate course of action is:,"
A. The evolution is normal, treatment should be maintained until completing 10 days 
B. It is considered a therapeutic failure and antibiotic treatment should be modified 
C. Perform thoracentesis to rule out empyema 
D. Add corticosteroids at a dose of 0.5 mg/Kg/day to antibiotic treatment 
E. Bronchoscopy with biopsy, aspiration and bronchoalveolar lavage
",C,B,False,"Option A: This option suggests that the current evolution is normal and that the patient should continue the same treatment until completion. However, persistent fever and leukocytosis after six days of antibiotic therapy in a patient with pneumonia are signs of ongoing infection or possible complications, which indicate that the current treatment may not be effective. Therefore, this option is incorrect as it does not address the potential need for a change in the antibiotic regimen. Option B: This is the correct choice because persistent fever and leukocytosis after an adequate period of antibiotic therapy (typically 3-5 days) suggest that the initial antibiotic treatment might not be effective against the causative organism. In such cases, it is reasonable to consider modifying the antibiotic treatment based on clinical judgment, even if microbiological studies are not yet available. This could involve switching to a different class of antibiotics or adding another agent to cover a broader spectrum of pathogens. Option C: While thoracentesis can be useful to diagnose empyema, which is a complication of pneumonia, it is not the most immediate step when faced with persistent fever and leukocytosis. These symptoms alone do not necessarily indicate an empyema, and performing a thoracentesis without clear evidence of this complication would be premature. Thus, while thoracentesis might be indicated later if suspicion of empyema increases, it is not the most appropriate first step. Option D: Adding corticosteroids to the treatment regimen is generally not recommended in community-acquired pneumonia unless there is a specific indication, such as severe sepsis or ARDS (Acute Respiratory Distress Syndrome). Corticosteroids can have immunosuppressive effects and might interfere with the body's ability to fight off the infection. Therefore, this option is not appropriate in this context. Option E: Bronchoscopy with biopsy, aspiration, and bronchoalveolar lavage is an invasive procedure typically reserved for patients with unexplained respiratory symptoms, particularly when there is a suspicion of a non-infectious cause or when the diagnosis remains unclear despite empirical antibiotic therapy. Given that the patient has a known diagnosis of pneumonia and is responding clinically but with persistent signs of infection, this level of investigation seems excessive at this stage. In conclusion, the most appropriate course of action is to modify the antibiotic treatment based on the clinical response, making option B the best choice.",0.0071,0.0165,0.157,0.0357,0.0308,0.0357,0.0357,0.4278,0.5233,0.6895
"An 18-year-old female patient with a history of absences between 6 and 9 years of age, generalized tonic-clonic seizures of recent onset and violent jumping of the upper limbs at breakfast. The clinical manifestations worsen with nighttime weekend outings. An EEG shows acute polyp spike discharges at 6 cycles/second. The most likely diagnosis is:",The most likely diagnosis is:,"
A. Great epileptic disease 
B. Lennox-Gastaut syndrome 
C. Symptomatic epilepsy due to mesial temporal sclerosis 
D. Small atypical disease 
E. Juvenile myoclonic epilepsy
",E,E,True,"- Option A (Great epileptic disease): This term is not commonly used in modern medical literature and does not correspond to any specific recognized epilepsy syndrome. - Option B (Lennox-Gastaut syndrome): This condition typically presents in early childhood, often before the age of four, and is characterized by multiple types of seizures including atonic, tonic, and atypical absence seizures. It also usually involves cognitive impairment and an abnormal EEG pattern that includes slow spike-and-wave discharges. The patient's description does not fit this profile well. - Option C (Symptomatic epilepsy due to mesial temporal sclerosis): Mesial temporal sclerosis is associated with focal seizures, particularly complex partial seizures originating from the temporal lobe, rather than generalized seizures like those described here. - Option D (Small atypical disease): This is not a recognized medical term for epilepsy or any other neurological disorder. - Option E (Juvenile myoclonic epilepsy): This fits the patient's presentation well. Juvenile myoclonic epilepsy typically begins in adolescence or early adulthood, around the ages of 12 to 18. It is characterized by myoclonic jerks (sudden, brief muscle contractions), generalized tonic-clonic seizures, and sometimes absence seizures. The seizures can be triggered by sleep deprivation, which aligns with the worsening of symptoms during nighttime weekend outings. Additionally, the EEG findings of acute polyspike discharges are consistent with juvenile myoclonic epilepsy.",0.0,0.0116,0.0637,0.0179,0.0,0.0179,0.0179,0.3772,0.5079,0.5557
"Indicate the clinical situation in relation to hepatitis B virus infection in a 5-year-old patient from Nigeria, with normal physical examination and the following serology for hepatitis B: HBsAg + / ANTI-HBs - / HbeAg - / ANTI-HBe + / ANTI-HBc IgM - / ANTI-HBc IgG + / DNA HBV +:","Indicate the clinical situation in relation to hepatitis B virus infection in a 5-year-old patient from Nigeria, with normal physical examination and the following serology for hepatitis B: HBsAg + / ANTI-HBs - / HbeAg - / ANTI-HBe + / ANTI-HBc IgM - / ANTI-HBc IgG + / DNA HBV +:","
A. Acute infection 
B. Chronic infection 
C. Vaccinated patient 
D. Asymptomatic carrier
",D,B,False,"- HBsAg (Hepatitis B surface antigen) +: This indicates that the patient is currently infected with the hepatitis B virus. - ANTI-HBs (anti-hepatitis B surface antibody) -: The absence of this antibody suggests that the patient has not been vaccinated against hepatitis B or did not develop immunity after vaccination. - HBeAg (Hepatitis B e antigen) -: The absence of HBeAg typically indicates a lower level of viral replication and a lower risk of transmission compared to when it is positive. - ANTI-HBe (anti-hepatitis B e antibody) +: The presence of this antibody often indicates a chronic infection where the virus is less active but still present. - ANTI-HBc IgM -: The absence of anti-HBc IgM antibodies suggests that the acute phase of the infection has passed, as these antibodies are usually present during the early stages of an acute infection. - ANTI-HBc IgG +: The presence of anti-HBc IgG antibodies indicates past exposure to the hepatitis B virus and can be seen in both acute and chronic infections. - DNA HBV +: The detection of viral DNA confirms that the virus is actively replicating within the patient's body. Given these results, the patient does not fit the criteria for acute infection (Option A), as there are no signs of recent infection such as positive anti-HBc IgM. The patient is also not a vaccinated individual (Option C) because they lack protective anti-HBs antibodies. Furthermore, while the patient could potentially be considered an asymptomatic carrier (Option D), the presence of viral DNA indicates ongoing viral replication, which is more characteristic of a chronic infection (Option B). Therefore, the most appropriate diagnosis based on the provided serology is chronic hepatitis B infection.",0.0031,0.1121,0.2866,0.1869,0.069,0.1246,0.1246,0.5637,0.5255,0.5734
"A patient on enteral nutritional support presents 72 hours after starting enteral nutrition with a CBC showing hypophosphoremia and hypokalemia, with clinical signs of heart failure. The patient is diagnosed with refeeding syndrome. Indicate which of the following is NOT considered a risk factor for a patient presenting with this condition:",Indicate which of the following is NOT considered a risk factor for a patient presenting with this condition:,"
A. Previous caloric malnutrition 
B. Anorexia nervosa 
C. Non-morbid obesity 
D. Elderly 
E. Prolonged vomiting and diarrhea
",C,C,True,"Refeeding syndrome is a potentially fatal shift in fluids and electrolytes that can occur when someone who has been malnourished begins to receive nutritional support. It typically affects patients who have been underfed for an extended period and then start receiving high-calorie diets too quickly. Here's a breakdown of each option: A. Previous caloric malnutrition - This is a significant risk factor for refeeding syndrome. Patients who have been severely malnourished are at high risk because their bodies have adapted to a state of starvation, and rapid reintroduction of nutrients can lead to severe metabolic disturbances. B. Anorexia nervosa - Individuals with anorexia nervosa often suffer from severe malnutrition due to self-imposed dietary restrictions. They are therefore at risk for refeeding syndrome if they begin to receive nutritional support. C. Non-morbid obesity - Non-morbid obesity (being overweight but not severely so) is generally not associated with refeeding syndrome. Refeeding syndrome is more commonly seen in individuals who are significantly malnourished, not those who are merely overweight. Overweight individuals do not typically present with the severe electrolyte imbalances and metabolic derangements that characterize refeeding syndrome unless they have had a history of severe malnutrition followed by weight loss. D. Elderly - Elderly patients are at increased risk for refeeding syndrome due to age-related changes in metabolism and potential underlying chronic conditions that affect nutrient absorption and utilization. E. Prolonged vomiting and diarrhea - These conditions can lead to significant malnutrition over time, making affected individuals susceptible to refeeding syndrome upon initiation of nutritional support. Therefore, non-morbid obesity (option C) is the only choice that does not represent a typical risk factor for refeeding syndrome.",0.0,0.0334,0.2507,0.0751,0.0137,0.0546,0.0546,0.4642,0.5568,0.6161
"A 32-year-old woman with cerebral palsy from childbirth comes to the emergency department for a few days of dark urine associated with an episode of high fever and dry cough. On admission, the CBC showed 16900 leukocytes/mm3 (85% S, 11% L, 4% M), hemoglobin 6.3 g/dL; MCV 109 fl, 360000 platelets/mm3. In the biochemistry LDH 2408; bilirubin 6.8 mg/dl, (unconjugated bilirubin 6.1 mg/dl), normal GOT and GPT. The morphological study of blood showed macrocytic anisocytosis with frequent spherocytic forms and polychromatophilia without blasts. The irregular antibody study is positive for panagglutinin, making crossmatching difficult. What would be your suspicion and the most appropriate treatment?",What would be your suspicion and the most appropriate treatment?,"
A. Medullary aplasia and immunotherapy with thymoglobulin and cyclosporine 
B. Hereditary spherocytosis and splenectomy 
C. Autoimmune hemolytic anemia associated with respiratory infection and corticosteroids 
D. Pernicious anemia and periodic injections of vitamin B12 
E. Acute leukemia and chemotherapy
",C,C,True,"- Option A (Medullary aplasia and immunotherapy with thymoglobulin and cyclosporine): This option is incorrect because medullary aplasia (aplastic anemia) typically presents with pancytopenia (low levels of all blood cell types), which is not consistent with the patient's presentation of elevated white blood cells and platelets. Additionally, the presence of spherocytes and polychromatophilic erythrocytes suggests hemolysis rather than aplasia. - Option B (Hereditary spherocytosis and splenectomy): While hereditary spherocytosis can present with spherocytes, it is usually a chronic condition that does not typically cause acute symptoms such as fever and dark urine. Furthermore, the presence of an acute respiratory infection and the irregular antibody study being positive for panagglutinin suggest an acute process rather than a congenital disorder like hereditary spherocytosis. - Option C (Autoimmune hemolytic anemia associated with respiratory infection and corticosteroids): This is the correct answer. The patient's symptoms of dark urine (indicative of hemolysis), high fever, and dry cough suggest an acute illness. The laboratory findings of macrocytic anisocytosis, frequent spherocytic forms, and polychromatophilia are indicative of hemolysis. The irregular antibody study being positive for panagglutinin indicates the presence of autoantibodies against red blood cells, which is characteristic of autoimmune hemolytic anemia (AIHA). AIHA can be secondary to infections, including respiratory infections, which fits the patient's clinical picture. Corticosteroids are the first-line treatment for AIHA due to their ability to suppress the immune response causing the hemolysis. - Option D (Pernicious anemia and periodic injections of vitamin B12): Pernicious anemia is caused by a deficiency in vitamin B12 due to an autoimmune attack on intrinsic factor, leading to megaloblastic anemia. However, the patient's presentation includes signs of acute hemolysis (dark urine, high LDH, unconjugated hyperbilirubinemia) and an acute respiratory infection, which do not align with the chronic nature of pernicious anemia. - Option E (Acute leukemia and chemotherapy): Acute leukemia would present with blast cells in the peripheral blood smear, which were not mentioned in this case. Additionally, the patient's symptoms and lab results point more towards an acute hemolytic process rather than a hematologic malignancy. Therefore, the most likely diagnosis is autoimmune hemolytic anemia associated with a respiratory infection, and the most appropriate initial treatment would be corticosteroids.",0.0024,0.0166,0.1278,0.0375,0.0216,0.0322,0.0322,0.3543,0.5194,0.6452
"A patient admitted for acute pancreatitis starts with tachypnea, tachycardia, sweating and progressive cyanosis. PaO2 is 55 mm Hg (PaO2/FiO2 ratio<200). CXR shows bilateral alveolar pulmonary infiltrates. Pulmonary capillary wedge pressure is normal. Oxygen therapy does not improve the situation. What is the most probable diagnosis:",What is the most probable diagnosis:,"
A. Nosocomial pneumonia 
B. Cardiac failure 
C. Carcinomatous lymphangitis 
D. Pulmonary thromboembolism 
E. Respiratory distress
",E,D,False,"The clinical presentation of the patient includes symptoms such as tachypnea (rapid breathing), tachycardia (increased heart rate), sweating, and progressive cyanosis (bluish discoloration due to lack of oxygen in the blood). The arterial blood gas analysis shows a PaO2 of 55 mm Hg, which is below the normal range (typically around 80-100 mm Hg at sea level), indicating hypoxemia. The PaO2/FiO2 ratio is less than 200, which is indicative of acute respiratory distress syndrome (ARDS) or other forms of severe respiratory compromise. However, given the context of acute pancreatitis and the specific findings, pulmonary thromboembolism (PTE) is more likely. The chest X-ray (CXR) showing bilateral alveolar pulmonary infiltrates can be seen in several conditions, including ARDS, pneumonia, and PTE. However, the absence of elevated pulmonary capillary wedge pressure (PCWP) rules out left-sided heart failure as a cause of these infiltrates. Additionally, the lack of improvement with oxygen therapy suggests that the problem is not simply a matter of inadequate oxygen delivery but rather an obstruction to gas exchange, which is consistent with PTE. Nosocomial pneumonia (Option A) would typically present with fever, leukocytosis, and purulent sputum, and while it can cause bilateral infiltrates on CXR, the absence of a clear infectious source and the lack of response to oxygen therapy make this less likely. Cardiac failure (Option B) would usually present with elevated PCWP, which is not observed here. Furthermore, cardiac failure often presents with peripheral edema and jugular venous distension, which are not mentioned in the case description. Carcinomatous lymphangitis (Option C) is a rare condition where cancer cells spread through the lymphatic system into the lungs, causing diffuse interstitial infiltrates. While it can mimic some aspects of PTE, it is much rarer and would typically present with a history of malignancy, which is not indicated in this case. Respiratory distress (Option E) is a symptom rather than a diagnosis and does not account for the specific findings of hypoxemia, bilateral alveolar infiltrates, and the lack of response to oxygen therapy. Therefore, considering all the clinical features and the exclusion of other potential causes, pulmonary thromboembolism is the most probable diagnosis.",0.0048,0.0118,0.1035,0.0276,0.0222,0.0276,0.0276,0.3612,0.5039,0.6193
"A 13-month-old infant comes to the emergency department with fever up to 39ºC of 48h of evolution with no other associated symptoms. Examination by organs and devices with no significant findings, highlighting good general condition. You were going to discharge him home but the Pediatrics attending on duty asks for a systematic urine and urine culture by catheterization. The urine shows leukocyturia ++, hematuria + and nitrites ++ and the urine Gram-negative bacilli are observed. In the blood analysis there is no leukocytosis and the C-reactive protein is 50 mg/l. The attending now tells you that the child does not need to be admitted and to prescribe an oral antibiotic. State the least appropriate empirical antibiotic treatment in this case:",State the least appropriate empirical antibiotic treatment in this case:,"
A. Amoxicillin 
B. Amoxicillin-clavulanic acid 
C. Cefuroxime-axetil 
D. Cotrimoxazole 
E. Cefixime
",A,A,True,"In the context of a urinary tract infection (UTI) in a young infant, especially one with significant findings such as leukocyturia (++), hematuria (+), and nitrites (++), along with Gram-negative bacilli observed in the urine, the choice of empirical antibiotic should cover likely pathogens effectively. Given the patient's age and the presence of Gram-negative bacteria, which are common causes of UTIs in infants, the following points explain why amoxicillin alone is the least appropriate choice: A. Amoxicillin: This is a narrow-spectrum penicillin antibiotic effective against many Gram-positive organisms and some Gram-negative bacteria. However, it has limited efficacy against Enterobacteriaceae, which are common Gram-negative pathogens in UTIs. Additionally, resistance to amoxicillin among these organisms can be high, making it less reliable as a first-line treatment in this scenario. B. Amoxicillin-clavulanic acid: This combination provides broader coverage, including activity against beta-lactamase-producing organisms, which are more prevalent in Gram-negative infections. It would be a better choice than plain amoxicillin due to its enhanced spectrum of activity. C. Cefuroxime-axetil: This is a second-generation cephalosporin that covers a wide range of Gram-positive and Gram-negative bacteria, including those commonly responsible for UTIs. It would be an appropriate choice given the clinical presentation. D. Cotrimoxazole: This combination antibiotic (trimethoprim-sulfamethoxazole) is highly effective against both Gram-positive and Gram-negative bacteria, including Escherichia coli, which is a frequent cause of UTIs. It would be a suitable empirical choice. E. Cefixime: As a third-generation oral cephalosporin, cefixime offers excellent coverage against Gram-negative bacteria, including Enterobacteriaceae, making it a strong candidate for empirical therapy in this case. Given the clinical scenario, where Gram-negative bacilli are observed and the patient is otherwise stable, the attending physician's decision to prescribe an oral antibiotic rather than admit the patient suggests that the chosen antibiotic should have broad-spectrum activity against Gram-negative bacteria. Amoxicillin alone lacks the necessary coverage against these pathogens, making it the least appropriate choice in this situation.",0.0,0.0269,0.1778,0.052,0.0349,0.0462,0.0462,0.4104,0.5699,0.6629
"12-month-old boy, who in the health examinations practiced since birth presents right testicle in inguinal canal that is not possible to descend to the scrotum. Mark the CORRECT answer:",Mark the CORRECT answer:,"
A. The most likely diagnosis is retractile testis 
B. Wait until two years of age for spontaneous decrease of the synovial fluid 
C. Human chorionic gonadotropin is the treatment of first choice 
D. The indication for orchidopexy should not be deferred
",D,D,True,"Option A (The most likely diagnosis is retractile testis) is incorrect because a retractile testis can usually be manipulated into the scrotum and will move back up into the inguinal canal when the child is cold, scared, or crying. In this case, the testicle cannot be brought down manually, which suggests it is not retractile but rather undescended. Option B (Wait until two years of age for spontaneous decrease of the synovial fluid) is incorrect because there is no evidence that waiting for a decrease in synovial fluid will help in the descent of an undescended testicle. Additionally, the condition described here does not involve synovial fluid, which is associated with joints, not testicles. Option C (Human chorionic gonadotropin is the treatment of first choice) is incorrect because while human chorionic gonadotropin (hCG) has been used historically to stimulate testosterone production and encourage testicular descent, its efficacy is limited, especially after 6 months of age. It is not considered the first-line treatment for an undescended testicle at 12 months of age. Option D (The indication for orchidopexy should not be deferred) is correct because an undescended testicle that persists beyond 6-12 months of age should be referred for surgical intervention. Orchidopexy, the surgical procedure to bring the testicle into the scrotum, is indicated to prevent potential complications such as infertility, testicular cancer, and psychological issues related to body image. Delaying surgery increases the risk of these complications.",0.0,0.0037,0.0317,0.0165,0.0,0.0165,0.0165,0.3476,0.4523,0.5136
"An 84-year-old woman presents with loss of vision in the left eye of 4 days of evolution accompanied by metamorphopsia. The macula shows abundant hard exudates, two small deep hemorrhages and a localized neurosensory retinal detachment. In the contralateral eye there are abundant soft drusen. Which of the following diagnoses do you think is the most likely?",Which of the following diagnoses do you think is the most likely?,"
A. Acute posterior vitreous detachment 
B. Exudative age-related macular degeneration (AMD) 
C. Central retinal artery obstruction 
D. Non-arteritic anterior ischemic optic neuropathy
",B,B,True,"The patient's symptoms and clinical findings strongly suggest Exudative Age-Related Macular Degeneration (AMD). Here’s why: 1. Loss of Vision and Metamorphopsia: These symptoms are indicative of a problem affecting the macula, which is responsible for central vision. Metamorphopsia, where straight lines appear wavy, is a classic sign of macular involvement, often seen in AMD. 2. Macular Findings: The presence of hard exudates, small deep hemorrhages, and a localized neurosensory retinal detachment are characteristic of exudative (wet) AMD. Hard exudates are typically found around areas of leakage from choroidal neovascularization (CNV), which is a hallmark of wet AMD. The localized neurosensory retinal detachment also points towards CNV as it can cause fluid accumulation under the retina, leading to a detachment. 3. Contralateral Eye: The presence of abundant soft drusen in the contralateral eye supports the diagnosis of AMD. Drusen are yellowish deposits that accumulate beneath the retinal pigment epithelium (RPE) and are commonly associated with AMD. Let's briefly discuss why the other options are less likely: - Acute Posterior Vitreous Detachment (APVD): While APVD can cause floaters and sometimes transient visual disturbances, it does not typically cause the specific macular changes described here, such as hard exudates and localized retinal detachment. - Central Retinal Artery Occlusion (CRAO): CRAO would present with sudden painless loss of vision, but it usually affects the entire visual field rather than being localized to the macula. Additionally, CRAO does not cause exudates or retinal detachments. - Non-Arteritic Anterior Ischemic Optic Neuropathy (NAION): NAION typically causes a sudden painless loss of vision, but it primarily affects the optic nerve head rather than the macula. It does not cause the macular signs like exudates and retinal detachment. Therefore, based on the clinical presentation and ocular findings, Exudative Age-Related Macular Degeneration is the most likely diagnosis.",0.0029,0.0171,0.1488,0.0449,0.0194,0.0449,0.0449,0.39,0.5172,0.6306
"Given a direct trauma to the right side of the face after which the patient presents unilateral palpebral hematoma, diplopia in the vertical gaze and difficulty in opening the mouth, which of the following statements is true?","Given a direct trauma to the right side of the face after which the patient presents unilateral palpebral hematoma, diplopia in the vertical gaze and difficulty in opening the mouth, which of the following statements is true?","
A. We are with great probability in front of a Lefort I type fracture of the middle third of the face 
B. This is probably a unilateral orbitomalar fracture. The diagnosis would ideally be verified by CT (computed axial tomography) 
C. It is a fracture of the base of the skull at the level of the carotid foramen 
D. The probable diagnosis is fracture with dislocation of the mandibular condyle 
E. A mandibular fracture is probably associated with a Lefort I type midface fracture
",B,B,True,"Option A is incorrect because a Lefort I type fracture involves the maxillary bone and typically affects the lower part of the face, including the maxilla, but it does not usually cause diplopia in the vertical gaze or difficulty in opening the mouth. These symptoms are more indicative of issues affecting the zygomatic complex or the temporomandibular joint. Option B is correct because the described symptoms—unilateral palpebral hematoma, diplopia in the vertical gaze, and difficulty in opening the mouth—suggest a fracture involving the zygomatic complex and possibly extending into the temporal region, affecting the superior oblique muscle and the temporomandibular joint. A unilateral orbitomalar fracture can indeed present with these symptoms, and a CT scan would be the ideal diagnostic tool to confirm the extent and exact location of the fracture. Option C is incorrect as the symptoms do not suggest a fracture at the level of the carotid foramen. Such fractures are rare and typically present with specific neurological deficits related to the internal carotid artery or cranial nerves. Option D is partially correct in that a fracture of the mandibular condyle could explain the difficulty in opening the mouth, but it does not account for the unilateral palpebral hematoma and diplopia in the vertical gaze, which are more characteristic of an orbital or zygomatic fracture. Option E is incorrect because while a mandibular fracture can occur alongside other facial fractures, the combination of symptoms described points more specifically towards a fracture involving the zygomatic complex rather than a Lefort I fracture. Additionally, a Lefort I fracture primarily affects the maxilla and does not typically cause the specific symptoms mentioned. Therefore, the most accurate statement given the clinical presentation is Option B.",0.0299,0.0888,0.3103,0.1615,0.1062,0.1491,0.1491,0.5009,0.6074,0.72
"A 47-year-old man with myopia magna, who underwent cataract surgery 2 years ago, comes to the emergency room reporting a profound and painless loss of vision in his right eye. Which of the following diagnoses can cause this symptomatology?",Which of the following diagnoses can cause this symptomatology?,"
A. Post-surgical endophthalmitis 
B. Retinal detachment 
C. Age-related macular degeneration, wet form 
D. Posterior vitreous detachment
",B,B,True,"- Post-surgical endophthalmitis (Option A): This condition involves an infection inside the eye that occurs after cataract surgery. While it can lead to sudden vision loss, it typically presents with symptoms such as pain, redness, and purulent discharge. Given that the patient reports no pain, this diagnosis is less likely. - Retinal detachment (Option B): This is a serious condition where the retina separates from the back of the eye, often leading to a sudden, painless loss of vision. It's common in patients with high myopia due to the increased risk of retinal tears. The absence of pain and the rapid onset of visual loss align well with this diagnosis. - Age-related macular degeneration, wet form (Option C): Although this condition can cause significant vision loss, it usually progresses more gradually and is associated with age-related changes rather than a sudden loss of vision. Additionally, it is more commonly seen in older individuals and does not typically occur immediately post-cataract surgery. - Posterior vitreous detachment (Option D): This condition involves the separation of the vitreous gel from the retina. It can cause floaters and flashes but rarely leads to a profound loss of vision unless it results in a retinal tear or detachment. Since the patient has experienced a profound loss of vision, posterior vitreous detachment alone is unlikely to be the primary cause without additional complications like retinal detachment. Given the patient's history and symptoms, retinal detachment (Option B) is the most plausible diagnosis.",0.0,0.0177,0.0802,0.0391,0.0157,0.0391,0.0391,0.4302,0.5487,0.6124
"A 59-year-old woman presenting with chronic watery diarrhea of 4 months' evolution. In the endoscopy, the mucosa did not show relevant aspects. In particular, no ulcers or friable areas were observed. A biopsy of the transverse colon was performed. Histopathology revealed a thickened area below the superficial lining epithelium, which was more evident by Masson's trichrome technique and involved epithelial atrophy and denudation. There was also a clear increase in intraepithelial lymphocyte density. The diagnosis of the intestinal lesion is?",The diagnosis of the intestinal lesion is?,"
A. Chronic ulcerative colitis 
B. Pseudomembranous colitis 
C. Collagenous colitis 
D. Fibrosing Crohn's disease
",C,C,True,"- Chronic Ulcerative Colitis (Option A): This condition typically presents with continuous inflammation that starts in the rectum and may extend proximally to involve the entire colon. It is characterized by diffuse mucosal inflammation, crypt abscesses, and often ulcerations. The histological features include crypt architectural distortion, neutrophilic infiltration, and sometimes granulation tissue. Given the absence of ulcers or friable areas on endoscopy and the specific findings of collagen deposition and increased intraepithelial lymphocytes, this option can be ruled out. - Pseudomembranous Colitis (Option B): This is usually associated with Clostridium difficile infection and presents with pseudomembranes visible on endoscopic examination. Histologically, it shows acute inflammatory changes with neutrophils and necrosis but does not exhibit the characteristic thickening of the subepithelial collagen layer seen in collagenous colitis. Therefore, this option is not applicable here. - Collagenous Colitis (Option C): This condition is characterized by a thickened subepithelial collagen band, typically greater than 10 micrometers, as visualized under Masson's trichrome staining. It is often associated with chronic watery diarrhea and microscopic examination reveals epithelial atrophy and an increase in intraepithelial lymphocytes. These findings align perfectly with the patient's presentation and biopsy results, making this the most likely diagnosis. - Fibrosing Crohn’s Disease (Option D): While Crohn’s disease can present with fibrosis and strictures, it is generally associated with transmural inflammation, granulomas, and skip lesions rather than the specific subepithelial collagen deposition noted in collagenous colitis. Additionally, the clinical presentation of chronic watery diarrhea without ulcers or friable areas makes this less likely compared to collagenous colitis. Therefore, based on the described clinical and histopathological findings, the diagnosis of collagenous colitis is the most appropriate.",0.0,0.016,0.1307,0.0358,0.0217,0.0358,0.0358,0.3966,0.5763,0.659
"Luis is a 25-year-old young man who underwent splenectomy after a bicycle accident 1 year ago. He has a dog that bit him 24 hours ago and has caused a small wound on his right hand. He went to his health center (located 3 hours from the nearest hospital) for fever of 39ºC, pain in the wound and general malaise. On examination, BP 100/60 mm Hg, HR 110 beats per minute, slight swelling in the wound without pus. Which of the following actions is most indicated at this time?",Which of the following actions is most indicated at this time?,"
A. Send to hospital for rabies and tetanus vaccination and keep under observation 
B. Clean the wound and administer intramuscular nonspecific ganunaglobulin 
C. Give 400 mg of oral moxifloxacin and send to the hospital 
D. Give clindamycin 600 mg oral every 8 hours and observation
",C,C,True,"Option A: While Luis should indeed be sent to the hospital for further evaluation due to his symptoms and medical history, the immediate need for rabies and tetanus vaccinations is not as urgent as addressing the current infection. Rabies post-exposure prophylaxis typically involves a series of vaccines over several weeks, and tetanus toxoid can be administered later if he does not have adequate immunity. The priority here is to treat the suspected bacterial infection causing his symptoms. Option B: Administering nonspecific gamma globulin (which is likely meant to refer to intravenous immunoglobulin or IVIG) is not appropriate for this situation. IVIG is used for specific immune deficiencies or certain autoimmune conditions, not for treating infections from animal bites. Cleaning the wound is important but should be done in conjunction with antibiotic therapy. Option C: This is the most appropriate action because Luis is showing signs of an infection (fever, pain, and malaise), and given his splenectomy, he is at higher risk for severe infections. Moxifloxacin is a broad-spectrum antibiotic effective against many bacteria that could cause such an infection. Sending him to the hospital ensures that he receives proper care, including monitoring, additional diagnostics, and possibly intravenous antibiotics if the oral treatment is insufficient. Option D: Clindamycin is an excellent antibiotic for certain types of infections, particularly anaerobic bacteria. However, it may not cover all potential pathogens involved in a dog bite, especially those that might be resistant to clindamycin. Additionally, the dose and route of administration (oral vs. IV) are critical factors in managing a potentially serious infection, especially in a patient with a compromised immune system due to splenectomy. Oral administration alone might not be sufficient, and hospitalization would allow for more aggressive treatment if necessary. Given Luis's splenectomy and the severity of his symptoms, prompt antibiotic treatment and hospitalization are crucial to prevent complications.",0.0,0.0172,0.0985,0.0436,0.0,0.0312,0.0312,0.4534,0.5428,0.5922
"A 67-year-old patient with a history of menopause at 55 years of age, 3 pregnancies with 3 euthyroid deliveries, type 2 diabetes of 6 years of evolution, treatment with nifedipone for hypertension. She consulted for intermittent scanty metrorrhagia of 2 months of evolution. The gynecological examination showed external genitalia without lesions, an atrophic cervix, a normal uterus and appendages on palpation and a normal cytological study of the cervix. The transvaginal ultrasound study shows a 7 mm hyperechogenic endometrium. Which of the following tests is the most appropriate and most sensitive to establish a diagnosis?",Which of the following tests is the most appropriate and most sensitive to establish a diagnosis?,"
A. Conization of the cervix 
B. Endometrial cytology 
C. Hysteroscopy and endometrial biopsy 
D. Magnetic resonance imaging of the pelvis 
E. Examination under anesthesia of the genital tract and biopsy of the cervix and endometrium
",C,C,True,"Given the patient's history of postmenopausal bleeding (intermittent scanty metrorrhagia), which is a significant symptom that can indicate endometrial pathology such as hyperplasia or cancer, the most appropriate and sensitive test to establish a diagnosis would be a hysteroscopy and endometrial biopsy. This procedure allows direct visualization of the endometrium and the ability to obtain tissue samples for histopathological analysis, which is crucial in ruling out malignancy or other pathologies. Option A (Conization of the cervix) is not indicated here because the clinical presentation and ultrasound findings suggest endometrial rather than cervical pathology. Conization is typically used for diagnosing and treating cervical dysplasia or early-stage cervical cancer. Option B (Endometrial cytology) is less sensitive compared to endometrial biopsy for detecting endometrial abnormalities. While it can be useful, it is generally considered a screening tool rather than a definitive diagnostic method due to its lower sensitivity and specificity. Option D (Magnetic resonance imaging of the pelvis) provides excellent anatomical detail but lacks the sensitivity and specificity required for diagnosing endometrial pathology. MRI is more often used when there is a need to assess the extent of disease or when there is a contraindication to performing a hysteroscopy. Option E (Examination under anesthesia of the genital tract and biopsy of the cervix and endometrium) is overly invasive and comprehensive for the initial diagnostic workup of postmenopausal bleeding. It is usually reserved for cases where there is suspicion of advanced disease or when other less invasive methods have failed to provide a clear diagnosis. Therefore, the most appropriate and sensitive test in this scenario is a hysteroscopy and endometrial biopsy (Option C).",0.0068,0.0438,0.1774,0.0976,0.0491,0.0767,0.0767,0.49,0.6094,0.6796
"A 52-year-old man comes to the Emergency Department with headache and fever (37.8°C) of 2 days' evolution. In the last few hours, he also had difficulty in nomination and comprehension. The examination did not show nuchal rigidity, the most striking finding being the presence of a mixed aphasia. The cranial CT shows a faint hypodensity in the left temporal lobe without mass effect and without contrast uptake. Which of the following statements is correct?",Which of the following statements is correct?,"
A. Bacterial meningitis is the first diagnostic impression and treatment with 3rd generation cephalosporin should be initiated as soon as possible 
B. Most likely this patient's CSF shows a lymphocyte-predominant pleocytosis with normal glycorrhachia 
C. We would suspect limbic encephalitis 
D. This is an early stage brain abscess
",B,C,False,"Option A is incorrect because bacterial meningitis typically presents with signs of meningeal irritation such as nuchal rigidity, photophobia, and Kernig's or Brudzinski's signs. Additionally, bacterial meningitis usually causes a neutrophil-predominant pleocytosis in cerebrospinal fluid (CSF), not a lymphocyte-predominant one. The patient's lack of nuchal rigidity and the imaging findings do not support a diagnosis of bacterial meningitis. Option B is incorrect because while some viral infections can present with lymphocyte-predominant pleocytosis and normal glucose levels in the CSF, the clinical presentation of mixed aphasia and the specific location of the lesion (left temporal lobe) suggest a more localized process rather than a diffuse infection like viral meningitis. Furthermore, the absence of typical symptoms of meningitis makes this less likely. Option D is incorrect because an early-stage brain abscess would typically present with more severe neurological deficits and a more pronounced radiological abnormality on CT scan, including mass effect and contrast enhancement. The patient's symptoms and imaging findings are not consistent with an acute brain abscess. Option C is correct because the combination of symptoms (mixed aphasia, fever, and focal neurologic deficit) along with the imaging findings (hypodensity in the left temporal lobe) strongly suggests limbic encephalitis. Limbic encephalitis can be associated with autoimmune processes, paraneoplastic syndromes, or infectious etiologies (such as herpes simplex virus). The left temporal lobe involvement is particularly relevant given its role in language processing, which aligns with the patient's presentation of mixed aphasia. Therefore, considering limbic encephalitis is appropriate in this context.",0.0,0.0142,0.0838,0.038,0.0153,0.0304,0.0304,0.3595,0.4926,0.5623
"A 25-year-old woman who wishes to become pregnant and wants to know what treatment she should take during the eventual pregnancy, as she is a heterozygous factor V Leiden carrier. She has never had any thrombotic phenomena. The determination of this factor was performed as a family study after an episode of pulmonary embolism in a sibling. What treatment should be advised?",What treatment should be advised?,"
A. Since pregnancy is a prothrombotic state, there would be a high risk of venous thromboembolism, so pregnancy should be discouraged 
B. Treatment with low molecular weight heparin at prophylactic doses should be carried out in the immediate puerperium, with optional follow-up during pregnancy 
C. Factor V Leiden in heterozygosis is a low-risk thrombophilia and there is no need for any treatment in pregnancy and puerperium 
D. Low-dose aspirin should be advised during pregnancy and puerperium 
E. Treatment with antivitamin K drugs (acenocoumarol) during pregnancy
",C,B,False,"Factor V Leiden is a genetic mutation that increases the risk of blood clots (venous thromboembolism). Being a heterozygous carrier means having one copy of the mutated gene and one normal gene. While this condition does increase the risk of thrombosis, it is generally considered a moderate risk rather than a high risk. Option A is incorrect because while pregnancy does indeed increase the risk of thrombosis due to its natural prothrombotic state, discouraging pregnancy outright is not typically recommended unless there are other significant risk factors present. Management strategies can mitigate these risks. Option B is correct. For women who are heterozygous carriers of Factor V Leiden and planning to become pregnant, prophylactic treatment with low molecular weight heparin (LMWH) is often recommended, especially during the puerperium (the period immediately following childbirth), when the risk of thrombosis is highest. Some experts also recommend continuing LMWH throughout pregnancy, although this is more controversial and may depend on individual risk assessment. This approach aims to balance the increased risk of thrombosis against the potential complications of anticoagulant therapy. Option C is incorrect because although Factor V Leiden in heterozygous form is considered a moderate risk rather than a high risk, it does not mean that no treatment is necessary. Given the prothrombotic state of pregnancy, some form of prophylaxis is usually advised. Option D is incorrect because while low-dose aspirin is sometimes used in conjunction with LMWH for thromboprophylaxis in pregnancies complicated by thrombophilia, it is not sufficient on its own to manage the increased risk associated with Factor V Leiden. Option E is incorrect because antivitamin K drugs like acenocoumarol are not recommended during pregnancy due to their teratogenic effects and the difficulty in maintaining therapeutic levels of anticoagulation during pregnancy. Therefore, the best course of action is to use low molecular weight heparin at prophylactic doses, particularly in the puerperium, and possibly during pregnancy based on individual risk assessment.",0.0,0.0057,0.0369,0.0123,0.0,0.0123,0.0123,0.3668,0.5386,0.631
"The most likely diagnosis of a 74-year-old patient who since two months ago begins with lumbar pain radiating to lower limbs, neurogenic claudication and limitation to extension the trunk is:","The most likely diagnosis of a 74-year-old patient who since two months ago begins with lumbar pain radiating to lower limbs, neurogenic claudication and limitation to extension the trunk is:","
A. L4-L5 disc herniation 
B. Lumbar vertebral fracture 
C. L5-S1 vertebral instability 
D. Lumbar canal stenosis
",D,D,True,"The symptoms described in the question—lumbar pain radiating to the lower limbs, neurogenic claudication (pain, weakness, or numbness in the legs that worsens with walking but is relieved by sitting or bending forward), and limitation to extension of the trunk—are highly indicative of lumbar spinal stenosis. This condition typically affects older adults and results from the narrowing of the spinal canal, which can compress the spinal cord and nerves. The characteristic feature of neurogenic claudication, which improves when the patient bends forward, is particularly suggestive of lumbar spinal stenosis rather than other conditions like a disc herniation or vertebral fracture. Option A (L4-L5 disc herniation) can cause similar symptoms, such as leg pain and possibly some degree of neurogenic claudication, but it does not typically present with the specific improvement in symptoms when bending forward, which is more characteristic of spinal stenosis. Option B (Lumbar vertebral fracture) would usually be associated with a history of trauma or fall and would present with acute onset of severe pain, often with neurological deficits if there is significant compression of the spinal cord or nerve roots. It is less likely to present with chronic symptoms over several months. Option C (L5-S1 vertebral instability) could potentially cause lower limb symptoms, but instability typically presents with mechanical back pain and possible neurological symptoms, but it is less likely to cause the specific pattern of neurogenic claudication seen in spinal stenosis. Therefore, given the chronic nature of the symptoms and their response to postures, the most likely diagnosis is D, lumbar canal stenosis.",0.0103,0.0853,0.2766,0.1638,0.0893,0.1092,0.1092,0.5313,0.6185,0.6841
"A 51-year-old woman comes to the emergency department with a sudden decrease in visual acuity, severe headache, nausea and vomiting. Hypotensive and afebrile. She presented right ophthalmoparesis due to involvement of the third cranial nerve. A cranial CT scan shows a mass in the hyperdense selar region with erosion of the anterior clinoid processes. What is the best approach to follow?",What is the best approach to follow?,"
A. Suspect chemical meningitis derived from a ruptured epidermoid tumor and start immediate treatment with corticosteroids 
B. It would indicate the performance of a cerebral angiography to rule out an aneurysm, since it is most likely that we are facing a case of subarachnoid hemorrhage and the mass that is evident in the CT is a thrombosed parasellar aneurysm 
C. Admission to ICU and treatment of the shock suffered by the patient and once stabilized perform brain MRI for scheduled surgery 
D. Urgent biochemistry and hemogram, initiation of high-dose corticosteroid therapy and urgent transsphenoidal surgery 
E. Lumbar puncture to rule out bacterial meningitis after starting empirical antibiotherapy. Once the patient was stabilized, study of the selar mass
",E,B,False,"Option A is incorrect because the clinical presentation does not suggest chemical meningitis derived from a ruptured epidermoid tumor. Epidermoid tumors typically do not cause acute neurological deficits such as ophthalmoplegia, severe headaches, or hypotension. Additionally, the imaging findings (hyperdense sellar mass with bone erosion) are not characteristic of an epidermoid tumor. Option C is partially correct in terms of stabilizing the patient in the ICU but is not the best initial approach. The patient's symptoms and imaging findings strongly suggest a vascular etiology rather than a non-vascular one. While stabilization is crucial, the primary concern here is ruling out a life-threatening condition like a ruptured aneurysm, which requires immediate attention. Option D is incorrect because the presence of a hyperdense mass on CT with bone erosion suggests a vascular lesion, such as a parasellar aneurysm, rather than a benign tumor that might require urgent transsphenoidal surgery. High-dose corticosteroids are not indicated in this scenario unless there is evidence of vasogenic edema, which is less likely given the acute onset of symptoms and the nature of the mass. Option E is incorrect because the clinical presentation and imaging findings do not support a diagnosis of bacterial meningitis. The patient's symptoms and signs are more consistent with a vascular lesion, and performing a lumbar puncture could be dangerous if there is an underlying aneurysmal bleed. Option B is the best approach because the combination of sudden neurological deficits, including ophthalmoplegia, severe headache, and hypotension, along with the imaging findings of a hyperdense mass in the sellar region with bone erosion, strongly suggests a vascular lesion, most likely a parasellar aneurysm. Performing a cerebral angiography is essential to confirm the diagnosis and plan appropriate management, which may include surgical clipping or endovascular coiling of the aneurysm. This approach prioritizes ruling out a potentially life-threatening condition like subarachnoid hemorrhage caused by a ruptured aneurysm.",0.0029,0.0146,0.0721,0.0309,0.0186,0.0309,0.0309,0.3811,0.5519,0.635
"A 24-year-old woman, primigestation, suffers a spontaneous abortion at 7 weeks gestation. The anatomopathological study of the abortive remains indicates molar disease. We should inform you that:",We should inform you that:,"
A. The risk of a new molar gestation in a future pregnancy is 50% 
B. You should not become pregnant until periodic controls and have spent one year with negative BHCG levels 
C. Subsequent controls are not necessary if the evacuation of the trophoblastic tissue was complete 
D. It is necessary to perform periodic controls since 40% of the cases will develop a gestational trophoblastic neoplasia
",B,B,True,"Option A is incorrect because the risk of a new molar gestation in a future pregnancy is not 50%. The risk for a subsequent molar pregnancy after a single molar pregnancy is approximately 1-2%, which is significantly lower than 50%. Option C is incorrect because even if the evacuation of the trophoblastic tissue appears to be complete, subsequent controls are still necessary due to the potential development of gestational trophoblastic neoplasia (GTN) in some cases. Option D is partially correct in noting the necessity of periodic controls but overstates the percentage of cases that will develop GTN. While it's true that close monitoring is essential, only about 15-20% of partial moles and up to 40% of complete moles may progress to GTN, not all cases will develop into this condition. Option B is the most accurate response. After a diagnosis of molar pregnancy, it is recommended that the patient does not become pregnant again until she has completed a period of regular follow-up and her beta-human chorionic gonadotropin (BHCG) levels have been consistently negative for at least six months to one year. This ensures that any residual or developing trophoblastic tissue is monitored and treated appropriately, reducing the risk of complications such as GTN.",0.0,0.0043,0.0177,0.0093,0.0,0.0093,0.0093,0.2925,0.3608,0.4064
"A 27-year-old woman, 10 weeks pregnant, with persistent severe allergic asthma. She is currently adequately controlled with daily inhaled budesonide and rescue inhaled salbutamol on demand. She comes to your office concerned about the possible teratogenic effects of her anti-asthma medication. Which of the following would be the correct approach?",Which of the following would be the correct approach?,"
A. Given that asthma improves during pregnancy in most patients, the best thing for the patient and the fetus is to suspend anti-asthma treatment 
B. Discontinue budesonide because it has been associated with an increased risk of fetal malformations and replace it with an oral anti-leukotriene (montelukast) 
C. Withdraw current treatment and replace it with oral prednisone at the lowest possible dose 
D. Maintain the current treatment and reassure the patient about its side effects and the need for adequate asthma control during pregnancy 
E. Replace budesonide with an anti-IgE monoclonal antibody (omalizumab) because of its greater safety in pregnancy since it is not a drug
",D,D,True,"Option A is incorrect because while some women may experience improvement in their asthma symptoms during pregnancy, this is not universal. Asthma can worsen during pregnancy, especially if it is inadequately controlled. Stopping treatment could lead to uncontrolled asthma, which poses significant risks to both the mother and the fetus. Option B is incorrect because there is no strong evidence linking inhaled budesonide to an increased risk of fetal malformations. In fact, inhaled corticosteroids like budesonide are generally considered safe during pregnancy when used at recommended doses. Anti-leukotrienes such as montelukast are not first-line treatments for severe asthma and have not been extensively studied in pregnant women. Option C is incorrect because oral corticosteroids like prednisone are generally avoided during pregnancy due to potential adverse effects on the fetus, including growth restriction and other complications. Inhaled corticosteroids are preferred over systemic steroids for asthma management during pregnancy whenever possible. Option D is correct because maintaining the current treatment with inhaled budesonide and using salbutamol as needed is appropriate for controlling severe asthma during pregnancy. Adequate asthma control is crucial to prevent maternal and fetal complications. Healthcare providers should reassure the patient about the safety profile of these medications and emphasize the importance of managing asthma effectively throughout pregnancy. Option E is incorrect because omalizumab is a monoclonal antibody that targets IgE and is not approved for use during pregnancy. Its safety profile in pregnant women is not well-established, making it inappropriate to recommend as a replacement therapy.",0.0,0.015,0.0983,0.0386,0.0,0.0309,0.0309,0.4253,0.5214,0.5511
"A 52-year-old woman from a village on the Costa Brava notices an otherwise asymptomatic lump in the anterior region when applying cream to her neck; she goes to her general practitioner who confirms the presence of a firm, smooth mass, 2 cm in maximum diameter, which rises with swallowing. No palpable lymphadenopathy. What tests would you order at the outset?",What tests would you order at the outset?,"
A. A determination of thyroglobulin in blood 
B. A cervical CT scan 
C. A determination of circulating antithyroid antibodies (antithyroglubulin and antiperoxidase) 
D. A fine needle puncture 
E. A determination of free T3
",D,D,True,"Given the patient's presentation of a firm, smooth mass in the anterior neck that moves with swallowing, the most appropriate initial test is a fine needle aspiration (FNA). This procedure involves using a thin needle to extract cells from the lump for microscopic examination. It is a minimally invasive method that can provide crucial information about the nature of the lesion, whether it is benign or malignant, and guide further management. Option A (A determination of thyroglobulin in blood): While measuring thyroglobulin levels can be useful in monitoring thyroid cancer recurrence, it is not typically the first test ordered for an asymptomatic lump in the neck. Thyroglobulin is more commonly used as a tumor marker after a diagnosis of thyroid cancer has been established. Option B (A cervical CT scan): Although imaging studies like CT scans can provide detailed images of the neck structures, they are usually not the first-line investigation for a palpable neck mass. They are more often used to assess the extent of disease or to evaluate complex cases where FNA results are inconclusive or unavailable. Option C (A determination of circulating antithyroid antibodies (antithyroglubulin and antiperoxidase)): These tests are primarily used to diagnose autoimmune thyroid diseases such as Hashimoto's thyroiditis or Graves' disease. Since the patient's lump is described as a discrete mass rather than diffuse thyroid enlargement, these tests are less relevant unless there is suspicion of underlying autoimmune thyroid disease. Option E (A determination of free T3): Free T3 levels are part of thyroid function tests and are used to assess thyroid hormone production. However, they do not directly help in diagnosing the nature of a palpable neck mass. Therefore, this test is not the most appropriate initial step in evaluating a neck lump. In summary, the best initial diagnostic approach for a palpable neck mass is a fine needle aspiration, which provides direct cellular information about the nature of the lesion.",0.0,0.0056,0.0451,0.0121,0.0,0.0121,0.0121,0.384,0.5532,0.6278
A 67-year-old woman diagnosed with an infiltrating ductal carcinoma of the breast with no family history of neoplasia. What additional studies should be performed on the tumor because of its clinical and therapeutic implications:,What additional studies should be performed on the tumor because of its clinical and therapeutic implications:,"
A. Complete phenotypic study by flow cytometry 
B. Study of hormone receptors and HER2 
C. Study of hormone receptors, ecadherin and study of first degree relatives 
D. BRCA l-2 study and study of first-degree relatives
",B,B,True,"Option A (Complete phenotypic study by flow cytometry) is not typically indicated for routine evaluation of breast cancer. While flow cytometry can provide information about cell cycle distribution and DNA ploidy, it does not directly impact the clinical management of breast cancer in terms of treatment selection or prognosis prediction. Therefore, this option is less relevant compared to other molecular markers that have direct therapeutic implications. Option B (Study of hormone receptors and HER2) is the most appropriate choice. Hormone receptor status (estrogen receptor (ER), progesterone receptor (PR)) and HER2 status are crucial for determining the potential effectiveness of endocrine therapy and targeted therapies such as trastuzumab. These markers significantly influence the choice of adjuvant therapy and patient outcomes. The presence of hormone receptors suggests sensitivity to hormonal therapy, while HER2 positivity may indicate suitability for anti-HER2 treatments. Option C (Study of hormone receptors, E-cadherin, and study of first-degree relatives) includes unnecessary components. E-cadherin expression, while important in understanding tumor biology and metastatic potential, is not routinely used for therapeutic decision-making in breast cancer. Additionally, studying first-degree relatives would be more pertinent if there was a suspicion of hereditary breast cancer, which is not indicated by the absence of a family history of neoplasia in this case. Option D (BRCA1-2 study and study of first-degree relatives) is also not necessary unless there is a strong family history of breast or ovarian cancer, which is not mentioned in the scenario. Testing for BRCA mutations is generally reserved for patients with a significant family history of breast or ovarian cancer or those who meet specific criteria based on their personal and family medical history. Since the patient has no family history of neoplasia, routine BRCA testing is not indicated. Therefore, the most clinically relevant and therapeutically informative additional studies for this patient's tumor are the assessment of hormone receptors and HER2 status.",0.0,0.0312,0.1461,0.0657,0.012,0.0358,0.0358,0.472,0.5978,0.717
"An 86-year-old woman in whom nonvalvular atrial fibrillation has been detected. She has a CHADS2 score of 3 points. In the literature, similar patients on warfarin therapy have a stroke risk of 2.2% versus 5.2% in patients without warfarin. What would be the number needed to treat (NNT) to prevent embolic stroke with anticoagulation therapy?",What would be the number needed to treat (NNT) to prevent embolic stroke with anticoagulation therapy?,"
A. 3 
B. 19,2 
C. 33,3 
D. 49,5
",C,B,False,"To calculate the Number Needed to Treat (NNT), we use the formula: \[ NNT = \frac{1}{Absolute\ Risk\ Reduction} \] In this case, the absolute risk reduction can be calculated as the difference between the stroke risk in patients not receiving warfarin and those receiving warfarin. According to the information provided, the stroke risk for patients not receiving warfarin is 5.2%, while for those receiving warfarin, it is 2.2%. Therefore, the absolute risk reduction is: \[ Absolute\ Risk\ Reduction = 5.2\% - 2.2\% = 3\% \] Converting this percentage into a decimal gives us 0.03. Now, we can calculate the NNT: \[ NNT = \frac{1}{0.03} = 33.33 \] However, the question asks for the NNT to prevent an embolic stroke specifically, and the options provided suggest a different calculation might be implied. The correct interpretation here should consider the relative risk reduction directly from the given percentages, which leads us to: \[ NNT = \frac{1}{(5.2\% - 2.2\%)} = \frac{1}{3\%} = \frac{1}{0.03} = 33.33 \] But since the closest option to our calculation is 19.2, and considering the context of the question and the typical rounding in such scenarios, the correct answer based on the options provided is B (19.2). This suggests that the question might imply a slightly different context or rounding method, but based strictly on the provided data and standard calculations, the closest logical answer is B. It's important to note that the exact calculation might vary slightly depending on how the absolute risk reduction is interpreted in specific clinical contexts, but the closest match to the provided options is B.",0.0,0.0282,0.177,0.0777,0.0569,0.0707,0.0707,0.433,0.522,0.6053
A 30-year-old man with a family history of a father who died at 38 years of age from colon cancer. A colonoscopy is performed and shows hundreds of adenomas throughout the colon. Which of the following statements is false?,Which of the following statements is false?,"
A. The patient has familial adenomatous polyposis 
B. The most appropriate management is annual follow-up colonoscopy and colectomy at age 40 
C. If the patient does not undergo surgical treatment, he/she will almost certainly develop colorectal cancer 
D. First degree relatives should be studied 
E. The patient's children have a 50% risk of suffering the same disease
",B,B,True,"A. This statement is true. The presence of hundreds of adenomas throughout the colon in a young individual with a family history of early-onset colorectal cancer strongly suggests familial adenomatous polyposis (FAP). FAP is characterized by the development of numerous adenomatous polyps in the colon and rectum, often starting in adolescence or early adulthood. B. This statement is false. While regular surveillance is important for patients with FAP, the recommendation for colectomy (removal of the colon) is generally not to wait until age 40. In fact, prophylactic colectomy is typically recommended before the onset of dysplasia or cancer, usually between ages 12-16 or when polyps become symptomatic, to prevent the development of colorectal cancer. C. This statement is true. Without surgical intervention, individuals with FAP will almost certainly develop colorectal cancer due to the high number of adenomas that can progress to malignancy. D. This statement is true. Given the genetic nature of FAP, it is crucial to screen first-degree relatives (parents, siblings, and children) for the condition as they have a significant risk of inheriting the mutation. E. This statement is true. Children of an affected parent have a 50% chance of inheriting the APC gene mutation associated with FAP, which would put them at risk for developing the condition.",0.0,0.0162,0.1527,0.0452,0.0183,0.0362,0.0362,0.3855,0.5176,0.7075
A 75-year-old woman brought for consultation by her family because they have been finding her depressed and with memory lapses for months. They are concerned that she may have Alzheimer's disease. The patient refers that she does not think anything is wrong with her and that she is as usual. In what order do the following symptoms generally occur in the progression of Alzheimer's disease:,In what order do the following symptoms generally occur in the progression of Alzheimer's disease:,"
A. Mood changes, behavioral symptoms, cognitive deficits 
B. Behavioral symptoms, motor symptoms, decline of functional independence 
C. Mood changes, cognitive deficit, decline of functional independence 
D. Behavioral symptoms, mood changes, motor symptoms
",C,C,True,"Alzheimer's disease typically progresses through several stages, and the symptoms often appear in a specific order. Here’s a breakdown of why option C is correct and why the others are not: - Option C (Mood changes, cognitive deficit, decline of functional independence): This is the correct sequence. Early in the disease, patients might experience mood changes such as depression or anxiety, which can be one of the first signs noticed by family members. Cognitive deficits, including memory lapses and difficulties with problem-solving, usually follow. As the disease advances, these cognitive issues lead to a decline in functional independence, where the individual struggles more with daily activities and tasks. - Option A (Mood changes, behavioral symptoms, cognitive deficits): While mood changes can indeed be an early sign, behavioral symptoms like agitation, wandering, or delusions tend to appear later in the disease process, after significant cognitive deficits have already developed. Therefore, this sequence is not accurate. - Option B (Behavioral symptoms, motor symptoms, decline of functional independence): Behavioral symptoms and motor symptoms are not primary early indicators of Alzheimer's disease. Motor symptoms are more characteristic of Parkinson's disease or other conditions. Decline in functional independence is a late-stage symptom that follows cognitive deficits, not motor symptoms. - Option D (Behavioral symptoms, mood changes, motor symptoms): Behavioral symptoms are not among the earliest signs of Alzheimer's disease. Mood changes, such as depression, often precede behavioral symptoms. Additionally, motor symptoms are not typical early signs of Alzheimer's; they are more associated with Parkinson's disease. Thus, the correct sequence reflecting the typical progression of Alzheimer's disease is mood changes followed by cognitive deficits, leading to a decline in functional independence.",0.0031,0.0304,0.2208,0.0741,0.0339,0.0741,0.0741,0.465,0.5868,0.7137
"An 80-year-old patient with a history of hypertension and on treatment with enalapril and spironolactone comes to the hospital with asthenia and severe muscle weakness. Blood pressure is 110/70 mmHg. In the ECG, there are sharp and elevated T waves, ventricular extrasystoles and short QT. What is the most likely diagnosis?",What is the most likely diagnosis?,"
A. Hypercalcemia 
B. Hyperkalemia 
C. Hypomagnesemia 
D. Hypocalcemia 
E. Hypernatremia
",B,B,True,"Hyperkalemia (high potassium levels) is the most likely diagnosis given the clinical presentation and findings in this elderly patient with a history of hypertension and on treatment with enalapril and spironolactone. Here's why: - Enalapril is an ACE inhibitor used for blood pressure control and heart failure management. It can cause hyperkalemia, especially when combined with other medications that affect potassium levels. - Spironolactone is a potassium-sparing diuretic, which means it tends to increase potassium levels rather than decrease them. This makes the patient more susceptible to hyperkalemia. - The symptoms of asthenia (weakness) and severe muscle weakness are common in hyperkalemia. High potassium levels can interfere with the normal function of muscles, leading to weakness and potentially paralysis. - Elevated T waves on the ECG are a classic sign of hyperkalemia. These changes reflect the effect of high potassium on cardiac muscle cells, altering their electrical properties. - Ventricular extrasystoles (extra heartbeats originating from the ventricles) can occur due to the direct effects of potassium on the heart's electrical system. - A short QT interval on the ECG is also consistent with hyperkalemia. Potassium affects the repolarization phase of the cardiac action potential, which can lead to a shortened QT interval. Let's briefly address why the other options are less likely: - Hypercalcemia (Option A): While it can cause muscle weakness, it typically does not cause ECG changes like those described here. - Hypomagnesemia (Option C): Low magnesium levels can cause arrhythmias but usually do not present with the specific ECG changes seen in hyperkalemia. - Hypocalcemia (Option D): Low calcium levels can cause neuromuscular irritability and tetany but do not typically result in the ECG findings described. - Hypernatremia (Option E): High sodium levels primarily affect fluid balance and can cause neurological symptoms but are not associated with the ECG changes observed. Therefore, based on the clinical presentation and ECG findings, hyperkalemia is the most probable diagnosis.",0.0055,0.0137,0.1037,0.0313,0.0252,0.0313,0.0313,0.3938,0.5654,0.6918
"Woman 40 weeks gestation in labor with 6 cm dilation. She presents a decelerative fetal pattern in cardiotocographic recordings, so it is decided to perform a fetal blood smear to assess fetal well-being. Result 7.22. The correct conduct is:",The correct conduct is:,"
A. Severe acidosis. Urgent cesarean section 
B. Pre-pathological value repeat microtome 15-20 minutes 
C. Moderate acidosis. Repeat microtome in 1-2 hours 
D. Value in normal limits, leave natural evolution of labor 
E. Repeat at the time of possible error in obtaining the shot
",B,C,False,"Fetal blood sampling (FBS) is used to assess fetal well-being when there are concerns about fetal distress, such as decelerations noted on cardiotocography (CTG). A pH level of 7.22 indicates moderate metabolic acidosis, which suggests that the fetus may be experiencing some degree of hypoxia (oxygen deprivation). Option A is incorrect because severe acidosis would typically be indicated by a pH below 7.10. A pH of 7.22 does not meet this criterion for severe acidosis. Option B is incorrect because a pH of 7.22 is considered abnormal and indicative of moderate acidosis rather than a pre-pathological value. Therefore, repeating the test immediately after 15-20 minutes would not be appropriate unless there was suspicion of an error in the initial sample collection or analysis. Option C is correct because a pH of 7.22 indicates moderate acidosis, suggesting that the fetus is experiencing some degree of hypoxia but not severe enough to warrant immediate intervention like an urgent cesarean section. Monitoring the fetus closely and repeating the FBS in 1-2 hours allows for assessment of whether the condition is improving or worsening. Option D is incorrect because a pH of 7.22 is outside the normal range for fetal blood (which is typically between 7.25 and 7.35), indicating that the fetus is not in optimal condition and that the labor should not be allowed to progress naturally without further evaluation. Option E is incorrect because while it's important to consider the possibility of errors in sample collection or analysis, the primary concern here is the clinical significance of the pH result. Given the moderate acidosis, the priority is to monitor the fetus's condition rather than assuming an error occurred. Therefore, the most appropriate course of action is to recognize the moderate acidosis and monitor the fetus's condition over a period of 1-2 hours before deciding on further interventions.",0.0,0.0059,0.0394,0.0185,0.0,0.0185,0.0185,0.3466,0.4492,0.5219
"A 19-year-old girl with no medical history of interest, except for a self-limited case of influenza 3 weeks earlier, who comes to the emergency department with petechiae and ecchymosis of spontaneous onset. On physical examination the patient was in good general condition, afebrile, normotensive and oriented in time and space. There were petechiae scattered throughout the lower extremities and abdomen and small ecchymoses in decubitus areas. No lymphadenopathy or splenomegaly were palpated. Laboratory tests showed the following findings: Hb 12.6 g/dL, leukocytes 5,500/mm3, platelets 7000/mm3. The peripheral blood smear showed normal erythrocyte morphology, normal differential leukocyte count and the planetary count was concordant with the autoanalyzer figure without platelet aggregates. Biochemistry and proteinogram, beta 2 microglobulin and LDH are normal. Which of the following do you think is the most appropriate initial treatment?",Which of the following do you think is the most appropriate initial treatment?,"
A. Platelet transfusion 
B. Weekly Rituximab 
C. Cyclophosphamide in 4-day pulses every 21 days 
D. Daily plasmapheresis 
E. Prednisone at 1 mg/day for 2-3 weeks
",A,A,True,"Given the clinical scenario, the patient presents with severe thrombocytopenia (platelets 7000/mm3) and signs of bleeding (petechiae and ecchymosis). This presentation is highly suggestive of immune thrombocytopenic purpura (ITP), an autoimmune disorder characterized by isolated thrombocytopenia due to anti-platelet antibodies leading to platelet destruction and impaired platelet production. Option A (Platelet transfusion): This is the most appropriate initial treatment because the patient has significant bleeding manifestations and extremely low platelet counts, which put her at high risk for life-threatening hemorrhage. Transfusing platelets can help stabilize the patient's condition until more definitive treatments can be initiated. Option B (Weekly Rituximab): While rituximab, a monoclonal antibody against CD20 on B cells, is effective in treating ITP, it is not the immediate first-line therapy for a patient presenting with active bleeding and very low platelet counts. It is typically used after corticosteroids have failed or when there are contraindications to corticosteroid use. Option C (Cyclophosphamide in 4-day pulses every 21 days): Cyclophosphamide is a potent immunosuppressive agent that is generally reserved for severe cases of ITP that are refractory to other treatments. Given the acute nature of the presentation and the need for immediate intervention, this would not be the initial treatment of choice. Option D (Daily plasmapheresis): Plasmapheresis can be considered in severe cases of ITP where there is a rapid decline in platelet count or if the patient is actively bleeding and other measures are ineffective. However, it is an invasive procedure and is usually not the first-line treatment. Option E (Prednisone at 1 mg/day for 2-3 weeks): Although corticosteroids are a mainstay of treatment for ITP, the dose mentioned (1 mg/day) is far too low to be effective in this acute setting. High-dose oral prednisone (typically 1-2 mg/kg/day) or intravenous methylprednisolone is usually administered initially to rapidly increase platelet counts. In summary, the immediate threat to the patient's life is the risk of severe bleeding due to extremely low platelet counts. Therefore, the most appropriate initial treatment is a platelet transfusion to stabilize the patient while further diagnostic work-up and definitive treatment are being planned.",0.0074,0.0195,0.1527,0.0481,0.0323,0.0481,0.0481,0.4108,0.548,0.6203
A 42-year-old woman with breast cancer has metastases at the level of the intervertebral foramina between the 4th and 5th cervical vertebrae and between the 4th and 5th thoracic vertebrae. Which spinal nerves will be injured?,Which spinal nerves will be injured?,"
A. Fourth cervical and fourth thoracic nerves 
B. Fifth cervical and fifth thoracic nerves 
C. Fourth cervical and fifth thoracic nerves 
D. Fifth cervical and fourth thoracic nerve 
E. Third cervical and fourth thoracic nerve
",D,C,False,"In the human body, spinal nerves exit the spinal column through the intervertebral foramina, which are small openings between adjacent vertebrae. Each spinal nerve is named after the vertebra above which it exits. Therefore, the spinal nerve that exits between the 4th and 5th cervical vertebrae is the 4th cervical nerve (C4), and the spinal nerve that exits between the 4th and 5th thoracic vertebrae is the 5th thoracic nerve (T5). Option A is incorrect because it suggests the involvement of the 4th cervical and 4th thoracic nerves, but the thoracic nerve in question is actually the 5th thoracic nerve. Option B is incorrect because it suggests the involvement of the 5th cervical and 5th thoracic nerves, but the cervical nerve in question is actually the 4th cervical nerve. Option D is incorrect because it suggests the involvement of the 5th cervical and 4th thoracic nerves, but the cervical nerve in question is actually the 4th cervical nerve. Option E is incorrect because it suggests the involvement of the 3rd cervical and 4th thoracic nerves, but the cervical nerve in question is actually the 4th cervical nerve, and the thoracic nerve in question is the 5th thoracic nerve. Therefore, the correct answer is C, as it correctly identifies the 4th cervical and 5th thoracic nerves as being affected by the metastases located at the specified intervertebral foramina.",0.0,0.008,0.0639,0.0258,0.0087,0.0258,0.0258,0.3477,0.5341,0.6251
"A 59-year-old woman presents with chronic watery diarrhea of 4 months' duration. On endoscopy, the mucosa showed no relevant features. In particular, no ulcers or friable areas were observed. A biopsy of the transverse colon was performed. Histopathology revealed a thickened area below the superficial lining epithelium, which was more evident by Masson's trichrome technique and involved epithelial atrophy and denudation. There was also a clear increase in intraepithelial lymphocyte density. The diagnosis of the intestinal lesion is?",The diagnosis of the intestinal lesion is?,"
A. Chronic ulcerative colitis 
B. Pseudomembranous colitis 
C. Collagenous colitis 
D. Fibrosing Crohn's disease
",C,C,True,"- Chronic Ulcerative Colitis (Option A): This condition typically involves continuous inflammation that starts in the rectum and may extend to other parts of the colon. It is characterized by the presence of ulcers, erosions, and a continuous pattern of inflammation. Given that the endoscopic examination did not reveal any ulcers or friable areas, this option can be ruled out. - Pseudomembranous Colitis (Option B): This condition is usually associated with the presence of pseudomembranes, which are visible as white plaques on the mucosal surface during endoscopy. These plaques are composed of inflammatory cells, fibrin, and necrotic debris. Since no such findings were noted in the endoscopic examination, this option is not applicable. - Collagenous Colitis (Option C): This condition is characterized by the deposition of an abnormal band of collagen beneath the surface epithelium of the colon, which can be visualized using special stains like Masson's trichrome. Additionally, it often presents with watery diarrhea and increased intraepithelial lymphocytes. The histopathological findings described—thickened subepithelial collagen layer, epithelial atrophy, and increased intraepithelial lymphocytes—are consistent with collagenous colitis. - Fibrosing Crohn’s Disease (Option D): While Crohn’s disease can present with fibrosis and strictures, it generally shows a patchy distribution of inflammation and may involve any part of the gastrointestinal tract from mouth to anus. The typical endoscopic findings include deep fissuring ulcers, cobblestoning, and strictures. The absence of these features and the specific histopathological findings point away from this diagnosis. Therefore, based on the provided information, the most appropriate diagnosis for the patient's condition is collagenous colitis.",0.0,0.0169,0.0668,0.0379,0.0076,0.0303,0.0303,0.4278,0.5907,0.6973
"A 78-year-old patient with no past history who consults for asthenia and dyspnea of 3 months of evolution, which has progressed to rest in the last few days. In the previous days he also refers chest pain with anginal characteristics with small efforts. On examination, blood pressure of 110/80 mmHg, heart rate of 85 bpm and auscultation with a rough systolic murmur in the right second intercostal space and crackles in both lung bases. Which of the following is the most likely diagnosis?",Which of the following is the most likely diagnosis?,"
A. Mitral insufficiency 
B. Aortic stenosis 
C. Aortic insufficiency 
D. Dilated cardiomyopathy of ischemic origin
",B,B,True,"- The patient's symptoms of asthenia (weakness), dyspnea (shortness of breath), and chest pain with anginal characteristics suggest a cardiac condition that affects the heart's ability to pump blood efficiently. - The physical examination findings include a rough systolic murmur heard in the right second intercostal space, which is characteristic of aortic stenosis. This murmur is due to turbulent blood flow through a narrowed aortic valve. - Additionally, the presence of crackles in both lung bases can be indicative of pulmonary congestion, which is commonly seen in patients with left-sided heart failure secondary to aortic stenosis. - The other options are less likely given the specific clinical presentation: - Mitral insufficiency (Option A) typically presents with a holosystolic murmur best heard at the apex and may not present with a murmur localized to the right second intercostal space. - Aortic insufficiency (Option C) usually presents with a diastolic murmur rather than a systolic one, and it often causes a different pattern of symptoms and signs. - Dilated cardiomyopathy of ischemic origin (Option D) might present with similar symptoms but would more likely have a different murmur location and character, and it is generally associated with a history of coronary artery disease, which was not mentioned in this case. Therefore, based on the clinical presentation and physical examination findings, aortic stenosis is the most likely diagnosis.",0.008,0.0276,0.2378,0.0696,0.0351,0.0696,0.0696,0.4426,0.5594,0.6674
"In a 30-year-old female patient a calcium level of 11 mg/dl (normal less than 10.5 mg/dl) is found during a routine company examination. PTH determination was 45 pg/ml (VN 10-55 pg/ml). The history is unremarkable except for the fact that the mother and paternal grandfather were diagnosed with hyperparathyroidism and underwent surgery, although they remained hypercalcemic. Which test is most useful in confirming the diagnosis?",Which test is most useful in confirming the diagnosis?,"
A. 25-OH D 
B. 1,25-OH 2D 
C. Urine calcium/creatinine ratio 
D. Phosphate tubular reabsorption 
E. PTHrP
",C,C,True,"Given the context of a 30-year-old female with a slightly elevated calcium level (11 mg/dl), a normal but lower end of the range parathyroid hormone (PTH) level (45 pg/ml), and a family history of hyperparathyroidism, the most useful test to confirm the diagnosis would be the urine calcium/creatinine ratio (Option C). Here's why the other options are not as suitable: A. 25-OH D (Vitamin D): This test measures the total vitamin D levels in the body. While vitamin D deficiency can cause secondary hyperparathyroidism due to low calcium levels, it does not directly address the primary issue of hyperparathyroidism in this case where calcium levels are elevated despite normal PTH levels. B. 1,25-OH 2D (Calcitriol): This is the active form of vitamin D which helps regulate calcium metabolism. Elevated levels might suggest a parathyroid disorder, but it doesn't specifically help differentiate between primary and secondary causes of hyperparathyroidism in this scenario. C. Urine calcium/creatinine ratio: This test is crucial because it helps distinguish between primary hyperparathyroidism and other causes of hypercalcemia. In primary hyperparathyroidism, there is often an increase in urinary calcium excretion, leading to a high urine calcium/creatinine ratio. Given the patient's family history and slightly elevated calcium levels, this test could indicate whether her condition is consistent with primary hyperparathyroidism. D. Phosphate tubular reabsorption: This test assesses how well the kidneys reabsorb phosphate from the filtrate back into the bloodstream. It is more relevant in conditions affecting phosphate metabolism rather than calcium metabolism directly related to hyperparathyroidism. E. PTHrP (Parathyroid Hormone-related Peptide): This peptide can cause hypercalcemia similar to PTH, but its measurement is typically reserved for specific scenarios such as malignancies causing humoral hypercalcemia of malignancy. Since the patient’s PTH levels are within the normal range and she has a family history of hyperparathyroidism, PTHrP is less likely to be the cause of her hypercalcemia. Therefore, the urine calcium/creatinine ratio (Option C) is the most appropriate next step to confirm the diagnosis of primary hyperparathyroidism in this patient.",0.0,0.0175,0.1452,0.0449,0.0169,0.0337,0.0337,0.4095,0.5481,0.6405
"A 58-year-old male with a history of arterial hypertension of 6 years of evolution, who consults for poor control of blood pressure figures despite receiving treatment with an angiotensin-converting enzyme inhibitor, a diuretic and a calcium antagonist. On consultation she presented with blood pressure of 149/100 mmHg. Laboratory tests: creatinine 1.2 mg/dl, potassium 2.2 mEq/l and compensated metabolic alkalosis; the rest of the biochemical study, blood count, coagulation and urinary sediment were normal. Mark the correct statement:",Mark the correct statement:,"
A. The origin of hypertension in this case is excessive aldosterone secretion caused by autonomic hyperfunction of the adrenal medulla 
B. In most cases the anatomical substrate is bilateral hyperplasia of the adrenal cortex 
C. CT scan is part of the diagnostic study in case of biochemical confirmation 
D. Spironolactone is contraindicated in the management of this pathology
",C,C,True,"Option A is incorrect because the origin of hypertension in this case is not due to excessive aldosterone secretion caused by autonomic hyperfunction of the adrenal medulla. Instead, the patient's presentation, including hypokalemia (low potassium levels) and metabolic alkalosis, suggests primary hyperaldosteronism, which is typically associated with excessive aldosterone production from the adrenal glands, not the adrenal medulla. Option B is incorrect because while bilateral hyperplasia of the adrenal cortex can be the anatomical substrate in some cases of primary hyperaldosteronism, it is not true for all cases. Primary hyperaldosteronism can also be caused by a unilateral adrenal adenoma, which would not involve bilateral hyperplasia. Option C is correct because if the biochemical tests confirm primary hyperaldosteronism (elevated aldosterone levels with suppressed renin activity), a CT scan is indeed part of the diagnostic workup. This imaging study helps identify any adrenal masses that could be causing the condition. Option D is incorrect because spironolactone, an aldosterone antagonist, is actually used in the management of primary hyperaldosteronism when medical therapy is chosen over surgical intervention. It helps manage symptoms and reduce blood pressure by blocking the effects of aldosterone. Therefore, the correct answer is [C].",0.0,0.0091,0.0705,0.0201,0.0102,0.0201,0.0201,0.3607,0.4881,0.6215
"You evaluate a 66-year-old patient with groin pain accentuated by prolonged standing for a few days per month. A plain radiograph of the hips shows narrowing of the femoroacetabular joint space, sclerosis and ostephytes.","A plain radiograph of the hips shows narrowing of the femoroacetabular joint space, sclerosis and ostephytes.","
A. I make the diagnosis of coxarthrosis and send to the traumatologist to place a hip prosthesis 
B. Start treatment with weak opioids that have shown evidence in stopping the progression of the disease 
C. Treatment with paracetamol, explaining that the evolution is very variable and the surgical indication depends on the functionality and pain control 
D. Because of the radiological features described, I need a hip MRI before making a therapeutic decision
",C,C,True,"Option A is incorrect because while the radiographic findings suggest coxarthrosis (degenerative arthritis of the hip), the decision to proceed with a hip prosthesis should be based on the patient's symptoms, functional limitations, and quality of life rather than solely on radiographic findings. The patient's pain is only accentuated by prolonged standing for a few days per month, which does not necessarily indicate an immediate need for surgery. Option B is incorrect because there is no evidence that weak opioids can stop the progression of osteoarthritis. Opioids are generally used for pain management but do not alter the course of the disease. Additionally, long-term use of opioids can lead to dependency and other side effects, making them less desirable as a first-line treatment for chronic conditions like osteoarthritis. Option C is correct because it addresses both the pain management and the realistic expectations regarding the natural history of the condition. Paracetamol is often recommended as a first-line treatment for mild to moderate pain associated with osteoarthritis. It is important to explain to the patient that the progression of the disease can vary widely and that surgical intervention such as a hip prosthesis is typically considered when conservative measures fail to control pain and maintain function. Option D is incorrect because while an MRI might provide additional information about the condition, such as cartilage damage or labral tears, the clinical presentation and radiographic findings already suggest a diagnosis of coxarthrosis. An MRI would not change the initial management plan, which should focus on pain relief and functional maintenance through non-surgical means.",0.0,0.0285,0.1236,0.0426,0.0143,0.0426,0.0426,0.4929,0.5729,0.6159
"A 19-year-old female university student comes to the clinic accompanied by her parents, reporting feeling progressively more asthenic in the last two months, with loss of appetite and weight and with greater difficulty in concentrating on her studies. The anamnesis also highlights that she has lost interest in going out with friends, has ideas of death without self-harming ideation and pessimistic cognitions of the future. Her weight is 90% of that considered ideal for age and gender. She does not present weight phobia or body image distortion. The most appropriate diagnosis is:",The most appropriate diagnosis is:,"
A. Anorexia nervosa 
B. Anxiety disorder 
C. Borderline personality disorder 
D. Dysthymia 
E. Major depressive disorder
",E,E,True,"- Anorexia nervosa (Option A): This condition involves significant weight loss due to excessive dieting and fear of gaining weight, along with a distorted body image. However, the patient does not exhibit weight phobia or body image distortion, which are key features of anorexia nervosa. - Anxiety disorder (Option B): While anxiety can cause symptoms such as difficulty concentrating and loss of appetite, the patient's presentation includes persistent sadness, loss of interest in activities, and thoughts about death, which are more characteristic of a mood disorder rather than an anxiety disorder. - Borderline personality disorder (Option C): This disorder is characterized by unstable moods, relationships, self-image, and behavior. It often includes impulsive behaviors, intense fears of abandonment, and recurrent suicidal behavior or threats. The patient's symptoms do not align with these characteristics. - Dysthymia (Option D): Dysthymia is a chronic form of depression characterized by a depressed mood for at least two years, but it typically lacks the severity and intensity of major depressive episodes. The patient's symptoms suggest a more acute onset and severity, which is more indicative of major depressive disorder. - Major depressive disorder (Option E): This diagnosis fits well with the patient's symptoms, including persistent sadness, loss of interest in activities, weight loss, difficulty concentrating, and thoughts of death. These symptoms are consistent with a major depressive episode, especially given their recent onset and severity. Therefore, based on the provided information, the most appropriate diagnosis for this patient is Major Depressive Disorder.",0.0,0.0204,0.1598,0.0398,0.0241,0.0398,0.0398,0.3996,0.5064,0.6734
"In a patient with known advanced chronic kidney disease (CKD G4, eGFR 20 ml/min) who comes to the emergency department for general weakness and is found to have severe hyperkalemia (K 7 mEq/l) with electrocardiographic abnormalities. What would be the first measure to take?",What would be the first measure to take?,"
A. Administration of cation exchange resins 
B. Placement of a catheter to initiate dialysis 
C. Administration of intravenous calcium gluconate 
D. Administration of oral furosemide
",C,C,True,"In a patient with severe hyperkalemia (serum potassium >6.5 mEq/L), especially when there are ECG changes indicating potential cardiac toxicity, immediate measures must be taken to stabilize the patient's condition. The primary concern in such cases is the risk of life-threatening arrhythmias due to the high potassium levels. Option A (Administration of cation exchange resins): While these agents can help reduce serum potassium over time, they are not effective immediately and do not address the urgent need to lower potassium levels quickly. Therefore, this is not the first-line treatment in an acute setting. Option B (Placement of a catheter to initiate dialysis): Dialysis is an effective method for removing excess potassium from the body but is a more prolonged process that requires time to set up and may not be immediately available. It is not the first step in managing acute hyperkalemia. Option C (Administration of intravenous calcium gluconate): This is the correct choice as it acts rapidly to stabilize the myocardium against the effects of hyperkalemia. Calcium gluconate does not actually lower the serum potassium level but provides temporary protection against the cardiac toxicity associated with hyperkalemia. It is administered intravenously and works within minutes to stabilize the heart rhythm. Option D (Administration of oral furosemide): Furosemide is a diuretic that can promote potassium excretion through urine, but its effect is delayed and it cannot be relied upon to manage severe hyperkalemia acutely. Additionally, in patients with CKD, the efficacy of furosemide might be reduced. Therefore, the immediate administration of intravenous calcium gluconate (Option C) is the most appropriate initial step to manage the acute presentation of severe hyperkalemia in this patient.",0.0,0.0128,0.0763,0.028,0.007,0.028,0.028,0.4068,0.5301,0.5989
"A 26-year-old woman consults for a feeling of generalized weakness that has progressively set in over the course of three weeks, becoming particularly intense in the last two days. For the last couple of years, she reports episodes of joint pain in the hands that have required the use of anti-inflammatory drugs, as well as the appearance of an erythematous lesion of unclear cause in the neckline area, mainly in summer. In the physical examination there was only an evident cutaneous-mucosal pallor and a heart rate of 100 bpm. The hemogram shows: Hb 6 gr/dL, Hto 27 %, MCV 105 fL, 3,420 leukocytes/mm3 (2300 neutrophils/mm3, 800 lymphocytes/mm3, 250 monocytes/mm3, 50 eosinophils/mm3, 20 basophils/mm3), platelets 170,000/mm3. Biochemistry: AST 30 IU/L, ALT 35 IU/L, GGT 59 IU/L, alkaline phosphatase 105 IU/L, LDH 490 IU/L, urea 20 mg/dL, creatinine 0.8 mg/dL. Taking into account the available information, indicate which of the following additional analytical parameters you would need to know in order to make the most appropriate immediate decision:","Taking into account the available information, indicate which of the following additional analytical parameters you would need to know in order to make the most appropriate immediate decision:","
A. Vitamin B12 
B. Antinuclear antibodies 
C. Direct Coombs' test 
D. Anti-DNA antibodies
",C,C,True,"Given the patient's symptoms and laboratory findings, the most concerning aspect is her severe anemia, indicated by a hemoglobin level of 6 g/dL and a hematocrit of 27%, which is significantly below normal. Additionally, the presence of cutaneous-mucosal pallor and a high heart rate of 100 bpm suggest a compensatory mechanism due to reduced oxygen-carrying capacity of the blood. The patient also has a history of joint pain and an erythematous lesion, which could be indicative of an underlying autoimmune condition. Option A (Vitamin B12): While vitamin B12 deficiency can cause anemia, the macrocytic nature of the anemia (MCV 105 fL) and the presence of other symptoms might point more towards another cause rather than solely vitamin B12 deficiency. However, it is not the most urgent parameter to check given the severity of the anemia and the other clinical features. Option B (Antinuclear antibodies): These are useful in diagnosing systemic lupus erythematosus (SLE) and other connective tissue diseases. Given the patient's history of joint pain and skin lesions, this could be relevant. However, the immediate concern is the severe anemia, and antinuclear antibodies do not directly address the cause of the anemia. Option C (Direct Coombs' test): This test is crucial in evaluating patients with hemolytic anemia, where the body's immune system attacks its own red blood cells. The patient's severe anemia, along with the elevated lactate dehydrogenase (LDH) levels, suggests possible hemolysis. Elevated LDH is often seen in conditions involving cell destruction, such as hemolysis. Therefore, performing a direct Coombs' test would help determine if the anemia is due to autoimmune hemolysis, which is a critical piece of information for immediate management. Option D (Anti-DNA antibodies): These are specific to SLE and would be less immediately relevant compared to ruling out hemolysis as the cause of the anemia. While important for diagnosis, they do not address the immediate concern of the severe anemia. Therefore, the most appropriate immediate action is to perform a Direct Coombs' test to evaluate for autoimmune hemolysis, which could explain the severe anemia and guide immediate treatment decisions.",0.0025,0.0377,0.1997,0.0686,0.0212,0.058,0.058,0.4436,0.5558,0.6218
"A 64-year-old male presents with fever, cough, dyspnea and right pleuritic pain of 1 week's evolution. Chest X-ray shows a loculated right pleural effusion occupying two thirds of the hemithorax. During thoracentesis, a yellowish fluid is drawn and analysis shows: leukocytes 15,000/uL, 92% neutrophils, glucose 30 mg/dL, pH 7, lactate dehydrogenase 3500 U/L, adenosine deaminase 45 U/L and absence of germs on GRAM stain. What is the most appropriate next course of action in this patient?",What is the most appropriate next course of action in this patient?,"
A. Intravenous antibiotic therapy 
B. Intravenous antibiotic therapy and repeat diagnostic thoracentesis in 24 hours 
C. Intravenous antibiotic therapy and repeat diagnostic thoracentesis if there is no improvement in 48 hours 
D. Intravenous antibiotic therapy and evacuative (therapeutic) thoracentesis if any germ is isolated in the pleural fluid culture 
E. Intravenous antibiotic therapy and placement of a chest tube or catheter to drain all pleural fluid
",E,C,False,"Given the clinical presentation and laboratory findings, the patient likely has an empyema, which is a collection of pus in the pleural space. The presence of a loculated right pleural effusion, high white blood cell count (15,000/uL), predominance of neutrophils (92%), low glucose levels (30 mg/dL), and elevated lactate dehydrogenase (LDH) level (3500 U/L) strongly suggest an infectious process. Additionally, the absence of germs on Gram stain does not rule out infection, as it may be due to the sensitivity of the test or the type of bacteria present. Option A (Intravenous antibiotic therapy) alone is insufficient because while antibiotics are necessary for treating the underlying infection, they do not address the need to remove the infected fluid from the pleural space, which can lead to complications such as fibrothorax if left untreated. Option B (Intravenous antibiotic therapy and repeat diagnostic thoracentesis in 24 hours) is too quick to reassess without giving the antibiotics time to take effect. It is generally recommended to wait at least 48-72 hours before repeating thoracentesis to evaluate response to treatment. Option D (Intravenous antibiotic therapy and evacuative (therapeutic) thoracentesis if any germ is isolated in the pleural fluid culture) is not ideal because therapeutic thoracentesis should be considered based on clinical and laboratory criteria rather than waiting for culture results, which can take several days. Moreover, cultures may be negative even in cases of empyema due to prior antibiotic use or other factors. Option E (Intravenous antibiotic therapy and placement of a chest tube or catheter to drain all pleural fluid) is more aggressive than necessary initially. While definitive drainage is often required in severe cases, starting with intravenous antibiotics and reassessing after 48 hours allows for a less invasive initial approach that may resolve the condition without the need for more invasive procedures. Therefore, the most appropriate next step is Option C: Intravenous antibiotic therapy and repeat diagnostic thoracentesis if there is no improvement in 48 hours. This approach balances the need for prompt antimicrobial treatment with the cautious management of pleural effusions, allowing for a reevaluation of the patient's response to therapy before considering more invasive interventions.",0.0024,0.0194,0.1425,0.0483,0.0162,0.0429,0.0429,0.4388,0.5616,0.6554
"A 52-year-old patient is admitted to the Hospital for severe pneumonia. With appropriate antibiotic treatment, the patient's respiratory symptoms improved. After 4 days of stay in the ward, his evolution is complicated by the appearance of a severe diarrhea. What is the most frequent microorganism responsible for this condition?",What is the most frequent microorganism responsible for this condition?,"
A. Salmonella enterica 
B. The bacterium itself causing pneumonia that has become resistant to the antibiotic 
C. Campylobacter jejuni 
D. Clostridium difficile 
E. Yersinia enterocolitica
",D,D,True,"In the context provided, the most likely cause of the severe diarrhea following antibiotic treatment for pneumonia is Clostridium difficile (C. difficile). This scenario is typical of C. difficile infection (CDI), which often occurs after antibiotic use due to disruption of the normal gut flora, allowing C. difficile to proliferate and produce toxins that cause colitis and diarrhea. - Option A (Salmonella enterica): While Salmonella can cause diarrhea, it is not typically associated with antibiotic use and does not fit the clinical context of post-antibiotic therapy. - Option B (The bacterium itself causing pneumonia that has become resistant to the antibiotic): Antibiotic resistance could lead to persistent pneumonia but would not directly cause diarrhea unless there was a specific gastrointestinal involvement, which is uncommon. - Option C (Campylobacter jejuni): Campylobacter jejuni can cause diarrhea, but it is usually associated with foodborne illness rather than antibiotic use. - Option E (Yersinia enterocolitica): Yersinia enterocolitica can cause diarrhea, particularly in children, but it is not commonly linked to antibiotic use and does not fit the described clinical scenario. Therefore, given the patient's recent antibiotic treatment and the onset of severe diarrhea, Clostridium difficile is the most probable causative agent.",0.0,0.0172,0.1352,0.0488,0.0197,0.039,0.039,0.4652,0.5767,0.6509
"A 7-year-old boy brought to the emergency department after falling off a swing onto his right hand. He has no history of interest. He presents with fork dorsum deformity of the wrist and functional impotence, with normal distal neurovascular status. What lesion would you expect to find on the urgent x-ray you request?",What lesion would you expect to find on the urgent x-ray you request?,"
A. Fracture - dislocation of Monteggia 
B. Radial head fracture 
C. Epiphysiolysis of the distal radius 
D. Fracture in green stem of ulna
",C,B,False,"Given the scenario where a 7-year-old child presents with a fork deformity of the wrist following a fall onto an outstretched hand, the most likely diagnosis is a radial head fracture. This type of injury is common in children due to the relative weakness of the radial head compared to other structures in the wrist. The fork deformity is characteristic of this injury because it results from the displacement of the radius and ulna, which can occur when the radial head fractures and disrupts the alignment of the forearm bones. Option A (Fracture-dislocation of Monteggia) involves a fracture of the proximal ulna combined with a dislocation of the radial head. While this could cause significant wrist deformity, the specific presentation described here does not align well with the typical signs of a Monteggia lesion, which usually includes a more pronounced deformity involving both the elbow and the wrist. Option C (Epiphysiolysis of the distal radius), also known as a Salter-Harris type I fracture, typically occurs at the growth plate of the distal radius and can result in wrist deformity. However, the term ""fork deformity"" is more commonly associated with radial head fractures rather than epiphyseal injuries. Option D (Fracture in green stick of ulna) refers to a type of incomplete fracture seen in children's bones, where the bone bends but does not completely break through. While this can occur in a fall, it does not typically present with the specific deformity described and is less likely to be the primary cause of the symptoms given in the question. Therefore, based on the clinical presentation and the age of the patient, a radial head fracture is the most probable diagnosis.",0.0,0.0129,0.0575,0.0268,0.0068,0.0268,0.0268,0.4161,0.5343,0.5935
"A 30-year-old woman comes to the clinic reporting anxiety, weight loss of about 6 kg and a feeling of ""nervousness"" in the last three months. In the physical examination she has tachycardia, hyperreflexia and absence of goiter. In the blood test TSH values are < 0.01 microU/mL, T4 is elevated and thyroglobulin levels are low. A scintigraphy shows an absence of uptake in the thyroid region. What seems to you the most likely diagnosis?",What seems to you the most likely diagnosis?,"
A. Factitious thyrotoxicosis 
B. Hyperthyroidism due to Graves' disease 
C. Ovarian teratoma (ovarian stromal tumor) 
D. Subacute thyroiditis
",A,C,False,"- Option A: Factitious thyrotoxicosis - This condition involves the patient intentionally ingesting or administering substances that mimic thyroid hormones, leading to symptoms of thyrotoxicosis. However, the absence of goiter and the specific laboratory findings (low TSH, high T4, low thyroglobulin) do not support this diagnosis. Additionally, factitious thyrotoxicosis would not typically present with the absence of thyroid uptake on scintigraphy. - Option B: Hyperthyroidism due to Graves' disease - Graves' disease is characterized by autoimmune stimulation of the thyroid gland, leading to increased production of thyroid hormones. It usually presents with a goiter, which is absent in this case. Furthermore, the low thyroglobulin levels and the absence of thyroid uptake on scintigraphy do not align with the typical presentation of Graves' disease. - Option C: Ovarian teratoma (ovarian stromal tumor) - This is the most likely diagnosis given the clinical and laboratory findings. Teratomas can produce thyroid-stimulating hormone (TSH) receptor antibodies or thyroid hormones themselves, leading to a syndrome known as ""struma ovarii"" or ovarian teratoma-induced thyrotoxicosis. The absence of thyroid uptake on scintigraphy suggests that the thyroid gland itself is not the source of the excess thyroid hormones, pointing towards an extrathyroidal source such as an ovarian teratoma. The low thyroglobulin levels further support this, as they indicate that the thyroid gland is not producing these hormones. - Option D: Subacute thyroiditis - This condition is characterized by inflammation of the thyroid gland, often following a viral infection, and can lead to transient thyrotoxicosis. However, it typically presents with pain in the thyroid area, fever, and elevated erythrocyte sedimentation rate (ESR). The absence of goiter and the specific laboratory findings (low TSH, high T4, low thyroglobulin) do not fit well with subacute thyroiditis. Therefore, based on the clinical presentation and laboratory results, the most likely diagnosis is an ovarian teratoma causing thyrotoxicosis.",0.0028,0.0141,0.1105,0.0327,0.0197,0.0327,0.0327,0.3379,0.5154,0.6194
A man presents on neurological examination with a thermoalgesic sensory deficit in the left leg associated with a loss of vibratory and positional sensitivity in the right leg. At the same time he presents with clumsiness and loss of distal strength in the right leg and a right plantar cutaneous reflex in extension. Which of the following statements is correct:,Which of the following statements is correct:,"
A. It is a centromedullary syndrome type syringomyelia 
B. It is a hemimedullary syndrome 
C. It is a pattern of transverse medullary lesion 
D. It is a pattern of lateral bulbar lesion
",B,C,False,"The symptoms described suggest a specific pattern of sensory and motor deficits that are characteristic of a transverse medullary lesion, also known as a Brown-Séquard syndrome. This condition results from damage to one side of the spinal cord, typically due to trauma, ischemia, or other causes that affect the spinal cord at the level of the medulla oblongata. - The thermoalgesic sensory deficit (loss of temperature and pain sensation) on the left leg indicates damage to the left side of the spinal cord, specifically affecting the spinothalamic tract which carries these sensations. - The loss of vibratory and positional sensitivity (proprioception) on the right leg suggests damage to the dorsal columns, which carry these sensations and cross over to the opposite side of the spinal cord at the cervical level. - Clumsiness and loss of distal strength in the right leg indicate damage to the corticospinal tract on the right side, which controls voluntary movement. - The presence of a right plantar cutaneous reflex in extension (an extensor plantar response) is indicative of an upper motor neuron lesion, which can be seen in conditions like Brown-Séquard syndrome where there is damage to the corticospinal tract. Option A (centromedullary syndrome type syringomyelia) is incorrect because syringomyelia typically involves a cavity within the spinal cord that can cause a variety of symptoms but does not specifically present with the lateralized pattern of sensory and motor deficits described here. Option B (hemimedullary syndrome) is incorrect because it usually refers to a condition where there is a lesion affecting both the spinothalamic tract and the dorsal columns on the same side of the spinal cord, leading to a more complex set of symptoms than those described. Option D (pattern of lateral bulbar lesion) is incorrect because a lateral bulbar lesion affects the brainstem at the level of the pons or medulla, near the cranial nerves, and would primarily present with cranial nerve signs rather than the specific spinal cord sensory and motor deficits described. Therefore, the correct diagnosis based on the given clinical presentation is a transverse medullary lesion, which aligns with the classic presentation of Brown-Séquard syndrome.",0.0,0.0103,0.0651,0.0275,0.0055,0.0275,0.0275,0.342,0.4651,0.503
65-year-old man with a history of pancreatic neoplasm undergoing chemotherapy. What diagnostic test is more cost-effective to confirm the diagnostic suspicion?,What diagnostic test is more cost-effective to confirm the diagnostic suspicion?,"
A. D-dimer 
B. Magnetic resonance imaging 
C. Phlebography 
D. Venous Doppler ultrasound 
E. Helical CT
",D,D,True,"In the context of a 65-year-old male patient with a history of pancreatic neoplasm undergoing chemotherapy, the primary concern might be related to thromboembolic complications, such as deep vein thrombosis (DVT) or pulmonary embolism (PE), which are common in cancer patients due to hypercoagulability. The diagnostic suspicion here could be for a thrombotic event, given that D-dimer is often used as an initial screening tool for thromboembolic disease. A. D-dimer - While D-dimer is a useful screening test for thromboembolic events, it is not a confirmatory test. It measures a degradation product of fibrin, which can be elevated in various conditions other than thrombosis, including inflammation, trauma, and malignancy itself. Therefore, while it may be cost-effective for initial screening, it cannot confirm the presence of a thrombus. B. Magnetic Resonance Imaging (MRI) - MRI is highly sensitive and specific for detecting thrombi but is significantly more expensive than other options and may not be necessary if less invasive methods can provide sufficient information. Additionally, MRI is not typically the first-line imaging modality for suspected venous thromboembolism (VTE). C. Phlebography - This is an invasive procedure involving the injection of contrast material into veins to visualize them. It is considered the gold standard for diagnosing VTE but is rarely used today due to its invasiveness and the availability of non-invasive alternatives like Doppler ultrasound. D. Venous Doppler Ultrasound - This is a non-invasive, relatively inexpensive, and widely available method for evaluating the lower extremity veins for signs of DVT. It provides real-time images of blood flow and can detect the presence of a clot. Given its accuracy and cost-effectiveness, it is often the preferred initial diagnostic test for suspected VTE. E. Helical CT - While helical CT can be used to evaluate for pulmonary emboli, it is not the most cost-effective or appropriate choice for confirming a diagnosis of DVT. It is more commonly used when there is a high clinical suspicion of PE after negative D-dimer results or inconclusive ultrasound findings. Therefore, considering the need for a cost-effective and accurate diagnostic test for suspected thromboembolic disease in this patient population, Venous Doppler ultrasound stands out as the best option among those listed.",0.0,0.0244,0.0975,0.0574,0.0315,0.047,0.047,0.4437,0.5679,0.6694
A 10-year-old boy with brief episodes of distractions (< 1 minute) in which he does not respond to calls and blinks. An EEG shows spike-wave discharges at 3 cycles per second. First-line elective treatment would with:,First-line elective treatment would with:,"
A. Valproate 
B. Carbamazepine 
C. Phenytoin 
D. Gabapentin 
E. Clonazepam
",A,A,True,"The symptoms described suggest absence seizures, characterized by brief lapses of consciousness (often lasting less than a minute), during which the individual may stare blankly and blink repeatedly without responding to external stimuli. The EEG finding of spike-wave discharges at 3 cycles per second (3 Hz) further supports this diagnosis. Valproate (Option A) is considered the first-line treatment for absence seizures due to its efficacy and broad spectrum of action against various types of seizures, including absence seizures. It works by stabilizing neuronal membranes and enhancing the inhibitory effects of GABA (gamma-aminobutyric acid), which helps reduce seizure activity. Carbamazepine (Option B) is more commonly used for partial seizures and generalized tonic-clonic seizures rather than absence seizures. While it can sometimes be effective for absence seizures, it is not typically the first choice. Phenytoin (Option C) is primarily used for partial seizures and generalized tonic-clonic seizures. It is not usually recommended for absence seizures because it may worsen these types of seizures. Gabapentin (Option D) is generally used for neuropathic pain and as an adjunctive therapy for partial seizures. It is not typically used as a first-line treatment for absence seizures. Clonazepam (Option E) can be effective for absence seizures but is often reserved for cases where other medications have failed or when there is a combination of absence and myoclonic seizures. It is not the first-line treatment due to potential side effects and the risk of tolerance and dependence. Therefore, valproate is the most appropriate first-line treatment for the described condition.",0.0,0.0035,0.0294,0.0226,0.0076,0.0226,0.0226,0.4005,0.5429,0.655
"A 72-year-old woman with no past history of interest. After a complicated renal colic, a 2 cm cystic lesion in the tail of the pancreas, together with multiple bilateral renal cystic lesions, is found by chance in the abdominal CT scan. Endoscopic ultrasonography shows a polycystic lesion formed by multiple vesicles with central calcification in the tail of the pancreas with no connection to the duct of Wirsung. Fluid analysis is compatible with a serous cystadenoma. Of the following, which is the most correct attitude regarding the management of this patient:","Of the following, which is the most correct attitude regarding the management of this patient:","
A. Surgical resection (corporocaudal pancreatectomy) 
B. Endoscopic ultrasonography-guided puncture and ethanolization of the puncture 
C. Follow-up of the lesion by MRI 
D. Kidney-pancreas transplant
",C,C,True,"Given the patient's age and the characteristics of the pancreatic lesion described, the most appropriate management approach would be follow-up of the lesion by MRI. Serous cystadenomas are typically benign tumors that do not usually require immediate surgical intervention unless they cause symptoms or show signs of malignancy. The presence of central calcification and the absence of ductal communication as seen on endoscopic ultrasonography suggest a benign process rather than a malignant one. Option A (Surgical resection (corporocaudal pancreatectomy)): This is an invasive procedure that carries significant risks, including postoperative complications such as pancreatic fistula, infection, and delayed gastric emptying. Given the patient's age and the benign nature of the lesion, surgery is generally reserved for cases where there is suspicion of malignancy or when the lesion causes symptoms like pain or obstruction. Option B (Endoscopic ultrasonography-guided puncture and ethanolization of the puncture): This procedure is more commonly used for solid pseudopapillary neoplasms or other specific types of pancreatic cystic lesions. It is not typically indicated for serous cystadenomas, especially given the patient's age and the benign nature of the lesion. Option D (Kidney-pancreas transplant): This is an extreme measure that would only be considered if both the kidneys and the pancreas were failing and could not be managed with less invasive means. In this case, the renal cystic lesions are incidental findings and do not indicate end-stage renal disease requiring transplantation. Additionally, performing a transplant for a benign pancreatic lesion would be highly unusual and unnecessary. Therefore, the most appropriate course of action is to monitor the lesion with periodic imaging studies, such as MRI, to ensure it does not change in size or characteristics over time.",0.0,0.0322,0.1798,0.0667,0.0134,0.0533,0.0533,0.4427,0.5562,0.6514
"A 25-year-old female patient with a history of skin rash after sun exposure and occasional polyarthritis in the joints of the hands, controlled with non-steroidal anti-inflammatory drugs, presents with general malaise, progressive feeling of generalized weakness and pallor for the last 15 days. Laboratory tests showed hemoglobin 7 g/dL, MCV 108 mm/h, 150,000 platelets/mm3, 3000 leukocytes/mm3, elevated LDH, undetectable haptoglobin. In the case of choosing a single diagnostic test indicate which of the following determinations should be performed first:",In the case of choosing a single diagnostic test indicate which of the following determinations should be performed first:,"
A. Direct Coombs test 
B. Antinuclear antibodies (ANA) 
C. Vitamin B12 
D. Ferritin 
E. Folic acid
",A,A,True,"Given the patient's presentation of anemia (hemoglobin 7 g/dL), macrocytic red blood cells (MCV 108 mm/h), thrombocytopenia (platelets 150,000/mm³), leukopenia (leukocytes 3000/mm³), elevated lactate dehydrogenase (LDH), and undetectable haptoglobin, these findings suggest a hemolytic anemia. The presence of a positive direct Coombs test would confirm autoimmune hemolysis, which is consistent with the patient's history of systemic lupus erythematosus (SLE)-like symptoms (skin rash after sun exposure, polyarthritis). Option A (Direct Coombs test): This test detects antibodies bound to the surface of red blood cells, indicating immune-mediated destruction of red blood cells. Given the clinical context of hemolytic anemia, this test is highly relevant and should be performed first to confirm the diagnosis. Option B (Antinuclear antibodies (ANA)): While ANA testing can help diagnose SLE, it is not the most immediate test to perform given the acute presentation of hemolytic anemia. ANA testing would be more appropriate if the initial workup does not reveal a cause for the hemolysis. Option C (Vitamin B12): Although vitamin B12 deficiency can cause macrocytic anemia, the patient's presentation includes other features that are not typical of B12 deficiency, such as thrombocytopenia and leukopenia. Therefore, while B12 levels might be checked later, it is not the first test to order. Option D (Ferritin): Ferritin is a marker of iron stores and is typically low in iron deficiency anemia. However, the patient's presentation suggests hemolysis rather than iron deficiency, making ferritin less relevant as a first-line test. Option E (Folic acid): Like vitamin B12, folic acid deficiency can also lead to macrocytic anemia but does not explain the other hematological abnormalities seen in this patient. Thus, folic acid levels would not be the first test to consider. In conclusion, the direct Coombs test is the most appropriate initial test to perform due to the strong suspicion of autoimmune hemolysis based on the patient's clinical presentation and laboratory results.",0.0026,0.0339,0.1339,0.0702,0.0176,0.0643,0.0643,0.4029,0.5234,0.598
"A 70-year-old woman with a history of anorexia, weight loss, discomfort in the musculature and proximal joints plus pain in the temporomandibular region who comes to the emergency department for unilateral loss of vision (hand movement), sudden and painless onset (afferent pupillary defect). What test would you request first for diagnostic purposes?",What test would you request first for diagnostic purposes?,"
A. Lumbar puncture 
B. C-reactive protein 
C. Magnetic Resonance Angiography 
D. Carotid ultrasound
",B,D,False,"Given the patient's symptoms, including unilateral loss of vision, sudden onset, and afferent pupillary defect, the most likely diagnosis is a carotid artery occlusion or dissection. The afferent pupillary defect (Marcus Gunn pupil) suggests an ischemic event affecting one eye, which can be due to blockage or narrowing of the internal carotid artery supplying that side of the brain. Option A (Lumbar puncture): This test is typically used to diagnose conditions involving the central nervous system such as meningitis or subarachnoid hemorrhage. It is not indicated here because the primary concern is vascular rather than infectious or inflammatory. Option B (C-reactive protein): While this test can indicate inflammation, it does not specifically address the vascular issue suggested by the clinical presentation. An elevated CRP might suggest an underlying inflammatory condition but would not directly help in diagnosing the cause of the visual loss. Option C (Magnetic Resonance Angiography): Although MRI angiography could be useful in evaluating blood vessels, it is more invasive and time-consuming compared to a carotid ultrasound. Given the acute nature of the visual loss, a quicker imaging modality is preferred initially. Option D (Carotid ultrasound): This is the most appropriate initial test because it can quickly assess the patency and flow within the carotid arteries. It is non-invasive, readily available, and can rapidly identify any significant stenosis or occlusion in the carotid arteries, which would explain the sudden loss of vision and other neurological symptoms. If a significant blockage is found, further management can be initiated promptly, potentially improving outcomes.",0.0,0.0069,0.0262,0.015,0.0,0.015,0.015,0.4356,0.5656,0.6258
"A 68-year-old patient consults for edema and asthenia. Laboratory tests showed creatinine 5 mg/dL, hemoglobin 10 g/dL and marked hypogammaglobulinemia in serum at the expense of IgG, IgA and IgM. A urinalysis reveals the presence of kappa light chains. What is your diagnostic suspicion?",What is your diagnostic suspicion?,"
A. Kappa light chain deposition disease 
B. Nephrotic syndrome 
C. Amyloidosis 
D. IgA myeloma with Bence-Jones proteinuria 
E. Light chain myeloma
",A,E,False,"The clinical presentation of a 68-year-old patient with edema, asthenia (weakness), and laboratory findings including elevated creatinine (indicating renal dysfunction), hypogammaglobulinemia, and the presence of kappa light chains in the urine strongly suggests a diagnosis of light chain myeloma. Here's a breakdown of why this is the most likely diagnosis and why the other options are less suitable: - Light Chain Myeloma (Option E): This condition is characterized by the proliferation of plasma cells that produce an excess of free light chains, which can lead to kidney damage due to their deposition in the renal tubules. The presence of kappa light chains in the urine, along with the other laboratory findings, points towards this diagnosis. Additionally, the hypogammaglobulinemia seen here is often a result of the clonal plasma cell proliferation displacing normal plasma cells, leading to reduced production of all immunoglobulins. - Kappa Light Chain Deposition Disease (Option A): While this condition also involves the deposition of light chains in tissues, it typically does not present with the same degree of systemic symptoms such as edema and asthenia, nor does it usually cause significant hypogammaglobulinemia. It is more commonly associated with isolated renal impairment without the hematologic abnormalities seen in this case. - Nephrotic Syndrome (Option B): Although nephrotic syndrome can present with edema and proteinuria, it is generally not associated with the specific finding of light chains in the urine or the combination of renal failure and hypogammaglobulinemia seen here. Furthermore, nephrotic syndrome is not typically caused by a monoclonal gammopathy. - Amyloidosis (Option C): Amyloidosis can involve the kidneys and lead to proteinuria, but it is distinguished from light chain myeloma by the type of amyloid fibrils deposited. In amyloidosis, these are typically derived from different precursors than the light chains seen in this case. Additionally, amyloidosis does not usually present with the specific pattern of hypogammaglobulinemia observed here. - IgA Myeloma with Bence-Jones Proteinuria (Option D): While this condition involves the presence of Bence-Jones proteins (free light chains) in the urine, it specifically refers to a plasma cell disorder where the predominant immunoglobulin produced is IgA. The hypogammaglobulinemia noted here would be unusual in IgA myeloma, as it typically results in an increase rather than a decrease in total immunoglobulin levels. Moreover, the presence of kappa light chains alone does not specify an IgA myeloma. Therefore, given the clinical and laboratory data provided, the most appropriate diagnosis is light chain myeloma (Option E).",0.0,0.0021,0.0096,0.0049,0.0,0.0049,0.0049,0.2863,0.4776,0.5558
"A 24-year-old woman is found lying in the street by passers-by. On arrival of the emergency team she was found with an oxygen saturation of 88% breathing room air and on examination with pinpoint pupils. She was transferred to the emergency room of the nearest hospital, where the baseline arterial blood gases showed: pH 7.25, PaC02 60 mmHg, Pa02 58 mmHg, bicarbonate 26 mEq/1 and base excess of -1. In blood sodium was 137 mEq/1 and chloride 100 mEq/1:",In blood sodium was 137 mEq/1 and chloride 100 mEq/1:,"
A. Partial respiratory failure 
B. Metabolic acidosis 
C. Pure respiratory acidosis 
D. Respiratory alkalosis due to lack of chloride 
E. Blood gases can only be venous blood
",C,C,True,"- The patient's presentation includes hypoxemia (oxygen saturation of 88%) and altered mental status, which could be indicative of various conditions, but the key findings from her arterial blood gas (ABG) analysis point towards a specific diagnosis. - The ABG results show a pH of 7.25, which is acidic, indicating acidosis. However, the primary abnormality here is the elevated partial pressure of carbon dioxide (PaCO2) at 60 mmHg, which is significantly higher than the normal range of 35-45 mmHg. This high PaCO2 level suggests that the acidosis is primarily due to impaired ventilation, leading to retention of CO2. - The bicarbonate level is slightly elevated at 26 mEq/L, which is above the normal range of 22-28 mEq/L. This increase in bicarbonate is a compensatory mechanism for the respiratory acidosis, as the body attempts to buffer the increased acidity caused by the elevated PaCO2. - The base excess is -1 mEq/L, which is slightly negative, indicating an acidotic state, but this value is close to zero and does not strongly suggest metabolic acidosis or alkalosis. - The blood sodium and chloride levels do not indicate any significant electrolyte imbalance that would contribute to metabolic acidosis or alkalosis. - Option A (Partial respiratory failure) is partially correct as it describes the clinical scenario, but it does not specify the type of acid-base disturbance. - Option B (Metabolic acidosis) is incorrect because the primary issue is respiratory, not metabolic, despite the slight elevation in bicarbonate which is a compensatory response. - Option D (Respiratory alkalosis due to lack of chloride) is incorrect because the patient has respiratory acidosis, not alkalosis, and there is no evidence of chloride deficiency causing respiratory alkalosis. - Option E (Blood gases can only be venous blood) is incorrect because arterial blood gases are used to assess the acid-base status and gas exchange in the lungs, providing more accurate information about respiratory function compared to venous blood gases. Therefore, the best answer is C, pure respiratory acidosis, as the primary cause of the acid-base disturbance in this patient.",0.0,0.0201,0.0615,0.0455,0.0114,0.0284,0.0284,0.4864,0.5186,0.6731
"A 2-month-old infant with an upper respiratory tract cold of 3 days of evolution, who begins with moderate respiratory distress and pulmonary auscultation with expiratory wheezing. Oxygen saturation is 89 %. Respiratory syncytial virus is isolated in the nasopharyngeal exudate. Which of the following treatments do you consider more indicated for this condition?",Which of the following treatments do you consider more indicated for this condition?,"
A. Oral rivabirin 
B. Nebulized salbutamol 
C. Supplemental oxygen 
D. Intravenous corticosteroids
",C,C,True,"Respiratory Syncytial Virus (RSV) is a common cause of lower respiratory tract infections in infants and young children, often leading to bronchiolitis characterized by symptoms such as fever, cough, and wheezing. In the case described, the infant has moderate respiratory distress, expiratory wheezing, and low oxygen saturation, indicating that the child is having difficulty breathing and requires immediate attention. Option A (Oral rivabirin): Rivabirin is an antiviral medication used primarily for treating hepatitis C and is not typically used for RSV infection. There is no standard recommendation for oral rivabirin in the treatment of RSV bronchiolitis, especially in infants, making this option inappropriate. Option B (Nebulized salbutamol): Salbutamol is a bronchodilator commonly used in asthma to relieve symptoms like wheezing. While it may help alleviate some symptoms of bronchiolitis, there is limited evidence supporting its routine use in RSV-induced bronchiolitis, particularly in very young infants. The primary issue here is hypoxemia rather than purely airway obstruction, which might not be effectively addressed by a bronchodilator alone. Option C (Supplemental oxygen): Given the infant's low oxygen saturation (89%), supplemental oxygen is crucial to ensure adequate oxygenation. Providing oxygen therapy can help improve the infant's oxygen levels and reduce the risk of further complications from hypoxia. This is a fundamental step in managing acute respiratory distress in infants due to RSV infection. Option D (Intravenous corticosteroids): Corticosteroids are generally not recommended for the treatment of RSV bronchiolitis in infants. Studies have shown that corticosteroids do not significantly improve outcomes in RSV bronchiolitis and may even have adverse effects. Therefore, this treatment is not indicated in this scenario. Given these considerations, the most appropriate initial treatment for this infant would be supplemental oxygen to address the hypoxemia, followed by supportive care measures tailored to the infant's clinical status.",0.0,0.0175,0.124,0.0449,0.0065,0.0449,0.0449,0.4468,0.551,0.6588
"A 67-year-old female patient on ticlopidine treatment comes to the emergency department with headache, asthenia and petechiae in the lower extremities. Laboratory tests showed hemoglobin 8.2 g/dL, MCV 100 fl, platelets 25000/ul and leukocytes 7500/ul with normal formula. The reticulocyte count was elevated and the blood smear showed numerous schistocytes. Coagulation studies (APTT, PT and fibrinogen) are normal. The biochemistry shows LDH 2700 IU/l and bilirubin 2.6 mg/dl. What is the most likely diagnosis?",What is the most likely diagnosis?,"
A. Autoimmune thrombocytopenic purpura 
B. Thrombotic thrombocytopenic purpura 
C. Bone marrow aplasia 
D. Drug-induced thrombopenia 
E. Disseminated intravascular coagulation
",B,B,True,"- Option A: Autoimmune thrombocytopenic purpura - This condition typically presents with isolated thrombocytopenia and purpura due to autoantibodies against platelets. It does not usually present with schistocytes (fragmented red blood cells), elevated LDH, or increased bilirubin levels, which are more characteristic of microangiopathic hemolytic anemia. - Option B: Thrombotic thrombocytopenic purpura (TTP) - This is the most likely diagnosis given the clinical presentation and laboratory findings. TTP is characterized by the pentad of symptoms: thrombocytopenia, microangiopathic hemolytic anemia (as evidenced by schistocytes on blood smear, elevated LDH, and increased bilirubin), fever, neurologic abnormalities, and renal dysfunction. The patient's symptoms of headache and petechiae, along with the laboratory findings of low platelet count, high LDH, and increased bilirubin, strongly suggest TTP. Additionally, the presence of schistocytes on the blood smear is a hallmark of this condition. - Option C: Bone marrow aplasia - This condition would typically present with pancytopenia (low counts of all blood cell types), including both red blood cells and white blood cells, which is not consistent with the patient's normal white blood cell count and formula. Furthermore, bone marrow aplasia does not cause the specific findings of schistocytes or elevated LDH and bilirubin. - Option D: Drug-induced thrombocytopenia - While ticlopidine can cause thrombocytopenia, it does not typically cause the microangiopathic changes seen in this patient, such as schistocytes, elevated LDH, and increased bilirubin. Therefore, drug-induced thrombocytopenia alone cannot explain the full spectrum of the patient's symptoms and laboratory results. - Option E: Disseminated intravascular coagulation (DIC) - DIC is characterized by widespread clotting throughout the body, leading to consumption of clotting factors and platelets, often resulting in bleeding and organ failure. However, DIC usually causes prolonged coagulation times (elevated APTT and PT), which are not observed in this case. Additionally, the presence of schistocytes and elevated LDH and bilirubin without abnormal coagulation studies is more indicative of TTP than DIC. Given these considerations, the most likely diagnosis for this patient is Thrombotic Thrombocytopenic Purpura (TTP).",0.0051,0.0128,0.1054,0.0302,0.0243,0.0302,0.0302,0.3224,0.5279,0.5995
