background,question,option,ground_truth,prediction,acc,explanation,bleu4,bleu1,meteor,rouge1,rouge2,rougeL,rougeLsum,bertscore_f1,bertscore_f1_avg_sent,bertscore_f1_max_sent
"A 68-year-old man is brought to the emergency department because of a 2-day history of progressive lethargy and tremors. He has alcoholism and opiate, cocaine, and amphetamine use disorder, but he has abstained from alcohol and illicit substances during the past 2 weeks. He also has alcoholic cirrhosis. His only medication is a daily multivitamin. He previously drank six 12-oz beers daily. He appears chronically ill and is somnolent. Temperature is 36.8°C (98.2°F), pulse is 100/min, respirations are 18/min, and blood pressure is 100/60 mm Hg. Pulse oximetry on room air shows an oxygen saturation of 94%. Examination shows conjunctival icterus, ascites, and 2+ edema of the lower extremities. Cranial nerves are intact. Muscle strength is 4/5 throughout. When he is awake, there is a postural and action tremor of the forearms and hands that is accompanied by a sudden, brief loss of muscle strength. His speech is normal, and he is able to follow simple commands. Serum total bilirubin concentration is 3 mg/dL. Blood and urine cultures grow no pathogens. Which of the following is most likely to improve this patient’s cognition and movement disorder?",Which of the following is most likely to improve this patient’s cognition and movement disorder?,"
A. Intravenous vancomycin and cefepime therapy 
B. Intravenous vitamin B1 (thiamine) therapy 
C. Oral lactulose therapy 
D. Oral lorazepam therapy
",C,B,False,"The patient's presentation is consistent with Wernicke's encephalopathy, a neurological disorder caused by thiamine (vitamin B1) deficiency, often seen in chronic alcoholics. The symptoms of progressive lethargy, tremors, and sudden loss of muscle strength are characteristic of this condition. The patient's history of alcoholism and recent abstinence from alcohol, combined with his chronic liver disease (alcoholic cirrhosis), further supports this diagnosis. A. Intravenous vancomycin and cefepime therapy: This option is incorrect because the patient's symptoms do not suggest an infectious process, and blood and urine cultures are negative. Antibiotics would not address the underlying thiamine deficiency causing the patient's symptoms. B. Intravenous vitamin B1 (thiamine) therapy: This is the correct answer. Thiamine replacement is the cornerstone of treatment for Wernicke's encephalopathy. Rapid administration of thiamine can improve cognitive function and movement disorders associated with this condition. C. Oral lactulose therapy: This option is incorrect. Lactulose is used to manage hepatic encephalopathy, a condition characterized by confusion and altered mental status due to liver failure. While the patient has alcoholic cirrhosis, his symptoms are more consistent with Wernicke's encephalopathy rather than hepatic encephalopathy. D. Oral lorazepam therapy: This option is incorrect. Lorazepam is a benzodiazepine used for its sedative, anxiolytic, and anticonvulsant properties. It would not address the underlying thiamine deficiency and could potentially worsen the patient's condition by exacerbating confusion or lethargy. In summary, given the patient's history and clinical presentation, intravenous thiamine therapy is the most appropriate treatment to improve his cognition and movement disorder.",0.0035,0.0382,0.2373,0.0959,0.0372,0.0812,0.0812,0.4806,0.5723,0.7277
"A 45-year-old woman comes to the emergency department because of a 3-day history of progressive shortness of breath, cough productive of blood-tinged sputum, and fever. She also has a 3-month history of numbness of her left leg and tingling in her right arm. She has not had chills. She was diagnosed with asthma 6 months ago; it is well controlled with inhaled budesonide and albuterol as needed. She has no other history of serious illness and takes no other medications. She appears to be in mild respiratory distress. Temperature is 38.1°C (100.6°F), pulse is 105/min and regular, respirations are 24/min, and blood pressure is 145/95 mm Hg. Pulse oximetry on room air shows an oxygen saturation of 92%. Crackles are heard at the right lung base, and there are occasional diffuse wheezes. Cardiac examination shows no abnormalities. On neurologic examination, sensation to pinprick is decreased over the lateral aspect of the left lower extremity and right upper extremity. Muscle strength is 5/5 throughout. Babinski sign is absent. Deep tendon reflexes are 2+ and symmetric. Which of the following is the most appropriate next step in diagnosis?",Which of the following is the most appropriate next step in diagnosis?,"
A. CT angiography of the chest 
B. Determination of serum angiotensin-converting enzyme activity 
C. Measurement of serum IgE concentration 
D. Mesenteric angiography 
E. Serum antiglomerular basement membrane assay 
F. Serum antineutrophil cytoplasmic autoantibody assay 
G. Sweat chloride testing
",F,B,False,"The patient's presentation includes a combination of respiratory symptoms (shortness of breath, cough with blood-tinged sputum, fever, and crackles on the right lung base) and neurological symptoms (numbness in the left leg and tingling in the right arm). The combination of these symptoms, especially the respiratory symptoms and the presence of crackles, suggests a condition that could involve both the respiratory and nervous systems. Option B, the determination of serum angiotensin-converting enzyme (ACE) activity, is the most appropriate next step in diagnosis. Elevated serum ACE levels are often associated with sarcoidosis, a multisystem granulomatous disease that can affect the lungs, skin, eyes, and nervous system. The patient's symptoms, including the respiratory distress and neurological signs, are consistent with sarcoidosis, which can present with pulmonary involvement (leading to shortness of breath and crackles) and peripheral neuropathy (leading to the numbness and tingling). A. CT angiography of the chest is more appropriate for diagnosing conditions such as pulmonary embolism or aortic dissection, which do not fit the clinical picture as well as sarcoidosis does. C. Measurement of serum IgE concentration is more relevant for diagnosing allergic conditions or parasitic infections, which do not align with the patient's symptoms. D. Mesenteric angiography is used to diagnose conditions affecting the blood supply to the intestines, which is not indicated by the patient's symptoms. E. Serum antiglomerular basement membrane assay is used to diagnose Goodpasture syndrome, which primarily affects the kidneys and lungs but does not typically present with neurological symptoms. F. Serum antineutrophil cytoplasmic autoantibody (ANCA) assay is used to diagnose vasculitis, such as granulomatosis with polyangiitis (Wegener's), which can present with respiratory symptoms but is less likely to present with the specific neurological symptoms described. G. Sweat chloride testing is used to diagnose cystic fibrosis, which is not indicated by the patient's history or symptoms. Given the clinical presentation and the potential for sarcoidosis, measuring serum ACE activity is the most appropriate next step in diagnosis.",0.0134,0.0265,0.2341,0.0641,0.0469,0.0641,0.0641,0.4196,0.5654,0.7025
"An 87-year-old woman, gravida 6, para 6, is brought to the emergency department because of a 24-hour history of severe abdominal pain and an inability to void. She notes that for the past 2 months, she has had difficulty emptying her bladder, especially at the end of the day. Twenty years ago, she underwent mastectomy for breast cancer; she has been cancer-free since then. She has a 10-year history of osteoporosis. All of her children were delivered vaginally without complications. Her only medication is alendronate. Examination shows the cervix protruding 7.5 cm from the vagina. After the cervix is replaced into the vagina, a urinary catheter drains 700 mL of urine. Urinalysis shows no abnormalities. Which of the following is the most likely diagnosis?",Which of the following is the most likely diagnosis?,"
A. Overactive bladder 
B. Overflow incontinence 
C. Stress incontinence 
D. Urinary retention 
E. Urinary tract infection
",D,D,True,"- D. Urinary retention: This is the most likely diagnosis given the patient's symptoms and examination findings. The patient has a history of difficulty emptying her bladder, especially at the end of the day, which has progressed to a point where she is unable to void and is experiencing severe abdominal pain. The fact that a urinary catheter drained 700 mL of urine supports the diagnosis of urinary retention. Additionally, the presence of a protruding cervix (prolapse) could contribute to urinary retention by obstructing the bladder outlet. - A. Overactive bladder: This condition is characterized by a sudden urge to urinate that may be difficult to control, often accompanied by frequent urination and nocturia. The patient's symptoms do not align with these characteristics, as she is experiencing difficulty in voiding rather than an urge to urinate. - B. Overflow incontinence: While this condition can result in the inability to fully empty the bladder, it typically presents with continuous or frequent dribbling of urine, which is not described in the patient's history. The patient's symptoms are more consistent with acute urinary retention rather than overflow incontinence. - C. Stress incontinence: This condition involves the involuntary loss of urine during physical activities that increase intra-abdominal pressure, such as coughing, sneezing, or exercise. The patient's symptoms do not suggest this type of incontinence, as she is experiencing difficulty in voiding rather than leakage during physical activities. - E. Urinary tract infection (UTI): UTIs can cause symptoms such as pain, urgency, and frequency, but the patient's urinalysis shows no abnormalities, which would typically be present in a UTI. Additionally, the patient's inability to void and the large volume of urine drained via catheter are more indicative of urinary retention than a UTI. Given the patient's history and examination findings, urinary retention is the most likely diagnosis.",0.0058,0.0202,0.1874,0.0508,0.0319,0.0508,0.0508,0.4035,0.5569,0.6891
"A 25-year-old woman is admitted to the hospital because of a 2-day history of fever, dizziness, light-headedness, chills, and shaking. She has hyperthyroidism, gastroesophageal reflux disease, and asthma. Her medications are oral methimazole and omeprazole, and inhaled fluticasone, and she has been on the same dosages for 1 year. She is in the military reserve and will be deployed overseas next week. She began atovaquone-proguanil therapy 1 week ago and received the hepatitis A and yellow fever vaccines 2 weeks ago. She is not sexually active. She does not smoke cigarettes or drink alcohol. She appears ill but is not in acute distress. Temperature is 38.6°C (101.5°F), pulse is 110/min, respirations are 22/min, and blood pressure is 90/60 mm Hg. No wheezing is heard on auscultation. Cardiac examination shows no abnormalities. Laboratory studies show: Hemoglobin = 13.8 g/dL Leukocyte count = 1100/mm³ Segmented neutrophils = 10% Eosinophils = 10% Lymphocytes = 40% Monocytes = 40% Platelet count= 320,000/mm³ Platelet count 320,000/mm³ Results of other laboratory studies are within the reference ranges. Which of the following is the most likely cause of this patient’s hematologic abnormality? Please choose the best option among the choices below.",Which of the following is the most likely cause of this patient’s hematologic abnormality?,"
A. Atovaquone-proguanil 
B. Fluticasone 
C. Hepatitis A vaccine 
D. Methimazole 
E. Omeprazole 
F. Yellow fever vaccine
",D,A,False,"The patient's hematologic abnormality is characterized by a significantly low leukocyte count (leukopenia) with a marked decrease in segmented neutrophils (neutropenia), which is a critical finding in this case. Among the provided options, atovaquone-proguanil is known to potentially cause neutropenia, which aligns with the patient's presentation. A. Atovaquone-proguanil: This medication is an antimalarial drug that can cause neutropenia, which is a decrease in the number of neutrophils, a type of white blood cell. The patient started this medication a week ago, and the timing of the onset of symptoms correlates with the initiation of this drug, making it a likely cause of the hematologic abnormality. B. Fluticasone: This is an inhaled corticosteroid used for asthma management. While corticosteroids can affect the immune system, they are not typically associated with causing significant neutropenia, especially when used via inhalation. C. Hepatitis A vaccine: Vaccines, including the hepatitis A vaccine, are generally not associated with causing significant hematologic abnormalities such as neutropenia. D. Methimazole: This medication is used to treat hyperthyroidism and can cause agranulocytosis, a severe form of neutropenia. However, the patient has been on this medication for a year without reported issues, making it less likely to be the cause of the recent hematologic abnormality. E. Omeprazole: This is a proton pump inhibitor used to treat gastroesophageal reflux disease. It is not known to cause significant neutropenia. F. Yellow fever vaccine: Similar to the hepatitis A vaccine, the yellow fever vaccine is not typically associated with causing significant hematologic abnormalities such as neutropenia. Given the patient's recent initiation of atovaquone-proguanil and the development of neutropenia, this medication is the most likely cause of the hematologic abnormality.",0.0095,0.0344,0.2436,0.0946,0.068,0.0878,0.0878,0.4982,0.601,0.6965
"A 16-year-old boy is brought to the emergency department because of a 2-day history of fever, nausea, vomiting, headache, chills, and fatigue. He has not had any sick contacts. He underwent splenectomy for traumatic injury at the age of 13 years. He has no other history of serious illness and takes no medications. He appears ill. His temperature is 39.2°C (102.5°F), pulse is 130/min, respirations are 14/min, and blood pressure is 110/60 mm Hg. On pulmonary examination, scattered crackles are heard bilaterally. Abdominal examination shows a well-healed midline scar and mild, diffuse tenderness to palpation. Which of the following is the most appropriate next step in management?",Which of the following is the most appropriate next step in management?,"
A. Antibiotic therapy 
B. Antiemetic therapy 
C. CT scan of the chest 
D. X-ray of the abdomen 
E. Reassurance
",A,A,True,"Given the patient's history of splenectomy, the symptoms of fever, nausea, vomiting, headache, chills, and fatigue, along with the physical examination findings, suggest a high likelihood of an infectious process, possibly sepsis. Splenectomized patients are at increased risk for overwhelming post-splenectomy infection (OPSI), which can be rapidly fatal if not promptly treated. The presence of fever, tachycardia, and scattered crackles on pulmonary examination further supports an infectious etiology, possibly involving the lungs. A. Antibiotic therapy: This is the most appropriate next step. Given the patient's high-risk status due to splenectomy and the clinical presentation, broad-spectrum antibiotics should be initiated immediately to cover potential pathogens, including encapsulated organisms like Streptococcus pneumoniae, which are particularly dangerous in asplenic patients. B. Antiemetic therapy: While the patient is experiencing nausea and vomiting, these symptoms are likely secondary to the underlying infection. Addressing the primary cause with antibiotics is more critical than symptomatic treatment alone. C. CT scan of the chest: Imaging is not the immediate priority in this scenario. The patient's condition suggests an urgent need for antibiotic therapy to address a potential life-threatening infection. Imaging can be considered later if the clinical picture does not improve or if there is a need to rule out other complications. D. X-ray of the abdomen: Given the patient's history of splenectomy and the current symptoms, an abdominal X-ray is not the most urgent diagnostic tool. The focus should be on addressing the suspected infection with antibiotics. E. Reassurance: Given the severity of the patient's symptoms and the high-risk status due to splenectomy, reassurance alone is not appropriate. Immediate medical intervention is necessary to prevent potential complications from an untreated infection. In summary, the patient's clinical presentation and history necessitate prompt antibiotic therapy to address the suspected infection, particularly considering the increased risk of severe infections in splenectomized patients.",0.0086,0.0257,0.1464,0.0612,0.0369,0.0612,0.0612,0.4254,0.5514,0.6875
"A previously healthy 29-year-old woman is admitted to the hospital because of a 1-day history of moderate headache, fever, and lethargy. Two days ago, she underwent wisdom tooth extraction. She takes no medications. She cannot remember her vaccination history. She does not smoke cigarettes, drink alcohol, or use illicit drugs. She is a college student, lives in an apartment complex with other students, and eats all her meals in the campus dining hall. She says her study partner had a “really bad fever” during the past week. The patient appears sleepy. Temperature is 40.0°C (104.0°F), pulse is 140/min, and blood pressure is 90/40 mm Hg. Examination shows a diffuse purpuric rash over the trunk and all extremities. There is nuchal rigidity. Lungs are clear to auscultation. Heart sounds are normal. Neurologic examination shows no other focal findings. Which of the following is most likely to have prevented this patient’s current condition?",Which of the following is most likely to have prevented this patient’s current condition?,"
A. Adherence to immunization guidelines 
B. Avoidance of eating meals in the campus dining hall 
C. Consistent hand washing 
D. Isolation of other students on campus with febrile illness 
E. Prophylactic antibiotic therapy
",A,A,True,"The patient's symptoms, including high fever, lethargy, nuchal rigidity, and a purpuric rash, are highly suggestive of meningococcal meningitis, a serious and potentially life-threatening infection caused by Neisseria meningitidis. This condition can be prevented through adherence to immunization guidelines, which typically include vaccination against Neisseria meningitidis, especially in individuals at higher risk, such as college students living in close quarters like dormitories or apartment complexes. A. Adherence to immunization guidelines: This is the correct answer because vaccination against Neisseria meningitidis is a key preventive measure. The patient's inability to recall her vaccination history suggests she may not have been vaccinated, which could have contributed to her current condition. B. Avoidance of eating meals in the campus dining hall: This is incorrect. While communal dining areas can be sites of transmission for various infections, they are not a primary route for meningococcal disease, which is spread through respiratory droplets from close contact with an infected person. C. Consistent hand washing: While hand washing is important for preventing many infections, it is not the most effective preventive measure against meningococcal disease, which is primarily transmitted through respiratory droplets. D. Isolation of other students on campus with febrile illness: Although isolating individuals with febrile illness can help prevent the spread of infectious diseases, it is not as effective as vaccination in preventing meningococcal disease. Moreover, the patient's study partner had a ""really bad fever,"" which could indicate a meningococcal infection, but isolation alone would not have been sufficient to prevent the patient's condition if she was not vaccinated. E. Prophylactic antibiotic therapy: This is incorrect because while antibiotic prophylaxis is used to prevent secondary cases in close contacts of a person with meningococcal disease, it is not a primary preventive measure for the general population. Vaccination remains the most effective preventive strategy.",0.0,0.0264,0.142,0.0815,0.0126,0.0564,0.0564,0.4779,0.5531,0.6336
"A 27-year-old primigravid woman comes to the physician for her first prenatal visit 10 weeks after a home pregnancy test was positive. She feels well, and her pregnancy has been uncomplicated. She previously used an oral contraceptive but discontinued it 3 months ago. She has no history of sexually transmitted diseases. She is sexually active in a monogamous relationship with a male partner who is the father. She has had five lifetime sexual partners. She has a pet cat. Examination shows a uterus consistent in size with a 10-week gestation. Testing for which of the following infectious conditions is the most appropriate recommendation for this patient?",Testing for which of the following infectious conditions is the most appropriate recommendation for this patient?,"
A. Bacterial vaginosis 
B. Cytomegalovirus 
C. Epstein-Barr virus 
D. HIV 
E. Human papillomavirus
",D,D,True,"For a pregnant woman, especially during the first prenatal visit, screening for HIV is crucial. The Centers for Disease Control and Prevention (CDC) recommends that all pregnant women be tested for HIV as part of routine prenatal care, regardless of their perceived risk. This is because early detection and treatment can significantly reduce the risk of mother-to-child transmission of HIV, which can have severe consequences for the infant. A. Bacterial vaginosis: While bacterial vaginosis can be a concern during pregnancy, it is not typically screened for at the first prenatal visit unless there are symptoms or risk factors present. It is more commonly addressed if the patient presents with symptoms such as abnormal vaginal discharge. B. Cytomegalovirus (CMV): CMV is a common virus that can be transmitted to the fetus, but routine screening for CMV is not typically recommended in the absence of symptoms or specific risk factors. The focus is more on prevention and education about avoiding exposure to the virus. C. Epstein-Barr virus (EBV): EBV is the virus that causes mononucleosis, and while it can be present in pregnant women, routine screening is not recommended. Most people are exposed to EBV during childhood or adolescence, and it rarely causes complications in pregnancy. D. HIV: As mentioned, HIV screening is a standard recommendation for all pregnant women. Early detection allows for antiretroviral therapy to be initiated, which can significantly reduce the risk of transmitting HIV to the baby. E. Human papillomavirus (HPV): HPV is a common sexually transmitted infection, but routine screening for HPV during pregnancy is not typically recommended. The focus is more on managing any cervical abnormalities that may be detected through routine Pap smear testing, which is not usually performed during the first trimester of pregnancy. Given the patient's history of having had five lifetime sexual partners, it is important to screen for HIV to ensure the health of both the mother and the unborn child.",0.0,0.0246,0.1262,0.0706,0.0118,0.0588,0.0588,0.4707,0.585,0.6338
"An investigator would like to decrease the incidence of type 2 diabetes mellitus among adult patients with risk factors including obesity, decreased physical activity, and family history of diabetes mellitus. A total of 200 men and women aged 30 to 64 years will be enrolled in a regular exercise program for 6 months. A nurse reviews the details of the study with each participant, and each participant signs an informed consent form. One month after the study begins, one of the participants asks to drop out of the study. Which of the following represents the most appropriate next step by this study participant?",Which of the following represents the most appropriate next step by this study participant?,"
A. Complete the study because she signed the consent form 
B. Discuss withdrawal with the institutional review board 
C. Negotiate her withdrawal with the principal investigator 
D. Wait to withdraw until after the investigator consults with an ethics team 
E. Withdraw from the study now
",E,E,True,"- A. Complete the study because she signed the consent form: This option is incorrect. While signing an informed consent form is important, it does not bind participants to complete the study. Participants have the right to withdraw from a study at any time, regardless of their initial agreement. - B. Discuss withdrawal with the institutional review board (IRB): This option is not the most appropriate next step. The IRB is responsible for reviewing and monitoring research involving human subjects to ensure ethical standards are met, but it is not the immediate point of contact for a participant who wishes to withdraw from a study. - C. Negotiate her withdrawal with the principal investigator: While it is important for the participant to communicate her decision to withdraw with the principal investigator, the term ""negotiate"" implies a process that might not be necessary. The participant has the right to withdraw without needing to negotiate. - D. Wait to withdraw until after the investigator consults with an ethics team: This option is incorrect because it imposes an unnecessary delay on the participant's right to withdraw. Participants have the right to leave a study at any time without needing to wait for additional consultations. - E. Withdraw from the study now: This is the correct answer. Participants have the right to withdraw from a study at any time without penalty. The participant should be able to leave the study immediately if she decides she no longer wishes to participate. This respects her autonomy and aligns with ethical research practices.",0.007,0.0314,0.2115,0.0752,0.0303,0.0752,0.0752,0.4693,0.5565,0.6396
"A 70-year-old man comes to the clinic because of a 3-day history of fatigue, dark urine, decreased urine output, mild pain with urination, and a low-grade fever. He has gout, hypertension, and osteoarthritis. His medications are allopurinol, hydrochlorothiazide, and acetaminophen. Temperature is 37.9°C (100.2°F), pulse is 88/min, respirations are 24/min, and blood pressure is 160/95 mm Hg. Pulse oximetry on room air shows an oxygen saturation of 97%. Jugular venous pressure is 7 cm H2O (N=5–9). Cardiopulmonary examination shows no abnormalities. Which of the following is the most appropriate next step in management?",Which of the following is the most appropriate next step in management?,"
A. Discontinuation of acetaminophen therapy 
B. Intravenous administration of fluids 
C. Measurement of postvoid residual volume 
D. Oral trimethoprim-sulfamethoxazole therapy 
E. Renal biopsy
",C,B,False,"The patient presents with symptoms and signs that suggest acute kidney injury (AKI), including fatigue, dark urine, decreased urine output, and mild pain with urination. The presence of a low-grade fever could indicate an infectious process, but the primary concern here is the potential for dehydration or prerenal azotemia, which can be exacerbated by the patient's current medications and comorbidities. A. Discontinuation of acetaminophen therapy: While acetaminophen can cause liver toxicity in high doses, it is not typically associated with the symptoms described here. Discontinuing acetaminophen would not address the primary issue of decreased urine output and potential dehydration. B. Intravenous administration of fluids: This is the most appropriate next step. The patient's symptoms suggest a need for fluid resuscitation to address potential prerenal azotemia, which can occur due to dehydration or decreased renal perfusion. Fluid administration can help improve renal function and address the patient's symptoms. C. Measurement of postvoid residual volume: This would be more relevant if the patient had symptoms suggestive of urinary retention or bladder outlet obstruction, which are not indicated in the current presentation. D. Oral trimethoprim-sulfamethoxazole therapy: While this could be considered if there were a strong suspicion of a urinary tract infection (UTI), the patient's symptoms are more indicative of AKI rather than a UTI. Additionally, the patient's renal function should be assessed before administering antibiotics, as they can be nephrotoxic. E. Renal biopsy: This is an invasive procedure that would be considered only after less invasive diagnostic measures have been exhausted and if there is a strong suspicion of a specific renal pathology. Given the patient's symptoms and the potential for reversible causes such as dehydration, a renal biopsy is not the most appropriate initial step. In summary, the most appropriate next step is to administer intravenous fluids to address potential dehydration and improve renal perfusion, which can help in diagnosing and managing the patient's condition.",0.0085,0.0253,0.1989,0.0597,0.036,0.0597,0.0597,0.4303,0.553,0.6947
"A 52-year-old woman comes to the physician because of a 2-day history of severe pain and markedly decreased range of motion in her right elbow. She has rheumatoid arthritis in her elbows, wrists, and hands. She reports episodes of moderate pain approximately four times yearly. Previous treatment with naproxen, methotrexate, and hydroxychloroquine has provided moderate relief. Treatment with prednisone was begun after her most recent episode 9 weeks ago. She has not had generalized fatigue or muscle aches. She has no other history of serious illness. Her other medications are naproxen, prednisone, and omeprazole. Temperature is 38.4°C (101.1°F), pulse is 90/min, respirations are 12/min, and blood pressure is 110/76 mm Hg. Range of motion of the wrists and ankles is decreased; the right elbow is more severely limited by pain than the left elbow. There is warmth, tenderness, erythema, and edema of the right elbow. Fine-needle aspiration of the right elbow is performed. Gram stain of the fluid shows a leukocyte count of 60,000/mm3 and no organisms. Which of the following is the most appropriate pharmacotherapy?",Which of the following is the most appropriate pharmacotherapy?,"
A. Colchicine 
B. Infliximab 
C. Ketorolac 
D. Methylprednisolone 
E. Vancomycin
",E,D,False,"Given the patient's history of rheumatoid arthritis and the acute presentation of severe pain, markedly decreased range of motion, warmth, tenderness, erythema, and edema in the right elbow, the clinical scenario suggests an acute inflammatory exacerbation of her rheumatoid arthritis. The absence of organisms on Gram stain from the fine-needle aspiration of the elbow rules out a septic arthritis, which would have been a concern given the fever and inflammatory signs. A. Colchicine: This is typically used for gout and familial Mediterranean fever, not for acute exacerbations of rheumatoid arthritis. B. Infliximab: This is a TNF-alpha inhibitor used for long-term management of rheumatoid arthritis and other autoimmune conditions. While it can be effective, it is not the immediate pharmacotherapy of choice for an acute flare-up. C. Ketorolac: This is a nonsteroidal anti-inflammatory drug (NSAID) that can be used for pain relief. However, given the patient's history of using naproxen with only moderate relief and the severity of the current flare-up, a more potent anti-inflammatory agent is likely needed. D. Methylprednisolone: This is a corticosteroid that can be used for acute exacerbations of rheumatoid arthritis. It provides rapid anti-inflammatory effects and can help reduce the symptoms of pain, swelling, and stiffness. Given the patient's current symptoms and the fact that she is already on prednisone, a short course of methylprednisolone could be an appropriate choice to manage the acute flare-up. E. Vancomycin: This is an antibiotic used to treat serious bacterial infections. Since there is no evidence of infection (no organisms seen on Gram stain), this would not be the appropriate pharmacotherapy for this patient's condition. Therefore, the most appropriate pharmacotherapy for this patient's acute exacerbation of rheumatoid arthritis is methylprednisolone.",0.0031,0.0217,0.1856,0.0528,0.0266,0.0528,0.0528,0.437,0.5745,0.6559
"Abstract: Objective: In patients with cirrhosis and acute bleeding esophageal varices, how do endoscopic sclerotherapy and emergency portacaval shunt compare for control of bleeding and survival? Methods Design: Randomized controlled trial (San Diego Bleeding Esophageal Varices Study). ClinicalTrials.gov NCT00690027. Allocation: Concealed. Blinding: Blinded (gastroenterologist who evaluated patients for portal-systemic encephalopathy). Follow-up period: Up to 17 years. Setting: University of California San Diego Medical Center. Patients: 211 patients (mean age 49 years, 77% men) with acute bleeding esophageal varices resulting from cirrhosis, who required a transfusion of ≥ 2 units of blood and, for patients transferred from other hospitals, observation of upper gastrointestinal bleeding within 48 hours of transfer. Exclusion criterion was > 1 previous session of endoscopic sclerotherapy. Intervention: Endoscopic sclerotherapy (n = 106) or emergency portacaval shunt (n = 105). Emergency portacaval shunt comprised a direct side-to-side or direct end-to-side portacaval shunt done within 8 hours of initial contact. Outcomes: Control of bleeding at > 30 days, survival, readmissions for variceal or nonvariceal bleeding requiring transfusion of packed red blood cells, and recurrent portal-systemic encephalopathy. Patient follow-up: 100% (minimum follow-up until death or 9.4 years). Main results 15-year survival was lower with endoscopic sclerotherapy than with emergency portacaval shunt (10/106 vs 48/105, relative benefit reduction 79%, 95% CI 62 to 89; number needed to harm 3, CI 2 to 4). Other main results are shown in the Table. Endoscopic sclerotherapy (EST) vs emergency portacaval shunt (EPCS) in patients with cirrhosis and acute bleeding esophageal varices Outcomes | Child-Pugh risk class | EST | EPCS | P value | ———————————————————————————————————— Control of bleeding at > 30 days* | | 20% | 100% | <.001 | Median survival (years) | A | 4.62 | 10.43 | .003. | | B | 2.61 | 6.19 | <.001 | |. C | 0.58 | 5.30 | .005. | Mean number of readmissions for variceal bleeding requiring packed red blood cell transfusion | | 6.8 | 0.4 | <.001 | Recurrent portal-systemic encephalopathy† | | 35% | 15% | < .001 | ——————————————————————————————————— *Excluding indeterminate deaths at 14 days from nonbleeding causes. †In patients who survived 30 days and left hospital. ——————————————————————————————————— Conclusion In patients with cirrhosis and acute bleeding esophageal varices, emergency portacaval shunt was better than endoscopic sclerotherapy for control of bleeding, recurrent encephalopathy, and survival. Sources of funding: National Institutes of Health and Surgical Education and Research Foundation. Structured abstract based on: Orloff MJ, Isenberg JI, Wheeler HO, et al. Randomized trial of emergency endoscopic sclerotherapy versus emergency portacaval shunt for acutely bleeding esophageal varices in cirrhosis. J Am Coll Surg. 2009;209:25-40. 19651060 A 52-year-old man with hepatic cirrhosis comes to the emergency department because of a 3-hour history of vomiting blood. Esophagogastroduodenoscopy confirms actively bleeding esophageal varices. Based on the abstract shown, the physician is considering an emergency portacaval shunt (EPCS) procedure rather than endoscopic sclerotherapy (EST). According to the results in the abstract, approximately how many patients must be treated with EPCS rather than EST to prevent one case of recurrent portal-systemic encephalopathy?","According to the results in the abstract, approximately how many patients must be treated with EPCS rather than EST to prevent one case of recurrent portal-systemic encephalopathy?","
A. 1 
B. 3 
C. 5 
D. 10 
E. 16
",C,C,True,"The abstract provides data on the outcomes of patients treated with either endoscopic sclerotherapy (EST) or emergency portacaval shunt (EPCS) for acute bleeding esophageal varices in cirrhosis. One of the outcomes of interest is the incidence of recurrent portal-systemic encephalopathy, which is significantly lower in the EPCS group (15%) compared to the EST group (35%). To determine the number needed to treat (NNT) to prevent one case of recurrent portal-systemic encephalopathy, we can calculate the absolute risk reduction (ARR) and then the NNT. The ARR is the difference in the rate of the outcome between the two groups. In this case, the ARR is 35% - 15% = 20%. The NNT is the inverse of the ARR, which is 1 / 0.20 = 5. This means that approximately 5 patients need to be treated with EPCS rather than EST to prevent one case of recurrent portal-systemic encephalopathy. Option A (1) is incorrect because it suggests that treating one patient with EPCS would prevent one case of encephalopathy, which is not supported by the data. Option B (3) is incorrect because it underestimates the number of patients needed to treat to prevent one case of encephalopathy based on the provided data. Option C (5) is correct as it accurately reflects the NNT calculated from the provided data. Option D (10) is incorrect because it overestimates the number of patients needed to treat to prevent one case of encephalopathy based on the provided data. Option E (16) is also incorrect for the same reason as option D; it overestimates the NNT based on the provided data.",0.0392,0.0744,0.358,0.1575,0.1241,0.1507,0.1507,0.5137,0.6301,0.8912
"Abstract: Objective: In patients with cirrhosis and acute bleeding esophageal varices, how do endoscopic sclerotherapy and emergency portacaval shunt compare for control of bleeding and survival? Methods Design: Randomized controlled trial (San Diego Bleeding Esophageal Varices Study). ClinicalTrials.gov NCT00690027. Allocation: Concealed. Blinding: Blinded (gastroenterologist who evaluated patients for portal-systemic encephalopathy). Follow-up period: Up to 17 years. Setting: University of California San Diego Medical Center. Patients: 211 patients (mean age 49 years, 77% men) with acute bleeding esophageal varices resulting from cirrhosis, who required a transfusion of ≥ 2 units of blood and, for patients transferred from other hospitals, observation of upper gastrointestinal bleeding within 48 hours of transfer. Exclusion criterion was > 1 previous session of endoscopic sclerotherapy. Intervention: Endoscopic sclerotherapy (n = 106) or emergency portacaval shunt (n = 105). Emergency portacaval shunt comprised a direct side-to-side or direct end-to-side portacaval shunt done within 8 hours of initial contact. Outcomes: Control of bleeding at > 30 days, survival, readmissions for variceal or nonvariceal bleeding requiring transfusion of packed red blood cells, and recurrent portal-systemic encephalopathy. Patient follow-up: 100% (minimum follow-up until death or 9.4 years). Main results 15-year survival was lower with endoscopic sclerotherapy than with emergency portacaval shunt (10/106 vs 48/105, relative benefit reduction 79%, 95% CI 62 to 89; number needed to harm 3, CI 2 to 4). Other main results are shown in the Table. Endoscopic sclerotherapy (EST) vs emergency portacaval shunt (EPCS) in patients with cirrhosis and acute bleeding esophageal varices Outcomes | Child-Pugh risk class | EST | EPCS | P value | ———————————————————————————————————— Control of bleeding at > 30 days* | | 20% | 100% | <.001 | Median survival (years) | A | 4.62 | 10.43 | .003. | | B | 2.61 | 6.19 | <.001 | |. C | 0.58 | 5.30 | .005. | Mean number of readmissions for variceal bleeding requiring packed red blood cell transfusion | | 6.8 | 0.4 | <.001 | Recurrent portal-systemic encephalopathy† | | 35% | 15% | < .001 | ——————————————————————————————————— *Excluding indeterminate deaths at 14 days from nonbleeding causes. †In patients who survived 30 days and left hospital. ——————————————————————————————————— Conclusion In patients with cirrhosis and acute bleeding esophageal varices, emergency portacaval shunt was better than endoscopic sclerotherapy for control of bleeding, recurrent encephalopathy, and survival. Sources of funding: National Institutes of Health and Surgical Education and Research Foundation. Structured abstract based on: Orloff MJ, Isenberg JI, Wheeler HO, et al. Randomized trial of emergency endoscopic sclerotherapy versus emergency portacaval shunt for acutely bleeding esophageal varices in cirrhosis. J Am Coll Surg. 2009;209:25-40. 19651060 Which of the following most strongly limits the generalizability of this study's findings?",19651060 Which of the following most strongly limits the generalizability of this study's findings?,"
A. The allocation was concealed 
B. EPCS is available only at specialty centers 
C. The follow-up period was too short 
D. The patients were not blinded 
E. Unmeasured confounders were not controlled by the study design
",B,B,True,"A. The allocation was concealed - This is actually a strength of the study, as concealed allocation helps prevent selection bias and ensures that the groups are comparable. It does not limit the generalizability of the study's findings. B. EPCS is available only at specialty centers - This is the correct answer. The availability of emergency portacaval shunt (EPCS) is limited to specialty centers with the necessary surgical expertise and facilities. This means that the results of this study may not be generalizable to settings where such specialized surgical interventions are not available, which is a significant limitation. C. The follow-up period was too short - This is incorrect. The study had a follow-up period of up to 17 years, which is quite long and provides a comprehensive view of long-term outcomes. This long follow-up period is actually a strength of the study, not a limitation. D. The patients were not blinded - While blinding of patients is often desirable in clinical trials to prevent bias, the lack of blinding in this case does not significantly limit the generalizability of the study's findings. The primary outcome measures, such as survival and control of bleeding, are objective and not likely to be influenced by patient expectations or knowledge of the treatment. E. Unmeasured confounders were not controlled by the study design - While unmeasured confounders can always be a concern in any study, the randomized controlled trial design of this study helps to minimize the impact of confounders by distributing them evenly between the treatment groups. This does not specifically limit the generalizability of the findings in the way that the limited availability of EPCS does. Therefore, the availability of EPCS only at specialty centers is the factor that most strongly limits the generalizability of this study's findings.",0.0186,0.0337,0.2917,0.0828,0.0641,0.0828,0.0828,0.4629,0.5612,0.6975
"Abstract: Objective: In patients with cirrhosis and acute bleeding esophageal varices, how do endoscopic sclerotherapy and emergency portacaval shunt compare for control of bleeding and survival? Methods Design: Randomized controlled trial (San Diego Bleeding Esophageal Varices Study). ClinicalTrials.gov NCT00690027. Allocation: Concealed. Blinding: Blinded (gastroenterologist who evaluated patients for portal-systemic encephalopathy). Follow-up period: Up to 17 years. Setting: University of California San Diego Medical Center. Patients: 211 patients (mean age 49 years, 77% men) with acute bleeding esophageal varices resulting from cirrhosis, who required a transfusion of ≥ 2 units of blood and, for patients transferred from other hospitals, observation of upper gastrointestinal bleeding within 48 hours of transfer. Exclusion criterion was > 1 previous session of endoscopic sclerotherapy. Intervention: Endoscopic sclerotherapy (n = 106) or emergency portacaval shunt (n = 105). Emergency portacaval shunt comprised a direct side-to-side or direct end-to-side portacaval shunt done within 8 hours of initial contact. Outcomes: Control of bleeding at > 30 days, survival, readmissions for variceal or nonvariceal bleeding requiring transfusion of packed red blood cells, and recurrent portal-systemic encephalopathy. Patient follow-up: 100% (minimum follow-up until death or 9.4 years). Main results 15-year survival was lower with endoscopic sclerotherapy than with emergency portacaval shunt (10/106 vs 48/105, relative benefit reduction 79%, 95% CI 62 to 89; number needed to harm 3, CI 2 to 4). Other main results are shown in the Table. Endoscopic sclerotherapy (EST) vs emergency portacaval shunt (EPCS) in patients with cirrhosis and acute bleeding esophageal varices Outcomes | Child-Pugh risk class | EST | EPCS | P value | ———————————————————————————————————— Control of bleeding at > 30 days* | | 20% | 100% | <.001 | Median survival (years) | A | 4.62 | 10.43 | .003. | | B | 2.61 | 6.19 | <.001 | |. C | 0.58 | 5.30 | .005. | Mean number of readmissions for variceal bleeding requiring packed red blood cell transfusion | | 6.8 | 0.4 | <.001 | Recurrent portal-systemic encephalopathy† | | 35% | 15% | < .001 | ——————————————————————————————————— *Excluding indeterminate deaths at 14 days from nonbleeding causes. †In patients who survived 30 days and left hospital. ——————————————————————————————————— Conclusion In patients with cirrhosis and acute bleeding esophageal varices, emergency portacaval shunt was better than endoscopic sclerotherapy for control of bleeding, recurrent encephalopathy, and survival. Sources of funding: National Institutes of Health and Surgical Education and Research Foundation. Structured abstract based on: Orloff MJ, Isenberg JI, Wheeler HO, et al. Randomized trial of emergency endoscopic sclerotherapy versus emergency portacaval shunt for acutely bleeding esophageal varices in cirrhosis. J Am Coll Surg. 2009;209:25-40. 19651060 Which of the following conclusions is most appropriate based on the results presented in the table?",19651060 Which of the following conclusions is most appropriate based on the results presented in the table?,"
A. The 95% confidence interval for the difference in survival between EPCS and EST for Child-Pugh class A patients includes 0 years 
B. EPCS is more effective than EST in decreasing hospital readmissions for variceal bleeding requiring transfusion 
C. The median survival after EPCS is statistically significantly less for Child-Pugh class C than for Child-Pugh class B 
D. The randomization procedure was ineffective in decreasing bias in this study
",B,B,True,"- Option A is incorrect because the table shows that the median survival for Child-Pugh class A patients is 4.62 years for EST and 10.43 years for EPCS. The confidence interval for the difference in survival would not include 0 years, as the survival difference is substantial and statistically significant (P value = .003). - Option B is correct. The table indicates that the mean number of readmissions for variceal bleeding requiring packed red blood cell transfusion is significantly lower for EPCS (0.4) compared to EST (6.8), with a P value <.001, indicating a statistically significant difference. - Option C is incorrect. The table shows that the median survival after EPCS is 5.30 years for Child-Pugh class C patients and 6.19 years for Child-Pugh class B patients. The P value for the difference in median survival between Child-Pugh class C and B is .005, indicating that the median survival after EPCS is statistically significantly greater for Child-Pugh class B than for Child-Pugh class C. - Option D is incorrect. The study design includes a randomized controlled trial with concealed allocation, which is a standard method to reduce bias. There is no information provided in the abstract that suggests the randomization procedure was ineffective.",0.0,0.0307,0.1425,0.0705,0.0178,0.0529,0.0529,0.4173,0.5155,0.5706
"A 42-year-old man comes to the office as a new patient. Three weeks ago, he was hospitalized for treatment of community-acquired pneumonia and diagnosed with HIV infection. He has no other history of serious illness and takes no medications. Vital signs are within normal limits. Examination shows no abnormalities. CD4+ T-lymphocyte count is 490/mm³, and plasma HIV viral load is 45,000 copies/mL. Results of other laboratory studies are within the reference ranges. Test results for syphilis and hepatitis B and C are negative. The patient agrees to begin antiretroviral therapy. He asks what his long-term prognosis will be. With adherence to the medication regimen, this patient is at greatest risk of death from which of the following?","With adherence to the medication regimen, this patient is at greatest risk of death from which of the following?","
A. Cardiovascular disease 
B. Chronic kidney disease 
C. HIV-related malignancy 
D. Non–HIV-related malignancy 
E. Opportunistic infection
",A,A,True,"Given the patient's newly diagnosed HIV infection and the initiation of antiretroviral therapy (ART), the long-term prognosis is significantly influenced by the effectiveness of the ART regimen and the patient's adherence to it. With effective ART, the patient's CD4+ T-lymphocyte count can be maintained at a healthy level, and the viral load can be suppressed, which reduces the risk of opportunistic infections and HIV-related malignancies. However, cardiovascular disease (CVD) has emerged as a significant cause of morbidity and mortality in HIV-positive individuals, even with effective ART. A. Cardiovascular disease: This is the correct answer. HIV infection and its treatment can increase the risk of cardiovascular disease through various mechanisms, including chronic inflammation, dyslipidemia, and metabolic complications associated with some antiretroviral drugs. The risk of CVD in HIV-positive individuals can be comparable to or even higher than in the general population, especially as they age. B. Chronic kidney disease: While chronic kidney disease (CKD) is a concern in HIV-positive individuals, particularly due to the potential nephrotoxicity of some antiretroviral drugs, it is not typically the leading cause of death in this population, especially when compared to cardiovascular disease. C. HIV-related malignancy: With effective ART, the risk of HIV-related malignancies, such as Kaposi's sarcoma and non-Hodgkin's lymphoma, is significantly reduced. These malignancies are more common in patients with advanced HIV disease and low CD4 counts, which is not the case for this patient. D. Non–HIV-related malignancy: Non-HIV-related malignancies, such as lung cancer, breast cancer, and prostate cancer, can occur in HIV-positive individuals. However, the risk of these malignancies is generally not higher than in the general population, and they are not typically the leading cause of death in HIV-positive individuals on effective ART. E. Opportunistic infection: With effective ART and a CD4+ T-lymphocyte count of 490/mm³, the risk of opportunistic infections is significantly reduced. Opportunistic infections are more common in patients with advanced HIV disease and low CD4 counts, which is not the case for this patient. In summary, while all the listed conditions can be concerns for HIV-positive individuals, cardiovascular disease stands out as the most significant long-term risk for mortality in this patient, given the current state of his HIV infection and the effectiveness of modern antiretroviral therapy.",0.0,0.0372,0.1609,0.073,0.0293,0.0535,0.0535,0.4516,0.5598,0.6302
"A 40-year-old divorced woman comes to the office because of a 1-year history of difficulty sleeping. She says she sometimes does not fall asleep before 2 AM and does not feel rested at 6:30 AM when she has to get up and get her children ready for school. Sometimes she wakes after 1 to 2 hours of sleep and cannot fall back to sleep. On these occasions, she typically gets up for about 30 minutes, does some housework, and smokes a cigarette. She smokes one pack of cigarettes every three to four days. She works in a customer service call center and says she enjoys helping people resolve their problems. She now finds her job much harder and less enjoyable because she feels tired and sleepy. She says she would take a nap if she could, but she picks her children up as soon as she leaves work and spends the evening doing homework with them, making their dinner, and preparing lunches for the following day. By 9 PM, the children are in bed so she eats her own dinner and does some housework. She says that after 9 PM is when she smokes most of her cigarettes. She has not had depressed mood, excessive worry, or change in weight. Vital signs are within normal limits. Examination shows dark circles under the eyes and injected conjunctivae. Which of the following is the most appropriate initial step in management?",Which of the following is the most appropriate initial step in management?,"
A. Education on sleep hygiene 
B. Mirtazapine therapy 
C. Sertraline therapy 
D. Setting a date for smoking cessation 
E. Zolpidem therapy
",A,A,True,"The patient presents with a history of insomnia characterized by difficulty falling asleep, maintaining sleep, and non-restorative sleep. These symptoms have been ongoing for a year and are significantly impacting her daytime functioning, including her job performance and ability to care for her children. Given the patient's history and the absence of other psychiatric symptoms such as depressed mood or excessive worry, the initial step in management should focus on addressing the sleep hygiene issues that may be contributing to her insomnia. A. Education on sleep hygiene: This is the most appropriate initial step. Sleep hygiene education involves teaching the patient about behaviors and environmental factors that can affect sleep. This includes establishing a regular sleep schedule, avoiding stimulating activities before bedtime, creating a comfortable sleep environment, and reducing the use of substances that can interfere with sleep, such as nicotine. Given that the patient smokes a cigarette and engages in housework late at night, these activities could be contributing to her insomnia. Addressing these behaviors through sleep hygiene education can potentially improve her sleep quality without the need for pharmacological intervention. B. Mirtazapine therapy: Mirtazapine is an antidepressant that can be used off-label for insomnia due to its sedative properties. However, given the patient's lack of depressive symptoms and the availability of non-pharmacological interventions, starting with medication is not the most appropriate initial step. C. Sertraline therapy: Sertraline is an antidepressant that is not typically used as a first-line treatment for insomnia. It is more commonly used for treating depression and anxiety disorders. Since the patient does not exhibit symptoms of depression or anxiety, this option is not appropriate. D. Setting a date for smoking cessation: While smoking cessation is beneficial for overall health and could potentially improve sleep quality, it is not the most direct approach to addressing the immediate issue of insomnia. Smoking cessation should be considered as part of a broader health improvement plan but is not the primary focus for managing insomnia. E. Zolpidem therapy: Zolpidem is a sedative-hypnotic medication used to treat insomnia. While it can be effective, it is generally recommended as a short-term solution and after non-pharmacological interventions have been tried. Given the chronic nature of the patient's insomnia and the absence of other significant psychiatric symptoms, starting with sleep hygiene education is more appropriate before considering pharmacological treatment. In summary, the most appropriate initial step in managing this patient's insomnia is to provide education on sleep hygiene, which can address the behavioral and environmental factors contributing to her sleep difficulties.",0.0108,0.0215,0.1756,0.0498,0.0364,0.0407,0.0407,0.4245,0.5581,0.6996
"A 58-year-old woman is brought to the office by her husband because of a 6-week history of increasing confusion. Her husband says that, initially, she had difficulty doing “normal” things, such as preparing meals. Since then, she has become progressively less able to care for herself or even use a telephone. During this time, she also has had increased anxiety and restlessness. She has type 2 diabetes mellitus well controlled with an oral hypoglycemic agent. She is alert and appears anxious. She is oriented to person but not to place or time. She startles when the door to the examination room is slammed shut. Her temperature is 36.8°C (98.2°F), pulse is 78/min and regular, and blood pressure is 132/94 mm Hg. Physical examination shows no other abnormalities. On neurologic examination, she can repeat three objects immediately but is unable to recall them after 3 minutes. She is unable to copy a drawing of a cube. Results of a complete blood count and serum electrolyte concentrations are within the reference ranges. Her serum glucose concentration is 155 mg/dL. CT scan of the head shows no abnormalities. Which of the following is the most appropriate next step in diagnosis?",Which of the following is the most appropriate next step in diagnosis?,"
A. Determination of hemoglobin A1c 
B. Measurement of cerebrospinal fluid 14-3-3 protein concentration 
C. Measurement of cerebrospinal fluid beta amyloid concentration 
D. Measurement of cerebrospinal fluid methylmalonic acid concentration 
E. Measurement of serum angiotensin-converting enzyme activity 
F. Serum protein electrophoresis
",B,B,True,"The patient's presentation of rapidly progressive cognitive decline, disorientation, and neuropsychiatric symptoms (anxiety, restlessness) over a period of 6 weeks is concerning for a rapidly progressive dementia. Given the clinical scenario, Creutzfeldt-Jakob Disease (CJD), a prion disease, should be considered in the differential diagnosis. CJD is characterized by rapid cognitive decline, myoclonus, and often, a positive 14-3-3 protein in cerebrospinal fluid (CSF). - Option A (Determination of hemoglobin A1c): This test is used to assess long-term glucose control in diabetes. While the patient has type 2 diabetes, her symptoms are not typical of diabetic complications, and her glucose levels are not severely elevated. Therefore, this test is not the most appropriate next step. - Option B (Measurement of cerebrospinal fluid 14-3-3 protein concentration): This is the correct answer. The presence of 14-3-3 protein in CSF is a strong indicator of CJD and can help in the diagnosis of this rapidly progressive dementia. The patient's symptoms and the absence of other abnormalities on CT scan make this a reasonable diagnostic step. - Option C (Measurement of cerebrospinal fluid beta amyloid concentration): This test is more relevant for Alzheimer's disease, which typically presents with a slower progression of symptoms. The rapid progression in this case makes Alzheimer's less likely, and thus, this test is not the most appropriate next step. - Option D (Measurement of cerebrospinal fluid methylmalonic acid concentration): Elevated methylmalonic acid in CSF can be indicative of vitamin B12 deficiency, which can cause cognitive impairment. However, the patient's symptoms are more consistent with a rapidly progressive dementia, and there is no indication of B12 deficiency in the history provided. - Option E (Measurement of serum angiotensin-converting enzyme activity): This test is typically used to assess sarcoidosis or other granulomatous diseases. The patient's symptoms and examination findings do not suggest a granulomatous process. - Option F (Serum protein electrophoresis): This test is used to detect abnormal proteins in the blood, which can be indicative of conditions like multiple myeloma or other plasma cell disorders. The patient's symptoms do not suggest a plasma cell disorder, making this test less relevant. Given the clinical presentation and the need to rule out a rapidly progressive dementia like CJD, measuring the cerebrospinal fluid 14-3-3 protein concentration is the most appropriate next step.",0.0066,0.0219,0.1916,0.0549,0.0251,0.0499,0.0499,0.4157,0.5768,0.707
"A 38-year-old woman is brought to the emergency department by paramedics 90 minutes after she fell through ice into a stream while hiking. She was stuck in the ice until emergency responders rescued her. On arrival, she has severe pain in her feet. She has no history of serious illness and takes no medications. Temperature is 34.8°C (94.6°F); other vital signs are within normal limits. Examination shows blue discoloration over the toes bilaterally, and the feet are cold to touch. Which of the following is the most appropriate next step in management?",Which of the following is the most appropriate next step in management?,"
A. Place the feet in front of a dry space heater 
B. Rub the feet with a steaming hot towel 
C. Submerge the feet in a moderately warm whirlpool 
D. Wrap the feet in a room-temperature wet-to-dry dressing 
E. Observation only
",C,C,True,"The patient described is suffering from cold-induced injury, likely frostbite, given the context of her fall through ice and the symptoms of blue discoloration and coldness in her feet. The goal of treatment for frostbite is to rewarm the affected area as quickly as possible to prevent further tissue damage. A. Place the feet in front of a dry space heater - This option is incorrect because direct heat from a space heater can cause burns to the already damaged tissues and does not provide the necessary controlled rewarming. B. Rub the feet with a steaming hot towel - This is also incorrect. Rubbing frostbitten areas can cause further damage to the tissues, and using a steaming hot towel can lead to burns. The tissues are already compromised and are at risk of thermal injury from extreme temperatures. C. Submerge the feet in a moderately warm whirlpool - This is the correct answer. Rewarming in a whirlpool of water at a temperature of 37-39°C (98.6-102.2°F) is the recommended method for rewarming frostbitten areas. The whirlpool provides a controlled and consistent temperature, which helps to rewarm the tissues without causing burns. The whirlpool also provides gentle movement, which can help with circulation. D. Wrap the feet in a room-temperature wet-to-dry dressing - This option is incorrect because it does not provide the necessary warmth to rewarm the tissues effectively. Room temperature is not sufficient to reverse the effects of frostbite, and the wet-to-dry dressing would not provide the necessary warmth. E. Observation only - This is incorrect because passive observation without active rewarming can lead to further tissue damage and complications. Immediate and appropriate rewarming is crucial in the management of frostbite to prevent permanent damage. In summary, the most appropriate next step in the management of this patient's frostbite is to submerge the feet in a moderately warm whirlpool to achieve rapid and controlled rewarming.",0.0087,0.0287,0.2063,0.0657,0.036,0.0657,0.0657,0.4333,0.537,0.6559
"A 52-year-old woman comes to the emergency department because of a 1-day history of bleeding gums and moderate pain in her knees. She first noticed the gum bleeding while brushing her teeth this morning; she has been unable to stop the bleeding. She has systemic lupus erythematosus with inflammatory arthritis and Raynaud disease. Medications are tramadol and hydroxychloroquine. Vital signs are within normal limits. Examination shows bleeding, friable gums. There are multiple ecchymoses and petechiae over the upper extremities. Cardiac and abdominal examinations show no abnormalities. The knees are cool to the touch; there are effusions, and range of motion is limited by pain. Neurologic examination shows no focal findings. Laboratory studies show: Hemoglobin = 11 g/dL Hematocrit = 33% Erythrocyte count = 4.2 × 10¹²/L Mean corpuscular volume = 90 μm³ Leukocyte count = 9000/mm³ Segmented neutrophils = 60% Bands = 3% Eosinophils = 2% Basophils = 1% Lymphocytes = 30% Monocytes = 4% Platelet count = 20,000/mm³ Serum Creatinine = 0.9 mg/dL Ferritin 1= 0 ng/mL Which of the following is the most appropriate next step in management?",9 mg/dL Ferritin 1= 0 ng/mL Which of the following is the most appropriate next step in management?,"
A. Factor replacement therapy 
B. Methotrexate therapy 
C. Plasmapheresis 
D. Prednisone therapy 
E. Splenectomy
",D,D,True,"The patient's presentation includes bleeding gums, petechiae, and a significantly low platelet count (20,000/mm³), which is indicative of thrombocytopenia. Given her history of systemic lupus erythematosus (SLE), this thrombocytopenia is likely due to an autoimmune mechanism where autoantibodies are destroying platelets. This condition is known as immune thrombocytopenic purpura (ITP) and is a recognized complication in SLE patients. A. Factor replacement therapy: This is typically used in conditions where there is a deficiency in clotting factors, such as hemophilia. The patient's symptoms and lab results do not suggest a factor deficiency, so this is not the appropriate treatment. B. Methotrexate therapy: Methotrexate is an immunosuppressive drug used in the treatment of autoimmune diseases and certain cancers. While it can be used in SLE, it is not the first-line treatment for acute thrombocytopenia and would not address the immediate bleeding risk. C. Plasmapheresis: This procedure involves the removal of plasma and replacement with other fluids. It is used in severe cases of SLE where there is a high level of circulating immune complexes or antibodies that are causing severe symptoms. While it can be considered in severe cases, it is not the first-line treatment for thrombocytopenia. D. Prednisone therapy: Prednisone is a corticosteroid that can be used to suppress the immune system and reduce inflammation. In the context of SLE and thrombocytopenia, it can help reduce the autoimmune destruction of platelets. It is often the first-line treatment for acute thrombocytopenia in SLE patients to quickly raise the platelet count and reduce bleeding risk. E. Splenectomy: This is a surgical procedure to remove the spleen, which is a site of platelet destruction in ITP. It is considered in cases of refractory ITP that do not respond to other treatments. Given the patient's current condition, this is not the immediate next step and is a more invasive option. Therefore, the most appropriate next step in management is to start the patient on prednisone therapy to address the thrombocytopenia and reduce the risk of further bleeding.",0.0106,0.029,0.1976,0.0611,0.0335,0.0611,0.0611,0.448,0.5172,0.6175
"A 13-year-old boy is brought to the emergency department because of a 3-day history of progressive fatigue, shortness of breath, and difficulty walking up stairs. He had been well until 1 week ago, when he developed rhinorrhea, cough, and a sore throat. These symptoms resolved spontaneously 2 days ago. He has no history of serious illness and takes no medications. On arrival, he is pale and in moderate respiratory distress. Pulse is 120/min, respirations are 25/min, and blood pressure is 80/40 mm Hg. Pulse oximetry on room air shows an oxygen saturation of 91%. On pulmonary examination, crackles are heard throughout the lung fields. On cardiac examination, a gallop is heard. S1 is soft. A grade 2/6, high-pitched holosystolic murmur is heard best at the apex. The remainder of the examination shows no abnormalities. Which of the following is the most likely diagnosis?",Which of the following is the most likely diagnosis?,"
A. Glomerulonephritis 
B. Myocarditis 
C. Pneumonia 
D. Rheumatic fever 
E. Systemic lupus erythematosus
",B,B,True,"- Myocarditis (B): This is the most likely diagnosis given the clinical presentation. The patient presents with a recent viral upper respiratory infection followed by symptoms of heart failure, including fatigue, shortness of breath, and difficulty walking up stairs. The physical examination findings of a gallop rhythm, soft S1, and a high-pitched holosystolic murmur at the apex are indicative of myocardial involvement. Additionally, the hypotension (80/40 mm Hg) and tachycardia (120/min) suggest poor cardiac output, which is consistent with myocarditis. The presence of crackles in the lung fields could be due to pulmonary edema secondary to heart failure. - Glomerulonephritis (A): This condition typically presents with symptoms related to kidney dysfunction, such as hematuria, proteinuria, and edema. While it can occur after a viral infection, the primary symptoms and signs are renal in nature, which are not prominent in this case. - Pneumonia (C): Although the patient has crackles on auscultation, which can be seen in pneumonia, the history of a recent viral upper respiratory infection resolving spontaneously and the presence of significant cardiac findings (gallop rhythm, soft S1, and hypotension) make myocarditis a more likely diagnosis. Pneumonia would typically present with more localized respiratory symptoms and signs. - Rheumatic fever (D): This condition usually follows a streptococcal infection and presents with symptoms such as fever, arthritis, carditis, and sometimes chorea. The patient's history does not suggest a streptococcal infection, and the symptoms are more consistent with myocarditis rather than the systemic features of rheumatic fever. - Systemic lupus erythematosus (E): This autoimmune condition can affect multiple organs, including the heart, but it typically presents with a more chronic course and a variety of systemic symptoms such as fever, rash, joint pain, and other signs of multi-organ involvement. The acute onset and specific cardiac findings in this case are more consistent with myocarditis. Given the clinical context and the specific cardiac findings, myocarditis is the most likely diagnosis.",0.0053,0.0183,0.1751,0.0489,0.0246,0.0489,0.0489,0.3911,0.5513,0.6589
"A 10-day-old female newborn is brought to the emergency department because of a 2-day history of bilious vomiting. She was born at term following an uncomplicated pregnancy and spontaneous vaginal delivery. She was 50.8 cm (20 in) in length and weighed 3260 g (7 lb 3 oz) at birth. Examination following delivery showed no abnormalities, and she was discharged at the age of 2 days. She is exclusively breast-fed. She appears ill. Today, she is 50.8 cm (20 in) in length and weighs 3062 g (6 lb 12 oz). Temperature is 38.3°C (100.9°F), pulse is 180/min, and respirations are 52/min. The abdomen is distended; the patient cries on palpation of the abdomen. Which of the following is the most likely diagnosis?",Which of the following is the most likely diagnosis?,"
A. Duodenal atresia 
B. Intussusception 
C. Meconium ileus 
D. Necrotizing enterocolitis 
E. Volvulus
",E,A,False,"Duodenal atresia is a congenital condition where the duodenum, the first part of the small intestine, is either completely or partially blocked. This condition is often associated with bilious vomiting in neonates, which is a key symptom in this case. The vomiting typically starts within the first few days of life, which aligns with the patient's presentation. The distended abdomen and the patient's discomfort upon palpation further support this diagnosis. B. Intussusception is a condition where one part of the intestine slides into another, much like a telescope. It is more common in older infants and young children, typically between 3 months and 5 years of age. While it can cause vomiting, it is usually non-bilious and is often associated with a ""currant jelly"" stool, which is not mentioned in this case. C. Meconium ileus is a blockage of the small intestine that occurs in newborns and is often associated with cystic fibrosis. It typically presents with a failure to pass meconium within the first 24 hours of life, which is not the case here as the symptoms started 2 days after birth. Additionally, the vomiting is usually non-bilious. D. Necrotizing enterocolitis (NEC) is a serious condition that affects the intestines of premature infants, although it can occur in full-term infants as well. It is characterized by inflammation and destruction of the intestinal tissue. The symptoms include feeding intolerance, abdominal distension, and bloody stools. The presence of bilious vomiting is not typical for NEC. E. Volvulus is a condition where the intestine twists upon itself, cutting off the blood supply. It can occur in neonates but is more common in older children and adults. It can cause bilious vomiting, but the presentation is often more acute with severe abdominal pain and shock, which is not fully described in this case. Given the age of the patient, the presence of bilious vomiting, and the timing of the symptoms, duodenal atresia is the most likely diagnosis.",0.0055,0.019,0.1883,0.0473,0.0298,0.0473,0.0473,0.4156,0.5515,0.6347
"An 85-year-old man with severe dementia, Alzheimer type, is admitted to the hospital because of a nonhealing ulcer on his right second toe. He lives in a nursing care facility and has been bedridden for the past 3 years. He has type 2 diabetes mellitus, hypertension, and peripheral vascular disease. His medications are metformin, amlodipine, and aspirin. Noninvasive vascular studies of the lower extremities show marked bilateral vascular disease. Subsequent peripheral angiography shows severe stenoses of the right superficial femoral and the left common iliac arteries. The patient undergoes uncomplicated placement of two sequential vascular stents in the superficial femoral artery and placement of an additional stent in the left common iliac artery. The type of stents used was recently approved by the US Food and Drug Administration and has been heavily marketed as a long-lasting solution to restenosis. Each stent costs the hospital $15,000. Alternatives to this approach include amputation of the toe, balloon angioplasty, and use of less expensive stents. Which of the following best describes the public policy implications of this scenario?",Which of the following best describes the public policy implications of this scenario?,"
A. Absence of resource stewardship 
B. Ageism 
C. Health care disparities 
D. Health care fraud and abuse 
E. Lack of access to care
",A,A,True,"- A. Absence of resource stewardship: This option is the most appropriate because the scenario highlights the use of expensive stents that have been heavily marketed as a long-lasting solution to restenosis. The cost of each stent is $15,000, and three stents were used, totaling $45,000. Given the patient's advanced age, severe dementia, and multiple comorbidities, the decision to use these expensive stents may not be the most prudent use of healthcare resources. Resource stewardship involves making decisions that balance the benefits of medical interventions with their costs, ensuring that healthcare resources are used efficiently and effectively. In this case, the use of less expensive stents or other alternatives like balloon angioplasty or amputation might have been more cost-effective and appropriate, considering the patient's overall prognosis and quality of life. - B. Ageism: While the patient's age and severe dementia are factors in the scenario, the primary issue is not ageism but rather the allocation of healthcare resources. Ageism would imply discrimination based on age, which is not explicitly demonstrated in the scenario. - C. Health care disparities: This option refers to differences in health outcomes and access to healthcare based on socioeconomic status, race, ethnicity, or other factors. The scenario does not provide information about disparities in healthcare access or outcomes related to these factors. - D. Health care fraud and abuse: There is no indication in the scenario of fraudulent or abusive practices. The use of the stents appears to be within the bounds of standard medical practice, even if it may be questioned from a resource stewardship perspective. - E. Lack of access to care: The patient has access to care, as evidenced by the hospital admission and the performance of vascular studies and angiography. The issue is not about access but rather about the appropriateness and cost-effectiveness of the care provided. Therefore, the scenario most directly implicates issues related to resource stewardship, making option A the best answer.",0.0,0.0192,0.102,0.0473,0.006,0.0355,0.0355,0.4335,0.5537,0.6456
"A 62-year-old woman with myasthenia gravis comes to the office because of a 2-week history of falling. She says her legs ""give out"" once daily; she falls to the ground but does not hit her head. She took pyridostigmine until 2 weeks ago when she decided that it no longer worked. Respirations are 30/min. Examination shows a hypophonic nasal voice and ptosis bilaterally. Muscle strength is 2/5 in all extremities. The patient is told that she is in imminent danger of respiratory compromise and that she should be admitted to the hospital. She says she knows her breathing could pose a problem, but she hates hospitals and does not want to undergo more tests or therapy. She asks if she can have a prescription for her former medication and if she can go home. Which of the following is the most appropriate next step in management?",Which of the following is the most appropriate next step in management?,"
A. Assessment of medical decision-making capacity 
B. Electromyography and nerve conduction studies 
C. Involuntary hospital admission 
D. Oxygen therapy by nasal canula 
E. Pulmonary function testing
",A,A,True,"The patient's condition, myasthenia gravis, is a neuromuscular disorder that can lead to severe respiratory compromise, especially in cases where the patient has stopped taking their medication. The patient's current symptoms, including a hypophonic nasal voice, ptosis, and muscle strength of 2/5 in all extremities, along with a respiratory rate of 30/min, indicate a significant risk of respiratory failure. The patient's refusal of hospitalization and further treatment poses a significant ethical and medical dilemma. Option A, assessment of medical decision-making capacity, is the most appropriate next step. This involves evaluating whether the patient has the cognitive ability to understand the risks and benefits of her current situation and the proposed treatments. If the patient is deemed to have the capacity to make informed decisions, her wishes should be respected, albeit with ongoing monitoring and support. If she lacks capacity, further steps may be necessary to ensure her safety. Option B, electromyography and nerve conduction studies, while useful for diagnosing neuromuscular disorders, are not immediately necessary in this acute situation where the patient is at risk of respiratory compromise. Option C, involuntary hospital admission, should only be considered if the patient lacks the capacity to make informed decisions and is at significant risk of harm. This is a more extreme measure and should follow an assessment of decision-making capacity. Option D, oxygen therapy by nasal canula, may be part of the treatment plan if the patient is admitted, but it does not address the underlying issue of her declining condition and the need for more intensive monitoring and treatment. Option E, pulmonary function testing, could provide valuable information about the patient's respiratory status, but it is not the immediate priority in this scenario. The patient's current respiratory rate and muscle weakness suggest that she is already experiencing respiratory compromise, and immediate action is needed to prevent further deterioration. In summary, the most appropriate next step is to assess the patient's medical decision-making capacity to ensure that any decisions made about her care are informed and appropriate given her current condition.",0.0079,0.0235,0.1266,0.0497,0.0333,0.0497,0.0497,0.4563,0.5848,0.72
"A 55-year-old man is brought to the emergency department by paramedics 45 minutes after his daughter found him unresponsive in his apartment. Paramedics initiated intravenous fluid warming and resuscitation at the scene. The patient has major depressive disorder, hypertension, and alcoholism. His medications are chlordiazepoxide, fluoxetine, and lisinopril. On arrival, he is arousable but confused. Temperature is 34.0°C (93.2°F), pulse is 64/min, respirations are 14/min, and blood pressure is 94/62 mm Hg. Physical examination shows no sign of trauma or prolonged immobilization. On mental status examination, he is oriented to person but not to place or time. His speech is verbose and nonsensical. Serum glucose concentration is 44 mg/dL, and blood alcohol concentration is 312 mg/dL. Urine toxicology screening is positive for alcohol and benzodiazepines. The most appropriate next step in management is administration of which of the following?",The most appropriate next step in management is administration of which of the following?,"
A. 50% Dextrose 
B. Flumazenil 
C. Lorazepam 
D. Naloxone 
E. Vitamin B1 (thiamine)
",E,A,False,"The patient presents with a significantly low serum glucose concentration of 44 mg/dL, which is indicative of hypoglycemia. Hypoglycemia can cause confusion, disorientation, and other neurological symptoms, which are consistent with the patient's presentation. Given the severity of the hypoglycemia, the immediate administration of 50% dextrose is the most appropriate next step to rapidly increase blood glucose levels and alleviate the neurological symptoms. - Option A (50% Dextrose): This is the correct choice because the patient's hypoglycemia is a medical emergency that requires immediate correction. Administering 50% dextrose will quickly raise blood glucose levels and potentially reverse the patient's confusion and other neurological symptoms. - Option B (Flumazenil): Flumazenil is a benzodiazepine antagonist used to reverse the effects of benzodiazepines. While the patient's toxicology screen is positive for benzodiazepines, the primary issue here is hypoglycemia, not benzodiazepine intoxication. Flumazenil could potentially worsen the patient's condition if he is dependent on benzodiazepines, leading to withdrawal symptoms. - Option C (Lorazepam): Lorazepam is a benzodiazepine used for its sedative, anxiolytic, and anticonvulsant properties. It would not be appropriate in this scenario as the patient is already under the influence of benzodiazepines and is hypoglycemic, which requires glucose correction, not further sedation. - Option D (Naloxone): Naloxone is used to reverse the effects of opioids. There is no indication of opioid use in this patient's presentation, and the primary issue is hypoglycemia, not opioid intoxication. - Option E (Vitamin B1 (thiamine)): Thiamine is important in the management of alcoholism, particularly to prevent Wernicke-Korsakoff syndrome, which can present with confusion and ataxia. However, the immediate priority is to correct the hypoglycemia. Thiamine should be administered as part of the overall management plan but is not the immediate priority in this case. In summary, the most critical intervention at this moment is to address the hypoglycemia with 50% dextrose to stabilize the patient's neurological status.",0.0027,0.0354,0.1656,0.0793,0.0368,0.0671,0.0671,0.4185,0.5091,0.5689
"A 16-year-old boy is brought to the emergency department because of a 6-hour history of severe right-sided scrotal pain. He has not had penile discharge, fever, abdominal pain, vomiting, or diarrhea. He has no history of similar pain or any trauma to the region. He is sexually active with one female partner and uses condoms inconsistently. Vital signs are within normal limits. Abdominal examination shows no abnormalities. Genitourinary examination shows moderate edema and diffuse tenderness to palpation of the right scrotum; there is mild erythema. Lifting the right testicle does not relieve the pain. The left testicle is lower than the right testicle. Cremasteric reflex is present on the left and absent on the right. Which of the following is the most likely diagnosis?",Which of the following is the most likely diagnosis?,"
A. Epididymitis 
B. Testicular torsion 
C. Testicular tumor 
D. Torsion of the appendix testis 
E. Urinary tract infection 
F. Varicocele
",B,B,True,"- Testicular torsion is characterized by sudden, severe pain in the scrotum, often without a history of trauma. The absence of cremasteric reflex on the affected side, as seen in this case, is a key diagnostic sign. The elevated position of the testicle and the lack of pain relief upon lifting the testicle (Prehn's sign) are also indicative of torsion. The patient's age (adolescent) and the acute onset of pain are consistent with testicular torsion, which is a urological emergency requiring prompt surgical intervention to prevent testicular loss. - Epididymitis (Option A) typically presents with gradual onset of pain, often associated with urinary symptoms, fever, and a history of sexually transmitted infections. The presence of a urinary tract infection or sexually transmitted disease would be more likely in this case if the patient had symptoms such as penile discharge, fever, or urinary symptoms, which are not present here. - Testicular tumor (Option C) usually presents with a painless mass in the scrotum and is not associated with the acute onset of severe pain or the absence of cremasteric reflex. - Torsion of the appendix testis (Option D) can cause acute scrotal pain but is usually less severe and more common in younger children. It often resolves spontaneously and is not associated with the absence of cremasteric reflex. - Urinary tract infection (Option E) would typically present with urinary symptoms such as dysuria, frequency, or urgency, and possibly fever, which are not present in this case. - Varicocele (Option F) is a dilated vein in the scrotum, usually asymptomatic or causing a dull ache, and is not associated with the acute onset of severe pain or the absence of cremasteric reflex.",0.0,0.0155,0.0845,0.0421,0.0071,0.0351,0.0351,0.4036,0.5392,0.6143
"A 64-year-old man comes to the clinic because of a 2-week history of severe pain and generalized muscle weakness. He has hypercholesteremia and hypertension. Three months ago, he had a myocardial infarction. At that time, he began atorvastatin therapy. Other medications are clopidogrel, lisinopril, and amiodarone. He is 178 cm (5 ft 10 in) tall and weighs 82 kg (180 lb); BMI is 26 kg/m² Pulse is 80/min and blood pressure is 125/67 mm Hg. Muscle strength is 4/5 on abduction of the shoulders and flexion of the hips. Deep tendon reflexes are 2+ throughout. No other abnormalities are noted. Measurement of which of the following is the most appropriate initial step in diagnosis?",Measurement of which of the following is the most appropriate initial step in diagnosis?,"
A. Erythrocyte sedimentation rate 
B. Serum ALT activity 
C. Serum calcium concentration 
D. Serum C-reactive protein concentration 
E. Serum creatine kinase activity
",E,E,True,"The patient presents with a 2-week history of severe pain and generalized muscle weakness, which could be indicative of a myopathy. Given the patient's recent myocardial infarction and the initiation of atorvastatin therapy, statin-induced myopathy should be considered as a potential diagnosis. Statins are known to cause myopathy, which can range from mild muscle aches to severe rhabdomyolysis. The most specific and sensitive marker for muscle damage is the serum creatine kinase (CK) activity. Elevated CK levels can confirm the presence of muscle damage and help in diagnosing statin-induced myopathy. A. Erythrocyte sedimentation rate (ESR) - While ESR can be elevated in inflammatory conditions, it is not specific to muscle damage and would not be the most appropriate initial test in this scenario. B. Serum ALT activity - Elevated ALT levels can indicate liver damage, but they are not specific to muscle damage and would not be the most appropriate initial test for diagnosing myopathy. C. Serum calcium concentration - Abnormal serum calcium levels can be associated with various conditions, including muscle weakness, but they are not specific to myopathy and would not be the most appropriate initial test in this case. D. Serum C-reactive protein (CRP) concentration - CRP is a marker of inflammation and can be elevated in various inflammatory conditions, but it is not specific to muscle damage and would not be the most appropriate initial test for diagnosing myopathy. E. Serum creatine kinase activity - This is the most appropriate initial test as it directly measures muscle damage and can help in diagnosing statin-induced myopathy. Elevated CK levels would support the diagnosis and guide further management, including potential discontinuation or adjustment of atorvastatin therapy.",0.0065,0.0354,0.206,0.0751,0.0275,0.0751,0.0751,0.4248,0.5588,0.6171
"A 23-year-old man who is on active duty in the US Army comes to the clinic 1 hour after sustaining a bee sting to his right cheek. The patient reports continued pain at the site of the sting, but he has not had shortness of breath, throat tightness, loss of vision, or other neurologic symptoms. Medical history is unremarkable. He takes no medications. The patient has no known allergies. He is 178 cm (5 ft 10 in) tall and weighs 64 kg (140 lb); BMI is 20 kg/m². Temperature is 37.0°C (98.6°F), pulse is 86/min, respirations are 10/min, and blood pressure is 120/70 mm Hg. Examination of the right cheek shows an erythematous, swollen area of induration surrounding a central clear area with the stinger in situ. The swelling encroaches on the lower aspect of the patient's right orbit, which appears puffy and mildly dusky. After the stinger is removed, which of the following is the most appropriate next step in management?","After the stinger is removed, which of the following is the most appropriate next step in management?","
A. Administer an injection of epinephrine 
B. Admit the patient to the hospital for intravenous vancomycin therapy 
C. Cleanse the site and apply ice 
D. Obtain an ophthalmologist consultation 
E. Prescribe oral clindamycin
",C,C,True,"- A. Administer an injection of epinephrine: This is not necessary in this case because the patient does not exhibit signs of anaphylaxis, such as shortness of breath, throat tightness, or other systemic allergic reactions. Epinephrine is typically reserved for severe allergic reactions. - B. Admit the patient to the hospital for intravenous vancomycin therapy: This is an overly aggressive approach for a localized bee sting reaction without signs of systemic infection or severe allergic reaction. Vancomycin is an antibiotic used for serious infections, and there is no indication of such a condition here. - C. Cleanse the site and apply ice: This is the most appropriate next step. Cleaning the site helps prevent infection, and applying ice can help reduce swelling and pain. This is a standard first-line treatment for localized reactions to insect stings. - D. Obtain an ophthalmologist consultation: While the swelling does encroach on the lower aspect of the right orbit, there is no indication of severe ocular involvement or complications that would necessitate an ophthalmologist consultation at this point. Monitoring the patient and reassessing if there are any changes in vision or worsening of the orbital swelling would be more appropriate. - E. Prescribe oral clindamycin: There is no indication of infection that would warrant antibiotic therapy. Clindamycin is an antibiotic used for treating bacterial infections, and there is no evidence of infection in this case. Antibiotics are not routinely prescribed for uncomplicated bee stings. Given the patient's stable condition and the absence of systemic symptoms, the most appropriate next step is to cleanse the site and apply ice to manage the local reaction.",0.0101,0.04,0.2266,0.0777,0.0427,0.0777,0.0777,0.4467,0.5519,0.6559
"A 32-year-old man is brought to the emergency department after being found by his wife in their bedroom with a gun in his hands. His wife reports that the patient “has not been himself” since their son was stillborn 6 months ago. She says that during the past month, he hardly has slept and has not showered or shaved; he sits in the dark and refuses to eat. He began fluoxetine therapy 3 months ago, but his symptoms have continued to worsen. He appears disheveled. He is 175 cm (5 ft 9 in) tall and weighs 52 kg (115 lb); BMI is 17 kg/m². His pulse is 90/min, and blood pressure is 100/60 mm Hg. Physical examination shows decreased skin turgor and dry mucous membranes. When asked about his mood, he says, “I don’t know.” He has a tearful affect. He responds to most questions with one-word answers in a soft voice. He says he hears a voice telling him that he is a failure and says he wants to join his son in heaven. He refuses to answer questions about suicide. After removing all firearms from the patient’s house and admitting him to a psychiatric facility, which of the following is the most appropriate next step in management?","After removing all firearms from the patient’s house and admitting him to a psychiatric facility, which of the following is the most appropriate next step in management?","
A. Electroconvulsive therapy 
B. Imipramine therapy 
C. Mirtazapine therapy 
D. Sertraline therapy 
E. Transcranial magnetic stimulation
",A,C,False,"The patient described presents with significant symptoms of depression, including insomnia, anorexia, weight loss, tearful affect, and auditory hallucinations. The patient's condition has deteriorated despite treatment with fluoxetine, an SSRI. Given the severity of the patient's symptoms, including the presence of suicidal ideation and auditory hallucinations, it is crucial to consider a medication that can address both depressive symptoms and potential psychotic features. A. Electroconvulsive therapy (ECT) is a highly effective treatment for severe depression, especially when there are psychotic features or when the patient is at high risk of suicide. However, it is typically considered when pharmacotherapy has failed or when the patient's condition is so severe that rapid intervention is necessary. Given the patient's current state, ECT could be considered, but it is not the first-line pharmacological intervention. B. Imipramine therapy is an older tricyclic antidepressant (TCA) that can be effective in treating depression. However, TCAs have significant side effects, including anticholinergic effects, cardiovascular side effects, and a narrow therapeutic index, which makes them less favorable compared to newer antidepressants, especially in a patient with significant weight loss and hypotension. C. Mirtazapine therapy is an atypical antidepressant that can be effective in treating depression, especially in patients with significant anorexia and weight loss. Mirtazapine has the advantage of promoting appetite and weight gain, which can be beneficial for this patient. Additionally, it has some efficacy in treating depressive symptoms with psychotic features, making it a reasonable choice in this scenario. D. Sertraline therapy is another SSRI, similar to fluoxetine, which the patient is already taking. Given that the patient's condition has worsened despite fluoxetine treatment, switching to another SSRI may not be as effective as trying a different class of antidepressant, such as mirtazapine. E. Transcranial magnetic stimulation (TMS) is a non-invasive procedure used to treat depression, particularly in patients who have not responded to medication. However, it is not typically used as a first-line treatment and is more commonly considered after other pharmacological treatments have been tried. Given the patient's significant weight loss, anorexia, and the presence of psychotic features, mirtazapine therapy is the most appropriate next step in management, as it can address both the depressive symptoms and the patient's need for weight gain and improved appetite.",0.0117,0.0372,0.222,0.088,0.0491,0.0831,0.0831,0.4551,0.5667,0.6267
"A 60-year-old woman comes to the office as a new patient. She recently moved to the area. She feels well. She has hypertension treated with amlodipine and asthma well controlled with inhaled fluticasone and inhaled albuterol as needed. According to the medical records she brought with her, a mammography 6 months ago showed no abnormalities, results of laboratory studies 1 year ago were within the reference ranges, and colonoscopy 5 years ago showed no abnormalities. Her past three Pap smears have shown no abnormalities; the most recent Pap smear was 1 year ago. Her mother has type 2 diabetes mellitus, and her maternal aunt had breast cancer at the age of 55 years. The patient does not smoke cigarettes. She drinks two glasses of wine weekly. She works as a nurse. She has been monogamous with her husband for 30 years. Pulse is 76/min, respirations are 16/min, and blood pressure is 132/86 mm Hg. Examination shows no abnormalities. Screening for which of the following is the most appropriate next step in management?",Screening for which of the following is the most appropriate next step in management?,"
A. Abdominal aortic aneurysm 
B. Breast cancer 
C. Chlamydia trachomatis infection 
D. Colon cancer 
E. Hepatitis C
",E,A,False,"- A. Abdominal aortic aneurysm (AAA): This is the most appropriate next step in management for this patient. The United States Preventive Services Task Force (USPSTF) recommends one-time screening for AAA by ultrasonography in men aged 65 to 75 years who have ever smoked. However, the guidelines also suggest considering screening in women with similar risk factors, especially those with a history of smoking or other risk factors like hypertension. Given that the patient is 60 years old, has hypertension, and does not smoke, the risk is lower, but screening could still be considered, especially if there are other risk factors not mentioned in the case. - B. Breast cancer: The patient has had a mammography 6 months ago, which showed no abnormalities. According to the American Cancer Society, women aged 55 and older should continue to have mammograms every 2 years or continue yearly screening. Since the patient has had a recent mammogram, there is no immediate need for another one. - C. Chlamydia trachomatis infection: The patient has been monogamous with her husband for 30 years, and there is no mention of any symptoms or risk factors for sexually transmitted infections. Therefore, screening for Chlamydia trachomatis is not indicated. - D. Colon cancer: The patient had a colonoscopy 5 years ago, which showed no abnormalities. According to the guidelines, for average-risk individuals, a colonoscopy is recommended every 10 years. Since the patient's colonoscopy was within the recommended timeframe, there is no need for immediate screening. - E. Hepatitis C: There is no information in the case that suggests the patient has any risk factors for Hepatitis C, such as intravenous drug use, blood transfusions before 1992, or other high-risk behaviors. Therefore, screening for Hepatitis C is not indicated based on the information provided. In summary, considering the patient's age, gender, and risk factors, screening for an abdominal aortic aneurysm is the most appropriate next step in management.",0.0136,0.0323,0.2663,0.0781,0.0483,0.0781,0.0781,0.4139,0.5163,0.6562
"A 12-year-old girl is brought to the physician for a follow-up examination 8 days after starting a course of oral penicillin for streptococcal pharyngitis. Temperature is 38.6°C (101.5°F). Examination shows an erythematous morbilliform rash, urticaria, mild swelling of the hands and feet, arthralgias, and lymphadenopathy. Leukocyte count is 13,000/mm³ (62% segmented neutrophils, 10% eosinophils, and 28% lymphocytes). Urinalysis shows 2+ protein. Which of the following is most appropriate to prevent recurrence of these symptoms if the patient is diagnosed with streptococcal pharyngitis again?",Which of the following is most appropriate to prevent recurrence of these symptoms if the patient is diagnosed with streptococcal pharyngitis again?,"
A. Pretreatment with an antihistamine 
B. Pretreatment with a corticosteroid 
C. Skin testing with benzylpenicilloyl polylysine prior to treatment 
D. Use of a nonpenicillin antibiotic to treat the pharyngitis 
E. Use of a single injection of benzathine penicillin to treat the pharyngitis
",D,D,True,"The patient's symptoms, including the erythematous morbilliform rash, urticaria, mild swelling of the hands and feet, arthralgias, lymphadenopathy, and proteinuria, suggest a possible allergic reaction to penicillin, possibly in the form of a drug eruption or a more severe reaction such as serum sickness-like syndrome. The presence of eosinophilia (10%) further supports an allergic response. A. Pretreatment with an antihistamine: This would not prevent the allergic reaction to penicillin; it might only help manage the symptoms if they occur. B. Pretreatment with a corticosteroid: While corticosteroids can help manage allergic reactions, they do not prevent the allergic response to penicillin. They might be used to manage severe reactions but are not a preventive measure. C. Skin testing with benzylpenicilloyl polylysine prior to treatment: This would help identify if the patient is allergic to penicillin, but since the patient has already shown an allergic reaction, this test is not necessary. The focus should be on avoiding penicillin in the future. D. Use of a nonpenicillin antibiotic to treat the pharyngitis: This is the most appropriate action. Since the patient has shown an allergic reaction to penicillin, using a different class of antibiotics (such as macrolides like azithromycin or clarithromycin) would prevent recurrence of the allergic symptoms if the patient is diagnosed with streptococcal pharyngitis again. E. Use of a single injection of benzathine penicillin to treat the pharyngitis: This option is incorrect because benzathine penicillin is a form of penicillin, and the patient has already shown an allergic reaction to penicillin. Using this would likely result in a recurrence of the allergic symptoms.",0.0234,0.0629,0.2947,0.1329,0.0915,0.1329,0.1329,0.557,0.6022,0.7134
"A 45-year-old woman is hospitalized for management of Staphylococcus aureus endocarditis with persistent bacteremia. The patient is discussed during interdisciplinary rounds, which includes physicians, nurses, pharmacists, and social workers. During rounds, a pharmacy student notices that the patient missed two doses of her scheduled antibiotic last week but is unsure why. The physician and nurse are unaware of these missed doses, and the student does not mention her observation. Which of the following measures is most likely to improve communication within this interdisciplinary health care team?",Which of the following measures is most likely to improve communication within this interdisciplinary health care team?,"
A. Conduct interdisciplinary rounds in a quieter location 
B. Encourage questions from all team members 
C. Implement a checklist for standardizing patient rounds 
D. Use computers during rounds to review medications
",B,B,True,"- Option A: Conduct interdisciplinary rounds in a quieter location - While a quieter location might reduce distractions, it does not directly address the core issue of communication among team members. The environment alone is unlikely to ensure that all relevant information, such as missed doses, is shared and discussed. - Option B: Encourage questions from all team members - This is the most effective measure to improve communication within the interdisciplinary healthcare team. By fostering an environment where all team members, including pharmacy students, feel comfortable asking questions and sharing observations, the team can ensure that critical information, such as missed doses, is not overlooked. This approach promotes a culture of open communication and accountability, which is essential for patient safety and effective care. - Option C: Implement a checklist for standardizing patient rounds - While a checklist can help standardize the process and ensure that certain topics are covered, it does not inherently encourage the sharing of all relevant information, especially if team members are not encouraged to speak up. It can be a useful tool but is not the primary solution to the communication issue described. - Option D: Use computers during rounds to review medications - Using computers to review medications can be helpful for ensuring accuracy and up-to-date information. However, it does not address the issue of communication and the sharing of observations, such as missed doses, among team members. It is a tool that can support the process but does not solve the core communication problem. Encouraging questions from all team members (Option B) is the best approach to ensure that all relevant information is shared and discussed, thereby improving patient care and safety.",0.0032,0.0353,0.1688,0.0893,0.0208,0.0756,0.0756,0.5016,0.6188,0.734
"A 37-year-old man comes to the physician for a routine health maintenance examination. He has no history of serious illness and takes no medications. He does not smoke cigarettes, and he exercises four times weekly. His mother died of colon cancer at the age of 76 years. He is 183 cm (6 ft 0 in) tall and weighs 100 kg (220 lb); BMI is 30 kg/m². Pulse is 68/min and blood pressure is 138/74 mm Hg. The remainder of the examination shows no abnormalities. Which of the following is the most appropriate next step?",Which of the following is the most appropriate next step?,"
A. Test of the stool for occult blood 
B. Complete blood count 
C. Measurement of serum thyroid-stimulating hormone concentration 
D. Serum lipid studies 
E. No further evaluation is necessary
",D,D,True,"Given the patient's profile, the most appropriate next step is to conduct serum lipid studies. Here's a detailed explanation of why this is the best choice and why the other options are less suitable: A. Test of the stool for occult blood: While the patient's family history of colon cancer is relevant, the patient is 37 years old, and routine screening for colorectal cancer typically begins at age 50 for average-risk individuals. Therefore, testing for occult blood in the stool is not the most immediate concern. B. Complete blood count (CBC): There are no symptoms or signs that would suggest an abnormality in the patient's blood count. The patient is asymptomatic, and there is no indication of anemia, infection, or other conditions that would warrant a CBC. C. Measurement of serum thyroid-stimulating hormone (TSH) concentration: There are no symptoms or signs of thyroid dysfunction in the patient's history or physical examination. The patient does not report any symptoms such as fatigue, weight changes, or temperature sensitivity that would suggest a thyroid issue. D. Serum lipid studies: This is the most appropriate next step. The patient has a BMI of 30 kg/m², which classifies him as obese, and his blood pressure is 138/74 mm Hg, indicating prehypertension. Obesity and elevated blood pressure are risk factors for cardiovascular disease, and lipid profile assessment is crucial for identifying dyslipidemia, a significant risk factor for cardiovascular disease. Early detection and management of dyslipidemia can help prevent cardiovascular events. E. No further evaluation is necessary: This option is incorrect because the patient's BMI and blood pressure suggest potential cardiovascular risk factors that should be evaluated further. Regular health maintenance examinations should include assessments that can help identify and manage these risks. In summary, given the patient's BMI and blood pressure, conducting serum lipid studies is the most appropriate next step to assess cardiovascular risk factors.",0.0084,0.0223,0.2047,0.0544,0.0365,0.0544,0.0544,0.4483,0.5429,0.6896
"A 35-year-old woman is evaluated for a persistent fever 4 days after admission to the hospital for treatment of pyelonephritis. She has type 2 diabetes mellitus poorly controlled with insulin. She has received ciprofloxacin since admission. Results of initial blood cultures are pending. Temperature is 40.0°C (104.0°F), pulse is 110/min, respirations are 20/min, and blood pressure is 100/60 mm Hg. Examination shows marked right costovertebral angle tenderness. Which of the following is the most appropriate next step in management?",Which of the following is the most appropriate next step in management?,"
A. Addition of clindamycin to the medication regimen 
B. Addition of vancomycin to the medication regimen 
C. CT scan of the abdomen 
D. Doppler ultrasonography of the lower extremities 
E. Repeat blood cultures and fungal cultures
",C,E,False,"Given the patient's history of poorly controlled type 2 diabetes mellitus and the persistence of fever despite antibiotic treatment for pyelonephritis, there is a concern for a possible secondary infection or a resistant organism. The patient's clinical presentation, including a high fever, tachycardia, and hypotension, suggests a systemic inflammatory response syndrome (SIRS) possibly due to sepsis. Option A (Addition of clindamycin to the medication regimen) and Option B (Addition of vancomycin to the medication regimen) are not the most appropriate next steps without further diagnostic information. Clindamycin is typically used for anaerobic infections or to cover for Clostridium difficile, which is not indicated in this scenario. Vancomycin is used to cover for methicillin-resistant Staphylococcus aureus (MRSA), but there is no specific indication for MRSA in this case. Option C (CT scan of the abdomen) could be useful to evaluate for complications of pyelonephritis such as abscesses or emphysematous pyelonephritis, but it is not the most immediate step given the patient's systemic signs of infection. Option D (Doppler ultrasonography of the lower extremities) is not relevant to the current clinical scenario, as it would be used to evaluate for deep vein thrombosis, which is not suggested by the patient's symptoms or signs. Option E (Repeat blood cultures and fungal cultures) is the most appropriate next step. Given the patient's immunocompromised state due to poorly controlled diabetes and the persistence of fever despite appropriate antibiotic therapy, there is a need to rule out a fungal infection, which can be a complication in such patients. Additionally, repeating blood cultures can help identify any new or resistant organisms that may have emerged during the course of treatment. This step is crucial for guiding further antibiotic therapy and managing the patient's condition effectively.",0.0093,0.0276,0.1336,0.0651,0.0393,0.0651,0.0651,0.4516,0.5585,0.6699
"A 23-year-old man is being evaluated in the intensive care unit because of steadily decreasing blood pressure since he was admitted 2 hours ago for treatment of septic shock caused by pneumonia. Medical history is remarkable for cystic fibrosis and severe obstructive lung disease. In the emergency department, the patient was intubated, had three peripheral intravenous catheters placed, and was treated empirically with broad-spectrum antibiotics, bronchodilators, a continuous infusion of propofol and fentanyl, and 4 L of 0.9% saline. Immediately after administration of fluids, the patient's pulse was 105/min and blood pressure was 100/50 mm Hg. The patient is 173 cm (5 ft 8 in) tall and weighs 59 kg (130 lb); BMI is 20 kg/m². Pulse is 135/min and blood pressure is 79/43 mm Hg. Auscultation of the lungs discloses diffuse rhonchi and inspiratory crackles with low-pitched bilateral expiratory wheezes. Cardiac examination discloses no murmurs, rubs, or gallops. Bedside ultrasonography of the abdomen shows the inferior vena cava is 1.8 cm in diameter with minimum respirophasic collapsibility, and cardiac ultrasonography shows that the left ventricular ejection fraction is approximately 0.65. Results of laboratory studies obtained on admission and now are shown: On Admission, the White Blood Cell count is 21,000/mm³ and Blood Lactic acid is 5.2 mg/dL. Now the patient's White Blood Cell count is 19,000/mm³ and Blood Lactic acid is 4.0 mg/dL Which of the following is the most appropriate next step in management?",0 mg/dL Which of the following is the most appropriate next step in management?,"
A. Administer an additional 1-L bolus of 0.9% saline 
B. Administer intravenous hydrocortisone 
C. Administer intravenous voriconazole 
D. Begin a continuous infusion of norepinephrine 
E. Order CT scan of the head
",D,D,True,"The patient is in septic shock with a history of cystic fibrosis and severe obstructive lung disease, presenting with a rapidly declining blood pressure despite fluid resuscitation. The patient's current blood pressure of 79/43 mm Hg and tachycardia (135/min) indicate ongoing hypotension and inadequate tissue perfusion, which is not responding to initial fluid resuscitation. The patient's white blood cell count and lactic acid levels have decreased slightly, but the patient remains in a critical state with signs of ongoing sepsis and shock. A. Administer an additional 1-L bolus of 0.9% saline: This option is not the best choice because the patient has already received 4 L of 0.9% saline, and the blood pressure has continued to drop. Further fluid resuscitation may not be effective in this case, and the patient may be fluid overloaded. B. Administer intravenous hydrocortisone: While corticosteroids can be beneficial in septic shock, they are not the first-line treatment for hypotension. The patient's current hemodynamic instability requires immediate intervention to stabilize blood pressure. C. Administer intravenous voriconazole: Voriconazole is an antifungal agent and is not indicated in this scenario. The patient's condition is primarily due to septic shock, and there is no indication of fungal infection. D. Begin a continuous infusion of norepinephrine: This is the most appropriate next step. Norepinephrine is a vasopressor that can help to increase blood pressure and improve tissue perfusion in patients with septic shock. Given the patient's ongoing hypotension despite fluid resuscitation, starting a vasopressor is necessary to stabilize the patient's hemodynamics. E. Order CT scan of the head: This is not the most urgent step in the management of this patient. The patient's immediate concern is hemodynamic instability, and imaging is not necessary at this time. In summary, the patient's condition requires immediate intervention to stabilize blood pressure, and starting a continuous infusion of norepinephrine is the most appropriate next step in management.",0.014,0.0306,0.2356,0.0702,0.0471,0.0643,0.0643,0.4497,0.5676,0.6643
A 32-year-old nulligravid woman comes to the office for counseling prior to conception. Menses occur at irregular 40- and 60-day intervals. She has impaired glucose tolerance controlled by diet. She takes no medications. She is 165 cm (5 ft 5 cm) tall and weighs 84 kg (185 lb); BMI is 31 kg/m². Vital signs are within normal limits. Examination shows no abnormalities. Her fasting serum glucose concentration is 120 mg/dL. This patient is at greatest risk for developing which of the following?,This patient is at greatest risk for developing which of the following?,"
A. Gestational diabetes 
B. Hypothyroidism 
C. Intrauterine growth restriction 
D. Placenta previa 
E. Preterm labor
",A,A,True,"- A. Gestational diabetes: This is the correct answer. The patient has impaired glucose tolerance, which is a significant risk factor for developing gestational diabetes. Additionally, her BMI is 31 kg/m², which is considered obese, and obesity is another major risk factor for gestational diabetes. The patient's fasting serum glucose concentration of 120 mg/dL also indicates impaired glucose metabolism, further increasing her risk for gestational diabetes. - B. Hypothyroidism: While hypothyroidism can affect fertility and pregnancy outcomes, there is no information provided in the case that suggests the patient has hypothyroidism or any thyroid-related symptoms. Therefore, this is not the most likely condition she is at risk for developing. - C. Intrauterine growth restriction (IUGR): Although obesity and gestational diabetes can contribute to IUGR, the patient's primary risk factor as described in the case is related to her glucose metabolism and obesity, which more directly point to gestational diabetes as the primary concern. - D. Placenta previa: There is no information in the case that suggests the patient has any risk factors for placenta previa, such as a history of uterine surgery or multiple pregnancies. Therefore, this is not the most likely condition she is at risk for developing. - E. Preterm labor: While obesity and gestational diabetes can increase the risk of preterm labor, the patient's primary risk factor as described in the case is related to her glucose metabolism and obesity, which more directly point to gestational diabetes as the primary concern. Preterm labor is a potential complication but not the most immediate risk based on the information provided.",0.0,0.0332,0.1667,0.073,0.0221,0.073,0.073,0.4419,0.6053,0.6892
"A 17-year-old girl is brought to the physician by her parents because they are concerned she is using illicit drugs. They report that, “she just isn’t herself anymore.” She has no history of serious illness and takes no medications. She is upset about being “tricked” to come to the doctor. Physical examination shows no abnormalities. On mental status examination, she has an angry mood and anxious affect. The patient’s parents privately request a toxicology screening for their daughter but ask that she be told that her blood will be taken to “check her thyroid gland.” After discussing the parents’ wish for secrecy, which of the following is the most appropriate next step in management?","” After discussing the parents’ wish for secrecy, which of the following is the most appropriate next step in management?","
A. Comply with the parents’ wishes 
B. Inform the parents that everything the patient tells the physician is confidential 
C. Inform the parents that if the patient’s toxicology screening is positive, it must be reported to the police 
D. Inform the parents that the physician cannot deceive the patient
",D,D,True,"- Option A (Comply with the parents’ wishes): This option is incorrect because deceiving the patient violates principles of medical ethics, particularly the principle of autonomy. Patients, even minors, have the right to be informed about their health care, including the reasons for any tests or procedures. Deception undermines trust between the patient and the healthcare provider, which is crucial for effective treatment and management of health issues. - Option B (Inform the parents that everything the patient tells the physician is confidential): While this statement is true and important for the patient to know, it does not address the issue of the parents' request to deceive the patient. It is a necessary piece of information but not the most appropriate next step in this specific scenario. - Option C (Inform the parents that if the patient’s toxicology screening is positive, it must be reported to the police): This statement is incorrect and misleading. There is no general requirement to report positive toxicology results to the police unless there are specific legal or regulatory requirements in the jurisdiction, or if the patient is under legal supervision (e.g., probation). The decision to report such results should be made with consideration of the patient's best interests and legal obligations, not as a blanket rule. - Option D (Inform the parents that the physician cannot deceive the patient): This is the correct response. It directly addresses the ethical issue at hand by informing the parents that deceiving the patient is not an acceptable practice. It upholds the ethical standards of honesty and transparency in patient care, which are fundamental in building a therapeutic relationship and ensuring that the patient feels respected and understood. The physician should also discuss with the parents the importance of open communication with their daughter and explore ways to address their concerns without resorting to deception.",0.0087,0.0432,0.2572,0.0862,0.0495,0.08,0.08,0.5018,0.5952,0.6424
"A 52-year-old woman with type 2 diabetes mellitus comes to the office for a follow-up examination. Two weeks ago, she was treated with amoxicillin for a urinary tract infection. At that time, her blood pressure was 165/98 mm Hg, and serum creatinine concentration was 1.2 mg/dL; lisinopril therapy was also begun. During the past week, she has had increased swelling of the lower extremities and shortness of breath. Her dysuria has resolved. She appears anxious. Temperature is 36.8°C (98.2°F), pulse is 110/min, respirations are 20/min, and blood pressure is 185/105 mm Hg. Diffuse bilateral crackles are heard on pulmonary examination. An S3 gallop is heard. There is 3+ pitting bilateral pretibial edema. The laboratory studies showed that the levels for Serum Urea nitrogen is 45 mg/dL and Serum Creatinine is 4 mg/dL. As for the urine, its specific gravity is 1.010, no blood, and has moderate numbers of Hyaline casts. Which of the following is the most likely diagnosis?",Which of the following is the most likely diagnosis?,"
A. Acute glomerulonephritis 
B. Acute interstitial nephritis 
C. Acute kidney injury 
D. Acute obstructive uropathy 
E. Intravascular volume depletion
",C,C,True,"- Acute kidney injury (AKI) is the most likely diagnosis given the patient's clinical presentation and laboratory findings. The patient has a rapid decline in renal function, as evidenced by the increase in serum creatinine from 1.2 mg/dL to 4 mg/dL over a short period, along with elevated serum urea nitrogen. The presence of bilateral pretibial edema, shortness of breath, and pulmonary crackles suggest fluid overload, which is consistent with AKI. The S3 gallop heard on examination further supports the presence of fluid overload and possible heart failure secondary to renal dysfunction. - Acute glomerulonephritis (Option A) is less likely because it typically presents with hematuria, proteinuria, and hypertension, but the patient's urine does not show blood, and the presence of hyaline casts rather than red blood cell casts makes this diagnosis less likely. - Acute interstitial nephritis (Option B) can present with acute kidney injury, but it is often associated with a history of recent medication use, which could be a factor here given the recent use of amoxicillin. However, the patient's symptoms and lab findings are more consistent with fluid overload and acute kidney injury rather than the typical presentation of interstitial nephritis, which often includes fever, rash, and eosinophilia. - Acute obstructive uropathy (Option D) would typically present with symptoms of urinary obstruction such as flank pain, hematuria, and possibly a palpable bladder. The patient's dysuria has resolved, and there is no mention of flank pain or other signs of obstruction. - Intravascular volume depletion (Option E) would be characterized by hypotension, tachycardia, and possibly decreased urine output, but the patient's blood pressure is elevated, and there is evidence of fluid overload rather than depletion. Given the rapid decline in renal function, fluid overload, and the absence of specific signs pointing to other diagnoses, acute kidney injury is the most likely diagnosis.",0.0057,0.0197,0.1845,0.0505,0.0254,0.0505,0.0505,0.4065,0.5458,0.6229
"A 15-year-old girl is brought to the emergency department by her father because of a 2-hour history of right leg pain that began after she fell from her bicycle. Medical history is remarkable for bilateral hearing loss, a fracture of the humerus at age 8 years, and multiple rib fractures. She takes no medications. Family history is remarkable for kyphoscoliosis, hearing loss, and early onset osteoporosis in her mother; the mother died from complications related to a hip fracture at age 44 years. The patient is a refugee who has recently immigrated. The patient appears to be in distress. She is below the 5th percentile for height, at the 70th percentile for weight, and above the 95th percentile for BMI. Her temperature is 37.0°C (98.6°F), pulse is 118/min, respirations are 12/min, and blood pressure is 130/68 mm Hg. Examination shows kyphosis and hypermobile joints of the hands, wrists, and feet. Examination of the right lower extremity shows superficial abrasions and ecchymoses; there is tenderness to palpation and movement of the extremity. Which of the following is the most likely underlying diagnosis?",Which of the following is the most likely underlying diagnosis?,"
A. Idiopathic juvenile osteoporosis 
B. Juvenile Paget disease 
C. Osteogenesis imperfecta 
D. Osteomalacia 
E. Rickets
",C,C,True,"Osteogenesis imperfecta (OI) is a genetic disorder characterized by bones that break easily, often from little or no apparent cause. The patient's history and physical examination findings are highly suggestive of OI. Key points supporting this diagnosis include: 1. History of multiple fractures: The patient has a history of fractures, including a humerus fracture at age 8 and multiple rib fractures, which are common in OI. 2. Family history: The patient's mother had kyphoscoliosis, hearing loss, and early onset osteoporosis, and died from complications related to a hip fracture at a young age. This family history is consistent with OI, which is often inherited in an autosomal dominant pattern. 3. Physical examination findings: The patient has kyphosis, hypermobile joints, and is below the 5th percentile for height, which are characteristic features of OI. Additionally, the patient's recent fall from a bicycle leading to leg pain and tenderness is consistent with the fragility of bones seen in OI. Let's briefly discuss why the other options are less likely: A. Idiopathic juvenile osteoporosis: This condition is characterized by low bone mass and increased fracture risk but is not typically associated with the family history of hearing loss, kyphoscoliosis, and early death from fractures seen in this patient. B. Juvenile Paget disease: This is a rare disorder characterized by increased bone turnover, leading to deformities and fractures. However, it is not typically associated with the specific family history and physical findings seen in this patient. D. Osteomalacia: This condition involves softening of the bones due to defective bone mineralization, often due to vitamin D deficiency. While it can cause bone pain and fractures, it does not explain the family history and specific physical findings seen in this patient. E. Rickets: This is a childhood disorder resulting from vitamin D, phosphorus, or calcium deficiency, leading to softening and weakening of bones. It can cause bone pain and deformities but does not explain the specific family history and physical findings seen in this patient. Therefore, the most likely underlying diagnosis is Osteogenesis imperfecta.",0.0051,0.0204,0.1813,0.0511,0.0286,0.0511,0.0511,0.4257,0.5462,0.724
"A 22-year-old primigravid woman at 10 weeks’ gestation comes to the emergency department (ED) because of a 3- day history of persistent vomiting. She is treated with intravenous hydration, pyridoxine, and doxylamine. As the resident physician prepares the patient for discharge, he asks who will be picking her up from the ED. She says her husband will be arriving soon and asks if the hospital staff can refer to her symptoms as a “stomach flu.” She does not want anyone to mention to her husband that she is pregnant because the pregnancy resulted from an oral contraceptive failure and “he is not expecting this.” Which of the following is the most appropriate next question to ask this patient?",” Which of the following is the most appropriate next question to ask this patient?,"
A. “Are finances tight at home?” 
B. “How do you think he will react?” 
C. “Is there somebody else who can pick you up?” 
D. “Was there a problem with your birth control?” 
E. “Will he try to force you to do something you aren’t comfortable with?”
",B,C,False,"This scenario involves a patient who is pregnant and has requested that her pregnancy not be disclosed to her husband, who is expected to pick her up from the emergency department. This request raises concerns about potential domestic violence or coercive control, as the patient is trying to conceal information from her partner. The most appropriate next question to ask is whether there is someone else who can pick her up, as this directly addresses the immediate safety concern for the patient. A. ""Are finances tight at home?"" - This question, while potentially relevant to understanding the patient's overall situation, does not directly address the immediate concern of her safety or the need to protect her confidentiality regarding her pregnancy. B. ""How do you think he will react?"" - This question could be useful in understanding the patient's perception of her husband's reaction, but it does not directly address the immediate safety concern or the need to protect her confidentiality. C. ""Is there somebody else who can pick you up?"" - This question is directly relevant to the patient's immediate safety and confidentiality. It allows the healthcare provider to ensure that the patient is not placed in a potentially dangerous situation by having her husband pick her up, given her request to keep the pregnancy a secret. D. ""Was there a problem with your birth control?"" - While this question is relevant to understanding the cause of the pregnancy, it does not address the immediate safety concern or the need to protect her confidentiality. E. ""Will he try to force you to do something you aren’t comfortable with?"" - This question is relevant to assessing the risk of domestic violence, but it is more direct and potentially confrontational than asking if there is someone else who can pick her up. It may also make the patient uncomfortable or defensive, especially if she is not ready to discuss such sensitive issues. In summary, the most appropriate question to ask is C, as it directly addresses the patient's immediate safety and confidentiality needs without being confrontational or potentially causing additional distress.",0.0077,0.0332,0.1964,0.0659,0.0387,0.0604,0.0604,0.4516,0.5743,0.6685
"Five days after admission to the hospital for management of an ST-elevation myocardial infarction, a 59-year-old man has the sudden onset of severe abdominal and bilateral lower extremity pain, cyanosis of the lower body, and paresthesias. On hospital days 1 and 2, he received vasopressor and inotropic therapy. On hospital day 2, echocardiography showed extensive anterolateral akinesis of the left ventricle. He has no history of serious illness. His medications are metoprolol, lisinopril, simvastatin, and dalteparin. He appears to be in acute distress. Pulse is 105/min and regular, respirations are 24/min, and blood pressure is 80/60 mm Hg. Examination shows lower body cyanosis to the level of the costal margins. Crackles are heard over the lower lung fields bilaterally. Distant heart sounds but no murmurs are heard. The abdomen is nondistended and nontender. Pulses are 1+ in the upper extremities and absent in the lower extremities. Muscle strength is 3/5 in the lower extremities. Sensation to touch and temperature is decreased over the lower extremities. ECG shows sinus tachycardia. Which of the following is the most likely explanation for this patient’s clinical findings?",Which of the following is the most likely explanation for this patient’s clinical findings?,"
A. Aortic dissection 
B. Aortic embolism 
C. Pericardial tamponade 
D. Right ventricular failure 
E. Ventricular rupture
",B,B,True,"The clinical presentation of this patient, including the sudden onset of severe abdominal and bilateral lower extremity pain, cyanosis of the lower body, and paresthesias, along with the absence of pulses in the lower extremities and decreased muscle strength, strongly suggests an acute occlusion of the aorta or its major branches. This is most consistent with an aortic embolism, which can occur as a complication of a myocardial infarction, especially in the setting of extensive left ventricular akinesis, as seen in this patient. A. Aortic dissection: While aortic dissection can present with severe pain and can affect blood flow to the lower extremities, it typically presents with a tearing or ripping chest pain that may radiate to the back. The absence of pulses in the lower extremities and the presence of extensive left ventricular akinesis make aortic dissection less likely in this context. B. Aortic embolism: This is the most likely explanation. The patient's history of an ST-elevation myocardial infarction and extensive left ventricular akinesis increases the risk of mural thrombus formation, which can embolize and occlude the aorta or its branches, leading to the described symptoms. C. Pericardial tamponade: This condition would present with hypotension, muffled heart sounds, and jugular venous distension, but not typically with the specific symptoms of lower extremity ischemia and cyanosis. D. Right ventricular failure: This condition would present with signs of right-sided heart failure, such as jugular venous distension, peripheral edema, and hepatomegaly, but not with the acute onset of lower extremity ischemia and cyanosis. E. Ventricular rupture: This is a catastrophic complication of myocardial infarction that would present with sudden hemodynamic collapse and often death. The patient's presentation does not fit this scenario, as ventricular rupture would not typically cause the specific symptoms of lower extremity ischemia and cyanosis. Therefore, given the patient's history and clinical presentation, an aortic embolism is the most likely explanation for his symptoms.",0.0085,0.028,0.239,0.0776,0.048,0.0716,0.0716,0.4584,0.5832,0.7328
"A 75-year-old man comes to the clinic because of a 2-year history of progressive shortness of breath. He also has had an occasional dry cough for the past 6 months. He has not had chest pain, palpitations, or swelling of his legs. Medical history is unremarkable, and the patient takes no medications. He has smoked one pack of cigarettes daily for 57 years. He does not drink alcoholic beverages. Vital signs are temperature 37.0°C (98.6°F), pulse 92/min, respirations 18/min, and blood pressure 122/76 mm Hg. Pulse oximetry on room air shows an oxygen saturation of 89%. The patient has mild dyspnea when he speaks. Auscultation of the lungs discloses fine and dry crackles in the bases of both lungs. Cardiac examination discloses a normal S1 and S2. No extra heart sounds are heard. Jugular venous pulsation is measured at 2 cm above the sternal angle with the head of the bed elevated at 30 degrees. Examination of the extremities shows clubbing of the digits of both hands. Results of complete blood count, serum chemistry profile, and urinalysis are within the reference ranges. Chest x-ray shows scattered reticular opacities in both lung bases. There is no hilar lymphadenopathy. Which of the following is the most appropriate next step in evaluation?",Which of the following is the most appropriate next step in evaluation?,"
A. Echocardiography 
B. High-resolution CT scan of the chest 
C. Lung biopsy 
D. Serum antiglomerular basement membrane antibody assay 
E. Thoracic PET scan
",B,B,True,"Given the patient's history of long-term smoking, progressive shortness of breath, occasional dry cough, and the presence of fine and dry crackles in the lung bases, along with reticular opacities on chest x-ray, the clinical suspicion is high for a chronic interstitial lung disease, such as idiopathic pulmonary fibrosis (IPF) or smoking-related interstitial lung disease. - Option A: Echocardiography - This would be more appropriate if there were signs of heart failure or if the cause of the shortness of breath was suspected to be cardiac in origin. The patient's cardiac examination is normal, and there are no signs of heart failure (no palpitations, no leg swelling, normal JVP), making this less likely to be the next step. - Option B: High-resolution CT scan of the chest - This is the most appropriate next step. High-resolution CT (HRCT) is the gold standard for evaluating interstitial lung diseases. It can provide detailed images of the lung parenchyma, helping to differentiate between various types of interstitial lung diseases and to assess the extent and severity of the disease. The HRCT can show characteristic patterns such as honeycombing, which is often seen in IPF, and can help in making a definitive diagnosis. - Option C: Lung biopsy - While a lung biopsy can provide a definitive diagnosis, it is an invasive procedure and is generally reserved for cases where the diagnosis remains unclear after non-invasive imaging and other tests. Given the strong clinical suspicion and the ability of HRCT to provide a high degree of diagnostic accuracy in interstitial lung diseases, a biopsy would not be the first step. - Option D: Serum antiglomerular basement membrane antibody assay - This test is used to diagnose Goodpasture syndrome, which is characterized by glomerulonephritis and pulmonary hemorrhage. The patient does not have hemoptysis or renal symptoms, making this less likely to be relevant. - Option E: Thoracic PET scan - A PET scan is typically used to evaluate for malignancy or infection. There is no clinical indication for malignancy or infection in this patient, making this an inappropriate next step. Therefore, the most appropriate next step in the evaluation of this patient is a high-resolution CT scan of the chest to better characterize the interstitial lung disease.",0.0097,0.024,0.202,0.0574,0.0367,0.0574,0.0574,0.4294,0.5697,0.6769
"A previously healthy 20-year-old woman, who is a sophomore in college, is brought to the emergency department by her roommates because of an 8-hour history of weakness and vomiting blood and a 2-day history of dizziness. She has no history of similar symptoms. She says she overeats in response to the stress of her classes. She induces vomiting after consuming a significant amount of food because she feels ""too full"" and ""out of control."" She now vomits almost daily. She feels she is slightly overweight. She is physically active and exercises moderately two to three times weekly. She does not use laxatives or diuretics. She has many friends and enjoys going out socially. She takes no medications. She drinks three to four beers on weekends and does not use illicit drugs. She appears uncomfortable and is tearful and mildly diaphoretic. She is 157 cm (5 ft 2 in) tall and weighs 59 kg (130 lb); BMI is 24 kg/m². Temperature is 37.5°C (99.5°F), pulse is 115/min and regular, and blood pressure is 100/68 mm Hg. Examination shows tender parotid glands bilaterally and poor dentition. Results of laboratory studies are most likely to show which of the following in this patient?",Results of laboratory studies are most likely to show which of the following in this patient?,"
A. K+ is Decreased, Cl⁻ is decreased, HCO³⁻ is decreased 
B. K+ is Decreased, Cl⁻ is decreased, HCO³⁻ is increased 
C. K+ is Decreased, Cl⁻ is increased, HCO³⁻ is decreased 
D. K+ is Increased, Cl⁻ is decreased, HCO³⁻ is increased 
E. K+ is Increased, Cl⁻ is increased, HCO³⁻ is decreased 
F. K+ is Increased, Cl⁻ is increased, HCO³⁻ is increased
",B,B,True,"The patient's history and symptoms suggest a diagnosis of Bulimia Nervosa, a condition characterized by recurrent episodes of binge eating followed by compensatory behaviors such as self-induced vomiting. This pattern of behavior can lead to significant electrolyte imbalances, particularly in potassium (K+), chloride (Cl⁻), and bicarbonate (HCO₃⁻) levels. 1. Potassium (K+) is Decreased: Vomiting leads to the loss of potassium through the gastrointestinal tract. Potassium is an essential electrolyte that is crucial for muscle function, including the heart. The loss of potassium can lead to hypokalemia, which can cause muscle weakness and arrhythmias. 2. Chloride (Cl⁻) is Decreased: Chloride is another electrolyte that is lost through vomiting. The loss of chloride can contribute to metabolic alkalosis, which is a common finding in patients with bulimia nervosa who vomit frequently. 3. Bicarbonate (HCO₃⁻) is Increased: The vomiting of stomach acid (which is rich in hydrogen ions) leads to a loss of hydrogen ions from the body. This loss of hydrogen ions can result in metabolic alkalosis, characterized by an increase in bicarbonate levels. The body attempts to compensate for the loss of acid by retaining bicarbonate, which is a base. The other options are incorrect because they do not accurately reflect the typical electrolyte imbalances seen in a patient with bulimia nervosa who vomits frequently. For example, options that suggest increased potassium or chloride levels do not align with the expected losses through vomiting. Similarly, options that suggest decreased bicarbonate levels do not reflect the metabolic alkalosis that is commonly seen in this condition.",0.0,0.0301,0.1523,0.0664,0.0074,0.059,0.059,0.4092,0.5101,0.5677
"A 58-year-old man comes to the clinic for a follow-up examination 3 months after beginning warfarin therapy for deep venous thrombosis. He noted blood in his urine 1 week ago but has not seen any since that time. He has not had pain, fever, or increased urinary frequency. He has not sustained any recent trauma. His prothrombin time and INR have been within the therapeutic ranges during his previous measurements. He has hypertension and benign prostatic hyperplasia. Medications are warfarin and hydrochlorothiazide. He smoked one pack of cigarettes daily for 40 years but quit when diagnosed with deep venous thrombosis. Temperature is 35.9°C (96.6°F), pulse is 88/min, respirations are 18/min, and blood pressure is 135/87 mm Hg. The prostate is moderately enlarged; no nodules are noted. Laboratory studies showed that the Prothrombin time is 19 sec (INR=2.5), serum Urea nitrogen is 18 mg/dL, serum Creatinine is 1 mg/dL, and Prostate-specific antigen is 3.8 ng/mL (N<4). The laboratory result on urine showed the following: blood is 3+, protein is 1+, RBC is too numerous to count, WBC is 2/hpf, no casts, and negative for Nitrites and Leukocyte esterase. In addition to a CT scan of the abdomen, which of the following is the most appropriate next step in management?","In addition to a CT scan of the abdomen, which of the following is the most appropriate next step in management?","
A. Adjustment of the warfarin dosage to maintain an INR between 1.5 and 2.0 
B. Ciprofloxacin therapy 
C. Cystoscopy 
D. Discontinuation of hydrochlorothiazide therapy 
E. Finasteride therapy
",C,C,True,"The patient presents with a history of deep venous thrombosis (DVT) and is on warfarin therapy. He has a recent history of hematuria, which is now resolved, and his INR is within the therapeutic range. The urinalysis shows significant hematuria (RBC too numerous to count) and a small amount of proteinuria, with a few white blood cells, suggesting a possible source of bleeding from the urinary tract. A. Adjustment of the warfarin dosage to maintain an INR between 1.5 and 2.0: This option is not the most appropriate next step because the patient's INR is already within the therapeutic range for DVT treatment (INR=2.5). Adjusting the warfarin dosage would not address the source of hematuria. B. Ciprofloxacin therapy: This option is not appropriate because there is no evidence of a urinary tract infection (UTI). The absence of fever, increased urinary frequency, and negative nitrites and leukocyte esterase in the urinalysis suggests that an infection is unlikely. C. Cystoscopy: This is the most appropriate next step. Given the patient's history of benign prostatic hyperplasia (BPH) and the significant hematuria, a cystoscopy can help identify the source of bleeding, which could be related to BPH, bladder pathology, or other causes. It is a direct and effective method to visualize the bladder and urethra and can help in diagnosing conditions such as bladder tumors, stones, or other lesions that could be causing the hematuria. D. Discontinuation of hydrochlorothiazide therapy: This option is not the most appropriate next step because there is no direct evidence that the hydrochlorothiazide is causing the hematuria. Discontinuing the medication without a clear link to the symptom would not address the underlying cause of the hematuria. E. Finasteride therapy: This option is not the most appropriate next step because the patient's prostate-specific antigen (PSA) is within normal limits, and there is no evidence of prostate cancer. Finasteride is used to treat BPH and can lower PSA levels, but it is not indicated for the management of hematuria in this context. In summary, given the patient's history and the findings on urinalysis, a cystoscopy is the most appropriate next step to identify the source of hematuria and guide further management.",0.0073,0.041,0.2063,0.0821,0.0361,0.0769,0.0769,0.4538,0.5702,0.689
"A 32-year-old woman is brought to the emergency department immediately after being involved in a motor vehicle collision. She was the unrestrained driver. On arrival, she says she has severe pain in her right groin. On examination, any movement of the right hip produces pain. An x-ray of the pelvis shows a completely displaced fracture of the femoral neck. In addition to intravenous morphine, which of the following is the most appropriate management?","In addition to intravenous morphine, which of the following is the most appropriate management?","
A. Bed rest 
B. Closed reduction followed by traction 
C. Hip spica hinge brace 
D. Limited weight bearing with use of crutches 
E. Operative reduction and internal fixation
",E,E,True,"A completely displaced fracture of the femoral neck in a 32-year-old patient is a serious condition that typically requires surgical intervention. Here's why each option is correct or incorrect: A. Bed rest - This is not an appropriate management for a completely displaced femoral neck fracture. Bed rest alone would not address the displacement and could lead to complications such as avascular necrosis, nonunion, or malunion of the fracture. B. Closed reduction followed by traction - While closed reduction might be considered for certain types of fractures, a completely displaced femoral neck fracture is unlikely to be successfully reduced without surgery. Traction alone would not be sufficient to maintain the reduction and stabilize the fracture. C. Hip spica hinge brace - This type of brace is more commonly used for fractures in pediatric patients or for certain types of fractures in adults where the bone is not completely displaced. It would not be effective for a completely displaced femoral neck fracture in an adult. D. Limited weight bearing with use of crutches - This approach is not suitable for a completely displaced femoral neck fracture. The displacement indicates that the bone is not in proper alignment, and allowing any weight-bearing could worsen the displacement and lead to further complications. E. Operative reduction and internal fixation - This is the most appropriate management for a completely displaced femoral neck fracture. Surgery allows for the precise realignment of the bone and the use of internal fixation devices (such as screws) to stabilize the fracture. This approach is necessary to restore the anatomy, prevent complications such as avascular necrosis, and allow for proper healing and recovery.",0.0067,0.0299,0.1811,0.0629,0.0352,0.0629,0.0629,0.4587,0.5681,0.651
"A 57-year-old man comes to the physician 1 week after he had a 45-minute episode of slurred speech and clumsiness of his right hand. The episode occurred during his daily walk; the symptoms resolved during the next 24 hours. He has no history of similar symptoms. He has a 20-year history of hypertension and a 15-year history of hypercholesterolemia controlled with a low-cholesterol diet and daily exercise. He takes no medications. He has smoked one pack of cigarettes daily for 40 years and drinks one to two glasses of wine nightly with dinner. He is alert and fully oriented. He is 178 cm (5 ft 10 in) tall and weighs 86 kg (190 lb); BMI is 27 kg/m². His temperature is 37.0°C (98.6°F), pulse is 88/min, respirations are 10/min, and blood pressure is 170/90 mm Hg. Examination, including neurologic examination, shows no other abnormalities. Daily enteric-coated aspirin therapy is begun. Which of the following is the most appropriate next step to decrease this patient’s risk for subsequent cerebral infarction?",Which of the following is the most appropriate next step to decrease this patient’s risk for subsequent cerebral infarction?,"
A. Alcohol cessation 
B. Smoking cessation 
C. Weight loss program 
D. Antihypertensive therapy 
E. Cholesterol-lowering therapy
",D,D,True,"The patient described has a history of hypertension, which is currently uncontrolled (blood pressure of 170/90 mm Hg). Hypertension is a significant risk factor for cerebral infarction (stroke). The patient's recent transient ischemic attack (TIA) symptoms, including slurred speech and right-hand clumsiness, suggest a temporary disruption of blood flow to the brain, which could be a harbinger of a future stroke. Given the patient's uncontrolled hypertension, initiating antihypertensive therapy is a critical step in reducing the risk of a subsequent cerebral infarction. A. Alcohol cessation: While reducing alcohol intake can be beneficial for overall health and may help manage blood pressure, the patient's alcohol consumption (one to two glasses of wine nightly) is not excessive and is not the primary risk factor in this scenario. B. Smoking cessation: Smoking cessation is crucial for overall cardiovascular health and can reduce the risk of stroke. However, given the patient's current uncontrolled hypertension, addressing this issue should take precedence. C. Weight loss program: The patient's BMI of 27 kg/m² indicates overweight but not obesity. While weight loss can contribute to better cardiovascular health, it is not the most immediate concern given the patient's uncontrolled hypertension. D. Antihypertensive therapy: This is the most appropriate next step. Controlling hypertension is essential in reducing the risk of stroke. The patient's blood pressure is above the recommended levels, and initiating antihypertensive therapy can significantly decrease the risk of a subsequent cerebral infarction. E. Cholesterol-lowering therapy: Although the patient has a history of hypercholesterolemia, which is a risk factor for stroke, the immediate priority should be to control the patient's hypertension. Cholesterol-lowering therapy can be considered as part of a comprehensive risk reduction strategy but is not the most urgent step in this case.",0.0091,0.0479,0.2688,0.1191,0.0505,0.094,0.094,0.5132,0.6117,0.7425
"A 27-year-old primigravid woman at 21 weeks’ gestation comes to the emergency department because of a 2-day history of moderate headache, shortness of breath, nausea, vomiting, muscle aches, and malaise. She also has had cough occasionally productive of sputum. Pregnancy had been uncomplicated. She has no history of serious illness, and her only medication is a prenatal vitamin. She immigrated to the USA from India 6 months ago. Temperature is 38.3°C (100.9°F), pulse is 100/min, respirations are 18/min, and blood pressure is 100/60 mm Hg. On examination, breath sounds are decreased at the right lung base. Fundal height is 22 cm. Fetal heart rate is 160/min. Chest x-ray shows right-sided interstitial infiltrates. Which of the following is the most likely infectious agent?",Which of the following is the most likely infectious agent?,"
A. Haemophilus influenzae 
B. Influenza A virus 
C. Legionella pneumophila 
D. Mycobacterium tuberculosis 
E. Pseudomonas aeruginosa 
F. Streptococcus pneumoniae
",B,C,False,"The clinical presentation of this 27-year-old primigravid woman includes symptoms such as headache, shortness of breath, nausea, vomiting, muscle aches, and malaise, along with a fever and decreased breath sounds at the right lung base. The chest x-ray showing right-sided interstitial infiltrates is particularly significant. Given the recent immigration from India and the clinical picture, Legionella pneumophila is the most likely infectious agent. - Legionella pneumophila (C): This bacterium is known to cause Legionnaires' disease, a severe form of pneumonia. It is often associated with water systems, such as cooling towers, hot tubs, and showers, and can affect individuals with compromised immune systems or those who have recently traveled. The patient's recent immigration and the presence of interstitial infiltrates on chest x-ray are consistent with Legionella infection. - Haemophilus influenzae (A): While this bacterium can cause pneumonia, it is less likely in this context given the patient's recent immigration and the specific radiographic findings. - Influenza A virus (B): Although influenza can cause similar symptoms, it typically presents with more prominent respiratory symptoms and is less likely to cause the specific radiographic findings seen here. - Mycobacterium tuberculosis (D): Tuberculosis can present with similar symptoms, but it usually has a more chronic course and is more common in individuals with a history of exposure or in those from regions with high TB prevalence. The acute onset and specific radiographic findings make this less likely. - Pseudomonas aeruginosa (E): This bacterium is more commonly associated with hospital-acquired infections and in immunocompromised individuals. The patient's history does not suggest a high risk for this pathogen. - Streptococcus pneumoniae (F): While this is a common cause of community-acquired pneumonia, the specific clinical and radiographic findings are more consistent with Legionella infection. Therefore, considering the patient's recent travel history, the clinical presentation, and the radiographic findings, Legionella pneumophila is the most likely infectious agent.",0.0083,0.022,0.1847,0.0492,0.031,0.0492,0.0492,0.4222,0.5767,0.6734
"A 7-year-old boy is brought to the physician because of a 1-year history of poor performance in school. His parents say that he is bright, has many friends, and seems to want to do well in school. His teachers report that he seems frustrated with his own progress and his inability to meet the expectations of his parents. Speech fluency and articulation and motor skills are appropriate for age. Physical examination shows no abnormalities. When asked to read during the examination, he has significant difficulty sounding out words he is unfamiliar with. Visual acuity test and audiometry show no abnormalities. Which of the following is the most likely diagnosis?",Which of the following is the most likely diagnosis?,"
A. Attention-deficit/hyperactivity disorder 
B. Expressive language disorder 
C. Intellectual developmental disorder 
D. Learning disorder 
E. Social anxiety disorder (social phobia) 
F. Normal behavior
",D,D,True,"- A. Attention-deficit/hyperactivity disorder (ADHD): This condition is characterized by inattention, hyperactivity, and impulsivity. While the child's frustration and poor performance in school might suggest ADHD, the description does not mention symptoms such as difficulty sustaining attention, hyperactivity, or impulsivity. Therefore, ADHD is less likely given the information provided. - B. Expressive language disorder: This condition involves difficulties in expressing oneself through speech or writing. The child's speech fluency and articulation are appropriate for his age, which rules out expressive language disorder as the primary issue. - C. Intellectual developmental disorder: This condition involves significantly below-average intellectual functioning and difficulties with adaptive behavior. The child is described as bright and having many friends, which suggests that his intellectual functioning is not impaired. Therefore, this option is incorrect. - D. Learning disorder: This is the most likely diagnosis. The child has a history of poor performance in school, particularly with reading difficulties, such as sounding out unfamiliar words. This specific difficulty with reading is a hallmark of a learning disorder, specifically dyslexia, which is a type of learning disorder. The child's frustration and inability to meet expectations, despite his intelligence and desire to do well, further support this diagnosis. - E. Social anxiety disorder (social phobia): This condition involves intense fear or anxiety in social situations. The child has many friends and seems to want to do well in school, which does not align with the symptoms of social anxiety disorder. - F. Normal behavior: Given the child's significant difficulty with reading and his frustration with his own progress, this is not a case of normal behavior. The child's performance issues are impacting his academic success and self-esteem, indicating a need for further evaluation and support. Therefore, the most likely diagnosis is a learning disorder, specifically related to reading difficulties.",0.0057,0.0198,0.1735,0.0514,0.0259,0.0514,0.0514,0.4184,0.5488,0.6685
"A 23-year-old woman who is an active-duty enlisted airman in the US Air Force comes to the base clinic because of a 4-week history of an itchy sensation in her right ear. She has not had ringing in her ears or hearing loss. She works as a fuel specialist and at first attributed her symptom to the earplugs she uses when she is on the flight line. The symptom has not improved despite the patient's wearing headphones instead of the earplugs during the past 2 weeks. She has no history of serious illness and takes no medications. Vital signs are within normal limits. During examination, pulling of the right pinna inferiorly to examine the ear canal produces pain. The right ear canal appears erythematous and edematous. The tympanic membrane cannot be fully visualized because of the presence of cerumen. Examination of the left ear shows no abnormalities. Which of the following is the most likely diagnosis?",Which of the following is the most likely diagnosis?,"
A. Cerumen impaction 
B. Ear canal trauma 
C. Otitis externa 
D. Polychondritis 
E. Seborrheic dermatitis
",C,C,True,"- C. Otitis externa: This is the most likely diagnosis given the patient's symptoms and examination findings. Otitis externa, also known as swimmer's ear, is an inflammation of the ear canal. It is often characterized by an itchy sensation, pain when the ear is pulled, and erythema and edema of the ear canal. The patient's occupation as a fuel specialist and the use of ear protection (earplugs or headphones) could contribute to the development of otitis externa by creating a warm, moist environment in the ear canal, which is conducive to bacterial or fungal growth. - A. Cerumen impaction: While cerumen (earwax) is present and obstructing the view of the tympanic membrane, the symptoms of cerumen impaction typically include hearing loss, tinnitus, and a feeling of fullness in the ear, rather than pain and erythema of the ear canal. The patient does not report hearing loss or tinnitus, which makes this less likely. - B. Ear canal trauma: Trauma to the ear canal could cause pain and erythema, but the patient's history does not suggest any specific traumatic event. The chronic nature of the symptoms and the presence of earplugs and headphones as potential irritants make this less likely than otitis externa. - D. Polychondritis: This is an autoimmune condition that causes inflammation of cartilage throughout the body, including the ear. It is typically associated with more systemic symptoms and is not common in young, otherwise healthy individuals. The localized symptoms and examination findings do not support this diagnosis. - E. Seborrheic dermatitis: This condition can affect the ear canal and cause itching and scaling, but it is less likely to cause the pain and erythema seen in this patient. Additionally, seborrheic dermatitis is more commonly associated with other areas of the body, such as the scalp, face, and chest. Given the patient's symptoms and the examination findings, otitis externa is the most likely diagnosis.",0.0056,0.0193,0.1812,0.0494,0.0311,0.0494,0.0494,0.415,0.5453,0.6636
"A 34-year-old woman who is on active duty in the US Army comes to the military urgent care clinic because of a 4- day history of headache, purulent nasal discharge, and left facial pain. She has not had fever or chills. She has chronic bilateral knee pain, which she attributes to multiple parachute jumps while she was assigned to an airborne unit 7 years ago. The knee pain is exacerbated by long-distance running on pavement. Her only medication is occasional ibuprofen for the knee pain. The patient has no known medication allergies. Temperature is 37.1°C (98.8°F), pulse is 60/min, respirations are 14/min, and blood pressure is 122/80 mm Hg. Cervical lymph nodes are not palpable. There is tenderness to palpation over the left maxillary sinus. Nasal examination shows inflamed turbinates and purulent discharge. The patient needs to blow her nose twice during the examination. Bilateral otoscopic examination discloses no abnormalities. Examination of the oropharynx shows scant purulent discharge posteriorly. The remainder of the examination discloses no abnormalities. Which of the following is the most appropriate next step in management?",Which of the following is the most appropriate next step in management?,"
A. CT scan of the sinuses 
B. Gram stain and culture of nasal discharge 
C. Ibuprofen and decongestant therapy 
D. Trimethoprim-sulfamethoxazole therapy 
E. X-ray of the sinuses
",C,B,False,"The patient presents with symptoms consistent with acute sinusitis, including headache, purulent nasal discharge, and facial pain localized to the left maxillary sinus. Given the clinical presentation, the most appropriate next step is to obtain a Gram stain and culture of the nasal discharge. This will help identify the causative organism and guide antibiotic therapy if necessary. A. CT scan of the sinuses: While a CT scan can provide detailed imaging of the sinuses and help rule out complications such as abscesses or mucoceles, it is not the most immediate step in management for uncomplicated acute sinusitis. Imaging is typically reserved for cases where there is suspicion of complications or if the patient does not respond to initial medical therapy. B. Gram stain and culture of nasal discharge: This is the correct answer. Obtaining a Gram stain and culture can provide information about the type of bacteria causing the infection, which is crucial for selecting the appropriate antibiotic therapy. This step is particularly important in a military setting where antibiotic resistance patterns may differ from the general population. C. Ibuprofen and decongestant therapy: While symptomatic relief with ibuprofen and decongestants can be helpful, this approach alone does not address the underlying bacterial infection. It is important to confirm the presence of a bacterial infection and identify the causative organism before initiating antibiotic therapy. D. Trimethoprim-sulfamethoxazole therapy: Prescribing antibiotics without a culture and sensitivity test can lead to unnecessary antibiotic use and potential resistance. While trimethoprim-sulfamethoxazole is a commonly used antibiotic for sinusitis, it should be reserved for confirmed bacterial infections and when the patient is not allergic to the medication. E. X-ray of the sinuses: X-rays of the sinuses are less sensitive and specific than CT scans for diagnosing sinusitis and are not typically used as a first-line diagnostic tool. They may show signs of sinusitis but are not as informative as a Gram stain and culture for guiding treatment. In summary, the most appropriate next step is to obtain a Gram stain and culture of the nasal discharge to guide targeted antibiotic therapy.",0.0053,0.0265,0.1932,0.0609,0.0446,0.0499,0.0499,0.4355,0.5562,0.653
"A 16-year-old boy with VATER syndrome is brought to the physician because of 2-week history of harsh cough that began with a common cold. He receives no medications. Temperature is 37°C (98.6°F), pulse is 70/min, respirations are 20/min, and blood pressure is 112/64 mm Hg. Examination shows a harsh vibratory sound in the mid anterior chest with forced expiration. A systolic murmur is heard best at the lower left sternal border. There is mild scoliosis. Spirometry shows an FVC of 2.54 L (78% of predicted) and a slow vital capacity of 2.88 L (85% of predicted). A flow volume loop shows scooping on the expiratory limb. Which of the following is the most likely cause of the discrepancy between this patient’s forced and slow vital capacity measurements?",Which of the following is the most likely cause of the discrepancy between this patient’s forced and slow vital capacity measurements?,"
A. Bronchospasm 
B. Laryngeal braking 
C. Subglottic mass 
D. Tracheal collapse 
E. Upper airway compression
",D,D,True,"The patient's history and physical examination findings, along with the spirometry results, suggest a condition affecting the airway, particularly the trachea. The VATER syndrome, which stands for Vertebral anomalies, Anal atresia, Tracheoesophageal fistula, Renal anomalies, and radial dysplasia, can involve anomalies of the trachea, making tracheal collapse a plausible diagnosis. - A. Bronchospasm: While bronchospasm can cause a decrease in both FVC and slow vital capacity, it typically does not cause a significant difference between the two measurements. Bronchospasm would likely affect both measurements similarly, leading to a proportional decrease in both. - B. Laryngeal braking: This condition involves a sudden closure of the glottis during forced expiration, which can cause a decrease in FVC. However, it would not typically cause a significant difference between FVC and slow vital capacity, as both measurements would be affected similarly. - C. Subglottic mass: A subglottic mass can cause obstruction and affect both FVC and slow vital capacity. However, it would not typically cause a significant difference between the two measurements, as both would be affected by the obstruction. - D. Tracheal collapse: Tracheal collapse is a condition where the trachea narrows during expiration, leading to a significant decrease in FVC compared to slow vital capacity. The flow volume loop showing scooping on the expiratory limb is characteristic of tracheal collapse, as it indicates a dynamic obstruction that worsens with increased expiratory effort. This explains the discrepancy between the FVC and slow vital capacity measurements. - E. Upper airway compression: Upper airway compression can affect both FVC and slow vital capacity, but it would not typically cause a significant difference between the two measurements. Both would be affected by the compression, leading to a proportional decrease in both. Given the patient's history of VATER syndrome and the spirometry findings, tracheal collapse is the most likely cause of the discrepancy between the FVC and slow vital capacity measurements.",0.0224,0.0472,0.323,0.1261,0.0846,0.1021,0.1021,0.4562,0.6059,0.7428
"A chief medical officer at a hospital has received several reports that one of her colleagues, a 64-year-old male surgeon, has “not been acting like himself” recently. An administrative assistant says that during the past 6 months, the surgeon’s dictations have become hard to follow and appear to be missing information; previously, they were comprehensive and easy to transcribe. The assistant adds that after the surgeon missed three meetings in a row during the past 2 months, he asked her to send him a text message 5 minutes before the next meeting to let him know its location. Previously, he was always in attendance and on time for meetings. A senior resident also has noted unusual behavior by the surgeon; the resident says that while on rounds 3 days ago, the surgeon listed incorrect indications for a specific surgical procedure. A scrub nurse reported that the surgeon used unsterile practices three times during a 2-hour procedure today. The chief medical officer meets with the surgeon and asks him about these reported incidents. The surgeon says that “nothing is wrong” and the people who reported him are angry with him for various reasons and “are trying to stir up trouble.” Which of the following is the most appropriate action for the chief medical officer to take?",” Which of the following is the most appropriate action for the chief medical officer to take?,"
A. Accept the surgeon’s answer and only pursue further action if there is another complaint 
B. Determine whether other staff have noticed anything different about the surgeon’s behavior 
C. Inform the surgeon that he should consider retirement 
D. Instruct the surgeon to take a temporary leave of absence and undergo a medical evaluation
",D,D,True,"- Option A (Incorrect): Accepting the surgeon’s answer and waiting for another complaint before taking action is not appropriate. The reports from multiple sources indicate significant changes in the surgeon's behavior and performance, which could pose a serious risk to patient safety. Ignoring these signs could lead to adverse patient outcomes. - Option B (Incorrect): While determining whether other staff have noticed anything different about the surgeon’s behavior could provide additional information, it is not the most immediate or effective action. The reports already suggest a concerning pattern of behavior that requires immediate attention. - Option C (Incorrect): Informing the surgeon that he should consider retirement is premature and not a professional or respectful approach. It does not address the immediate concern of patient safety and the surgeon’s current ability to perform his duties safely and effectively. - Option D (Correct): Instructing the surgeon to take a temporary leave of absence and undergo a medical evaluation is the most appropriate action. This step allows for a thorough assessment of the surgeon’s current health status and cognitive abilities, which could explain the reported changes in behavior. It also ensures patient safety by removing the surgeon from practice until his condition is evaluated and any necessary interventions are made. This approach is both responsible and respectful, as it acknowledges the potential health issue without making assumptions about the surgeon’s capabilities or intentions.",0.0079,0.0467,0.2466,0.1048,0.0488,0.0806,0.0806,0.4837,0.5972,0.6677
"A 33-year-old woman is admitted to the hospital because of visual field loss following a 48-hour history of acute eye pain. She also has a 3-week history of numbness and a feeling of ""heaviness"" in both legs. She has no history of serious illness and takes no medications. Six weeks ago, she returned from a hiking expedition in the northeastern USA; she has no recent history of international travel. Vital signs are within normal limits. Muscle strength is 5/5 in the upper extremities, 3/5 in the hip flexors and knee extensors, and 4/5 in the knee flexors and ankle dorsiflexors. Patellar and ankle reflexes are 3+ bilaterally, and there is nonsustained ankle clonus bilaterally. Sensation to pinprick is absent throughout the lower extremities. Ophthalmologic examination discloses optic neuritis and reconfirms the visual field loss. Which of the following studies is most likely to confirm the diagnosis?",Which of the following studies is most likely to confirm the diagnosis?,"
A. CT scan of the cervical spine 
B. Electromyography and nerve conduction studies 
C. Lumbar puncture for examination of cerebrospinal fluid 
D. Measurement of serum Lyme (Borrelia burgdorferi) antibody concentration 
E. MRI of the brain
",E,C,False,"The patient's symptoms, including optic neuritis, bilateral lower extremity weakness, sensory loss, and the presence of clonus, suggest a condition affecting the central nervous system (CNS). The history of recent hiking in the northeastern USA, where Lyme disease is endemic, and the presence of neurological symptoms, particularly optic neuritis, raise the suspicion of a demyelinating disease such as multiple sclerosis (MS), which can present with similar symptoms. Lyme disease can also cause neurological symptoms, but the specific constellation of symptoms in this case is more characteristic of MS. A lumbar puncture to examine the cerebrospinal fluid (CSF) is the most appropriate next step. The CSF analysis can reveal oligoclonal bands, which are often present in MS and can help differentiate it from other conditions. Additionally, the CSF can be tested for Lyme disease antibodies, although the clinical presentation and timing of symptoms make MS more likely. Option A, a CT scan of the cervical spine, is not the best choice because it would not provide information about the CSF or the brain, which are more likely to be involved in this case. Option B, electromyography and nerve conduction studies, would be more relevant if there were a suspicion of a peripheral neuropathy, which is not suggested by the clinical presentation. Option D, measuring serum Lyme (Borrelia burgdorferi) antibody concentration, could be considered, but given the clinical presentation and the need to differentiate between MS and other conditions, a lumbar puncture is more informative. Option E, an MRI of the brain, would be a valuable diagnostic tool and could show lesions consistent with MS. However, the CSF analysis is more specific for confirming the diagnosis of MS and can also help rule out other conditions, making it the most appropriate initial test in this scenario.",0.0,0.0264,0.131,0.0651,0.0197,0.0586,0.0586,0.447,0.5841,0.6276
"A 68-year-old woman comes to the office because she is concerned about developing Alzheimer disease. She says she has had increasing difficulty recalling names of people and objects during the past 6 months. She has not had difficulty with her activities of daily living, finances, or shopping. She teaches part-time at a local community college. She has no history of serious illness and takes no medications. She does not smoke cigarettes. She drinks one 5-oz glass of wine daily. Her mother developed dementia, Alzheimer type, in her mid 70s. Physical and neurologic examinations of the patient show no abnormalities. On cognitive testing, she has delayed recall of three of five words. She is able to perform serial sevens, knows similarities, is fully oriented, and has intact executive, visuospatial, and attention abilities. Which of the following is the most appropriate next step in management?",Which of the following is the most appropriate next step in management?,"
A. Amyloid plaque imaging 
B. Determination of ApoE allele status 
C. Measurement of beta-amyloid in the cerebrospinal fluid 
D. MRI of the brain with volumetric analysis 
E. No additional diagnostic studies are indicated
",E,E,True,"The patient presents with mild cognitive complaints, specifically difficulty recalling names of people and objects, which has been ongoing for 6 months. However, she maintains independence in her daily activities, including her part-time teaching job, and her physical and neurological examinations are unremarkable. Cognitive testing reveals some impairment in delayed recall but preserves other cognitive domains such as orientation, executive function, and visuospatial skills. Given these findings, the patient's symptoms are consistent with mild cognitive impairment (MCI) rather than dementia. MCI is characterized by cognitive deficits that are more pronounced than expected for age but not severe enough to interfere with daily functioning. The patient's mother's history of Alzheimer's disease in her mid-70s suggests a possible genetic predisposition, but this alone does not necessitate further diagnostic testing. Option A (Amyloid plaque imaging) and Option C (Measurement of beta-amyloid in the cerebrospinal fluid) are typically used in research settings or when there is a strong clinical suspicion of Alzheimer's disease, particularly in cases where the diagnosis is uncertain or when the patient's symptoms are more severe. Given the patient's relatively mild symptoms and preserved functional status, these tests are not indicated. Option B (Determination of ApoE allele status) can provide information about genetic risk for Alzheimer's disease but does not diagnose the condition. It is not typically used as a routine diagnostic tool and would not change the management plan in this case. Option D (MRI of the brain with volumetric analysis) could be considered if there were specific clinical indications, such as rapid cognitive decline, focal neurological signs, or atypical presentation. However, in this case, the patient's symptoms are mild and consistent with MCI, and there are no red flags that would warrant an MRI. Therefore, the most appropriate next step is to monitor the patient's cognitive function over time, provide education about MCI, and discuss lifestyle modifications that may help maintain cognitive health, such as regular physical activity, cognitive stimulation, and social engagement. No additional diagnostic studies are indicated at this time.",0.0053,0.0263,0.1868,0.0615,0.0281,0.0503,0.0503,0.4474,0.5469,0.6121
"A 55-year-old man with major depressive disorder is brought to the emergency department 1 1/2 hours after he was found by his brother in his home acting strangely. On arrival, he is babbling incoherently and cannot answer questions. There are two empty pill bottles in his pockets; one is for paroxetine and the other is for duloxetine. He is restless, diaphoretic, and says he has a severe headache. Temperature is 38.5°C (101.3°F), pulse is 130/min, and blood pressure is 145/105 mm Hg. The pupils are 8 mm and reactive to light. Deep tendon reflexes are 4+ and symmetric in all extremities. There is spontaneous myoclonus in the upper extremities. Results of laboratory studies, including a complete blood count, serum electrolyte concentrations, creatine phosphokinase activity, and thyroid function tests, are within the reference ranges. After admitting the patient to the hospital for observation and supportive care, what are you going to give or change in terms of pharmacotherapy?","After admitting the patient to the hospital for observation and supportive care, what are you going to give or change in terms of pharmacotherapy?","
A. Add carbamazepine to the medication regimen 
B. Add dantrolene to the medication regimen 
C. Add haloperidol to the medication regimen 
D. Discontinue paroxetine and duloxetine 
E. Switch from duloxetine to olanzapine
",D,D,True,"The patient's presentation is consistent with serotonin syndrome, a potentially life-threatening condition that can occur when there is an excess of serotonin in the central nervous system. This condition can be caused by the use of serotonergic drugs, such as selective serotonin reuptake inhibitors (SSRIs) like paroxetine and serotonin-norepinephrine reuptake inhibitors (SNRIs) like duloxetine, especially when used in combination or at high doses. - Option A (Add carbamazepine to the medication regimen): Carbamazepine is an anticonvulsant and mood stabilizer, not typically used in the treatment of serotonin syndrome. It would not be appropriate in this scenario. - Option B (Add dantrolene to the medication regimen): Dantrolene is used primarily to treat malignant hyperthermia and is not a standard treatment for serotonin syndrome. While it can be used in severe cases to reduce muscle rigidity and fever, it is not the first-line treatment. - Option C (Add haloperidol to the medication regimen): Haloperidol is an antipsychotic that can be used to manage agitation and delirium in serotonin syndrome. However, the primary treatment involves discontinuing the serotonergic agents and providing supportive care. Adding haloperidol without discontinuing the causative agents would not address the root cause of the syndrome. - Option D (Discontinue paroxetine and duloxetine): This is the correct answer. The first step in managing serotonin syndrome is to discontinue the serotonergic agents that are causing the condition. In this case, both paroxetine and duloxetine are likely contributing to the patient's symptoms. - Option E (Switch from duloxetine to olanzapine): Olanzapine is an atypical antipsychotic and not a serotonergic agent. Switching from duloxetine to olanzapine would not be appropriate as the patient is experiencing serotonin syndrome, and the goal is to discontinue serotonergic agents, not introduce another one. In summary, the immediate pharmacotherapy intervention should be to discontinue the serotonergic agents (paroxetine and duloxetine) that are causing the serotonin syndrome. Supportive care and monitoring for further complications are also critical in managing this condition.",0.0,0.0407,0.1555,0.0809,0.0174,0.0694,0.0694,0.4453,0.5597,0.6492
"A 32-year-old man comes to the office for a follow-up examination 2 months after he was diagnosed with hypertension. He arrives late for the appointment, stating that he had to make sure no one followed him here because some ""drug dealers"" are after him. He insists that he be seen in an examination room with no windows. He says he is ""fine"" but is reluctant to answer questions because ""doctors hold everything against me."" He doubts his diagnosis and says, ""Doctors and drug companies are in cahoots trying to get my money."" He refuses to speak with the office manager about his bill because he thinks ""she looks at me funny and makes nasty remarks about me behind my back."" He says he has no history of psychiatric illness; his medical record indicates that he has made similar statements during the past 7 years concerning doctors and office staff but he always refused to elaborate on his statements. His medications are metoprolol and hydrochlorothiazide. He does not drink alcohol or use illicit drugs. Vital signs are within normal limits. Physical and neurologic examinations show no abnormalities. Results of screening laboratory studies are within the reference ranges. Which of the following is the most appropriate next step in management?",Which of the following is the most appropriate next step in management?,"
A. Begin clonazepam therapy 
B. Begin risperidone therapy 
C. Begin sertraline therapy 
D. Determine whether the patient has friends or family who can monitor him at home 
E. Determine whether the patient has had thoughts of harming others 
F. Determine whether the patient is adherent to his medication
",E,B,False,"The patient's presentation is consistent with paranoid delusions, a symptom often seen in paranoid schizophrenia or other psychotic disorders. His behavior of being late to the appointment due to fear of being followed, insistence on a windowless room, and distrust of medical staff and institutions are indicative of paranoid ideation. The patient's history of making similar statements over the past 7 years, despite his denial of psychiatric illness, further supports this diagnosis. Option A (Begin clonazepam therapy) is incorrect because clonazepam is a benzodiazepine typically used for anxiety, seizures, and as a muscle relaxant. It is not the first-line treatment for paranoid delusions or psychosis. Option C (Begin sertraline therapy) is incorrect because sertraline is an antidepressant, primarily used for treating depression and anxiety disorders. It is not effective for treating the symptoms of psychosis. Option D (Determine whether the patient has friends or family who can monitor him at home) is a supportive measure that could be considered, but it does not address the core issue of the patient's paranoid delusions. Option E (Determine whether the patient has had thoughts of harming others) is important for safety assessment but does not directly address the treatment of his paranoid delusions. Option F (Determine whether the patient is adherent to his medication) is relevant for managing his hypertension, but it does not address the primary issue of his paranoid delusions. Given the patient's symptoms and history, the most appropriate next step is to begin risperidone therapy. Risperidone is an antipsychotic medication that can effectively manage symptoms of psychosis, including paranoid delusions. It is important to start with a low dose and monitor the patient closely for side effects and response to treatment.",0.0064,0.0285,0.2033,0.0604,0.0338,0.0537,0.0537,0.4712,0.5639,0.6724
"An 87-year-old woman, gravida 2, para 2, is brought to the emergency department from a skilled nursing care facility because of profuse vaginal bleeding for 2 days. At the age of 41 years, she underwent a cold knife cone biopsy for cervical dysplasia. Annual follow-up Pap smears until the age of 65 years showed no abnormalities. She is in moderate distress. Temperature is 36.1°C (97.0°F), pulse is 84/min, respirations are 30/min, and blood pressure is 140/90 mm Hg. Abdominal examination shows mild distention and tenderness; no masses are palpated. Pelvic examination shows a large verrucous lesion on the perineum partially covering the anal verge. Speculum examination shows atrophic changes on the vagina and cervix. Which of the following is the most likely explanation for these findings?",Which of the following is the most likely explanation for these findings?,"
A. Cervical carcinoma 
B. External hemorrhoids 
C. Rectal carcinoma 
D. Rectal polyps 
E. Vulvar carcinoma
",E,A,False,"The clinical presentation of an 87-year-old woman with a history of cervical dysplasia and cold knife cone biopsy, now presenting with profuse vaginal bleeding and a large verrucous lesion on the perineum, strongly suggests cervical carcinoma. Here's a detailed breakdown of why this is the most likely explanation and why the other options are less likely: A. Cervical carcinoma: This is the most likely explanation given the patient's history of cervical dysplasia and the current presentation of vaginal bleeding and a verrucous lesion. Cervical dysplasia can progress to invasive cervical cancer, especially in older patients. The presence of a large verrucous lesion on the perineum could indicate an advanced stage of cervical cancer with local spread. B. External hemorrhoids: While external hemorrhoids can cause bleeding, they typically present with pain and are associated with defecation. The patient's history and the presence of a large verrucous lesion make this less likely. C. Rectal carcinoma: Although rectal carcinoma can cause bleeding, the patient's symptoms and the presence of a large verrucous lesion on the perineum are more indicative of a gynecological issue rather than a colorectal one. Rectal carcinoma would more likely present with changes in bowel habits and possibly a palpable mass on rectal examination. D. Rectal polyps: Rectal polyps can cause bleeding, but they are usually asymptomatic and do not typically present as a large verrucous lesion on the perineum. The patient's history and symptoms are more consistent with a gynecological condition. E. Vulvar carcinoma: Vulvar carcinoma can present with a verrucous lesion, but the patient's history of cervical dysplasia and the location of the lesion partially covering the anal verge suggest a more likely origin from the cervix rather than the vulva. Given the patient's history and the clinical presentation, cervical carcinoma is the most likely diagnosis. The large verrucous lesion on the perineum could be a sign of advanced disease with local invasion.",0.0058,0.0201,0.1139,0.0417,0.0299,0.0417,0.0417,0.3792,0.5295,0.6296
"A 47-year-old woman comes to the office for a routine health maintenance examination. She feels well and has no history of serious illness. Examination shows a 2-cm, soft, nontender nodule in the right lobe of the thyroid gland. There is no lymphadenopathy. Her serum thyroid-stimulating hormone concentration is within the reference range. Which of the following is the most appropriate initial step in management?",Which of the following is the most appropriate initial step in management?,"
A. CT scan of the neck 
B. Fine-needle aspiration biopsy 
C. Reexamination in 3 months 
D. Surgical excision 
E. Ultrasonography of the thyroid gland
",E,B,False,"In the case of a 47-year-old woman with a 2-cm, soft, nontender nodule in the right lobe of the thyroid gland and normal thyroid-stimulating hormone (TSH) levels, the most appropriate initial step in management is a fine-needle aspiration biopsy (FNAB). Here's why the other options are not the best initial steps: A. CT scan of the neck: While a CT scan can provide detailed images of the thyroid and surrounding structures, it is not the first-line investigation for a solitary thyroid nodule. FNAB is more specific for determining the nature of the nodule (benign or malignant) and is less invasive. B. Fine-needle aspiration biopsy: This is the correct answer. FNAB is the standard initial diagnostic procedure for evaluating a thyroid nodule. It is a minimally invasive procedure that can provide cytological information about the nodule, helping to determine if it is benign or suspicious for malignancy. Given the size of the nodule (2 cm), which is above the threshold often recommended for FNAB (typically 1 cm or larger), this is the most appropriate next step. C. Reexamination in 3 months: While monitoring the nodule over time can be considered, especially if the nodule is small and the patient is at low risk, a 2-cm nodule warrants more immediate evaluation. Waiting 3 months without further investigation could delay diagnosis if the nodule is malignant. D. Surgical excision: This is too aggressive an approach for an initial step. Surgery is typically reserved for nodules that are highly suspicious for malignancy based on FNAB results or for those that are causing symptoms or are very large. E. Ultrasonography of the thyroid gland: Although ultrasound can provide information about the characteristics of the nodule (e.g., solid vs. cystic, presence of calcifications), it does not provide definitive information about the nodule's nature. FNAB is more definitive and should be performed first to guide further management. In summary, FNAB is the most appropriate initial step to determine the nature of the thyroid nodule and guide subsequent management.",0.0129,0.0256,0.1913,0.0621,0.0455,0.0565,0.0565,0.445,0.568,0.6731
"A 1-hour-old male newborn is examined in the hospital nursery. He was born at term to a 22-year-old woman, gravida 1, para 1, with HIV infection. The mother took antiretroviral therapy throughout her pregnancy, and her HIV viral load was consistently <1000 copies/mL. She received intravenous zidovudine (AZT) during labor. The patient’s Apgar scores were 8 and 9 at 1 and 5 minutes, respectively. He is at the 50th percentile for length, weight, and head circumference. He appears well. Examination shows no abnormalities. In addition to administration of the hepatitis B vaccine, which of the following is the most appropriate pharmacotherapy for this newborn?","In addition to administration of the hepatitis B vaccine, which of the following is the most appropriate pharmacotherapy for this newborn?","
A. Lopinavir-ritonavir and trimethoprim-sulfamethoxazole 
B. Lopinavir-ritonavir only 
C. Penicillin 
D. Trimethoprim-sulfamethoxazole only 
E. Zidovudine (AZT)
",E,E,True,"Given the scenario, the newborn is at risk for HIV infection due to the mother's HIV status. The mother's antiretroviral therapy during pregnancy and intravenous zidovudine (AZT) during labor are measures to reduce the risk of mother-to-child transmission of HIV. However, despite these preventive measures, the newborn still requires post-exposure prophylaxis to further reduce the risk of infection. - Option A: Lopinavir-ritonavir and trimethoprim-sulfamethoxazole - This combination is not the first-line treatment for neonatal prophylaxis against HIV. Lopinavir-ritonavir is a protease inhibitor used in the treatment of HIV, but it is not typically used as a prophylactic agent in newborns. Trimethoprim-sulfamethoxazole is used for the prevention of opportunistic infections in HIV-positive individuals, not as a prophylactic against HIV infection itself. - Option B: Lopinavir-ritonavir only - As mentioned, lopinavir-ritonavir is not the first-line prophylactic agent for newborns at risk of HIV infection. It is used in the treatment of HIV, not as a prophylactic. - Option C: Penicillin - Penicillin is an antibiotic used to treat bacterial infections and is not effective against HIV. It is not used for HIV prophylaxis in newborns. - Option D: Trimethoprim-sulfamethoxazole only - Trimethoprim-sulfamethoxazole is used to prevent opportunistic infections in HIV-positive individuals, but it is not used as a prophylactic against HIV infection itself. - Option E: Zidovudine (AZT) - Zidovudine (AZT) is the correct answer. It is the standard of care for neonatal prophylaxis against HIV. The newborn should receive oral AZT for 6 weeks to reduce the risk of HIV infection. This is based on the mother's HIV status and the need to provide additional protection to the newborn, despite the mother's antiretroviral therapy during pregnancy and labor.",0.0,0.0353,0.1434,0.0782,0.0066,0.0717,0.0717,0.4128,0.5725,0.6433
"A 25-year-old woman comes to the office because she has not had a menstrual period for 6 months. Previously, menses occurred at regular 28-day intervals. She has not had blurred or double vision. She has no history of serious illness and takes no medications. Temperature is 37.0°C (98.6°F), pulse is 72/min, and blood pressure is 108/60 mm Hg. The pupils are equal and reactive to light; extraocular muscles are intact. Funduscopic examination shows no abnormalities. Visual field testing shows bitemporal hemianopia. Milky discharge can be expressed from the nipples. Pelvic examination shows no abnormalities. Serum studies show a thyroid-stimulating hormone concentration of 2.0 μU/mL and a prolactin concentration of 100 ng/mL. A urine pregnancy test is negative. MRI of the pituitary gland shows a 1.2 × 1.5-cm mass compressing the optic chiasm. Which of the following is the most appropriate next step in management?",Which of the following is the most appropriate next step in management?,"
A. Biopsy of the pituitary gland 
B. Cabergoline therapy 
C. Gamma knife radiation to the pituitary gland 
D. Oral contraceptive therapy 
E. Transsphenoidal pituitary surgery
",B,B,True,"The patient's presentation is consistent with a prolactinoma, a type of pituitary adenoma that overproduces prolactin. The key findings include amenorrhea (absence of menstrual periods), galactorrhea (milky discharge from the nipples), and elevated prolactin levels (100 ng/mL). The visual field testing showing bitemporal hemianopia and the MRI findings of a pituitary mass compressing the optic chiasm further support this diagnosis. A. Biopsy of the pituitary gland: This is not the first-line approach for a prolactinoma. Biopsy is generally not necessary for diagnosing prolactinomas, as the clinical and imaging findings are usually sufficient. Additionally, biopsy carries risks and is typically reserved for cases where the diagnosis is uncertain or when there is suspicion of malignancy. B. Cabergoline therapy: This is the correct answer. Cabergoline is a dopamine agonist that effectively reduces prolactin levels and can shrink the tumor in most patients with prolactinomas. It is the first-line treatment for prolactinomas, as it is effective, well-tolerated, and can often restore normal menstrual function and fertility. C. Gamma knife radiation to the pituitary gland: This is a form of stereotactic radiosurgery used for treating pituitary tumors, but it is not the first-line treatment for prolactinomas. It is typically reserved for cases where medical therapy has failed or is contraindicated, or in cases of large, invasive tumors. D. Oral contraceptive therapy: This is not appropriate for the management of a prolactinoma. Oral contraceptives are used for contraception and to regulate menstrual cycles but do not address the underlying cause of the prolactinoma or the associated visual field defects. E. Transsphenoidal pituitary surgery: While surgery can be an effective treatment for prolactinomas, it is generally considered after medical therapy has failed or is not tolerated. It is a more invasive option compared to medical therapy and is typically reserved for cases where the tumor is large, causing significant visual impairment, or not responsive to medication. In summary, given the patient's symptoms and the MRI findings, the most appropriate next step in management is initiating cabergoline therapy to reduce prolactin levels and alleviate the symptoms associated with the prolactinoma.",0.0103,0.0254,0.2001,0.0552,0.0444,0.0552,0.0552,0.4263,0.5383,0.6107
"A 2-week-old boy is evaluated in the neonatal intensive care unit because of temperature instability and decreased activity. He was born by cesarean delivery at 30 weeks’ gestation because of premature rupture of membranes. Since birth, he has been fed breast milk by orogastric tube. He was feeding and growing appropriately until today, when his axillary temperature was 36.5°C (97.7°F) and he had decreased activity. During the past 4 hours, gastric residue has been noted in the orogastric tube when it is aspirated prior to feedings. Temperature is now 37.0°C (98.6°F), pulse is 160/min, respirations are 50/min, and blood pressure is 70/40 mm Hg. The anterior fontanel is soft. Cardiopulmonary examination shows no abnormalities. The abdomen is mildly distended, and there is mild tenderness to palpation diffusely; there are no masses. Bowel sounds are decreased. There is a small amount of blood-streaked stool in the diaper. The remainder of the examination shows no abnormalities. Leukocyte count is 18,000/mm³ (N=5000–34,000) (80% segmented neutrophils, 5% bands, 10% lymphocytes, and 5% monocytes), and platelet count is 100,000/mm³. Blood culture results are pending. Which of the following is most likely to confirm the diagnosis?",Which of the following is most likely to confirm the diagnosis?,"
A. Measurement of prothrombin time and partial thromboplastin time 
B. Measurement of stool reducing substances 
C. Stool culture 
D. Upper gastrointestinal series 
E. X-ray of the abdomen
",E,E,True,"Given the clinical scenario of a 2-week-old preterm infant with decreased activity, temperature instability, gastric residue, decreased bowel sounds, mild abdominal distention, and blood-streaked stool, the most likely diagnosis is necrotizing enterocolitis (NEC). NEC is a serious condition that can affect premature infants and is characterized by inflammation and necrosis of the bowel. - Option A: Measurement of prothrombin time and partial thromboplastin time - These tests are used to assess coagulation status and are not specific for diagnosing NEC. They would be more relevant if there were concerns about disseminated intravascular coagulation (DIC) or other coagulation disorders. - Option B: Measurement of stool reducing substances - This test is used to detect the presence of reducing substances in the stool, which can indicate the presence of undigested sugars, often seen in conditions like lactose intolerance. However, it is not specific for NEC and would not be the primary diagnostic tool in this scenario. - Option C: Stool culture - While a stool culture can help identify infectious agents, it is not the most immediate or specific test for diagnosing NEC. NEC is primarily a clinical diagnosis supported by imaging findings. - Option D: Upper gastrointestinal series - This test involves radiographic imaging of the upper gastrointestinal tract and can be useful in diagnosing conditions like malrotation or other structural abnormalities. However, it is not the most appropriate initial test for diagnosing NEC, which primarily affects the small and large intestines. - Option E: X-ray of the abdomen - An abdominal X-ray is the most appropriate initial imaging study to diagnose NEC. It can reveal signs such as pneumatosis intestinalis (gas in the bowel wall), portal venous gas, or dilated bowel loops, which are characteristic of NEC. These findings are critical for confirming the diagnosis and guiding further management. Therefore, an abdominal X-ray is the most appropriate test to confirm the diagnosis of NEC in this clinical scenario.",0.0028,0.0249,0.1902,0.0615,0.031,0.0554,0.0554,0.4406,0.5758,0.6471
"A 13-month-old boy is brought to a small rural emergency department (ED) near his family's community because of an erythematous, edematous mass in his perianal area that is hot to touch. He has no history of serious illness and receives no medications. Growth and development are appropriate for age. Vaccinations are up-to-date. He is at the 50th percentile for length and weight. Temperature is 39.4°C (103.0°F), pulse is 160/min, and respirations are 36/min. Examination shows fluctuance and exquisite tenderness to palpation of the perianal mass. Oral acetaminophen and a dose of oral cephalexin are administered, and the parents are told that their child’s case is beyond the capabilities of the hospital. They are referred to the nearest hospital with a pediatric service, a suburban hospital 50 miles away. The suburban hospital is contacted regarding the referral and a pediatric surgeon accepts transfer of the patient. When the patient is brought to the ED of the suburban hospital, a triage nurse obtains his oral temperature of 37.7°C (99.8°F) and pulse of 126/min. The nurse notes that the family has no health insurance and states that the case is beyond the capabilities of the hospital. The nurse recommends taking the patient to the ED of a downtown university hospital 4 miles away. The parents follow this recommendation, and the patient undergoes incision and drainage of the abscess at the downtown hospital later that day. Which of the following is the most accurate characterization of this patient's pattern of care?",Which of the following is the most accurate characterization of this patient's pattern of care?,"
A. The patient received appropriate care under the circumstances 
B. The pediatric surgeon at the suburban hospital should have insisted on personally examining the patient and draining the abscess 
C. The rural hospital should have sent the patient directly to the downtown university hospital 
D. The suburban hospital executed unethical but legal conduct in this case 
E. The suburban hospital violated the Emergency Medical Treatment and Active Labor Act (EMTALA)
",E,E,True,"- Option A (Incorrect): The patient did not receive appropriate care under the circumstances. The suburban hospital, upon receiving the referral, should have provided the necessary care or stabilized the patient before transferring him, which it did not do. - Option B (Incorrect): While it would have been ideal for the pediatric surgeon to examine and treat the patient, the primary issue here is the hospital's failure to comply with EMTALA. The surgeon's actions, while important, do not address the legal and ethical obligations of the hospital. - Option C (Incorrect): Although sending the patient directly to the downtown university hospital might have been a more efficient route, the suburban hospital had a legal obligation to provide an appropriate medical screening examination and stabilize the patient before transferring him. - Option D (Incorrect): The suburban hospital's actions were not only unethical but also illegal under EMTALA. Refusing to treat a patient based on the lack of health insurance and referring them to another facility without stabilizing them first is a violation of the law. - Option E (Correct): The suburban hospital violated EMTALA. According to EMTALA, any hospital with an emergency department that receives federal funding (which includes most hospitals) must provide an appropriate medical screening examination to any patient who comes to the emergency department, regardless of their ability to pay. If the patient is found to have an emergency medical condition, the hospital must stabilize the patient before transferring them to another facility. The suburban hospital's actions in refusing to treat the patient and referring them to another hospital without stabilizing them first constitute a violation of EMTALA.",0.0,0.026,0.129,0.0772,0.0141,0.0702,0.0702,0.4602,0.5705,0.6098
"A 25-year-old woman is brought to the emergency department by paramedics because of a seizure that began 45 minutes ago at home. Intravenous antiepileptic therapy begun en route to the hospital has not stopped her seizure. Her parents report that she initially began crying, then fell to the floor and exhibited asymmetric kicking and thrashing of all extremities. Fifteen years ago, she was diagnosed with a seizure disorder. Her seizures had been well controlled with oral antiepileptic therapy until this morning. Today, while the physician is in the patient’s room, the movements of her extremities gradually subside. The patient then sits up and asks the physician what happened. She is fully oriented. Vital signs are within normal limits. Examination shows no evidence of tongue biting, urinary incontinence, or other abnormalities. Which of the following is most likely to confirm this patient’s diagnosis?",Which of the following is most likely to confirm this patient’s diagnosis?,"
A. Interview following amobarbital administration 
B. Measurement of serum antiepileptic concentration 
C. Measurement of serum creatine kinase activity 
D. Neuropsychological testing 
E. Video EEG monitoring
",E,E,True,"- A. Interview following amobarbital administration: This option refers to a procedure known as the Wada test, which is used to determine the language and memory dominance of each hemisphere of the brain. It is not a standard diagnostic tool for evaluating ongoing or recent seizure activity and is not relevant to confirming the diagnosis of a seizure disorder in this context. - B. Measurement of serum antiepileptic concentration: While measuring the serum concentration of antiepileptic drugs can be useful to ensure that the patient is within the therapeutic range and to rule out underdosing or toxicity, it does not directly confirm the diagnosis of a seizure disorder. It is more of a management tool rather than a diagnostic one. - C. Measurement of serum creatine kinase activity: Elevated creatine kinase levels can indicate muscle damage, which can occur during prolonged seizures (status epilepticus). However, this is a secondary finding and does not confirm the diagnosis of a seizure disorder. It is more indicative of the severity of the seizure rather than the diagnosis itself. - D. Neuropsychological testing: Neuropsychological testing is used to assess cognitive functions and can be useful in evaluating the impact of seizures on brain function over time. However, it is not a tool for diagnosing an acute seizure event or confirming the diagnosis of a seizure disorder in the context of an acute presentation. - E. Video EEG monitoring: This is the most appropriate diagnostic tool in this scenario. Video EEG monitoring records both the patient's behavior and the electrical activity of the brain simultaneously. It can confirm the presence of seizure activity and help identify the type of seizure and its origin in the brain. Given the patient's history of a seizure disorder and the acute presentation of a seizure that was not controlled by initial treatment, video EEG monitoring would be crucial in confirming the diagnosis and guiding further management.",0.0,0.0259,0.1141,0.0734,0.0123,0.0612,0.0612,0.4888,0.5684,0.6276
"A 32-year-old woman comes to the emergency department because of a 1-day history of sharp, right-sided chest pain that worsens with coughing and sneezing. Four days ago, she had a mild sore throat and runny nose followed by nonproductive cough 1 day later. Over-the-counter decongestant and aspirin mildly relieved the symptoms. She has not had shortness of breath, blood-tinged sputum, fever, or chills. She has a long-standing history of recurrent aphthous ulcers. Her only medication is an oral contraceptive. Temperature is 37.2°C (99.0°F), pulse is 65/min, and respirations are 14/min. Pulse oximetry on room air shows an oxygen saturation of 99%. Splinting is observed over the right hemithorax with deep breathing. On cardiac examination, no abnormalities are heard. The remainder of the examination shows no abnormalities. Chest x-ray shows no abnormalities. Which of the following is the most appropriate next step in management?",Which of the following is the most appropriate next step in management?,"
A. Azithromycin therapy 
B. CT angiography 
C. Electrocardiography 
D. Ibuprofen therapy 
E. Prednisone therapy 
F. Transthoracic echocardiography
",D,D,True,"The patient's presentation is most consistent with a diagnosis of pleuritic chest pain, likely due to pleurisy, which can be a complication of viral upper respiratory infections. The symptoms of sharp, localized chest pain that worsens with coughing and deep breathing, along with a recent history of a mild upper respiratory infection, are classic for this condition. The absence of fever, chills, blood-tinged sputum, and shortness of breath, as well as the normal chest x-ray, make other serious conditions like pneumonia or pulmonary embolism less likely. A. Azithromycin therapy: This would be more appropriate if there were signs of bacterial infection, such as fever, purulent sputum, or an abnormal chest x-ray indicative of pneumonia. The patient's symptoms and examination findings do not support this. B. CT angiography: This would be indicated if there were a high suspicion of pulmonary embolism, which is not supported by the patient's presentation. The absence of risk factors for PE, such as recent surgery, prolonged immobilization, or a history of thromboembolic disease, and the lack of symptoms like shortness of breath or hemoptysis, make this an unnecessary step. C. Electrocardiography: While ECG can be useful in ruling out cardiac causes of chest pain, the patient's history and physical examination do not suggest a cardiac etiology. The absence of cardiac symptoms and the normal heart examination make this less necessary. D. Ibuprofen therapy: This is the most appropriate next step. Ibuprofen is an NSAID that can effectively reduce inflammation and pain associated with pleurisy. It is a reasonable first-line treatment for this condition, especially given the patient's history of a recent viral upper respiratory infection. E. Prednisone therapy: Corticosteroids are not typically used as a first-line treatment for pleurisy unless there is a specific indication, such as an autoimmune condition or severe inflammation that is not responding to other treatments. There is no indication for this in the current scenario. F. Transthoracic echocardiography: This would be more appropriate if there were concerns about a cardiac cause of the chest pain, such as pericarditis or myocardial infarction. The patient's history and examination do not support a cardiac etiology. In summary, given the clinical presentation and the absence of other concerning signs or symptoms, the most appropriate next step is to provide symptomatic relief with ibuprofen.",0.007,0.0208,0.1745,0.0499,0.0301,0.0499,0.0499,0.402,0.5563,0.6731
"A 30-year-old nulligravid woman, who is a military veteran, comes to the office because she has not had a menstrual period for the past year. She has not had nausea, vomiting, or night sweats. Menses previously occurred at regular 28-day intervals. She is sexually active with one male partner and uses condoms consistently. Three weeks ago, she returned from a 1-year deployment in the Middle East, where she worked as an army combat medic. She resumed work as a teacher 2 weeks ago. She appears tearful but otherwise in no distress. Temperature is 37.1°C (98.7°F), pulse is 88/min, respirations are 16/min, and blood pressure is 116/72 mm Hg. Physical examination, including pelvic examination, shows no abnormalities. Serum studies show: Thyroid-stimulating hormone: 2 μU/mL Follicle-stimulating hormone: 7 mIU/mL Luteinizing hormone: 10 mIU/mL Prolactin: 10 ng/mL β-hCG: negative Which of the following is the most likely cause of this patient’s amenorrhea?",Serum studies show: Thyroid-stimulating hormone: 2 μU/mL Follicle-stimulating hormone: 7 mIU/mL Luteinizing hormone: 10 mIU/mL Prolactin: 10 ng/mL β-hCG: negative Which of the following is the most likely cause of this patient’s amenorrhea?,"
A. Gonadal dysgenesis 45,X (Turner syndrome) 
B. Hypothalamic hypogonadism 
C. Polycystic ovarian syndrome 
D. Premature ovarian failure 
E. Prolactinoma
",B,B,True,"- A. Gonadal dysgenesis 45,X (Turner syndrome): This condition is typically diagnosed in childhood or adolescence due to the presence of other physical characteristics such as short stature, webbed neck, and lymphedema. The patient is 30 years old and has a history of regular menstrual cycles, making this diagnosis unlikely. - B. Hypothalamic hypogonadism: This is the most likely cause given the patient's history. The patient has a history of military deployment, which can be a significant stressor. Stress can disrupt the hypothalamic-pituitary-gonadal axis, leading to amenorrhea. The hormonal levels (FSH, LH, and prolactin) are within normal ranges, which is consistent with hypothalamic hypogonadism rather than primary ovarian failure or other conditions. The patient's recent return from deployment and her current emotional state (tearful) support this diagnosis. - C. Polycystic ovarian syndrome (PCOS): PCOS is characterized by irregular menstrual cycles, often associated with hirsutism, acne, and obesity. The patient has a history of regular menstrual cycles and no other symptoms of PCOS, making this diagnosis less likely. - D. Premature ovarian failure: This condition is characterized by elevated FSH levels, which are not present in this patient. The patient's FSH level is within the normal range, indicating that her ovaries are still functioning. - E. Prolactinoma: Prolactin levels are normal in this patient, and there are no symptoms of hyperprolactinemia such as galactorrhea or visual field defects, making this diagnosis unlikely. Given the patient's recent stressors and the normal hormonal levels, hypothalamic hypogonadism is the most plausible explanation for her amenorrhea.",0.0067,0.0532,0.2101,0.0956,0.0412,0.0819,0.0819,0.4851,0.5254,0.589
"A 45-year-old woman comes to the office because she has not had a menstrual period for 1 year. Menses previously occurred at regular 30-day intervals. She feels well, has no history of serious illness, and takes no medications. She has smoked one-half pack of cigarettes daily for 20 years. She is sexually active with one male partner and uses condoms consistently. She is 163 cm (5 ft 4 in) tall and weighs 63 kg (140 lb); BMI is 24 kg/m². Vital signs are within normal limits. Physical examination, including pelvic examination, shows no abnormalities. Measurement of which of the following serum concentrations is most likely to confirm the diagnosis?",Measurement of which of the following serum concentrations is most likely to confirm the diagnosis?,"
A. Estradiol 
B. Follicle-stimulating hormone 
C. β-hCG 
D. Luteinizing hormone 
E. Progesterone
",B,B,True,"The patient described has not had a menstrual period for one year, which is indicative of amenorrhea. Given her age of 45 years and the cessation of regular menstrual cycles, the most likely diagnosis is menopause. Menopause is defined as the permanent cessation of menstruation due to the loss of ovarian function. This condition is typically confirmed by elevated levels of follicle-stimulating hormone (FSH) and luteinizing hormone (LH), which are produced by the pituitary gland to stimulate the ovaries. However, FSH is more commonly used as a marker for menopause. A. Estradiol: This is a form of estrogen produced by the ovaries. During menopause, estradiol levels typically decrease, but this is not the primary marker used to confirm menopause. Low estradiol levels can be seen in other conditions as well, such as hypopituitarism or ovarian failure. B. Follicle-stimulating hormone: This is the correct answer. Elevated FSH levels are a hallmark of menopause, as the pituitary gland increases FSH production in an attempt to stimulate the ovaries, which are no longer responsive due to the depletion of ovarian follicles. C. β-hCG: This hormone is associated with pregnancy. Since the patient is not pregnant (as indicated by her consistent use of condoms and the absence of other signs of pregnancy), measuring β-hCG would not be relevant for diagnosing menopause. D. Luteinizing hormone: While LH levels also increase during menopause, FSH is more commonly used as a diagnostic marker. Both hormones increase, but FSH is more sensitive to the changes associated with menopause. E. Progesterone: This hormone is produced by the corpus luteum in the ovary and is important for maintaining pregnancy. Its levels fluctuate throughout the menstrual cycle and are low in the absence of ovulation. However, it is not a primary marker for diagnosing menopause. In summary, the most appropriate test to confirm the diagnosis of menopause in this patient is to measure the serum concentration of follicle-stimulating hormone (FSH).",0.0027,0.0325,0.1752,0.0712,0.0239,0.0593,0.0593,0.454,0.5833,0.6731
"A 2-month-old girl is brought to the office by her mother for a routine examination. Newborn screening electrophoresis showed hemoglobin FS. The mother says her daughter has not had fever or pallor. The patient is feeding well and gaining weight appropriately. She receives no medications. She appears well. She is at the 35th percentile for length and weight. Temperature is 37.0°C (98.6°F), pulse is 158/min, and respirations are 28/min. Examination shows no abnormalities. All routine immunizations are administered. In addition to routine anticipatory guidance about feeding and development, the mother is instructed to observe the patient for pallor and fever and to palpate for an enlarged spleen. Which of the following is most appropriate to prevent complications in this patient?",Which of the following is most appropriate to prevent complications in this patient?,"
A. Amoxicillin as needed for febrile illness 
B. Instructions for the parents to palpate the long bones routinely 
C. Instructions for the parents to take and record the patient’s pulse daily 
D. Low-dose aspirin therapy 
E. Oral prophylactic penicillin therapy
",E,E,True,"The patient is a 2-month-old girl with hemoglobin FS, which is indicative of sickle cell trait or possibly sickle cell disease, depending on the context. However, given the context of newborn screening and the presence of hemoglobin FS, it is more likely that the patient has sickle cell disease, specifically sickle cell anemia (HbSS) or another form of sickle cell disease. Sickle cell disease is characterized by the production of abnormal hemoglobin, which can lead to sickling of red blood cells under certain conditions, causing vaso-occlusive crises and other complications. In the management of sickle cell disease, one of the most critical preventive measures is the use of prophylactic penicillin therapy. This is because children with sickle cell disease are at increased risk for serious bacterial infections, particularly from encapsulated organisms such as Streptococcus pneumoniae. Prophylactic penicillin therapy, typically starting from 2 months of age and continuing until at least 5 years of age, has been shown to significantly reduce the risk of these infections and is a standard recommendation in the care of these patients. Let's review why the other options are incorrect: A. Amoxicillin as needed for febrile illness - While antibiotics are important in the management of sickle cell disease, especially for treating infections, prophylactic use of antibiotics is more about preventing infections rather than treating them as they occur. B. Instructions for the parents to palpate the long bones routinely - This is not a standard recommendation for the management of sickle cell disease. Routine palpation of long bones would not prevent complications. C. Instructions for the parents to take and record the patient’s pulse daily - Monitoring the pulse daily is not a standard preventive measure for sickle cell disease. It does not address the primary risks associated with the condition. D. Low-dose aspirin therapy - Aspirin is not typically used in the prophylactic management of sickle cell disease. It is more commonly associated with the prevention of cardiovascular events in adults and is not indicated for the prevention of complications in sickle cell disease. Therefore, the most appropriate preventive measure to reduce the risk of serious infections in this patient is E. Oral prophylactic penicillin therapy.",0.0,0.0275,0.192,0.0637,0.032,0.0584,0.0584,0.4799,0.564,0.6503
"A 3-week-old boy is brought to the physician by his mother because of a 5-day history of yellow eyes and skin and white stools. Pregnancy and delivery were uncomplicated. The patient's temperature is 37.1°C (98.8°F), pulse is 160/min, respirations are 40/min, and blood pressure is 85/50 mm Hg. Examination shows diffuse jaundice. Cardiopulmonary examination shows no abnormalities. The abdomen is nontender. The liver edge is palpated 4 cm below the right costal margin. The spleen tip is palpated 3 cm below the left costal margin. Laboratory studies show: Leukocyte count: 10,000/mm³ Serum Bilirubin, total: 16 mg/dL Direct: 12 mg/dL AST: 800 U/L ALT: 500 U/L Amylase: 100 U/L Which of the following is the most appropriate next step in diagnosis?","Laboratory studies show: Leukocyte count: 10,000/mm³ Serum Bilirubin, total: 16 mg/dL Direct: 12 mg/dL AST: 800 U/L ALT: 500 U/L Amylase: 100 U/L Which of the following is the most appropriate next step in diagnosis?","
A. Air-contrast enema 
B. Ultrasonography of the abdomen 
C. Upper gastrointestinal series 
D. Colonoscopy 
E. Esophagogastroduodenoscopy
",B,B,True,"The clinical presentation of a 3-week-old boy with jaundice, white stools, and an enlarged liver and spleen suggests a biliary obstruction, which is a common cause of neonatal jaundice. The elevated direct bilirubin, AST, and ALT levels further support this suspicion, indicating liver dysfunction and possible biliary pathology. - Option A: Air-contrast enema - This procedure is typically used to diagnose conditions such as intussusception or Hirschsprung's disease, which are not indicated by the patient's symptoms and laboratory findings. It is not a primary diagnostic tool for biliary obstruction or liver pathology. - Option B: Ultrasonography of the abdomen - This is the most appropriate next step. Ultrasonography is non-invasive, does not involve radiation, and is highly effective in evaluating the liver, gallbladder, and bile ducts. It can help identify the cause of biliary obstruction, such as biliary atresia, choledochal cysts, or other structural abnormalities. - Option C: Upper gastrointestinal series - This is not indicated for the diagnosis of biliary obstruction or liver pathology. It is more relevant for evaluating the esophagus, stomach, and small intestine for structural abnormalities or motility disorders. - Option D: Colonoscopy - This procedure is not indicated for the diagnosis of biliary obstruction or liver pathology. It is used to evaluate the colon and rectum for structural abnormalities, inflammation, or malignancy. - Option E: Esophagogastroduodenoscopy (EGD) - This procedure is used to evaluate the esophagus, stomach, and duodenum. It is not indicated for the diagnosis of biliary obstruction or liver pathology. Given the clinical presentation and laboratory findings, ultrasonography of the abdomen is the most appropriate next step to diagnose the underlying cause of the biliary obstruction and liver dysfunction.",0.0095,0.0563,0.2374,0.1019,0.0385,0.0892,0.0892,0.4713,0.4903,0.5584
"A 52-year-old woman comes to the physician for a follow-up examination. She received the diagnosis of hypertension 3 weeks ago, and lisinopril therapy was begun at that time. She has had a constant, nonproductive, hacking cough for 2 weeks but has not had any other problems. She has no history of serious illness and takes no other medications. She does not smoke. She drinks one to two glasses of wine daily. She does aerobic exercise for 30 minutes four to five times weekly. Her blood pressure has decreased from 164/92 mm Hg 3 weeks ago to 140/84 mm Hg today. Lungs are clear to auscultation. Which of the following is the most appropriate next step in management of this patient's cough?",Which of the following is the most appropriate next step in management of this patient's cough?,"
A. Pulmonary function tests 
B. CT scan of the chest 
C. Course of prednisone 
D. Discontinuation of lisinopril 
E. Use of a cough suppressant 
F. No change in management is indicated at this time
",D,D,True,"The patient presents with a nonproductive, hacking cough that began two weeks after starting lisinopril therapy for hypertension. This temporal relationship strongly suggests that the cough may be a side effect of lisinopril, which is an angiotensin-converting enzyme (ACE) inhibitor. A persistent dry cough is a well-known side effect of ACE inhibitors, occurring in approximately 5-20% of patients taking these medications. The mechanism behind this side effect is thought to be due to the accumulation of bradykinin, which can irritate the respiratory tract and cause coughing. Given this information, the most appropriate next step in management would be to discontinue lisinopril and consider an alternative antihypertensive medication that does not have this side effect, such as an angiotensin II receptor blocker (ARB), calcium channel blocker, or diuretic. This approach directly addresses the likely cause of the cough and can provide relief to the patient. Option A (Pulmonary function tests) and Option B (CT scan of the chest) are not indicated because the patient's lungs are clear to auscultation, and there is no evidence of respiratory disease or other conditions that would necessitate these tests. The cough is likely a side effect of the medication rather than a sign of underlying lung disease. Option C (Course of prednisone) is not appropriate because corticosteroids are not indicated for the treatment of a cough that is likely due to an ACE inhibitor. Prednisone might be considered if there were evidence of an inflammatory process, but this is not suggested by the patient's history or physical examination. Option E (Use of a cough suppressant) might provide temporary relief of symptoms but does not address the underlying cause of the cough. It is generally more effective to treat the cause rather than just the symptoms. Option F (No change in management is indicated at this time) is incorrect because the patient's cough is a significant symptom that is likely related to the medication she is taking. Ignoring this symptom could lead to unnecessary discomfort and potential non-compliance with her hypertension treatment regimen. Therefore, discontinuing lisinopril and considering an alternative antihypertensive medication is the most appropriate next step in managing this patient's cough.",0.0126,0.035,0.2857,0.0838,0.0579,0.0838,0.0838,0.4993,0.6105,0.7325
A 27-year-old primigravid woman at 41 weeks' gestation is admitted to the hospital for induction of labor. She has received cervical ripening agents and is now receiving oxytocin. The cervix is 9 cm dilated and 100% effaced; the vertex is at 0 station. Fetal monitoring shows contractions every 3 minutes and a reassuring heart rate. She requests pain medication. Which of the following is the most likely adverse effect of an intravenous opioid in this patient?,Which of the following is the most likely adverse effect of an intravenous opioid in this patient?,"
A. Maternal fever 
B. Maternal tachycardia 
C. Neonatal acidosis 
D. Neonatal arrhythmia 
E. Neonatal respiratory depression
",E,E,True,"- E. Neonatal respiratory depression: This is the most likely adverse effect of an intravenous opioid in this patient. Opioids, such as fentanyl or morphine, can cross the placenta and affect the fetal respiratory center, leading to respiratory depression in the newborn. This is a well-known risk associated with the use of opioids during labor and delivery. - A. Maternal fever: While maternal fever can occur in labor, it is not a direct adverse effect of intravenous opioids. Maternal fever can be due to various causes, including infection, but it is not typically associated with opioid use. - B. Maternal tachycardia: Opioids generally do not cause tachycardia; instead, they can lead to bradycardia or have minimal effect on heart rate. Tachycardia is more commonly associated with other medications or conditions such as anxiety or pain. - C. Neonatal acidosis: Neonatal acidosis can occur due to various factors, including hypoxia, but it is not a direct adverse effect of intravenous opioids. While opioids can indirectly affect fetal acid-base balance by causing respiratory depression, the primary concern is respiratory depression itself. - D. Neonatal arrhythmia: Neonatal arrhythmia is not a typical adverse effect of intravenous opioids. Opioids do not directly cause arrhythmias in the newborn. The primary concern with opioids is their impact on the respiratory system. Therefore, the most likely adverse effect of an intravenous opioid in this patient is neonatal respiratory depression.",0.0379,0.0562,0.3716,0.122,0.0984,0.122,0.122,0.4605,0.6212,0.8126
"A 7-year-old girl is brought to the clinic by her father because of behavior problems at school since she started second grade 6 months ago. Her teacher is concerned because she cannot sit still or complete tasks and is not learning at the same pace as her classmates. Psychoeducational testing shows normal intelligence. The father says his daughter’s behavior problems have worsened since last year. She snores at night and wets the bed several nights weekly. She has no history of serious illness and receives no medications. She has been at the 25th percentile for height and weight for the past 3 years. Pulse is 105/min and regular, respirations are 22/min, and blood pressure is 105/65 mm Hg. The tonsils are 3+. Cardiopulmonary and abdominal examinations show no abnormalities. On neurologic examination, cranial nerves are intact. Deep tendon reflexes are 2+ in all extremities. Finger-nose testing shows no abnormalities. Romberg sign is absent. Her gait is normal. Which of the following is the most appropriate next step in diagnosis?",Which of the following is the most appropriate next step in diagnosis?,"
A. EEG 
B. Karyotype analysis 
C. MRI of the brain 
D. Polysomnography 
E. Thyroid function tests
",D,D,True,"Given the clinical presentation of the 7-year-old girl, the most appropriate next step in diagnosis is polysomnography. Here's why: - Polysomnography (Option D): The girl snores at night and wets the bed several nights weekly. These symptoms, combined with her behavior problems, suggest a possible sleep disorder, such as obstructive sleep apnea (OSA). OSA can lead to fragmented sleep, which can result in daytime hyperactivity, inattention, and learning difficulties, all of which are consistent with the girl's symptoms. Polysomnography is the gold standard for diagnosing sleep disorders and would be the most appropriate next step to evaluate the quality of her sleep and identify any sleep disturbances. - EEG (Option A): An EEG is used to evaluate electrical activity in the brain and is typically ordered when there is a suspicion of seizures or other neurological conditions affecting brain function. There is no indication in the history or physical examination that suggests a seizure disorder or other neurological condition that would necessitate an EEG. - Karyotype analysis (Option B): This test is used to detect chromosomal abnormalities and is not indicated in this case. The girl has normal intelligence and no history of serious illness, and there are no physical signs that would suggest a chromosomal disorder. - MRI of the brain (Option C): An MRI would be indicated if there were signs of a structural brain abnormality or if there were neurological deficits that could not be explained by other means. The neurologic examination is normal, and there are no signs of a brain lesion or other structural issue that would warrant an MRI. - Thyroid function tests (Option E): While thyroid disorders can affect growth and development, the girl's growth parameters (height and weight at the 25th percentile) have been stable over the past three years, and there is no other indication of a thyroid disorder. Therefore, thyroid function tests are not the most appropriate next step. In summary, given the symptoms of snoring, bedwetting, and behavior problems, polysomnography is the most appropriate diagnostic test to evaluate for a possible sleep disorder, which could be contributing to her daytime behavior and learning difficulties.",0.0123,0.0244,0.194,0.0599,0.0438,0.0545,0.0545,0.4476,0.5753,0.6972
"An 8-year-old boy is brought to the emergency department (ED) by ambulance 45 minutes after he was struck by a car while riding his bicycle. He did not lose consciousness but has multiple rib fractures with depression of the left anterior chest wall. His parents have been notified and are on their way to the hospital. On the patient's arrival to the ED, his temperature is 37.2°C (99.0°F), pulse is 180/min, respirations are 36/min, and blood pressure is 65/30 mm Hg. The abdomen is distended with exquisite tenderness to palpation. A rapid intravenous infusion of 0.9% saline is begun. CT scans are quickly obtained and show a disrupted spleen and an abdominal cavity filled with free fluid. The parents arrive at the hospital and are informed that their son needs an emergency laparotomy and splenectomy to control the internal bleeding. A saline infusion is continued to support the patient's blood pressure. The parents provide consent to proceed with the operation but refuse to consent to transfusion of blood or blood products, regardless of consequences, because of their religious beliefs. As the patient is transferred to the operating room, his pulse is 210/min and blood pressure is 50/20 mm Hg. Hemoglobin concentration is 3.8 g/dL. The surgeon agrees with the anesthesiologist that the patient will die without transfusion of blood and plasma. Which of the following is the most appropriate action?",Which of the following is the most appropriate action?,"
A. Contact the national organization of the parents’ religion and insist that the parents speak with a representative on the phone regarding the matter 
B. Contact the parents’ religious advisor to request help in acquiring consent for blood transfusion 
C. Proceed with the blood transfusion while obtaining an emergency telephone court order 
D. Proceed with the operation and abide by the parents’ wishes that no blood products be used 
E. Transfer the patient by ambulance immediately to a bloodless surgical center
",C,C,True,"In this scenario, the patient is in critical condition with severe hemodynamic instability, a hemoglobin concentration of 3.8 g/dL, and a life-threatening situation that requires immediate intervention to prevent death. The parents' refusal of blood transfusion based on religious grounds presents a complex ethical and legal dilemma. Option A: Contacting the national organization of the parents' religion and insisting that the parents speak with a representative on the phone is not a practical or timely solution. The patient's condition is critical, and waiting for a representative to persuade the parents could result in the patient's death. Option B: Contacting the parents' religious advisor to request help in acquiring consent for blood transfusion is also not a timely solution. The patient's condition is too urgent to wait for the advisor's intervention. Option C: Proceeding with the blood transfusion while obtaining an emergency telephone court order is the most appropriate action. In cases where a child's life is at immediate risk and the parents refuse life-saving treatment based on religious grounds, healthcare providers have a legal and ethical obligation to act in the best interest of the child. An emergency court order can be sought to override the parents' refusal, but the immediate action of transfusing blood is necessary to save the child's life. Option D: Proceeding with the operation and abiding by the parents' wishes that no blood products be used would likely result in the patient's death. The patient's hemoglobin level is critically low, and without blood transfusion, the patient cannot survive the surgery. Option E: Transferring the patient by ambulance to a bloodless surgical center is not a feasible option given the patient's critical condition and the immediate need for intervention. The time required for transfer would likely result in the patient's death. In summary, the most appropriate action is to proceed with the blood transfusion while simultaneously seeking an emergency court order to legally justify the action taken in the child's best interest.",0.0057,0.0197,0.1157,0.0401,0.0288,0.0401,0.0401,0.433,0.5559,0.6403
"A female newborn has the onset of tachypnea 4 hours after birth. She was delivered at term to a 24-year-old woman following an uncomplicated pregnancy and delivery. Apgar scores were 9 and 9 at 1 and 5 minutes, respectively. Her parents had refused prenatal screening. The patient's temperature is 37.2°C (99.0°F), pulse is 150/min, respirations are 60/min, and blood pressure is 55/35 mm Hg. On cardiac examination, a single, loud S₂ is heard. The liver edge is palpated 3 cm below the right costal margin. Capillary refill time is 6 seconds. Peripheral pulses are difficult to palpate in all extremities. Arterial blood gas analysis on room air shows: pH: 7.24 PCO₂: 35 mm Hg (N=27–40) PO₂: 68 mm Hg HCO₃⁻: 15 mEq/L Chest x-ray shows increased pulmonary haziness and vascular markings suggestive of bilateral pulmonary edema. The most appropriate next step in management is administration of which of the following?",The most appropriate next step in management is administration of which of the following?,"
A. Bolus of 0.9% saline 
B. Bolus of sodium bicarbonate 
C. Intravenous alprostadil (prostaglandin E₁) 
D. Intravenous digoxin 
E. Intravenous dopamine
",C,C,True,"The clinical scenario described suggests a newborn with symptoms consistent with persistent pulmonary hypertension of the newborn (PPHN). The key features include tachypnea, hypoxemia (as evidenced by the low PO₂ on arterial blood gas), and radiographic findings of bilateral pulmonary edema. The presence of a single, loud S₂ and difficulty in palpating peripheral pulses also supports this diagnosis, as these can be indicative of right-to-left shunting across a patent ductus arteriosus (PDA) or other congenital heart defects that can be associated with PPHN. - Option A: Bolus of 0.9% saline - This would not be the first-line treatment for PPHN. While fluid resuscitation can be important in neonates with hypovolemia, the primary issue here is pulmonary hypertension and not hypovolemia. - Option B: Bolus of sodium bicarbonate - The patient's pH is 7.24, which is slightly acidic, but the primary issue is not metabolic acidosis. The low pH is likely secondary to the respiratory condition and hypoxemia. Sodium bicarbonate would not address the underlying pulmonary hypertension. - Option C: Intravenous alprostadil (prostaglandin E₁) - This is the correct answer. Alprostadil is used to maintain patency of the ductus arteriosus, which can be crucial in cases where the ductus arteriosus is contributing to the circulation, such as in PPHN. By keeping the ductus arteriosus open, it can help reduce the right-to-left shunting and improve oxygenation. - Option D: Intravenous digoxin - Digoxin is a cardiac glycoside used to treat heart failure and certain arrhythmias. It would not be the first-line treatment for PPHN, as it does not address the primary issue of pulmonary hypertension. - Option E: Intravenous dopamine - Dopamine can be used to increase systemic blood pressure and cardiac output, but it is not specifically targeted at the pulmonary hypertension seen in PPHN. While it might be used in conjunction with other treatments, it is not the most appropriate first-line treatment for this condition. Therefore, the most appropriate next step in management is the administration of intravenous alprostadil (prostaglandin E₁) to maintain the patency of the ductus arteriosus and improve oxygenation.",0.0104,0.0335,0.2567,0.073,0.0508,0.0674,0.0674,0.4274,0.5077,0.6033
"A 43-year-old woman comes to the office for a follow-up examination 1 week after she was discharged from the hospital following an overnight admission for an episode of crushing, aching chest pain. The pain was located behind her sternum and radiated to her left jaw and shoulder. She also had shortness of breath, palpitations, and nausea. Initial ECG obtained on admission showed ST-segment depressions in leads V₃ through V₆. Nitroglycerin was administered, and the chest pain resolved. Follow-up serial ECGs disclosed no abnormalities and serum troponin concentrations were within the reference ranges. Cardiac catheterization obtained the next morning showed no substantial narrowing of the coronary arteries. At discharge, the patient declined medication to prevent recurrence of pain. The patient reports that since discharge, she has had two episodes of chest discomfort lasting 2 to 4 minutes, similar in location and quality to the pain precipitating her hospitalization. Medical history otherwise is unremarkable and she takes no routine medications. Vital signs are within normal limits. Physical examination discloses no abnormalities. Which of the following is the most appropriate pharmacotherapy to prescribe at this time?",Which of the following is the most appropriate pharmacotherapy to prescribe at this time?,"
A. Diltiazem 
B. Lisinopril 
C. Propranolol 
D. Warfarin 
E. No pharmacotherapy is indicated at this time
",A,A,True,"The patient's presentation is consistent with angina pectoris, a condition characterized by chest pain due to myocardial ischemia. The initial ECG showed ST-segment depressions, which is a common finding in non-ST-elevation myocardial infarction (NSTEMI) or unstable angina. However, the absence of significant coronary artery disease on cardiac catheterization and normal troponin levels suggest that the patient likely experienced unstable angina rather than a myocardial infarction. Given the patient's history of chest pain and the absence of significant coronary artery disease, the most appropriate pharmacotherapy would be a calcium channel blocker, such as diltiazem. Calcium channel blockers are effective in reducing the frequency and severity of angina by decreasing myocardial oxygen demand through vasodilation and reducing heart rate and contractility. They are particularly useful in patients with angina who do not have significant coronary artery disease or who cannot tolerate beta-blockers. Option B, Lisinopril, is an ACE inhibitor typically used for hypertension, heart failure, and post-myocardial infarction treatment. While it can be beneficial in reducing the risk of future cardiovascular events, it is not the first-line treatment for angina in this context. Option C, Propranolol, is a beta-blocker that can be effective in treating angina by reducing heart rate and contractility, thereby decreasing myocardial oxygen demand. However, the patient declined medication to prevent recurrence of pain, and if she has any contraindications to beta-blockers (such as asthma or severe bradycardia), diltiazem would be a better choice. Option D, Warfarin, is an anticoagulant used to prevent thromboembolic events. It is not indicated for the treatment of angina unless there is a specific indication for anticoagulation, such as atrial fibrillation or a mechanical heart valve. Option E, No pharmacotherapy, is not appropriate given the patient's recurrent chest discomfort, which suggests ongoing myocardial ischemia. Pharmacotherapy is necessary to prevent further episodes of angina and to improve the patient's quality of life. Therefore, the most appropriate pharmacotherapy to prescribe at this time is diltiazem.",0.0168,0.0332,0.2684,0.0754,0.0466,0.0754,0.0754,0.4765,0.5768,0.7864
"A 35-year-old woman is brought to the emergency department by police after they found her wandering the streets and appearing intoxicated. On arrival, she is tremulous and appears distressed. She says she moved out of her abusive boyfriend’s apartment 1 week ago because she was afraid he would kill her. She has no financial or emotional family support. She worked at a grocery store until 1 month ago when she was fired for missing four shifts during the course of 1 week. During the past week, she has slept less than 4 hours nightly because she has slept on the streets or in shelters. She has panic disorder treated with fluoxetine. She takes no other medications. Ten years ago, she underwent 6 months of psychotherapy for dependent personality disorder. During the past year, she has drunk four or more glasses of wine and other alcoholic beverages nightly. She tried to quit drinking alcohol twice during the past year but was unsuccessful. Her last alcoholic drink was 24 hours ago. Pulse is 90/min and blood pressure is 140/90 mm Hg. Physical examination shows resting hand tremors and delayed reflexes. Mental status examination shows slurred speech. She has an irritable mood and anxious affect. Blood alcohol concentration is 140 mg/dL. Which of the following is the strongest predisposing risk factor for suicide in this patient?",Which of the following is the strongest predisposing risk factor for suicide in this patient?,"
A. Adjustment disorder with depressed mood 
B. Alcohol use disorder 
C. Dependent personality disorder 
D. History of physical abuse 
E. Panic disorder
",B,B,True,"- Alcohol Use Disorder (AUD): This is the strongest predisposing risk factor for suicide in this patient. Alcohol use disorder is a significant risk factor for suicide, particularly when it is severe and chronic, as indicated by the patient's history of drinking four or more glasses of wine and other alcoholic beverages nightly for the past year. Additionally, the patient's unsuccessful attempts to quit drinking alcohol further highlight the severity of her AUD, which can lead to increased impulsivity, depression, and suicidal ideation. - Adjustment Disorder with Depressed Mood: While this could be a contributing factor, it is not as strongly linked to suicide risk as alcohol use disorder. Adjustment disorders are typically time-limited and related to a specific stressor, such as the patient's recent move out of her abusive relationship. However, the chronic nature of her alcohol use disorder is more concerning in terms of suicide risk. - Dependent Personality Disorder: This disorder is characterized by a pervasive and excessive need to be taken care of, leading to submissive and clinging behavior. While it can contribute to a person's vulnerability and overall mental health status, it is not as directly linked to suicide risk as alcohol use disorder. - History of Physical Abuse: A history of physical abuse is certainly a significant risk factor for mental health issues, including depression and anxiety, which can increase suicide risk. However, the immediate and chronic nature of the patient's alcohol use disorder is more directly associated with an increased risk of suicide. - Panic Disorder: Panic disorder can lead to significant distress and functional impairment, but it is not as strongly associated with suicide risk as alcohol use disorder. The patient's panic disorder is being treated with fluoxetine, which may help manage her symptoms, but it does not overshadow the significant risk posed by her alcohol use disorder. In summary, while multiple factors contribute to the patient's overall risk profile, the chronic and severe nature of her alcohol use disorder makes it the strongest predisposing risk factor for suicide in this case.",0.0213,0.0343,0.2686,0.0782,0.0618,0.0726,0.0726,0.4817,0.6216,0.7741
"A 76-year-old woman, who is receiving home hospice care because of end-stage metastatic lung cancer diagnosed 1 month ago, is examined at home at the request of her family because of a 3-hour history of labored breathing despite receiving 100% oxygen at 5 L/min via face mask. Pulse is 92/min, respirations are 18/min, and blood pressure is 105/62 mm Hg. Pulse oximetry on 100% oxygen via face mask shows an oxygen saturation of 85%. The patient appears cachectic and is in mild distress, showing increased work of breathing with prominent sternocleidomastoid muscles and intermittent agonal respirations. Which of the following is the most appropriate next step in management?",Which of the following is the most appropriate next step in management?,"
A. Administer intravenous morphine 
B. Admit the patient to the hospital for further evaluation 
C. Initiate a propofol infusion 
D. Transition the patient to noninvasive positive pressure ventilation 
E. No further action is indicated
",A,A,True,"Given the patient's advanced age, the end-stage metastatic lung cancer diagnosis, and the current clinical scenario, the most appropriate next step is to focus on palliative care measures aimed at symptom relief, particularly for dyspnea (shortness of breath). The patient is already receiving 100% oxygen via a face mask, which has not significantly improved her oxygen saturation or breathing difficulty. This suggests that the dyspnea may be more related to the underlying disease process and the body's response to it, rather than a simple lack of oxygen. A. Administer intravenous morphine: This is the most appropriate option. Morphine is commonly used in palliative care to manage dyspnea. It can help reduce the sensation of breathlessness and provide comfort to the patient. The dose and route of administration should be carefully considered to avoid respiratory depression, especially in a patient with compromised respiratory function. B. Admit the patient to the hospital for further evaluation: This option is less appropriate given the patient's end-stage condition and the focus on hospice care. Hospitalization may not significantly alter the course of the disease and could potentially cause additional stress and discomfort to the patient. C. Initiate a propofol infusion: Propofol is a sedative and anesthetic agent that would likely lead to respiratory depression and is not indicated for the management of dyspnea in this context. It is not a standard treatment for managing breathlessness in hospice care. D. Transition the patient to noninvasive positive pressure ventilation (NPPV): While NPPV can be used in certain respiratory conditions to improve oxygenation and reduce the work of breathing, it is not typically used in patients with end-stage cancer who are receiving hospice care. The patient's condition and the setting of care (home hospice) make this option less suitable. E. No further action is indicated: This option is incorrect as the patient is experiencing significant distress and dyspnea, which should be addressed to improve her comfort and quality of life. In summary, the administration of intravenous morphine is the most appropriate next step to manage the patient's dyspnea and provide comfort in the context of her end-stage cancer and hospice care.",0.0077,0.0253,0.1846,0.0588,0.0323,0.0535,0.0535,0.4436,0.5664,0.6523
"A 42-year-old woman comes to the physician because of a 1-month history of moderate constant abdominal pain. She was evaluated in the emergency department 6 weeks ago for renal calculi and was told that her serum calcium concentration was increased. She has labile hypertension treated with hydrochlorothiazide and enalapril. Two brothers have hyperparathyroidism, and one sister has an adrenal tumor. The patient's temperature is 37.0°C (98.6°F), pulse is 80/min, respirations are 12/min, and blood pressure is 182/98 mm Hg. Funduscopic examination shows arteriovenous nicking. There is mild, diffuse tenderness to palpation of the abdomen. The remainder of the examination shows no abnormalities. Serum calcium concentration is 13.2 mg/dL. Urine metanephrine concentration is 4000 μg/24 h (N=140–785). This patient is most likely at risk for which of the following conditions?",This patient is most likely at risk for which of the following conditions?,"
A. Carcinoid syndrome 
B. Chronic autoimmune (Hashimoto) thyroiditis 
C. Familial hypocalciuric hypercalcemia 
D. Medullary thyroid carcinoma 
E. Parathyroid carcinoma
",D,D,True,"The patient's clinical presentation and laboratory findings suggest a complex endocrine disorder. The key points to consider are the elevated serum calcium, hypertension, and elevated urine metanephrine concentration. The family history of hyperparathyroidism and an adrenal tumor also points towards a possible genetic syndrome. A. Carcinoid syndrome: This condition is characterized by flushing, diarrhea, and wheezing due to the release of serotonin and other vasoactive substances from carcinoid tumors. The patient's symptoms and lab results do not align with carcinoid syndrome. B. Chronic autoimmune (Hashimoto) thyroiditis: This condition typically presents with hypothyroidism and goiter, and it does not explain the elevated calcium levels or hypertension seen in this patient. C. Familial hypocalciuric hypercalcemia: This is a benign condition characterized by mild hypercalcemia and hypocalciuria. It is usually asymptomatic and does not cause hypertension or elevated metanephrines. D. Medullary thyroid carcinoma (MTC): This is a neuroendocrine tumor that arises from the parafollicular cells (C-cells) of the thyroid gland. It can cause hypercalcemia due to the production of calcitonin, which can be elevated in MTC. Additionally, MTC can be associated with multiple endocrine neoplasia type 2 (MEN2), which includes pheochromocytoma (a tumor of the adrenal medulla that can cause hypertension and elevated metanephrines) and hyperparathyroidism. The patient's family history and lab findings are consistent with MEN2, making MTC a likely diagnosis. E. Parathyroid carcinoma: While this condition can cause hypercalcemia, it is rare and does not typically present with hypertension or elevated metanephrines. The family history and lab findings do not strongly suggest parathyroid carcinoma over MTC. Given the patient's symptoms, lab results, and family history, medullary thyroid carcinoma is the most likely condition, especially considering the possibility of an underlying MEN2 syndrome.",0.0,0.0242,0.1394,0.0535,0.0202,0.0401,0.0401,0.4212,0.5297,0.6197
A 26-year-old woman with common variable immunodeficiency comes to the office because of a 2-month history of night sweats. She also has had a 10-kg (22-lb) weight loss during the past 3 months despite no change in appetite. She has a 15-year history of recurrent sinusitis and otitis media. Her only medication is intravenous immune globulin. She is 163 cm (5 ft 4 in) tall and weighs 54 kg (120 lb); BMI is 21 kg/m². Vital signs are within normal limits. Examination shows cervical and epitrochlear lymphadenopathy. Which of the following is the most appropriate next step in management?,Which of the following is the most appropriate next step in management?,"
A. Lymph node biopsy 
B. Methylprednisolone therapy 
C. Penicillin therapy 
D. Plasmapheresis 
E. Trimethoprim-sulfamethoxazole therapy
",A,A,True,"The patient's presentation with night sweats, significant weight loss, and lymphadenopathy, in the context of a known immunodeficiency disorder, raises concern for an underlying malignancy, particularly lymphoma, which is a known complication in patients with common variable immunodeficiency (CVID). Lymph node biopsy is the most appropriate next step to establish a definitive diagnosis. It can provide histopathological evidence of lymphoma or other conditions that might explain the patient's symptoms. Option B, methylprednisolone therapy, is not indicated without a clear diagnosis. While corticosteroids can be used in the treatment of lymphoma, they are not a diagnostic tool and should not be initiated without a confirmed diagnosis. Option C, penicillin therapy, is not appropriate in this scenario. Penicillin is an antibiotic used to treat bacterial infections, but the patient's symptoms and history do not suggest a bacterial infection as the primary cause of her current condition. Option D, plasmapheresis, is a procedure used to remove antibodies and other proteins from the blood. It is not typically used in the diagnostic workup of lymphadenopathy or suspected malignancy. Option E, trimethoprim-sulfamethoxazole therapy, is an antibiotic combination used to treat various bacterial infections, including those that might occur in immunocompromised patients. However, it is not indicated as a diagnostic or therapeutic step in the context of the patient's symptoms and history. Given the patient's history and symptoms, a lymph node biopsy is the most appropriate next step to determine the cause of her lymphadenopathy and to guide further management.",0.0109,0.0361,0.2373,0.084,0.0538,0.0763,0.0763,0.4565,0.5763,0.6888
"A 9-month-old boy is brought to the office by his mother because of a 6-hour history of persistent fussiness and decreased appetite. Two weeks ago, he was diagnosed with an upper respiratory tract infection. The symptoms have since resolved. He lives with his parents and a pet lizard. His diet consists of cow milk-based formula, baby food, and some solid foods. He has no history of serious illness and receives no medications. Immunizations are up-to-date. Today, he is inconsolable. He is at the 50th percentile for length and weight. Examination shows multiple flaccid bullae on an erythematous base over the buttocks. The mother says she had no knowledge of these findings. Which of the following is the most appropriate next step in management?",Which of the following is the most appropriate next step in management?,"
A. Abdominal ultrasonography 
B. Anti–Saccharomyces cerevisiae antibody testing 
C. Nitroblue tetrazolium testing 
D. Rectal swab for group B streptococcus 
E. Skeletal survey 
F. Stool culture for Salmonella enteritidis
",E,F,False,"The clinical presentation of a 9-month-old boy with a history of fussiness, decreased appetite, and the presence of flaccid bullae on an erythematous base over the buttocks suggests a condition known as erythema toxicum neonatorum if it were to occur in the neonatal period. However, given the age of the child and the context of recent upper respiratory tract infection, the presence of flaccid bullae could be indicative of a more serious condition such as toxic shock syndrome (TSS) or a severe skin infection. However, the most concerning aspect here is the potential for a gastrointestinal infection, particularly one that could cause systemic symptoms and skin manifestations. Option A, abdominal ultrasonography, is not indicated as the primary next step because the symptoms do not suggest an acute abdominal pathology. Option B, anti–Saccharomyces cerevisiae antibody testing, is used in the diagnosis of inflammatory bowel disease, which is not relevant to the acute presentation of this child. Option C, nitroblue tetrazolium testing, is used to assess neutrophil function and is not relevant to the current clinical scenario. Option D, rectal swab for group B streptococcus, is more relevant for neonates and infants with signs of sepsis, but the presentation does not strongly suggest this as the primary concern. Option E, skeletal survey, is not indicated as there is no history or clinical signs suggesting a skeletal issue. Option F, stool culture for Salmonella enteritidis, is the most appropriate next step. Salmonella enteritidis can cause gastroenteritis in infants and young children, and it can present with systemic symptoms including fever, irritability, and in severe cases, can lead to skin manifestations such as bullae. Given the child's recent history of an upper respiratory tract infection and the current symptoms, a stool culture to rule out Salmonella enteritidis is warranted. This organism can cause severe illness in young children and can lead to complications if not treated promptly.",0.0085,0.0254,0.189,0.0608,0.0367,0.0608,0.0608,0.4258,0.5554,0.6826
"A 62-year-old woman is admitted to the hospital because of an 8-hour history of severe right upper abdominal pain, nausea, and fever that began after she ate fried fish and potatoes. During the past 3 years, she has had 12 episodes of similar pain after meals, but it has not lasted as long or been as severe as this episode. She has hypertension, hyperlipidemia, and alcohol use disorder. Her medications are amlodipine, benazepril, and simvastatin. She drinks one 12-oz beer daily. She is 163 cm (5 ft 4 in) tall and weighs 86 kg (190 lb); BMI is 33 kg/m². Temperature is 38.5°C (101.3°F), pulse is 120/min, respirations are 28/min, and blood pressure is 100/68 mm Hg. Pulse oximetry on room air shows an oxygen saturation of 98%. On abdominal examination, there is diffuse tenderness to palpation, rebound, and guarding. Bowel sounds are decreased. Laboratory studies show: Hematocrit: 35% Leukocyte count: 16,000/mm³ Serum Ca²⁺: 7.9 mg/dL Urea nitrogen: 26 mg/dL Glucose: 200 mg/dL Creatinine: 2 mg/dL Triglycerides: 180 mg/dL AST: 162 U/L ALT: 98 U/L Amylase: 682 U/L Lipase: 515 U/L (N=14–280) Serum electrolyte concentrations and lactate dehydrogenase activities are within the reference ranges. Which of the Following is the most appropriate next step in diagnosis?",Which of the Following is the most appropriate next step in diagnosis?,"
A. CT scan of the abdomen 
B. Endoscopic retrograde cholangiopancreatography 
C. MR cholangiopancreatography 
D. MRI of the pancreas 
E. Ultrasonography of the right upper abdominal quadrant
",E,E,True,"Given the patient's history of severe right upper abdominal pain, nausea, fever, and the laboratory findings, the clinical suspicion is high for acute cholecystitis, which is often associated with gallstones. The patient's history of multiple episodes of similar pain after meals, along with the current severe episode, further supports this suspicion. The elevated white blood cell count, fever, and elevated liver enzymes (AST, ALT) and pancreatic enzymes (amylase, lipase) are consistent with an inflammatory process, likely involving the gallbladder and possibly the pancreas. - Ultrasonography of the right upper abdominal quadrant (E): This is the most appropriate next step in diagnosis. Ultrasonography is the initial imaging modality of choice for suspected acute cholecystitis because it is non-invasive, widely available, and can detect gallstones, gallbladder wall thickening, pericholecystic fluid, and other signs of acute cholecystitis. It can also help in assessing the biliary tree and the pancreas for any abnormalities. - CT scan of the abdomen (A): While a CT scan can provide detailed images of the abdomen and is useful in evaluating complications of cholecystitis or pancreatitis, it is not the first-line imaging modality for suspected acute cholecystitis. It is more invasive due to radiation exposure and contrast use, and it is typically reserved for cases where ultrasonography is inconclusive or when complications such as perforation or abscess formation are suspected. - Endoscopic retrograde cholangiopancreatography (ERCP) (B): ERCP is an invasive procedure that is primarily used for therapeutic purposes, such as removing gallstones from the common bile duct or treating biliary obstruction. It is not a diagnostic tool of first choice for acute cholecystitis. - MR cholangiopancreatography (C): MRCP is a non-invasive imaging technique that provides excellent visualization of the biliary and pancreatic ducts. However, it is not typically the first-line imaging modality for acute cholecystitis. It is more useful in evaluating biliary obstruction or pancreatic ductal abnormalities. - MRI of the pancreas (D): MRI can provide detailed images of the pancreas and is useful in evaluating chronic pancreatitis or pancreatic tumors. However, it is not the first-line imaging modality for suspected acute cholecystitis, which is primarily a gallbladder issue. In summary, ultrasonography is the most appropriate next step in diagnosing this patient's condition due to its non-invasive nature, availability, and effectiveness in detecting gallbladder pathology.",0.0115,0.0228,0.1934,0.0561,0.041,0.0561,0.0561,0.3917,0.5536,0.6913
"A 63-year-old man with chronic obstructive pulmonary disease comes to the urgent treatment center because of a 4- day history of worsening shortness of breath. Use of his albuterol rescue inhaler has provided no improvement in his symptoms. Medical history otherwise is unremarkable. Additional medications are formoterol, budesonide, and tiotropium. The patient smoked two packs of cigarettes daily for 45 years but currently smokes only three to four cigarettes daily and says he is trying hard to quit. He appears anxious. He is 175 cm (5 ft 9 in) tall and weighs 100 kg (220 lb); BMI is 33 kg/m². Temperature is 37.2°C (99.0°F), pulse is 96/min, respirations are 26/min, and blood pressure is 128/76 mm Hg. Pulse oximetry on room air discloses an oxygen saturation of 85%. Mild cyanosis is noted, but there is no clubbing or edema of the extremities. Auscultation of the lungs discloses diffuse expiratory wheezes. Cardiac examination discloses distant but regular heart sounds. Results of arterial blood gas analysis on room air are shown: PO2: 48 mm Hg PCO2: 55 mm Hg pH: 7.36 After an albuterol nebulizer treatment is administered, the patient reports feeling somewhat better but says he is feeling ""jittery"" and is starting to have a mild tremor. In addition to providing smoking cessation counseling and prescribing antibiotic and corticosteroid therapy, which of the following is the most appropriate next step in management?","In addition to providing smoking cessation counseling and prescribing antibiotic and corticosteroid therapy, which of the following is the most appropriate next step in management?","
A. Continuous nebulized albuterol therapy 
B. CT scan of the chest without contrast 
C. Intravenous aminophylline therapy 
D. Pulmonary function testing 
E. Pulmonary rehabilitation 
F. Titrated oxygen therapy
",F,F,True,"The patient presents with severe symptoms of chronic obstructive pulmonary disease (COPD) exacerbation, including worsening shortness of breath, low oxygen saturation (85% on room air), and elevated PCO2 (55 mm Hg) indicating hypercapnia. The patient's history of chronic smoking and the presence of expiratory wheezes on auscultation are consistent with COPD exacerbation. A. Continuous nebulized albuterol therapy: While bronchodilators are important in managing COPD exacerbations, the patient has already received an albuterol nebulizer treatment and reports feeling ""jittery"" with a mild tremor, which are signs of beta-agonist side effects. Continuous nebulized albuterol therapy could exacerbate these side effects. B. CT scan of the chest without contrast: Imaging is not indicated in this scenario as the clinical presentation is consistent with a COPD exacerbation, and there are no signs of complications such as pneumothorax or pneumonia that would necessitate imaging. C. Intravenous aminophylline therapy: Aminophylline is a bronchodilator that can be used in severe COPD exacerbations, but it is not the first-line treatment. Additionally, the patient has already received albuterol, and the side effects of aminophylline (such as tremors, nausea, and arrhythmias) could overlap with those of albuterol. D. Pulmonary function testing: This is not appropriate in the acute setting of a COPD exacerbation. PFTs are useful for diagnosis and monitoring of COPD but are not indicated for acute management. E. Pulmonary rehabilitation: While pulmonary rehabilitation is beneficial for COPD patients, it is a long-term management strategy and not an immediate intervention for an acute exacerbation. F. Titrated oxygen therapy: This is the most appropriate next step. The patient has a low oxygen saturation (85%) and is hypercapnic. In COPD patients, it is crucial to avoid administering too much oxygen, which can lead to respiratory depression and worsening hypercapnia. Titrated oxygen therapy aims to maintain an oxygen saturation of 88-92% to avoid these complications while ensuring adequate oxygenation. In summary, the patient's condition requires careful management of oxygen levels to avoid exacerbating hypercapnia while ensuring adequate oxygenation, making titrated oxygen therapy the most appropriate next step.",0.0077,0.0456,0.2351,0.0929,0.033,0.0765,0.0765,0.494,0.5696,0.6558
"A 49-year-old man returns to the office for follow-up 2 weeks after he was evaluated for a 4-month history of intermittent diarrhea associated with cramping abdominal pain, urgency, and fecal incontinence. Since the onset of these symptoms, he has had four to five bowel movements daily that contain blood and mucus. Endoscopy done 1 week ago showed erythematous, inflamed mucosa of the rectum and sigmoid colon; there were no abnormalities of the ileum. He also had an episode of uveitis treated with intraocular corticosteroids 3 months ago. He takes no routine medications. He is 185 cm (6 ft 1 in) tall and weighs 77 kg (170 lb); BMI is 22 kg/m². Vital signs are temperature 37.3°C (99.2°F), pulse 88/min, respirations 18/min, and blood pressure 128/80 mm Hg. Skin examination shows raised, tender nodules that are 2 to 3 cm in diameter on the anterior surfaces of both lower extremities. Palpation of the abdomen discloses mild tenderness. Rectal examination discloses no fissures or ulcers. Test of the stool for occult blood is trace positive. This patient should be counseled that he is at greatest risk for which of the following?",This patient should be counseled that he is at greatest risk for which of the following?,"
A. Adenocarcinoma of the colon 
B. Cholelithiasis 
C. Nephrolithiasis 
D. Primary biliary cirrhosis 
E. Spontaneous bacterial peritonitis
",A,A,True,"The patient's symptoms and findings are most consistent with inflammatory bowel disease (IBD), specifically ulcerative colitis, given the endoscopic findings of erythematous, inflamed mucosa of the rectum and sigmoid colon, and the presence of extraintestinal manifestations such as uveitis and skin lesions (likely pyoderma gangrenosum). The intermittent diarrhea with blood and mucus, along with the history of uveitis, further support this diagnosis. A. Adenocarcinoma of the colon: Patients with ulcerative colitis, especially those with extensive colonic involvement, are at increased risk for developing colorectal cancer (adenocarcinoma). The risk increases with the duration and extent of the disease. Therefore, this is the most relevant risk for this patient. B. Cholelithiasis: While patients with IBD can develop gallstones, there is no specific indication in the patient's history or examination that would suggest an increased risk for cholelithiasis over other complications. C. Nephrolithiasis: There is no evidence in the patient's history or examination to suggest an increased risk for kidney stones. Nephrolithiasis is not a common complication of ulcerative colitis. D. Primary biliary cirrhosis: This is a chronic liver disease characterized by the progressive destruction of the small bile ducts within the liver. It is not typically associated with ulcerative colitis, and there is no information in the patient's history or examination to suggest liver disease. E. Spontaneous bacterial peritonitis: This condition is typically associated with ascites, which is not mentioned in the patient's history or examination. It is more commonly seen in patients with cirrhosis or other conditions leading to ascites. Given the patient's history of ulcerative colitis, the most significant long-term risk is the development of adenocarcinoma of the colon, making option A the correct answer.",0.0,0.0314,0.1271,0.0671,0.0203,0.0604,0.0604,0.4527,0.556,0.6638
"A 27-year-old man is examined in the intensive care unit 1 day after he sustained a closed head injury, liver laceration, and pelvic fracture in a motor vehicle collision. He is intubated and mechanically ventilated. He is receiving intravenous midazolam and 5% dextrose in lactated Ringer solution. Temperature is 37.8°C (100.0°F), pulse is 95/min, and blood pressure is 100/70 mm Hg. Cardiopulmonary examination shows no abnormalities. The abdomen is soft. He withdraws appropriately to painful stimuli. Laboratory studies show: Hematocrit: 28% Leukocyte count: 13,000/mm³ Serum Na⁺: 138 mEq/L K⁺: 3.5 mEq/L Cl⁻: 102 mEq/L HCO₃⁻: 24 mEq/L Urea nitrogen: 20 mg/dL Glucose: 220 mg/dL Creatinine: 1 mg/dL Which of the following is the most likely mechanism of these laboratory findings?",5 mEq/L Cl⁻: 102 mEq/L HCO₃⁻: 24 mEq/L Urea nitrogen: 20 mg/dL Glucose: 220 mg/dL Creatinine: 1 mg/dL Which of the following is the most likely mechanism of these laboratory findings?,"
A. Decreased uptake of glucose by insulin-sensitive tissues 
B. Exogenous production of glucose by bacteria 
C. Impaired excretion of glucose by the kidneys 
D. Increased infusion of intravenous glucose 
E. Insulin deficiency
",A,A,True,"The patient's elevated blood glucose level (220 mg/dL) in the context of a severe trauma and critical illness is most likely due to stress-induced hyperglycemia, which is characterized by decreased uptake of glucose by insulin-sensitive tissues. This condition is common in critically ill patients and is a result of the body's stress response, which includes the release of counter-regulatory hormones such as cortisol, glucagon, and catecholamines. These hormones antagonize the action of insulin, leading to decreased glucose uptake by tissues and increased hepatic glucose production, thus causing hyperglycemia. Option B (Exogenous production of glucose by bacteria) is incorrect because bacterial production of glucose is not a significant factor in human hyperglycemia. Bacteria can produce glucose, but this is not a mechanism that would typically cause hyperglycemia in a human patient. Option C (Impaired excretion of glucose by the kidneys) is incorrect because the kidneys do not excrete glucose under normal circumstances unless the blood glucose level exceeds the renal threshold for glucose (approximately 180 mg/dL). The patient's creatinine level is within the normal range, indicating that renal function is not impaired to the point of affecting glucose excretion. Option D (Increased infusion of intravenous glucose) is incorrect because the patient is receiving 5% dextrose in lactated Ringer solution, which is a relatively low concentration of glucose and would not typically cause a blood glucose level as high as 220 mg/dL. Option E (Insulin deficiency) is incorrect because the patient's hyperglycemia is more likely due to the stress response and decreased tissue sensitivity to insulin rather than an absolute deficiency of insulin. Insulin deficiency would typically be associated with a more severe form of hyperglycemia and other signs of diabetes mellitus, which are not indicated in this case.",0.0031,0.0583,0.137,0.1198,0.0361,0.0719,0.0719,0.4651,0.4876,0.5427
"A 72-year-old woman is evaluated in the acute rehabilitation facility where she has been receiving physical therapy since sustaining a stroke 2 weeks ago that resulted in moderate left hemiparesis. A swallowing study obtained on admission to the facility showed no abnormalities and she has been progressing well with her rehabilitation. She is able to walk with the aid of a walker and assistant, has no speech impairment, and tolerates a regular diet. Medical history also is notable for well-controlled hypertension and hyperlipidemia. Medications are lisinopril, simvastatin, and daily aspirin. Temperature is 37.0°C (98.6°F), pulse is 72/min and regular, respirations are 12/min, and blood pressure is 130/80 mm Hg. Cardiopulmonary examination shows no abnormalities. Cranial nerves are intact. Muscle strength in the extremities is 4/5 on the left and 5/5 on the right. Sensation is intact bilaterally. Standardized assessment of cognitive function shows no abnormalities. For the past 2 days, the patient has insisted that she is well enough to go home despite not being fully cleared to do so by her physical therapist and physiatrist, who want her to stay for 1 more week to try to advance from the walker to a cane. The patient lives with her daughter, son-in-law, and grandson, and has a bedroom on the main floor of the house with no need to use stairs. The daughter works as a stay-at-home mother. Which of the following is the most appropriate next step in management?",Which of the following is the most appropriate next step in management?,"
A. Discharge the patient with a plan for home health care and physical therapy 
B. Inform the patient that she would need to sign out against medical advice 
C. Inform the patient that transfer to a long-term care facility is most suitable for her 
D. Request psychiatric evaluation of the patient's decision-making capacity
",A,B,False,"- Option A (Discharge the patient with a plan for home health care and physical therapy): This option is not the most appropriate next step because the patient has not been fully cleared by her physical therapist and physiatrist to be discharged. While home health care and physical therapy can be beneficial, the patient's current status does not meet the criteria for discharge based on the information provided. - Option B (Inform the patient that she would need to sign out against medical advice): This is the most appropriate next step. The patient is insistent on going home despite not being fully cleared by her medical team. In such a scenario, if the patient decides to leave against medical advice, she should be informed of the potential risks and consequences of leaving early and should sign a form indicating that she is aware of these risks and is choosing to leave anyway. - Option C (Inform the patient that transfer to a long-term care facility is most suitable for her): This option is not appropriate because the patient does not seem to require long-term care. She has a supportive family environment and has been making progress in her rehabilitation. There is no indication that she needs a long-term care facility. - Option D (Request psychiatric evaluation of the patient's decision-making capacity): While the patient's insistence on going home might raise concerns about her decision-making capacity, there is no clear evidence from the provided information that she has a cognitive impairment or psychiatric condition that would necessitate a psychiatric evaluation. Her cognitive function has been assessed as normal, and she has no speech impairment. Therefore, this option is not the most appropriate next step. Given the patient's insistence on going home and the medical team's recommendation to stay for further rehabilitation, the most appropriate action is to inform the patient that she would need to sign out against medical advice if she chooses to leave.",0.0085,0.0254,0.156,0.0526,0.0353,0.0468,0.0468,0.4371,0.5731,0.7147
"A 46-year-old woman comes to the office for an annual health maintenance examination. She reports a 6-week history of fatigue, which she attributes to working full time and caring for her three children. Her blood pressure has been consistently high as measured at home with her husband's automated cuff, with many readings greater than 150/90 mm Hg. Medical history is unremarkable and routine preventive screenings, including mammography and Pap smear, have shown no abnormalities. Her only medications are a daily multivitamin and ibuprofen as needed. She is 165 cm (5 ft 5 in) tall and weighs 72 kg (158 lb); BMI is 26 kg/m². Pulse is 84/min, and blood pressure is 152/98 mm Hg. Physical examination shows trace edema of the ankles but no other abnormalities. Results of serum studies are shown: Urea nitrogen: 12 mg/dL Creatinine: 0.9 mg/dL Na⁺: 141 mEq/L K⁺: 3.1 mEq/L Cl⁻: 100 mEq/L HCO₃⁻: 23 mEq/L Which of the following is the most likely explanation for this patient's increased blood pressure?",1 mEq/L Cl⁻: 100 mEq/L HCO₃⁻: 23 mEq/L Which of the following is the most likely explanation for this patient's increased blood pressure?,"
A. Cushing syndrome 
B. Fibromuscular dysplasia 
C. Hyperaldosteronism 
D. Hypothyroidism 
E. Obstructive sleep apnea
",C,C,True,"- Hyperaldosteronism (Option C): This condition is characterized by excessive production of aldosterone, a hormone that regulates sodium and potassium levels in the body. It can lead to hypertension (high blood pressure) and hypokalemia (low potassium levels). The patient's blood pressure readings are consistently high, and her potassium level is low (3.1 mEq/L), which is indicative of hyperaldosteronism. Additionally, the presence of trace edema could be related to fluid retention, a common symptom in this condition. - Cushing syndrome (Option A): This condition is caused by prolonged exposure to high levels of cortisol. While it can cause hypertension, it is typically associated with other symptoms such as central obesity, thinning skin, and muscle weakness. The patient's presentation does not strongly suggest these additional symptoms, making Cushing syndrome less likely. - Fibromuscular dysplasia (Option B): This is a condition that causes narrowing and enlargement of medium-sized arteries, often leading to hypertension. However, it is more commonly seen in younger individuals and is associated with specific arterial abnormalities that would likely be noted on imaging studies. The patient's presentation does not strongly suggest this diagnosis. - Hypothyroidism (Option D): This condition can cause fatigue and weight gain, but it is not typically associated with hypertension. In fact, hypothyroidism is more commonly associated with low blood pressure. The patient's blood pressure readings are high, which does not align with hypothyroidism. - Obstructive sleep apnea (Option E): This condition can contribute to hypertension and fatigue, but it is usually associated with other symptoms such as snoring, witnessed apneas, and daytime sleepiness. The patient's presentation does not strongly suggest these additional symptoms, making obstructive sleep apnea less likely. Given the patient's hypertension, low potassium levels, and the absence of other specific symptoms that would point to the other conditions, hyperaldosteronism is the most likely explanation for her increased blood pressure.",0.0083,0.0493,0.2915,0.1071,0.0659,0.0893,0.0893,0.4592,0.497,0.5851
"A 50-year-old woman is brought to the emergency department because of a 3-day history of severely painful lesions over her right leg and temperatures to 38.7°C (101.7°F). She has a 12-year history of type 2 diabetes mellitus. Her only medication is insulin. On arrival, temperature is 39.3°C (102.8°F). Examination of the right lower extremity shows exquisite tenderness to palpation, edema, and warmth. The extremity appears shiny and diffusely erythematous without sharp margins. The subcutaneous tissue is firm, and there are areas of notable skin breakdown with bullae containing thick purple fluid. Examination of the left lower extremity shows no abnormalities. Which of the following is the most likely diagnosis?",Which of the following is the most likely diagnosis?,"
A. Cellulitis 
B. Dermatophytosis 
C. Erysipelas 
D. Erythema nodosum 
E. Herpes zoster 
F. Necrotizing fasciitis
",F,F,True,"- Necrotizing fasciitis is a rapidly progressing, life-threatening infection that involves the fascia and the subcutaneous tissues. The clinical presentation includes severe pain out of proportion to the physical findings, erythema, warmth, and edema. The presence of bullae with purulent fluid, as described in the case, is highly indicative of necrotizing fasciitis. The patient's history of diabetes mellitus further increases the risk for this condition, as diabetes is a known risk factor for severe infections. - Cellulitis (Option A) is a common bacterial skin infection that involves the dermis and subcutaneous tissues. While it can present with erythema, warmth, and edema, it typically does not present with the severe systemic symptoms or the presence of bullae with purulent fluid as seen in necrotizing fasciitis. - Dermatophytosis (Option B) is a fungal infection of the skin, hair, or nails. It does not present with the systemic symptoms or the severe local signs such as bullae and purulent fluid. - Erysipelas (Option C) is a superficial bacterial skin infection that presents with a sharply demarcated, raised, and bright red rash. It is usually caused by Streptococcus bacteria and is less severe than necrotizing fasciitis, lacking the systemic symptoms and the presence of bullae. - Erythema nodosum (Option D) is an inflammatory condition that presents with painful, red nodules, typically on the shins. It is not an infectious process and does not present with the systemic symptoms or the severe local signs described. - Herpes zoster (Option E) is caused by the reactivation of the varicella-zoster virus and presents with a painful, vesicular rash in a dermatomal distribution. It does not present with the systemic symptoms or the severe local signs such as bullae with purulent fluid as seen in necrotizing fasciitis.",0.0,0.0121,0.0592,0.0271,0.0068,0.0271,0.0271,0.3886,0.5372,0.5772
"A 37-year-old woman comes to the office for a routine health maintenance examination. For the past 6 years, she has worked in a paper mill factory that uses liquid chlorine to bleach the paper. The patient is concerned about her exposure to toxic substances. Vital signs are within normal limits. Examination shows no abnormalities. Which of the following is the most appropriate recommendation to address this patient's concerns?",Which of the following is the most appropriate recommendation to address this patient's concerns?,"
A. Corticosteroid therapy 
B. Taking frequent breaks from the paper-bleaching area 
C. Undergoing monthly pulmonary function testing 
D. Using a respirator at work 
E. Washing daily after work with a chlorhexidine-based solution
",D,D,True,"- A. Corticosteroid therapy: This is not appropriate as a preventive measure for exposure to chlorine. Corticosteroids are used to treat inflammation and are not indicated for preventing the effects of chlorine exposure unless there is a specific condition like asthma that has been triggered by the exposure. - B. Taking frequent breaks from the paper-bleaching area: While taking breaks can help reduce exposure, it is not a comprehensive solution. The primary concern is the inhalation of chlorine, which can be significantly reduced with proper respiratory protection. - C. Undergoing monthly pulmonary function testing: Regular monitoring of pulmonary function can be useful for detecting early signs of respiratory issues, but it does not prevent exposure to chlorine. It is more of a diagnostic tool rather than a preventive measure. - D. Using a respirator at work: This is the most appropriate recommendation. A respirator, especially one designed to filter out chlorine gas, can significantly reduce the inhalation of toxic substances. This is a direct and effective way to protect the patient from the harmful effects of chlorine exposure. - E. Washing daily after work with a chlorhexidine-based solution: While good hygiene is important, washing with a chlorhexidine-based solution is more relevant for preventing skin infections and does not address inhalation of chlorine. It is not a preventive measure for the respiratory effects of chlorine exposure.",0.008,0.0357,0.2447,0.1008,0.0339,0.084,0.084,0.4896,0.5668,0.6479
"A 57-year-old man with alcohol use disorder comes to the emergency department because of a 3-day history of worsening abdominal pain and distention. Medical history is remarkable for alcoholic cirrhosis, hypertension, hyperlipidemia, and a laparoscopic cholecystectomy 10 years ago. The patient also has had several previous hospital admissions for similar episodes of abdominal pain and distention. The patient takes no medications but has been prescribed medications for hypertension in the past. He recently participated in an alcohol rehabilitation program but began drinking alcohol again 1 week ago. During the past 5 days, he has drunk 1 L of vodka daily. Pulse is 100/min, respirations are 16/min, and blood pressure is 165/85 mm Hg. Pulse oximetry on room air shows an oxygen saturation of 100%. The patient appears jaundiced. Cardiopulmonary examination discloses no abnormalities. The abdomen is large, distended, and tense; a fluid wave is present. Palpation of the abdomen discloses a 2-cm–wide reducible umbilical hernia and diffuse tenderness without guarding. There is no tenderness to percussion. In addition to large-volume paracentesis and furosemide therapy, initiation of which of the following pharmacotherapies is most appropriate?","In addition to large-volume paracentesis and furosemide therapy, initiation of which of the following pharmacotherapies is most appropriate?","
A. Enalapril 
B. Metoprolol 
C. Propranolol 
D. Spironolactone 
E. Valsartan
",D,D,True,"The patient's presentation is consistent with alcoholic cirrhosis complicated by ascites, which is a common complication in patients with advanced liver disease. The patient's history of alcohol use disorder, jaundice, and the presence of ascites (as evidenced by abdominal distention, a fluid wave, and a reducible umbilical hernia) all point towards this diagnosis. In managing ascites, the primary goal is to reduce the volume of fluid in the abdomen. This is typically achieved through a combination of large-volume paracentesis and pharmacotherapy. Diuretics are a cornerstone of medical management, and the combination of spironolactone (a potassium-sparing diuretic) and furosemide (a loop diuretic) is often used. This combination helps to prevent hypokalemia, which can be a side effect of furosemide use. - Spironolactone (Option D): This is the correct choice. Spironolactone is an aldosterone antagonist that helps to reduce ascites by promoting sodium and water excretion. It is often used in conjunction with furosemide to manage ascites in patients with cirrhosis. - Enalapril (Option A): This is an angiotensin-converting enzyme (ACE) inhibitor. While it can be used in the management of ascites, it is not typically the first-line diuretic therapy. ACE inhibitors are more commonly used for their renal protective effects and blood pressure control in patients with cirrhosis. - Metoprolol (Option B): This is a beta-blocker. Beta-blockers are used in the management of portal hypertension to prevent variceal bleeding, but they are not used for the management of ascites. - Propranolol (Option C): Similar to metoprolol, propranolol is a non-selective beta-blocker used to reduce portal pressure and prevent variceal bleeding. It is not indicated for the management of ascites. - Valsartan (Option E): This is an angiotensin II receptor blocker (ARB). Like enalapril, it can be used to manage portal hypertension and has renal protective effects, but it is not a first-line treatment for ascites. In summary, spironolactone is the most appropriate pharmacotherapy to initiate alongside large-volume paracentesis and furosemide therapy for the management of ascites in this patient with alcoholic cirrhosis.",0.0052,0.0386,0.2559,0.084,0.0338,0.0784,0.0784,0.4811,0.58,0.7274
"A 48-year-old man is admitted to the hospital 2 hours after the onset of severe abdominal pain, nausea, and vomiting. The pain radiates to the back but improves when he bends forward. He has no history of serious illness and takes no medications. He does not smoke cigarettes. He drinks two 12-oz beers weekly. He appears restless. He is 173 cm (5 ft 8 in) tall and weighs 90 kg (198 lb); BMI is 30 kg/m² . Temperature is 38.0°C (100.4°F), pulse is 110/min, respirations are 20/min, and blood pressure is 110/60 mm Hg. On pulmonary examination, decreased breath sounds are heard at the lung bases; there is dullness to percussion. Abdominal examination shows distention and severe tenderness to palpation of the epigastrium and left upper quadrant. Laboratory studies show: Hemoglobin: 13.5 g/dL Serum Urea nitrogen: 30 mg/dL Glucose: 120 mg/dL Creatinine: 1.2 mg/dL Cholesterol: 300 mg/dL Triglycerides: 1500 mg/dL Total bilirubin: 1.1 mg/dL Amylase: 300 U/L Administration of intravenous fluids and analgesics is begun. The patient’s abdominal pain, nausea, and vomiting decrease. Which of the following is the most appropriate next step in management? Choose one among the choices below.",Which of the following is the most appropriate next step in management?,"
A. Apheresis 
B. Ezetimibe therapy 
C. Gemfibrozil therapy 
D. Metformin therapy 
E. Recommendation for weight loss
",C,C,True,"The patient's presentation, including severe abdominal pain radiating to the back, nausea, vomiting, and the laboratory finding of markedly elevated triglycerides (1500 mg/dL), strongly suggests acute pancreatitis, likely due to hypertriglyceridemia. The elevated amylase level (300 U/L) further supports this diagnosis. The patient's BMI of 30 kg/m² indicates obesity, which is a risk factor for hypertriglyceridemia and pancreatitis. A. Apheresis: This is a procedure used to remove excess lipids from the blood, typically in cases of extremely high triglyceride levels (usually >5000 mg/dL) where there is a risk of acute pancreatitis or other complications. The patient's triglyceride level, while very high, does not reach the threshold where apheresis would be indicated. B. Ezetimibe therapy: Ezetimibe is used to lower cholesterol levels, not triglycerides. While the patient's cholesterol is elevated (300 mg/dL), the primary concern here is the extremely high triglyceride level, which is more directly linked to the acute pancreatitis. C. Gemfibrozil therapy: Gemfibrozil is a fibrate that is effective in lowering triglyceride levels. Given the patient's acute pancreatitis likely due to hypertriglyceridemia, initiating therapy with a fibrate like gemfibrozil is appropriate to address the underlying cause of the pancreatitis and prevent future episodes. D. Metformin therapy: Metformin is used primarily for the treatment of type 2 diabetes and can also help with weight loss and improving insulin resistance. However, the patient's glucose level is within normal limits, and there is no indication of diabetes. Therefore, metformin is not indicated in this case. E. Recommendation for weight loss: While weight loss would be beneficial for the patient's overall health and could help reduce triglyceride levels over time, it is not an immediate solution for the acute pancreatitis the patient is experiencing. Immediate pharmacological intervention to lower triglycerides is more appropriate. In summary, the most appropriate next step in management is to initiate gemfibrozil therapy to address the hypertriglyceridemia, which is likely the cause of the patient's acute pancreatitis.",0.0106,0.0262,0.2197,0.0641,0.0469,0.0641,0.0641,0.4252,0.5424,0.6369
"A 57-year-old man is admitted to the hospital 30 minutes after he was found wandering in the streets. Fingerstick blood glucose concentration obtained by paramedics prior to transport was 68 mg/dL. The patient's medical history is unknown. Temperature is 35.8°C (96.5°F), pulse is 80/min, respirations are 16/min, and blood pressure is 106/70 mm Hg. The patient appears disheveled and is not oriented to person, place, or time. Physical examination shows mild conjunctival icterus. Cardiopulmonary examination discloses no abnormalities. Abdominal examination discloses a small fluid wave. There is palmar erythema and 1+ pitting edema of the lower extremities. Gait is broad based and ataxic. The patient is unable to cooperate with ocular or neurologic examinations. ECG shows a regular sinus rhythm and no acute abnormalities. Results of toxicology screening are pending. The most appropriate initial step in management is to administer which of the following?",The most appropriate initial step in management is to administer which of the following?,"
A. Glucose 
B. Vitamin B₁ (thiamine) 
C. Vitamin B₂ (riboflavin) 
D. Vitamin B₆ (pyridoxine) 
E. Vitamin B₁₂ (cyanocobalamin)
",B,B,True,"The patient's presentation, including disorientation, ataxia, mild conjunctival icterus, palmar erythema, and lower extremity edema, suggests a history of chronic alcohol abuse and possible Wernicke's encephalopathy, a condition caused by thiamine (vitamin B₁) deficiency. Chronic alcoholism is a significant risk factor for thiamine deficiency due to poor dietary intake and impaired thiamine absorption and utilization. A. Glucose: While the patient's blood glucose level is low (68 mg/dL), which could indicate hypoglycemia, the symptoms and physical findings are more consistent with a chronic condition rather than acute hypoglycemia. Administering glucose would address hypoglycemia but not the underlying thiamine deficiency that may be causing the neurological symptoms. B. Vitamin B₁ (thiamine): This is the correct answer. Thiamine is crucial for carbohydrate metabolism and is often deficient in chronic alcoholics. Wernicke's encephalopathy, characterized by confusion, ataxia, and ophthalmoplegia, is a medical emergency that requires immediate thiamine administration to prevent irreversible brain damage and progression to Korsakoff's syndrome. C. Vitamin B₂ (riboflavin): While important for various metabolic processes, riboflavin deficiency is not typically associated with the clinical presentation seen in this patient. Riboflavin deficiency does not cause the neurological symptoms or physical signs observed. D. Vitamin B₆ (pyridoxine): Pyridoxine is essential for amino acid metabolism and neurotransmitter synthesis, but its deficiency does not present with the specific symptoms seen in this patient. The clinical picture is more indicative of thiamine deficiency. E. Vitamin B₁₂ (cyanocobalamin): Vitamin B₁₂ deficiency can cause neurological symptoms, but it is not associated with the specific signs of chronic alcohol abuse and thiamine deficiency seen in this patient. The presence of signs such as palmar erythema and ascites points more towards a thiamine deficiency in the context of alcoholism. In summary, the patient's clinical presentation strongly suggests a need for immediate thiamine administration to address potential Wernicke's encephalopathy, a condition that can rapidly progress to irreversible brain damage if not treated promptly.",0.0,0.019,0.0895,0.0419,0.0,0.0359,0.0359,0.3837,0.5001,0.5461
"Three days after an operation for uterine cancer, a hospitalized 67-year-old woman develops edema of the right lower extremity. Doppler ultrasonography shows a deep venous thrombosis (DVT). Review of the patient's record indicates that no DVT prophylaxis was initiated perioperatively. Which of the following is the best approach to prevent a similar adverse event in the future?",Which of the following is the best approach to prevent a similar adverse event in the future?,"
A. Conduct a nursing in-service regarding DVT prophylaxis 
B. Develop an institutional policy with standardized orders for DVT prophylaxis 
C. Encourage early ambulation during the postoperative period 
D. Prescribe low-molecular-weight heparin for all postoperative patients 
E. No intervention indicated because this is an isolated case and does not occur frequently
",B,B,True,"A. Conducting a nursing in-service regarding DVT prophylaxis is a good educational step, but it may not be sufficient to ensure consistent and effective prophylaxis across all patients and staff. Education alone does not guarantee adherence to best practices. B. Developing an institutional policy with standardized orders for DVT prophylaxis is the best approach. This ensures that all patients, regardless of their specific care team, receive appropriate prophylaxis based on their risk factors. Standardized orders can be integrated into the electronic health record system, making it easier for healthcare providers to follow and reducing the likelihood of human error. C. Encouraging early ambulation during the postoperative period is beneficial and can help reduce the risk of DVT, but it is not a comprehensive solution. While ambulation is a component of DVT prophylaxis, it should be combined with other measures such as pharmacological prophylaxis to be most effective. D. Prescribing low-molecular-weight heparin for all postoperative patients is a broad approach that may not be appropriate for all patients due to potential contraindications or individual risk factors. A standardized policy would allow for tailored prophylaxis based on patient-specific risk factors and contraindications. E. The statement that no intervention is indicated because this is an isolated case and does not occur frequently is incorrect. DVT is a significant complication that can occur in postoperative patients, especially those undergoing major surgery like uterine cancer surgery. Ignoring this event could lead to future preventable complications. Therefore, a proactive approach to prevent such events is necessary.",0.0037,0.0471,0.2326,0.0959,0.0372,0.0664,0.0664,0.5136,0.5725,0.699
"A clinical trial is performed to assess the efficacy of aspirin in decreasing the risk for myocardial infarction. Twenty-two thousand male physicians with no history of coronary artery disease are randomly assigned to receive aspirin (325 mg/d) or a placebo. After following the subjects for 5 years, results show that the incidence of myocardial infarction is 1.2% in the aspirin group and 2.2% in the placebo group. The reduction in incidence is statistically significant. Which of the following is the most accurate interpretation of these results?",Which of the following is the most accurate interpretation of these results?,"
A. Absolute risk reduction is 1% 
B. Absolute risk reduction is 10% 
C. Number needed to treat is 4 
D. Number needed to treat is 25 
E. Relative risk reduction is 25% 
F. Relative risk reduction is 75%
",A,A,True,"- Option A (Correct): The absolute risk reduction (ARR) is calculated by subtracting the risk of the outcome in the treatment group from the risk in the control group. Here, the incidence of myocardial infarction in the placebo group is 2.2%, and in the aspirin group, it is 1.2%. Therefore, the ARR is 2.2% - 1.2% = 1.0%. This makes option A correct. - Option B (Incorrect): This option suggests an absolute risk reduction of 10%, which is incorrect based on the calculation above. The correct ARR is 1%, not 10%. - Option C (Incorrect): The number needed to treat (NNT) is the number of patients who need to be treated to prevent one additional adverse outcome. It is calculated as 1/ARR. Given the ARR of 1%, the NNT would be 1/0.01 = 100. Therefore, option C, which suggests an NNT of 4, is incorrect. - Option D (Incorrect): Similarly, option D suggests an NNT of 25, which is also incorrect. The correct NNT, based on the ARR of 1%, is 100. - Option E (Incorrect): The relative risk reduction (RRR) is calculated as (risk in control group - risk in treatment group) / risk in control group. Here, it would be (2.2% - 1.2%) / 2.2% = 1.0% / 2.2% = 0.4545 or approximately 45.45%. Therefore, option E, which suggests a 25% RRR, is incorrect. - Option F (Incorrect): This option suggests a 75% RRR, which is also incorrect. The correct RRR, based on the given data, is approximately 45.45%. Thus, the most accurate interpretation of the results is that the absolute risk reduction is 1%, making option A the correct answer.",0.0055,0.0246,0.1855,0.0702,0.0424,0.0702,0.0702,0.3851,0.5147,0.6672
"An 18-year-old man is being prepared to undergo left temporal craniotomy for meningioma. General anesthesia has been administered. The surgeon reviews the patient's most recent MRI findings, which are hanging on a view box in the operating room, and prepares to clip the hair from the patient's right scalp. The circulating nurse is concerned because the signed operative consent form indicates a left temporal craniotomy. Which of the following is the most appropriate course of action for the circulating nurse?",Which of the following is the most appropriate course of action for the circulating nurse?,"
A. No action is required 
B. Review the MRI to determine the correct operative site 
C. Ask the surgeon to continue the operation only after the discrepancy is resolved 
D. Change the operative consent to match the surgeon's actions 
E. Call the waiting room to confirm the correct operative site with the patient's parents 
F. Write a postoperative incident report only
",C,C,True,"- A. No action is required: This is incorrect because there is a clear discrepancy between the consent form and the surgeon's actions. Ignoring this could lead to a serious medical error. - B. Review the MRI to determine the correct operative site: While reviewing the MRI is a good step, it does not address the immediate issue of the discrepancy between the consent form and the surgeon's actions. The nurse should still communicate this discrepancy to the surgeon. - C. Ask the surgeon to continue the operation only after the discrepancy is resolved: This is the correct course of action. The nurse should immediately bring the discrepancy to the surgeon's attention and ensure that the correct operative site is confirmed before proceeding. This ensures patient safety and adherence to medical protocols. - D. Change the operative consent to match the surgeon's actions: This is incorrect because altering the consent form without proper authorization and without informing the patient or their legal guardian could lead to legal and ethical issues. - E. Call the waiting room to confirm the correct operative site with the patient's parents: While involving the patient's parents could be part of the resolution process, it is not the immediate action that should be taken. The nurse should first address the discrepancy with the surgical team. - F. Write a postoperative incident report only: This is incorrect because writing a report after the fact does not address the immediate risk to the patient. The nurse must take immediate action to resolve the discrepancy before the operation continues.",0.0,0.0315,0.1157,0.0655,0.0293,0.0655,0.0655,0.4531,0.5765,0.6573
"A 52-year-old man is brought to the emergency department because of a 2-day history of severe, progressive shortness of breath associated with exacerbation of his chronic cough. He has a 6-week history of pneumonia, which has responded slowly to treatment. Prior to the onset of his current symptoms, he had minimally productive cough and mild shortness of breath after walking one or two blocks. He also has had a low-grade fever for 6 days. He has no other history of serious illness. Current medications are erythromycin and an over-the-counter cough suppressant. He has smoked one pack of cigarettes daily for 20 years. On arrival, he appears ill. He is diaphoretic and in severe respiratory distress. Temperature is 38.1°C (100.6°F), pulse is 110/min, respirations are 36/min and shallow, and blood pressure is 70/50 mm Hg. Pulse oximetry on room air shows an oxygen saturation of 83%. Examination shows perioral cyanosis. There is no jugular venous distention. Diffuse crackles and wheezes are heard throughout the lungs. Heart sounds are normal. While a blood sample is being taken, the patient's blood pressure decreases, and he stops breathing. He is intubated, and mechanical ventilation is begun. Laboratory studies show: Hematocrit: 42% Leukocyte count: 16,000/mm³ Segmented neutrophils: 85% Lymphocytes: 15% Platelet count: 200,000/mm³ Arterial blood gas analysis on an FIO2 of 1.0 shows: pH: 7.35 PCO₂: 42 mm Hg PO₂: 55 mm Hg Chest x-ray shows diffuse alveolar infiltrates bilaterally and no cardiomegaly. Following intravenous administration of fluids, his blood pressure increases to 118/80 mm Hg. Which of the following is the most appropriate next step in management?",Which of the following is the most appropriate next step in management?,"
A. Continuation of mechanical ventilation at the current setting 
B. Administration of cyclophosphamide 
C. Administration of dexamethasone 
D. Extracorporeal membrane oxygenation 
E. Application of positive end-expiratory pressure
",E,E,True,"The patient presents with severe respiratory distress, hypoxemia, and bilateral diffuse alveolar infiltrates on chest x-ray, which are indicative of acute respiratory distress syndrome (ARDS). The patient's condition has rapidly deteriorated, necessitating intubation and mechanical ventilation. Given the severity of the hypoxemia (PaO2 of 55 mm Hg on 100% oxygen), the most appropriate next step in management is to apply positive end-expiratory pressure (PEEP). - Option A (Continuation of mechanical ventilation at the current setting): This is not the best option because the current settings are not adequately managing the patient's hypoxemia. The patient requires a more aggressive approach to improve oxygenation. - Option B (Administration of cyclophosphamide): Cyclophosphamide is an immunosuppressive agent used in the treatment of autoimmune diseases and certain cancers. It is not indicated in the acute management of ARDS. - Option C (Administration of dexamethasone): While corticosteroids can be used in certain respiratory conditions, their use in ARDS is controversial and not universally recommended. The primary focus should be on improving oxygenation and ventilation. - Option D (Extracorporeal membrane oxygenation): ECMO is a life-support treatment that takes over the function of the lungs (and sometimes the heart) to allow the body's organs to rest and recover. While ECMO can be considered in severe cases of ARDS, it is a last resort and not the first step in management. - Option E (Application of positive end-expiratory pressure): PEEP is a critical component of mechanical ventilation in ARDS. It helps to recruit alveoli, reduce shunt, and improve oxygenation. By applying PEEP, the goal is to keep the alveoli open throughout the respiratory cycle, which can significantly improve oxygenation in patients with ARDS. Therefore, the most appropriate next step in management is to apply positive end-expiratory pressure to improve the patient's oxygenation and ventilation.",0.0117,0.0289,0.2315,0.0707,0.0453,0.0707,0.0707,0.4566,0.5707,0.6714
"A 14-year-old boy is brought to the emergency department by his parents 30 minutes after the sudden onset of confusion, sweating, and pallor. He has enuresis treated with imipramine. His parents refilled his prescription for imipramine 3 days ago and noted today that the bottle is empty. On arrival, the patient is awake but confused. Temperature is 37.0°C (98.6°F), pulse is 80/min, respirations are 8/min, and blood pressure is 100/60 mm Hg. Examination shows dilated pupils and flushed skin. In addition to ensuring an adequate airway and establishing intravenous access, which of the following is the most appropriate initial step in management?","In addition to ensuring an adequate airway and establishing intravenous access, which of the following is the most appropriate initial step in management?","
A. Cardiac monitoring 
B. Chest x-ray 
C. Echocardiography 
D. EEG 
E. Measurement of serum imipramine concentration
",A,A,True,"Given the clinical scenario, the patient is likely experiencing an overdose of imipramine, a tricyclic antidepressant (TCA). TCAs are known to cause significant cardiovascular toxicity, including arrhythmias, hypotension, and conduction abnormalities. The patient's symptoms of confusion, sweating, pallor, and the physical examination findings of dilated pupils and flushed skin are consistent with TCA toxicity. A. Cardiac monitoring: This is the most appropriate initial step because TCAs can cause significant cardiac toxicity, including QT interval prolongation, torsades de pointes, and other arrhythmias. Continuous cardiac monitoring is essential to detect and manage any cardiac complications promptly. B. Chest x-ray: This is not the most urgent step in the management of a suspected TCA overdose. While a chest x-ray can be useful in assessing for other causes of respiratory distress or complications, it does not address the immediate cardiovascular risks associated with TCA toxicity. C. Echocardiography: This is not an immediate priority in the management of a TCA overdose. Echocardiography can be useful in assessing cardiac function and structure but is not necessary for the initial stabilization of a patient with suspected TCA toxicity. D. EEG: An EEG is not relevant in the initial management of a TCA overdose. The patient's confusion and altered mental status are more likely due to the central nervous system effects of the overdose rather than a primary neurological disorder that would require an EEG. E. Measurement of serum imipramine concentration: While obtaining a serum imipramine concentration can be useful for confirming the diagnosis and guiding treatment, it is not the most immediate step. The patient's clinical condition and the need to address potential life-threatening complications, such as arrhythmias, take precedence. In summary, the most critical initial step is to ensure the patient's airway is secure, establish intravenous access, and begin cardiac monitoring to detect and manage any cardiac complications that may arise from the TCA overdose.",0.0086,0.051,0.2669,0.1003,0.0475,0.0708,0.0708,0.5071,0.5663,0.6834
"A 65-year-old man with mild hypertension comes to the veterans’ administration outpatient clinic because he is concerned about having an abdominal aortic aneurysm. He says he feels well. His medications are metoprolol and lisinopril. His older brother, who was ""seemingly in good health,"" recently underwent emergency repair of a ruptured abdominal aortic aneurysm that had not been diagnosed previously. The patient retired from the military 15 years ago. He smoked one-half pack of cigarettes daily for 20 years but quit 20 years ago. He is 183 cm (6 ft 0 in) tall and weighs 84 kg (185 lb); BMI is 25 kg/m². Pulse is 72/min and regular, and blood pressure is 140/85 mm Hg. Abdominal examination shows no organomegaly or tenderness to palpation. The aortic pulsation is estimated at 3 cm in width. A midepigastric bruit is heard. The remainder of the examination shows no abnormalities. Which of the following is the most appropriate next step in diagnosis?",Which of the following is the most appropriate next step in diagnosis?,"
A. CT scan of the abdomen and pelvis 
B. Digital angiography of the aorta 
C. Duplex ultrasonography of the abdomen 
D. X-ray of the abdomen 
E. No diagnostic imaging is indicated
",C,C,True,"- C. Duplex ultrasonography of the abdomen: This is the most appropriate next step in the diagnosis of an abdominal aortic aneurysm (AAA). It is non-invasive, widely available, and can accurately measure the size of the aneurysm. The patient's history of a family member with a ruptured AAA and the presence of a midepigastric bruit (which can be indicative of turbulent blood flow through an aneurysm) make this a reasonable and necessary diagnostic step. - A. CT scan of the abdomen and pelvis: While a CT scan can provide detailed images of the aorta and is useful for planning surgical interventions, it is not the first-line imaging modality for screening or diagnosing AAA. It is more invasive (due to the need for contrast dye) and exposes the patient to radiation, making it less ideal as an initial diagnostic tool. - B. Digital angiography of the aorta: This is an invasive procedure that involves catheterization and is typically reserved for cases where more detailed information about the aortic anatomy is needed, such as preoperative planning. It is not indicated as a first-line diagnostic tool for suspected AAA. - D. X-ray of the abdomen: An abdominal X-ray can sometimes show calcifications within an AAA, but it is not a reliable method for diagnosing or measuring the size of an aneurysm. It lacks the specificity and sensitivity required for accurate diagnosis. - E. No diagnostic imaging is indicated: Given the patient's risk factors (family history of AAA, history of smoking, and the presence of a bruit), diagnostic imaging is warranted to rule out the presence of an AAA. Therefore, this option is incorrect. In summary, given the patient's history and physical examination findings, duplex ultrasonography is the most appropriate and effective initial diagnostic test to evaluate for the presence of an abdominal aortic aneurysm.",0.0118,0.0292,0.1608,0.0696,0.0446,0.0633,0.0633,0.4561,0.5654,0.6482
"A 57-year-old man comes to the physician because of a 1-month history of fatigue and moderate low back pain. He also has had a mildly decreased appetite resulting in a 1.8-kg (4-lb) weight loss during this period. He has a 1-week history of headache. He has had no fever, sweating, or chills. He has hypertension well controlled with triamterene-hydrochlorothiazide. Other medications include 81-mg aspirin, ibuprofen, and a daily multivitamin. He appears tired. Examination shows slightly pale conjunctivae. A grade 2/6 systolic flow murmur is heard best at the lower left sternal border. The remainder of the examination shows no abnormalities. Test of the stool for occult blood is negative. Laboratory studies show: Hematocrit: 32% Mean corpuscular volume: 102 μm³ Leukocyte count :9200/mm³ Segmented neutrophils: 66% Bands: 3% Lymphocytes: 31% Platelet count: 325,000/mm3 Red cell distribution width: 15.6% (N=13%–15%) Serum Ca²⁺: 10.8 mg/dL Urea nitrogen: 18 mg/dL Glucose: 108 mg/dL Creatinine: 1.5 mg/dL Albumin: 3 g/dL X-rays of the lumbosacral spine show mild osteopenia. Which of the following is the most appropriate next step in diagnosis?",Which of the following is the most appropriate next step in diagnosis?,"
A. Serum protein electrophoresis 
B. Echocardiography 
C. Bone scan 
D. Colonoscopy 
E. Esophagogastroduodenoscopy
",A,A,True,"The patient's presentation includes fatigue, weight loss, low back pain, and slightly pale conjunctivae, which could suggest anemia or other systemic conditions. The laboratory findings show a hematocrit of 32%, which is low, indicating anemia. The red cell distribution width (RDW) is elevated at 15.6%, suggesting an anemia that is not purely microcytic or macrocytic, but rather mixed or due to a chronic condition. The patient's history of hypertension and the presence of a systolic flow murmur could be related to the anemia, but the most striking feature is the combination of anemia, weight loss, and back pain, which can be indicative of multiple myeloma, a condition characterized by the proliferation of plasma cells in the bone marrow. Serum protein electrophoresis (SPEP) is the most appropriate next step in diagnosis because it can detect the presence of a monoclonal protein (M-protein), which is a hallmark of multiple myeloma. This test can help identify the abnormal proliferation of plasma cells that secrete a single type of immunoglobulin, which is often seen in multiple myeloma and can explain the patient's symptoms and laboratory findings. Option B, echocardiography, is not the most appropriate next step because the systolic flow murmur is likely related to the anemia and does not suggest a specific cardiac pathology that would explain the patient's symptoms. Option C, bone scan, could be useful in diagnosing multiple myeloma, but it is not the first-line test. It is typically ordered after a positive SPEP or if there is a high clinical suspicion of bone involvement, which is not yet established in this case. Option D, colonoscopy, is not indicated because the patient's stool test for occult blood is negative, and there is no history of gastrointestinal symptoms that would suggest a need for this procedure. Option E, esophagogastroduodenoscopy (EGD), is not indicated as there are no symptoms or signs suggesting upper gastrointestinal pathology. Therefore, the most appropriate next step in diagnosis is serum protein electrophoresis to investigate the possibility of multiple myeloma or other plasma cell disorders.",0.0131,0.026,0.2132,0.0618,0.0395,0.0618,0.0618,0.4493,0.5727,0.6663
"A 38-year-old woman, gravida 1, para 1, comes to the office because she has been unable to conceive for the past year. She and her husband have had unprotected sexual intercourse three times weekly during this time. They have a 6-year-old daughter. During the past year, menses have occurred at irregular 90- to 120-day intervals. Her last menstrual period was 2 months ago. Menses previously occurred at regular 30-day intervals. She used an oral contraceptive for 4 years after the birth of her daughter but discontinued it 14 months ago. She has no history of serious illness and takes no medications. The patient appears well. She is 163 cm (5 ft 4 in) tall and weighs 63 kg (140 lb); BMI is 24 kg/m². Vital signs are within normal limits. Examination shows no abnormalities. Results of serum studies are shown: Thyroid-stimulating hormone: 3 μU/mL Follicle-stimulating hormone: 100 mIU/mL Prolactin: 10 ng/mL β-hCG: negative This patient’s diagnosis puts her at risk for which of the following?",Results of serum studies are shown: Thyroid-stimulating hormone: 3 μU/mL Follicle-stimulating hormone: 100 mIU/mL Prolactin: 10 ng/mL β-hCG: negative This patient’s diagnosis puts her at risk for which of the following?,"
A. Breast cancer 
B. Endometrial cancer 
C. Obesity 
D. Osteoporosis 
E. Unplanned pregnancy
",D,D,True,"The patient's diagnosis, based on the provided information, is likely to be premature ovarian insufficiency (POI), also known as premature ovarian failure. This is indicated by the elevated follicle-stimulating hormone (FSH) level (100 mIU/mL), which is significantly above the normal range, and the irregular menstrual cycles. POI is characterized by the loss of normal ovarian function before the age of 40, leading to amenorrhea and infertility. - A. Breast cancer: There is no direct link between POI and an increased risk of breast cancer. In fact, women with POI may have a slightly lower risk of breast cancer due to reduced exposure to estrogen over their lifetime. - B. Endometrial cancer: The risk of endometrial cancer is generally associated with prolonged exposure to unopposed estrogen, which is not typically a feature of POI. Women with POI often have low estrogen levels, which can protect against endometrial cancer. - C. Obesity: The patient's BMI is 24 kg/m², which is within the normal range. There is no indication from the provided information that the patient is at risk for obesity. - D. Osteoporosis: This is the correct answer. Women with POI are at increased risk for osteoporosis due to the lack of estrogen, which is crucial for maintaining bone density. The loss of estrogen can lead to accelerated bone loss, increasing the risk of fractures. - E. Unplanned pregnancy: The patient is trying to conceive but has been unsuccessful, and the β-hCG test is negative, indicating she is not currently pregnant. Given her diagnosis of POI, the likelihood of an unplanned pregnancy is very low. Therefore, the patient's condition puts her at risk for osteoporosis, making D the correct answer.",0.0092,0.0758,0.2971,0.1392,0.0637,0.1013,0.1013,0.534,0.5174,0.6169
"A 27-year-old man comes to the physician because of a 1-month history of progressive fatigue and episodes of moderate abdominal pain. He has a 4-year history of recurrent nosebleeds that have increased in frequency despite undergoing cauterization of the nasal mucosa 6 months ago. He takes no medications. His sister has anemia associated with recurrent nosebleeds and heavy menstrual periods; she also had postpartum hemorrhage that required transfusion. The patient's vital signs are within normal limits. Examination shows pallor; no other abnormalities are noted. Laboratory studies show: Hemoglobin: 7.1 g/dL Erythrocyte count: 2.1 million/mm³ Leukocyte count: 13,500/mm³ Platelet count: 250,000/mm³ Prothrombin time: 12 sec (INR=1) Partial thromboplastin time: 45 sec Which of the following is the most likely diagnosis?","1 million/mm³ Leukocyte count: 13,500/mm³ Platelet count: 250,000/mm³ Prothrombin time: 12 sec (INR=1) Partial thromboplastin time: 45 sec Which of the following is the most likely diagnosis?","
A. Bernard-Soulier syndrome 
B. Glanzmann thrombasthenia 
C. Hemophilia A 
D. Hereditary hemorrhagic telangiectasia 
E. von Willebrand disease
",E,E,True,"- von Willebrand disease (vWD): This is the most likely diagnosis given the patient's history of recurrent nosebleeds, anemia, and a family history of similar symptoms. vWD is an inherited bleeding disorder caused by a deficiency or dysfunction of von Willebrand factor (vWF), which is crucial for platelet adhesion and aggregation. The patient's laboratory findings, particularly the prolonged partial thromboplastin time (PTT), are consistent with vWD, as vWF also stabilizes factor VIII, which is necessary for the intrinsic coagulation pathway. The low hemoglobin and erythrocyte count indicate significant anemia, likely due to chronic blood loss. - Bernard-Soulier syndrome: This is a rare inherited platelet disorder characterized by a deficiency of the glycoprotein Ib-IX-V complex, leading to a defect in platelet adhesion. While it can cause bleeding symptoms, it typically presents with a more severe bleeding tendency and a longer bleeding time, which is not specifically mentioned in the patient's history. Additionally, Bernard-Soulier syndrome is associated with macrothrombocytopenia, which is not indicated by the patient's platelet count. - Glanzmann thrombasthenia: This is another rare inherited platelet disorder characterized by a defect in the glycoprotein IIb/IIIa complex, which is essential for platelet aggregation. It would also present with a severe bleeding tendency, but the patient's platelet count is normal, and there is no specific mention of a prolonged bleeding time, which is a hallmark of Glanzmann thrombasthenia. - Hemophilia A: This is a bleeding disorder caused by a deficiency of factor VIII. While it can present with prolonged PTT, it is typically associated with joint and muscle bleeding, and the patient's history does not suggest these symptoms. Additionally, hemophilia A is usually X-linked and more common in males, but the patient's sister also has symptoms, which is less typical for hemophilia A. - Hereditary hemorrhagic telangiectasia (HHT): This is a genetic disorder characterized by the presence of multiple telangiectasias and arteriovenous malformations, leading to recurrent nosebleeds and gastrointestinal bleeding. While the patient does have recurrent nosebleeds, the laboratory findings, particularly the prolonged PTT, are more indicative of a coagulation factor deficiency rather than the vascular abnormalities seen in HHT.",0.005,0.0473,0.1926,0.0773,0.0415,0.0464,0.0464,0.4497,0.4802,0.5161
"A 37-year-old woman comes to the office for a follow-up examination 3 weeks after testing confirmed a mass in her left breast to be benign. She says that despite the test results, she has had anxiety, insomnia, and a preoccupation with cancer since noticing the lump. Two weeks ago, she had a 20-minute episode of markedly intense anxiety characterized by heart palpitations and the fear that she was dying. She says she has always been a tense, nervous person and is uncomfortable in social situations. She says she frequently worries and is fearful of the future and apprehensive of dying. She has no other history of panic episodes, traumatic events, or serious illness and takes no medications. She does not drink alcohol or use illicit drugs. Physical examination shows a 2-cm mass in the left breast. On mental status examination, she is cooperative but worried. Her thought processes are linear, and content focuses on possible negative eventualities. Which of the following is the most likely diagnosis?",Which of the following is the most likely diagnosis?,"
A. Avoidant personality disorder 
B. Generalized anxiety disorder 
C. Illness anxiety disorder (hypochondriasis) 
D. Persistent depressive disorder (dysthymia) 
E. Social anxiety disorder (social phobia)
",B,B,True,"- Generalized Anxiety Disorder (GAD): This is characterized by excessive, uncontrollable worry about a number of different events or activities, occurring more days than not for at least six months. The patient's symptoms of anxiety, insomnia, and preoccupation with negative eventualities, especially in the context of a history of being a tense and nervous person, align well with GAD. The patient's worry extends beyond the initial breast mass to include a general apprehension about the future and dying, which is indicative of GAD. - Avoidant Personality Disorder: This disorder is characterized by a pervasive pattern of social inhibition, feelings of inadequacy, and sensitivity to rejection, beginning by early adulthood. While the patient does mention being uncomfortable in social situations, the primary focus of her anxiety is not on social interactions but on health concerns and future fears, making this less likely. - Illness Anxiety Disorder (Hypochondriasis): This condition involves excessive fear or belief that one has a serious illness based on misinterpretation of bodily symptoms. Although the patient is preoccupied with the possibility of cancer, the diagnosis of a benign mass and the presence of generalized anxiety symptoms that extend beyond health concerns make this less likely than GAD. - Persistent Depressive Disorder (Dysthymia): This is a chronic form of depression characterized by a depressed mood for most of the day, more days than not, for at least two years. The patient's symptoms do not primarily reflect a depressed mood but rather an excessive worry and anxiety, which are more characteristic of GAD. - Social Anxiety Disorder (Social Phobia): This involves significant fear or anxiety about social situations where the individual might be scrutinized by others. While the patient mentions being uncomfortable in social situations, the primary focus of her anxiety is not on social interactions but on health concerns and future fears, making this less likely than GAD. Given the patient's history of being tense and nervous, her current symptoms of anxiety, insomnia, and preoccupation with negative eventualities, the most fitting diagnosis is Generalized Anxiety Disorder.",0.0,0.0182,0.1222,0.0464,0.0117,0.0464,0.0464,0.3897,0.5379,0.5853
"A 55-year-old man comes to the emergency department because of a 6-hour history of diffuse abdominal pain and subjective fever. His most recent bowel movement 4 hours ago was loose but not bloody. He reports no chills or urinary symptoms. Medical history is remarkable for gastroesophageal reflux disease and alcoholic cirrhosis. Medications are furosemide, spironolactone, lactulose, and pantoprazole. The patient appears uncomfortable. Temperature is 37.8°C (100.0°F), pulse is 88/min, respirations are 14/min, and blood pressure is 104/66 mm Hg. Physical examination shows conjunctival icterus and abdominal distention. Bowel sounds are normal. There is moderate diffuse abdominal tenderness with mild guarding but no rebound tenderness. Results of laboratory studies are shown: Serum ALT: 70 U/L AST: 85 U/L Alkaline phosphatase: 66 U/L Total bilirubin: 3.5 mg/dL Creatinine: 0.6 mg/dL Blood Hematocrit: 39% Hemoglobin: 13.0 g/dL Leukocyte count: 11,300/mm³ Platelet count: 66,000/mm³ Partial thromboplastin time: 39 seconds Prothrombin time: 17.2 seconds Abdominal paracentesis is done, and analysis of the ascitic fluid shows a segmented neutrophil cell count of 288 cells/mm³. Results of blood and ascitic fluid cultures are pending. Which of the following is the most appropriate pharmacotherapy at this time?",Which of the following is the most appropriate pharmacotherapy at this time?,"
A. Cefotaxime 
B. Clindamycin 
C. Metronidazole 
D. Oxacillin 
E. Vancomycin 
F. No pharmacotherapy is indicated at this time
",A,A,True,"The patient's presentation, including abdominal pain, fever, and laboratory findings, suggests a diagnosis of spontaneous bacterial peritonitis (SBP), which is a common complication in patients with cirrhosis and ascites. The ascitic fluid analysis showing a neutrophil count of 288 cells/mm³ supports this diagnosis, as a count of 250 cells/mm³ or more is typically used to diagnose SBP. Given the patient's history of alcoholic cirrhosis and the presence of ascites, the most appropriate initial pharmacotherapy is a broad-spectrum antibiotic that can cover the common pathogens associated with SBP, which are typically gram-negative bacilli, such as Escherichia coli. - Cefotaxime (Option A): This is a third-generation cephalosporin that has good activity against gram-negative bacilli, making it a suitable choice for the empirical treatment of SBP. It is effective against the most common causative organisms of SBP and is administered intravenously, which is appropriate for a patient in the emergency department. - Clindamycin (Option B): This antibiotic is primarily used for anaerobic infections and some gram-positive bacteria. It is not the first-line treatment for SBP, which is predominantly caused by gram-negative bacteria. - Metronidazole (Option C): This is an antibiotic used primarily for anaerobic infections and certain protozoal infections. While it can be used in combination with other antibiotics for SBP, it is not the primary choice for initial monotherapy. - Oxacillin (Option D): This antibiotic is used for treating infections caused by gram-positive bacteria, particularly Staphylococcus aureus. It is not effective against the gram-negative bacteria that are the primary cause of SBP. - Vancomycin (Option E): This is an antibiotic used for severe infections caused by gram-positive bacteria, particularly methicillin-resistant Staphylococcus aureus (MRSA). It is not indicated for the treatment of SBP, which is primarily caused by gram-negative bacteria. - No pharmacotherapy is indicated at this time (Option F): This is incorrect because the patient's clinical presentation and laboratory findings strongly suggest SBP, which requires prompt antibiotic therapy to prevent complications and improve outcomes. Therefore, the most appropriate pharmacotherapy at this time is Cefotaxime, given its efficacy against the likely causative organisms of SBP and its suitability for intravenous administration in an emergency setting.",0.0098,0.0243,0.2047,0.0587,0.0322,0.0587,0.0587,0.4406,0.5714,0.6907
A 45-year-old man is brought to the emergency department because of moderate chest pain after a generalized tonic-clonic seizure 30 minutes ago. He has seizure disorder for which he has taken carbamazepine and phenobarbital for the past 20 years. X-ray of the chest shows generalized osteopenia with several rib fractures. Which of the following is the most likely nutritional deficiency?,Which of the following is the most likely nutritional deficiency?,"
A. Folic acid 
B. Iron 
C. Magnesium 
D. Vitamin B₂ (riboflavin) 
E. Vitamin D 
F. Zinc
",E,E,True,"The patient's presentation includes generalized osteopenia and rib fractures, which are indicative of bone fragility. Among the options provided, vitamin D deficiency is most closely associated with bone health and osteopenia. Vitamin D plays a crucial role in calcium absorption and bone metabolism. Deficiency can lead to reduced bone density and increased risk of fractures. A. Folic acid: While important for various metabolic processes and the prevention of anemia, folic acid deficiency is not directly linked to bone health or osteopenia. B. Iron: Iron deficiency can lead to anemia and fatigue but is not typically associated with bone fragility or osteopenia. C. Magnesium: Magnesium is involved in bone health, but its deficiency is less commonly associated with generalized osteopenia compared to vitamin D deficiency. D. Vitamin B₂ (riboflavin): Riboflavin is essential for energy metabolism and skin health but is not directly linked to bone health or osteopenia. E. Vitamin D: This is the correct answer as vitamin D deficiency is a well-known cause of osteopenia and increased risk of fractures due to its critical role in calcium absorption and bone mineralization. F. Zinc: Zinc is important for immune function and wound healing but is not primarily associated with bone fragility or osteopenia. Given the patient's history of long-term use of anticonvulsants, particularly carbamazepine and phenobarbital, which can interfere with vitamin D metabolism, the likelihood of vitamin D deficiency contributing to the patient's osteopenia and fractures is high.",0.0,0.0223,0.1093,0.0556,0.008,0.0476,0.0476,0.4097,0.5573,0.6136
A 32-year-old man comes to the office because of a 2-day history of redness of the right eye. He has not had sensitivity to light or the sensation of a foreign body in the eye. He has no history of serious illness and takes no medications. Examination of the right eye shows erythema and clear discharge. Examination of the left eye shows no abnormalities. The physician prescribes ketorolac ophthalmic solution. Which of the following is the most appropriate way for the physician to write the prescription?,Which of the following is the most appropriate way for the physician to write the prescription?,"
A. Ketorolac 0.5% solution, 1 drop in right eye, four times daily 
B. Ketorolac .5% solution, 1 drop in right eye QID 
C. Ketorolac 0.5% solution, 1 drop OD four times daily 
D. Ketorolac 0.5% solution, 1 drop OD, QID
",A,D,False,"The prescription for ketorolac ophthalmic solution should be written in a clear and unambiguous manner to ensure proper administration by the patient. Here's why option D is the best choice and why the others are less appropriate: A. ""Ketorolac 0.5% solution, 1 drop in right eye, four times daily"" - While this option is clear and understandable, it is not written in the standard medical shorthand that is commonly used in prescriptions. The use of ""four times daily"" instead of the abbreviation ""QID"" (quater in die, meaning four times a day) is less concise and may be less familiar to pharmacists and patients accustomed to medical shorthand. B. ""Ketorolac .5% solution, 1 drop in right eye QID"" - This option is almost correct but uses a decimal point without a leading zero (.5% instead of 0.5%). In medical prescriptions, it is standard practice to include the leading zero before a decimal point to avoid misinterpretation (e.g., .5 could be misread as 5). C. ""Ketorolac 0.5% solution, 1 drop OD four times daily"" - This option correctly uses the leading zero and the medical shorthand ""OD"" (oculus dexter, meaning right eye), but it mixes the use of ""four times daily"" with the medical shorthand, which is inconsistent and could lead to confusion. D. ""Ketorolac 0.5% solution, 1 drop OD, QID"" - This option is the most appropriate because it uses the correct medical shorthand for both the dosage frequency (""QID"") and the eye to which the medication should be applied (""OD""). It also correctly includes the leading zero before the decimal point, adhering to standard medical prescription writing practices.",0.003,0.0324,0.1836,0.0839,0.0352,0.0769,0.0769,0.4239,0.5371,0.6326
"A 14-year-old girl is brought to the physician by her mother for a well-child examination. Vital signs are within normal limits. On breast examination, the areolae are 3 cm in diameter and form a secondary mound bilaterally. Cardiopulmonary and abdominal examinations show no abnormalities. Pelvic examination shows dark, curly, coarse hair that spreads sparsely over the pubic area but not over the thighs. Which of the following is the most accurate assessment of this patient's development?",Which of the following is the most accurate assessment of this patient's development?,"
A. Pubic Hair Development: Delayed; Breast Development: delayed 
B. Pubic Hair Development: Delayed; Breast Development: normal 
C. Pubic Hair Development: Normal; Breast Development: delayed 
D. Pubic Hair Development: Normal; Breast Development: normal
",D,D,True,"The assessment of pubertal development in females is typically guided by the Tanner stages, which describe the progression of physical changes during puberty. For breast development (thelarche), Tanner stage 2 is characterized by the initial development of breast buds, which are small, firm, and elevated areas of tissue under the areola. The areolae may also become slightly enlarged and may form a secondary mound. In this case, the description of the areolae being 3 cm in diameter and forming a secondary mound bilaterally is consistent with Tanner stage 2, which is considered normal for a 14-year-old girl. Regarding pubic hair development (pubarche), Tanner stage 2 is characterized by the appearance of sparse, long, and slightly pigmented hair that is straight or only slightly curled. The hair is typically confined to the pubic area and does not extend to the thighs. The description of dark, curly, coarse hair that spreads sparsely over the pubic area but not over the thighs is consistent with Tanner stage 2, which is also considered normal for a 14-year-old girl. Therefore, both the breast and pubic hair development described in the patient are consistent with normal pubertal progression for her age. This makes option D the most accurate assessment of the patient's development. Options A and C are incorrect because they suggest that either the breast or pubic hair development is delayed, which is not supported by the given information. Option B is incorrect because it suggests that pubic hair development is delayed, which is not the case based on the description provided.",0.0069,0.0377,0.27,0.0942,0.0511,0.087,0.087,0.4681,0.5911,0.7737
A healthy 19-year-old woman comes to the clinic requesting advice regarding contraception. Menses occur at regular 28-day intervals with heavy flow. She is sexually active and has had three lifetime male partners. She has smoked one-half pack of cigarettes daily for 2 years. She lives in a college dormitory and says that she often does not sleep in her own room and has trouble remembering to take medications regularly. Her only medication is a daily multivitamin. She is 163 cm (5 ft 4 in) tall and weighs 58 kg (128 lb); BMI is 22 kg/m². Vital signs are within normal limits. Physical examination shows no abnormalities. Which of the following is the most appropriate recommendation regarding contraception for this patient?,Which of the following is the most appropriate recommendation regarding contraception for this patient?,"
A. Condoms with spermicidal foam 
B. Diaphragm with spermicidal foam 
C. Oral contraceptive therapy 
D. Subdermal contraceptive implant 
E. Vaginal contraceptive ring
",D,D,True,"- A. Condoms with spermicidal foam: While this method provides protection against sexually transmitted infections (STIs) and is non-invasive, it requires consistent and correct use, which the patient has difficulty with due to her forgetfulness. This makes it a less reliable option for her. - B. Diaphragm with spermicidal foam: Similar to condoms, the diaphragm requires consistent and correct use, which can be challenging for someone who has trouble remembering to take medications regularly. Additionally, it does not protect against STIs as effectively as condoms. - C. Oral contraceptive therapy: This method is highly effective when taken correctly. However, the patient's history of forgetting to take medications regularly makes this a less suitable option. Missing pills can significantly reduce the effectiveness of oral contraceptives. - D. Subdermal contraceptive implant: This is a long-acting reversible contraceptive (LARC) method that is highly effective and does not require daily action by the patient, making it ideal for someone who has trouble remembering to take medications. It also does not interfere with her lifestyle or living situation. - E. Vaginal contraceptive ring: While this method is effective and does not require daily action, it still requires monthly insertion and removal, which might be challenging for someone who has trouble remembering to take medications regularly. Additionally, it does not protect against STIs. Given the patient's lifestyle and her difficulty with remembering to take medications, the subdermal contraceptive implant is the most appropriate recommendation. It provides long-term protection without the need for daily or frequent action, making it a reliable choice for her.",0.0068,0.0338,0.2112,0.0812,0.0297,0.0664,0.0664,0.4467,0.5678,0.6964
"A previously healthy 17-year-old girl comes to the emergency department because of a 3-day history of moderate right lower quadrant pain, fever, and loss of appetite. She has not had abnormal vaginal discharge. Four months ago, she was treated with oral antibiotics for cystitis. She currently takes no medications. Menses occur at regular 28-day intervals. Her last menstrual period was 10 days ago. She has been sexually active with two male partners during the past 6 months and uses condoms inconsistently. Temperature is 38.5°C (101.3°F), pulse is 105/min, respirations are 14/min, and blood pressure is 127/82 mm Hg. Abdominal examination shows tenderness to palpation of the lower quadrants with rebound in the right lower quadrant; there is no distention. Bowel sounds are decreased. Pelvic examination shows blood-tinged discharge from the cervical os and cervical motion tenderness. There is a 5-cm mass in the right adnexal region. Which of the following is the most likely diagnosis?",Which of the following is the most likely diagnosis?,"
A. Appendicitis 
B. Ectopic pregnancy 
C. Ovarian torsion 
D. Pyelonephritis 
E. Tubo-ovarian abscess
",E,E,True,"- A. Appendicitis: While appendicitis can present with right lower quadrant pain, fever, and tenderness, the presence of a mass in the right adnexal region and cervical motion tenderness are not typical findings. Appendicitis usually does not involve the pelvic organs. - B. Ectopic pregnancy: This condition can present with abdominal pain, fever, and vaginal bleeding, especially in a sexually active young woman. However, the patient's last menstrual period was only 10 days ago, which is too early for an ectopic pregnancy to cause significant symptoms. Additionally, the presence of a mass in the adnexa and cervical motion tenderness are more indicative of an infection rather than a pregnancy-related issue. - C. Ovarian torsion: This condition typically presents with sudden onset of severe pain, nausea, and vomiting. While it can cause a mass in the adnexal region, the presence of fever, cervical motion tenderness, and a blood-tinged discharge are more consistent with an infectious process rather than torsion. - D. Pyelonephritis: This condition usually presents with flank pain, fever, and urinary symptoms such as dysuria or hematuria. The patient's history of cystitis and current symptoms do not strongly suggest a urinary tract infection, especially given the pelvic findings. - E. Tubo-ovarian abscess: This is the most likely diagnosis given the patient's history of sexual activity, inconsistent condom use, and the presence of a right adnexal mass, fever, cervical motion tenderness, and blood-tinged discharge. The patient's symptoms and examination findings are consistent with a pelvic inflammatory disease (PID) that has progressed to a tubo-ovarian abscess. The history of previous cystitis and current symptoms of fever, pain, and tenderness are indicative of an infectious process involving the pelvic organs.",0.0062,0.0215,0.1662,0.0552,0.0278,0.0552,0.0552,0.3971,0.5425,0.5757
"A 15-year-old girl is brought to the office because she has never had a menstrual period. She has no history of serious illness and receives no medications. Growth and development are appropriate for age. Breast development began at the age of 10 years. She has never been sexually active. She is at the 90th percentile for height, 75th percentile for weight, and 69th percentile for BMI. Sexual maturity rating is 4 for breast development. Pelvic examination shows a normal-appearing vagina; the cervix and uterus cannot be palpated. Her serum testosterone concentration is 340 ng/dL (N=5–40). Serum concentrations of luteinizing hormone, follicle-stimulating hormone, thyroid-stimulating hormone, 17α-hydroxyprogesterone, and prolactin are within the reference ranges. Serum β-hCG testing is negative. Pelvic ultrasonography shows no uterus. Her karyotype is 46,XY. Which of the following is the most appropriate next step in management?",Which of the following is the most appropriate next step in management?,"
A. Estrogen and progestin therapy 
B. Gonadectomy 
C. Gonadotropin-releasing hormone agonist therapy 
D. Progestin therapy only 
E. No further management is indicated
",B,B,True,"The patient described presents with a condition known as androgen insensitivity syndrome (AIS), which is characterized by a 46,XY karyotype in an individual with female external genitalia and secondary sexual characteristics. The key features in this case include the absence of menstruation, normal breast development, and elevated serum testosterone levels, along with the absence of a uterus on pelvic ultrasonography and a 46,XY karyotype. A. Estrogen and progestin therapy: This is not the correct answer because the primary issue in AIS is the presence of undescended testes, which can pose a risk for malignancy. Hormone replacement therapy is used to support secondary sexual characteristics but does not address the underlying risk of testicular cancer. B. Gonadectomy: This is the correct answer. Given the patient's 46,XY karyotype and the presence of undescended testes (which cannot be palpated and are not visible on ultrasound), there is a significant risk of developing germ cell tumors. Therefore, surgical removal of the testes (gonadectomy) is recommended to prevent this risk. C. Gonadotropin-releasing hormone agonist therapy: This is not the correct answer. While this therapy can be used to suppress the production of androgens, it does not eliminate the risk of testicular cancer and is not a definitive management strategy for AIS. D. Progestin therapy only: This is not the correct answer. Progestin therapy alone would not address the underlying risk of testicular cancer associated with the presence of undescended testes. E. No further management is indicated: This is not the correct answer. Given the risk of testicular cancer in individuals with AIS, no further management would be inappropriate and potentially dangerous. In summary, the most appropriate next step in management for this patient is gonadectomy to remove the undescended testes and reduce the risk of developing testicular cancer.",0.0119,0.0295,0.2386,0.071,0.0519,0.071,0.071,0.4288,0.558,0.6385
"A 50-year-old man returns to the office for a follow-up examination. During the past 2 months, he has had increased blood pressure readings during several checks at the office and at home. He says he has felt well. He has major depressive disorder and gout. Medications are fluoxetine and allopurinol. His maternal grandfather had congestive heart failure and the patient's older brother has hypertension. The patient has smoked one-half pack of cigarettes daily for 32 years. He is 180 cm (5 ft 11 in) tall and weighs 95 kg (210 lb); BMI is 29 kg/m². Pulse is 70/min and blood pressure is 152/90 mm Hg. Physical examination discloses no abnormalities. Which of the following medications is contraindicated in this patient?",Which of the following medications is contraindicated in this patient?,"
A. Amlodipine 
B. Doxazosin 
C. Hydrochlorothiazide 
D. Lisinopril 
E. Metoprolol
",C,E,False,"- Amlodipine (A): This is a calcium channel blocker and is generally well-tolerated. It does not have specific contraindications based on the patient's current medications or conditions. - Doxazosin (B): This is an alpha-blocker used for hypertension and benign prostatic hyperplasia. It is not contraindicated with the patient's current medications or conditions. - Hydrochlorothiazide (C): This is a thiazide diuretic. It is commonly used in the management of hypertension. There are no specific contraindications with the patient's current medications or conditions. - Lisinopril (D): This is an ACE inhibitor. It is used for hypertension and has no specific contraindications with the patient's current medications or conditions. - Metoprolol (E): This is a beta-blocker. While it is commonly used in hypertension, it can potentially worsen depression, which the patient already has (major depressive disorder). Beta-blockers can also mask the symptoms of hypoglycemia, which is not a concern here, but the primary issue is the potential exacerbation of depression. Therefore, given the patient's history of major depressive disorder, Metoprolol is contraindicated or at least requires careful consideration and monitoring if used. Thus, the best answer is E, Metoprolol, due to the potential risk of worsening the patient's depressive symptoms.",0.0,0.0295,0.1462,0.0849,0.0095,0.066,0.066,0.4632,0.583,0.6903
"A 23-year-old woman is brought to the emergency department by her friends 30 minutes after the sudden onset of nausea, facial flushing, and chest pressure while eating at a Thai restaurant. She does not have any known allergies to foods or medications. She had asthma during childhood but has not required treatment for 5 years. On arrival, she is diaphoretic and appears anxious. Temperature is 37.1°C (98.8°F), pulse is 92/min, respirations are 20/min, and blood pressure is 126/68 mm Hg. Pulse oximetry on room air shows an oxygen saturation of 99%. Examination of the neck shows erythema; no masses or nodules are palpated. Cardiopulmonary examination shows no abnormalities. Which of the following is the most likely diagnosis?",Which of the following is the most likely diagnosis?,"
A. Asthma exacerbation 
B. Carcinoid syndrome 
C. Panic attack 
D. Reaction to food additive 
E. Systemic mastocytosis 
F. Thyrotoxicosis
",D,D,True,"- A. Asthma exacerbation: This is unlikely given that the patient has not required treatment for asthma in 5 years and there is no history of recent asthma symptoms. Additionally, the symptoms described (nausea, facial flushing, and chest pressure) are not typical of an asthma exacerbation, which would more commonly present with wheezing, shortness of breath, and coughing. - B. Carcinoid syndrome: This condition is characterized by flushing, diarrhea, and wheezing due to the release of serotonin and other vasoactive substances from carcinoid tumors. However, it typically presents with chronic symptoms rather than an acute onset after a meal, and the patient's history does not suggest a chronic condition. - C. Panic attack: While panic attacks can cause chest pressure, sweating, and anxiety, they are usually not associated with facial flushing and nausea. The patient's symptoms seem more physiological and less psychological, making a panic attack less likely. - D. Reaction to food additive: This is the most likely diagnosis. The sudden onset of symptoms after eating at a Thai restaurant suggests a possible reaction to a food additive, such as monosodium glutamate (MSG), which can cause symptoms like flushing, sweating, and chest pressure. The absence of a known allergy does not rule out a reaction to a food additive. - E. Systemic mastocytosis: This condition involves the accumulation of mast cells in various organs and can cause flushing, pruritus, and gastrointestinal symptoms. However, it is a chronic condition and would not typically present with such an acute onset of symptoms after a meal. - F. Thyrotoxicosis: This condition can cause symptoms such as sweating, palpitations, and anxiety, but it is a chronic condition and would not present with an acute onset of symptoms after a meal. The patient's blood pressure and pulse are within normal limits, which is not typical for thyrotoxicosis.",0.0056,0.0196,0.1547,0.0518,0.0261,0.0518,0.0518,0.4192,0.5428,0.6838
"A 45-year-old woman returns to the office to discuss results of a fine-needle aspiration biopsy of a 0.5-cm right breast mass obtained 1 week ago. She is unaccompanied. Medical history is unremarkable and she takes no medications. Her mother and maternal aunt were diagnosed with breast cancer at the ages of 45 and 52 years, respectively. Physical examination discloses no palpable axillary nodes. The biopsy specimen showed malignant cells. The patient is counseled that she has an excellent chance of cure with lumpectomy and radiation therapy. She adamantly refuses this treatment plan and states that she will try natural therapies, including megavitamins and herbal remedies instead. After exploring the reasons behind the patient's decision, which of the following is the most appropriate response?","After exploring the reasons behind the patient's decision, which of the following is the most appropriate response?","
A. Advise the patient that there is no proof that these alternative therapies work and that she is essentially throwing her life away 
B. Agree to the alternative therapies and schedule a follow-up visit in 6 months 
C. Ask the patient if she would be willing to return to the office in 2 weeks to discuss treatment options again 
D. Inform the patient that she will be referred to another physician based on her treatment decision
",C,C,True,"A. Advising the patient that she is ""throwing her life away"" is not only unprofessional but also counterproductive. Such a statement could alienate the patient and further entrench her in her decision to avoid conventional treatment. Effective communication in healthcare involves empathy and understanding, even when the patient's choices are not aligned with medical advice. B. Agreeing to the alternative therapies without further discussion or follow-up is not appropriate. While respecting the patient's autonomy is crucial, it is also the responsibility of the healthcare provider to ensure that the patient is fully informed about the risks and benefits of her choices. Ignoring the patient's decision to pursue alternative therapies without further discussion could lead to a delay in necessary treatment, potentially worsening the patient's prognosis. C. Asking the patient to return in two weeks to discuss treatment options again is the most appropriate response. This approach allows the healthcare provider to respect the patient's autonomy while also providing an opportunity for further education and discussion. It gives the patient time to reflect on the information provided and possibly reconsider her decision. It also allows the healthcare provider to continue to advocate for evidence-based treatment while respecting the patient's right to make her own decisions. D. Informing the patient that she will be referred to another physician based on her treatment decision is not the best approach. While it is within the rights of a healthcare provider to refer a patient to another physician if they feel they cannot provide the care the patient needs, this should be a last resort. It is important to first attempt to understand the patient's perspective and work towards a mutually agreeable solution. Referring the patient without further discussion could be seen as abandoning the patient and may not be in her best interest.",0.0063,0.0372,0.1988,0.0736,0.0494,0.0675,0.0675,0.5155,0.6014,0.6816
"A 47-year-old woman comes to the office because of a 2-month history of progressive weakness and numbness of her right leg. She has a 3-year history of type 2 diabetes mellitus treated with metformin. She has worked as a stock person in a storeroom for 12 years; she often moves and lifts heavy objects and sometimes crawls into tight spaces. On neurologic examination, muscle strength is 5−/5 in the hip extensor, thigh abductor, hamstring, and gastrocnemius muscles on the right and intact on the left. Muscle strength is intact in the iliopsoas, thigh adductor, quadriceps, and tibial anterior muscles bilaterally. Deep tendon reflexes are 1+ in the right ankle and 2+ in the left ankle. Sensation to light touch is mildly decreased over the lateral and inferior aspects of the right foot. Sensation otherwise is intact. Which of the following is the most likely diagnosis?",Which of the following is the most likely diagnosis?,"
A. Common peroneal neuropathy 
B. Femoral neuropathy 
C. L2 radiculopathy 
D. L4 radiculopathy 
E. Obturator neuropathy 
F. S1 radiculopathy
",F,D,False,"The patient's symptoms and examination findings are most consistent with L4 radiculopathy. Here's a breakdown of why this is the most likely diagnosis and why the other options are less likely: - L4 radiculopathy (D) is characterized by weakness in the hip extensors, knee extensors (quadriceps), and ankle dorsiflexors (tibialis anterior). However, in this case, the patient has intact strength in the quadriceps and tibialis anterior muscles bilaterally, which are innervated by L4. The patient does have weakness in the hip extensors (gluteus maximus), thigh abductors (tensor fasciae latae and gluteus medius), hamstrings (L4 and L5), and gastrocnemius (S1). The sensory deficit over the lateral and inferior aspects of the right foot is also consistent with L4 radiculopathy, as the L4 dermatome includes the lateral aspect of the leg and the dorsum of the foot. The decreased reflex in the right ankle (1+) compared to the left (2+) can be explained by the involvement of the S1 nerve root, which innervates the gastrocnemius muscle. - Common peroneal neuropathy (A) would present with foot drop (weakness in ankle dorsiflexion) and sensory loss over the dorsum of the foot, which is not seen in this patient. - Femoral neuropathy (B) would present with weakness in hip flexion and knee extension, which is not the case here. The patient has intact strength in the quadriceps. - L2 radiculopathy (C) would present with weakness in hip flexion and sensory loss over the anterior thigh, which is not seen in this patient. - Obturator neuropathy (E) would present with weakness in hip adduction, which is not seen in this patient. The patient has intact strength in the adductor muscles. - S1 radiculopathy (F) would present with weakness in ankle plantarflexion and sensory loss over the lateral foot and little toe, which is not the primary presentation here. The patient has weakness in the gastrocnemius, which is innervated by S1, but this is not the primary focus of the symptoms. Given the pattern of weakness and sensory loss, L4 radiculopathy is the most likely diagnosis. The patient's history of lifting heavy objects and sometimes crawling into tight spaces could potentially contribute to the development of a radiculopathy due to mechanical stress on the spinal nerves.",0.0046,0.0161,0.1306,0.0427,0.0268,0.0427,0.0427,0.3423,0.5477,0.6637
