background,question,option,ground_truth,prediction,acc,explanation,bleu4,bleu1,meteor,rouge1,rouge2,rougeL,rougeLsum,bertscore_f1,bertscore_f1_avg_sent,bertscore_f1_max_sent
"A 30-year-old woman comes to the office because of a 3-day history of joint pain in her hands and a rash over her chest and arms that is slowly resolving. The joint pain in her hands has persisted and is exacerbated by writing or typing. She rates the pain as a 3 on a 10-point scale. The patient is a preschool teacher and reports that one of her students had a facial rash and fever 1 week prior to the development of her symptoms. The patient's medical history is unremarkable and her only medication is an oral contraceptive. She is in a monogamous relationship with her husband. She does not smoke cigarettes, drink alcoholic beverages, or use illicit drugs. BMI is 22 kg/m² . Vital signs are temperature 38.1°C (100.5°F), pulse 94/min, respirations 18/min, and blood pressure 107/58 mm Hg. Physical examination discloses a blanching, erythematous, papular rash on the anterior chest and proximal upper extremities. The first and second metacarpophalangeal joints of both hands are tender and swollen. The wrist joints also are tender to palpation but there is minimal swelling. Which of the following microorganisms is most likely to have caused this patient's symptoms?",Which of the following microorganisms is most likely to have caused this patient's symptoms?,"
A. Adenovirus 
B. Borrelia burgdorferi 
C. Coxsackievirus 
D. Ehrlichia chaffeensis 
E. Parvovirus B19
",E,C,False,"The patient's symptoms—joint pain, rash, and a recent exposure to a student with a similar rash and fever—are consistent with several infectious diseases. However, among the given options, the most likely cause based on the clinical presentation is Coxsackievirus. 1. Adenovirus (Option A): While adenoviruses can cause a variety of symptoms including rashes and joint pain, they are less commonly associated with the specific rash described (papular) and the joint involvement seen here. Additionally, adenovirus infections typically present more acutely and do not resolve as slowly as the patient's rash. 2. Borrelia burgdorferi (Option B): This bacterium causes Lyme disease, which presents with a characteristic ""bull's-eye"" rash (erythema migrans) and joint pain. However, the patient's rash is described as blanching, erythematous, and papular rather than the classic bull's-eye pattern, and the joint pain is more persistent and related to activity rather than being localized to a single area like erythema migrans. 3. Coxsackievirus (Option C): This virus is known to cause hand-foot-and-mouth disease, which includes vesicular lesions on the palms, soles, and sometimes the mouth. It can also cause a rash, particularly in children, and can lead to myalgias and arthralgias (joint pain). Given the patient's description of a rash on the chest and arms that is slowly resolving, and the joint pain that persists and is exacerbated by activity, coxsackievirus infection is a strong possibility. 4. Ehrlichia chaffeensis (Option D): This bacterium causes human monocytic ehrlichiosis, which typically presents with fever, headache, myalgias, and a maculopapular rash. The joint pain described by the patient is more consistent with other viral or bacterial infections rather than the specific symptoms of ehrlichiosis. 5. Parvovirus B19 (Option E): This virus can cause erythema infectiosum (fifth disease), characterized by a slapped-cheek appearance and a lacy rash on the trunk and limbs. It can also cause arthritis, but the joint pain described by the patient is more persistent and related to activity, which is more suggestive of a viral infection rather than a parvovirus. Given the patient's clinical presentation, the most likely causative agent is Coxsackievirus, making Option C the best answer.",0.0,0.0191,0.1689,0.0582,0.016,0.0423,0.0423,0.4201,0.548,0.6625
"A 34-year-old woman comes to the office because of a 1-month history of worsening right upper quadrant abdominal pain and discomfort. She describes the pain as a dull ache and says it is not affected by eating or defecating. She has not had nausea or changes in appetite or bowel habits. She feels the pain constantly while she is awake, but it rarely keeps her from sleeping. Acetaminophen provides occasional relief. She has been otherwise healthy. Medical history is unremarkable and her only other medication is an oral contraceptive. Vital signs are normal. Abdominal examination discloses hepatomegaly but no palpable masses or evidence of cirrhosis. Results of liver function tests and serum α-fetoprotein concentration are within the reference ranges. Serologic studies for hepatitis B and C are negative. Ultrasonography of the abdomen shows a 4×4-cm mass in the right lobe of the liver. Which of the following is the most likely diagnosis?",Which of the following is the most likely diagnosis?,"
A. Hepatic adenoma 
B. Hepatocellular cancer 
C. Hydatid cyst 
D. Metastatic ovarian cancer
",A,D,False,"Given the patient's symptoms, physical examination findings, and imaging results, the most likely diagnosis is metastatic ovarian cancer. 1. Right Upper Quadrant Pain: This is a common symptom of ovarian cancer, which often spreads to the liver through the lymphatic system or blood vessels. The pain described by the patient aligns with this pattern. 2. Hepatomegaly: The presence of hepatomegaly (enlarged liver) is consistent with metastatic disease, particularly when it is caused by cancer that originates in the ovaries and spreads to the liver. 3. Ultrasonography Findings: The presence of a 4×4-cm mass in the right lobe of the liver on ultrasonography is highly suggestive of a metastatic lesion. While the mass could be due to other conditions like hepatic adenoma or hepatocellular cancer, the combination of symptoms and imaging findings points more towards metastasis. 4. Other Options: - Hepatic Adenoma (Option A): This is a benign tumor of the liver, typically associated with alcohol consumption or certain medications. It usually presents with acute pain, jaundice, and fever, and does not commonly cause hepatomegaly without other significant liver pathology. - Hepatocellular Cancer (Option B): This is a malignant tumor of the liver cells. While it can present with hepatomegaly, it is less likely to cause right upper quadrant pain that is constant and not relieved by acetaminophen unless there is significant involvement of the liver or biliary system. - Hydatid Cyst (Option C): These are parasitic cysts caused by Echinococcus granulosus. They are rare in developed countries and do not typically present with hepatomegaly or right upper quadrant pain. 5. Additional Supporting Evidence: The patient's history of being otherwise healthy, the absence of significant liver pathology on laboratory tests, and the lack of other typical symptoms of liver disease further support the possibility of metastatic disease rather than primary liver cancer. Therefore, based on the clinical presentation and imaging findings, metastatic ovarian cancer is the most probable diagnosis.",0.0027,0.0189,0.1496,0.0488,0.0307,0.0427,0.0427,0.4179,0.5346,0.6606
"A 12-year-old girl is brought to the emergency department by her mother because of a 1-week history of worsening swelling in her legs. The patient also noticed blood in her urine yesterday. The bleeding has not recurred. She had an upper respiratory tract infection and sore throat 1 week ago that caused her to miss several days of school. Medical history is otherwise unremarkable and she takes no routine medications. Menarche has not yet occurred. BMI is 20 kg/m². Vital signs are temperature 37.0°C (98.6°F), pulse 78/min, respirations 12/min, and blood pressure 136/84 mm Hg. Pulse oximetry on room air shows an oxygen saturation of 100%. Physical examination discloses erythema of the posterior pharynx, mild cervical lymphadenopathy, and 3+ pitting edema to both knees. Results of urinalysis are shown: Protein: 150 mg/dL Blood: Positive Leukocyte esterase: Positive Nitrite: Negative WBCs: 5−10/hpf RBCs: 10−25/hpf Casts:1−2/lpf Results of which of the following laboratory studies are most likely to be abnormal in this patient?",Results of urinalysis are shown: Protein: 150 mg/dL Blood: Positive Leukocyte esterase: Positive Nitrite: Negative WBCs: 5−10/hpf RBCs: 10−25/hpf Casts:1−2/lpf Results of which of the following laboratory studies are most likely to be abnormal in this patient?,"
A. Bleeding time 
B. Erythrocyte count 
C. Serum concentration of C3 
D. Serum IgA concentration 
E. Serum rheumatoid factor assay
",C,C,True,"This patient presents with symptoms consistent with acute glomerulonephritis, which is an inflammation of the glomeruli (the tiny filters in the kidneys) often triggered by an immune response to an infection. Given the clinical presentation, the most likely abnormal laboratory findings would be related to kidney function and inflammation. - A. Bleeding Time: This test measures the time it takes for blood to clot. While bleeding disorders can occur in some cases of glomerulonephritis, the presence of blood in the urine (hematuria) and proteinuria (protein in the urine) are more indicative of kidney involvement rather than bleeding issues. - B. Erythrocyte Count: This test measures the number of red blood cells in the blood. While anemia can occur in severe cases of glomerulonephritis due to reduced kidney function, the erythrocyte count alone is not specific to the condition and does not directly reflect the kidney's filtration function or inflammation status. - C. Serum Concentration of C3: C3 is a component of the complement system, a part of the body's immune system. In cases of acute post-streptococcal glomerulonephritis, there is often a decrease in serum C3 levels as the immune response targets the glomeruli. This is a hallmark finding in this type of glomerulonephritis and is highly suggestive of the diagnosis. - D. Serum IgA Concentration: Elevated IgA levels have been associated with certain types of glomerulonephritis, but the presence of hematuria and proteinuria is more indicative of kidney inflammation rather than just elevated IgA levels. - E. Serum Rheumatoid Factor Assay: This test is used to detect antibodies associated with rheumatoid arthritis. It is not typically used to diagnose glomerulonephritis and would not be expected to show abnormalities in this case. Therefore, the most likely abnormal laboratory study in this patient would be the serum concentration of C3.",0.0,0.0597,0.2311,0.0997,0.0236,0.0704,0.0704,0.4562,0.4779,0.5569
"A 45-year-old woman comes to the office because she has noticed during the past several months that her fingernails have become white, increasingly brittle, and seem to lift off her nail beds easily. During this time, she also has had episodes of feeling warm and perspiring. Medical history is remarkable for intravenous drug use 25 years ago. The patient takes only a multivitamin. Last menstrual period was 3 weeks ago. She appears thin and mildly anxious. She is 170 cm (5 ft 7 in) tall and weighs 48.5 kg (107 lb); BMI is 17 kg/m² . Vital signs are temperature 37.0°C (98.6°F), pulse 106/min, respirations 20/min, and blood pressure 136/92 mm Hg. Physical examination of the hands shows a white discoloration of the nail beds. The remainder of the examination shows no abnormalities. Which of the following is the most likely diagnosis?",Which of the following is the most likely diagnosis?,"
A. Chronic obstructive pulmonary disease 
B. Diabetes mellitus 
C. Endocarditis 
D. Hyperthyroidism 
E. Perimenopause
",D,E,False,"Perimenopause is the transitional phase leading up to menopause, characterized by fluctuating hormone levels, particularly estrogen and progesterone. The symptoms described—white discoloration of the nail beds, increased perspiration, and mild anxiety—are consistent with perimenopausal changes. The patient's thinness and mild anxiety could be attributed to hormonal fluctuations associated with perimenopause. Let's examine why the other options are less likely: A. Chronic obstructive pulmonary disease (COPD): This condition typically presents with chronic cough, sputum production, shortness of breath, and wheezing. It does not usually cause white nail beds or significant changes in nail integrity. B. Diabetes mellitus: While diabetes can cause various complications including skin and nail changes, it is less likely to present with white nail beds and increased perspiration as the primary symptoms. Additionally, the patient's thinness and mild anxiety do not align well with typical diabetic symptoms. C. Endocarditis: This condition involves inflammation of the heart valves and inner lining of the heart chambers. Symptoms include fever, chills, night sweats, fatigue, and sometimes petechiae (small red spots on the skin). White nail beds and increased perspiration are not characteristic of endocarditis. D. Hyperthyroidism: This condition is marked by an overactive thyroid gland, which can lead to symptoms such as weight loss, heat intolerance, and nervousness. However, it does not typically cause white nail beds or significant changes in nail integrity. In conclusion, given the patient's history, physical examination findings, and symptomatology, perimenopause is the most plausible diagnosis among the provided options.",0.0,0.0241,0.1181,0.062,0.0234,0.0465,0.0465,0.4343,0.5466,0.6397
"A 48-year-old man comes to the clinic because of a 10-year history of recurrent, intrusive thoughts that his house will be broken into and damaged by criminals or accidentally destroyed by a fire when he is not home. These thoughts have worsened during the past 2 months. He reports now spending 4 hours daily checking that the doors and windows are closed and locked and that the stove and oven are turned off; he previously spent 2 hours daily doing these tasks. He says he cannot keep a job or leave the house very much because of the amount of time he spends checking these things. He has no other history of serious illness and takes no medications. Physical examination shows no abnormalities. On mental status examination, he has an anxious mood and a sad affect. He is fully oriented. He is not having hallucinations or delusions. The most effective pharmacotherapy for this patient is an agent that targets which of the following neurotransmitters?",The most effective pharmacotherapy for this patient is an agent that targets which of the following neurotransmitters?,"
A. γ-Aminobutyric acid 
B. Dopamine 
C. Glutamate 
D. Norepinephrine 
E. Serotonin
",E,E,True,"The symptoms described in this case suggest obsessive-compulsive disorder (OCD), characterized by recurrent, intrusive thoughts (obsessions) and repetitive behaviors (compulsions). In OCD, there is often a strong association between obsessions and compulsions, such as the fear of harm or contamination. Among the given options, serotonin is the neurotransmitter most commonly targeted in pharmacotherapy for OCD. Selective serotonin reuptake inhibitors (SSRIs) like fluoxetine, sertraline, and paroxetine are first-line treatments for OCD. These medications work by increasing the levels of serotonin in the brain, which can help reduce the severity of obsessions and compulsions. Let's examine why the other options are less suitable: A. γ-Aminobutyric acid (GABA): GABA is primarily involved in inhibiting neuronal activity and is not typically targeted in OCD treatment. While GABAergic mechanisms may play a role in OCD, SSRIs are more directly related to the pharmacological management of the condition. B. Dopamine: Dopamine is involved in reward pathways and motor control but is not the primary target for treating OCD. While some studies suggest a link between dopamine dysregulation and OCD, the current evidence does not support dopamine-targeted therapies as first-line treatment for OCD. C. Glutamate: Glutamate is a major excitatory neurotransmitter in the brain and plays a crucial role in learning and memory. However, glutamatergic agents are not typically used in the treatment of OCD. Instead, they are more relevant to conditions like schizophrenia or certain forms of epilepsy. D. Norepinephrine: Norepinephrine is involved in the regulation of arousal and attention. Although it can influence mood and anxiety, norepinephrine-targeted medications are not commonly used in the treatment of OCD. Instead, selective serotonin reuptake inhibitors (SSRIs) are preferred for their efficacy in managing OCD symptoms. In conclusion, the most effective pharmacotherapy for this patient would likely involve a selective serotonin reuptake inhibitor (SSRI) to target the serotonin system, thereby helping to alleviate the symptoms of OCD.",0.0083,0.0303,0.2448,0.0665,0.0426,0.0483,0.0483,0.5143,0.5775,0.7045
"Researchers from a large neurology center are conducting a study to examine the relationship between stress levels and fibromyalgia-related pain. Two hundred patients with fibromyalgia are randomly selected from the center for participation in the study. During recruitment, a baseline interview is conducted with each participant to obtain sociodemographic and personality data. Participants are given a study-provided portable digital device and asked to maintain a daily schedule of their fibromyalgia pain and stress levels for 30 days using two well-validated and reliable self-reporting scales. Results show a positive and statistically significant relationship between stress levels and fibromyalgia-related pain (P<.05). Similarly, statistically significant relationships were found between Type A personality participants and increased stress levels (P<.01), as well as increased levels of fibromyalgia-related pain (P<.005). Which of the following is the most appropriate method to control for the potential confounding effect of patients with a Type A personality?",Which of the following is the most appropriate method to control for the potential confounding effect of patients with a Type A personality?,"
A. Matching 
B. Post hoc analysis 
C. Randomization 
D. Standardization 
E. Stratification
",E,E,True,"E. Stratification is the most appropriate method to control for the potential confounding effect of patients with a Type A personality in this study. Stratification involves dividing the sample into subgroups based on the variable of interest (in this case, Type A personality) and then analyzing each subgroup separately. This method allows researchers to account for the differences within each subgroup while comparing them to other subgroups. By stratifying the data, researchers can ensure that any observed associations between stress levels and fibromyalgia-related pain are not due to the presence of Type A personality. Let's briefly explain why the other options are less suitable: A. Matching - This method involves pairing subjects who are similar in terms of the confounding variable (Type A personality) but different in terms of the outcome of interest (fibromyalgia-related pain and stress levels). While matching can be effective, it may not always be feasible or practical, especially when dealing with a large number of participants. Additionally, matching does not allow for the analysis of the relationship within each matched group. B. Post hoc analysis - This refers to statistical analyses performed after the initial data collection and analysis. It is not a method for controlling confounders; rather, it is used to explore patterns or relationships that emerge during the analysis. Therefore, post hoc analysis cannot be used to control for Type A personality. C. Randomization - This method involves randomly assigning participants to different groups or conditions. Although randomization helps to balance out known and unknown confounders across groups, it does not specifically address the issue of Type A personality as a confounding factor. Randomization is more about reducing bias rather than controlling for specific variables. D. Standardization - This term is not commonly used in the context of statistical methods for controlling confounders. If it refers to standardizing measurements or scales, it might help in ensuring comparability across different participants, but it does not directly address the issue of Type A personality as a confounding variable. In conclusion, stratification is the most appropriate method for controlling for the potential confounding effect of patients with a Type A personality because it allows for the examination of the relationship between stress levels and fibromyalgia-related pain within and between subgroups defined by Type A personality status.",0.0385,0.0501,0.292,0.1045,0.095,0.0945,0.0945,0.4863,0.605,0.8249
"A 12-year-old boy with sickle cell disease and type 1 diabetes mellitus is brought to the office by his mother for an initial visit. The family recently moved to the area. Type 1 diabetes mellitus was diagnosed in the patient 6 years ago. Since that time, he has been treated with insulin and dietary management. His insulin regimen has not changed during the past year; however, his mother says he has been only marginally compliant with his insulin and dietary regimens. His diabetic diary shows home fingerstick blood glucose concentrations ranging from 140–200 mg/dL during the past 3 months. He admits to checking his glucose concentrations infrequently. Measurement of hemoglobin A1c obtained last week was 5.4%. The patient's vital signs are temperature 36.8°C (98.2°F), pulse 72/min, respirations 24/min, and blood pressure 110/64 mm Hg. Physical examination shows no abnormalities. Which of the following is the most likely explanation for the discrepancy between the patient's home fingerstick blood glucose concentrations and his hemoglobin A1c?",Which of the following is the most likely explanation for the discrepancy between the patient's home fingerstick blood glucose concentrations and his hemoglobin A1c?,"
A. He has iron deficiency anemia 
B. His daily glucose control is better than recorded 
C. His glucometer is reading falsely high and should be replaced 
D. His hemoglobin A1c is likely a result of laboratory error and should be repeated 
E. His sickle cell disease is affecting his hemoglobin A1c
",E,B,False,"Option B is the most likely explanation for the discrepancy between the patient's home fingerstick blood glucose concentrations and his hemoglobin A1c. Here’s a detailed breakdown of why this is the case: - Option A (Iron deficiency anemia): While iron deficiency can affect hemoglobin levels, it does not typically cause a discrepancy between home fingerstick glucose readings and hemoglobin A1c. The patient's hemoglobin A1c level of 5.4% is well within the normal range, suggesting that iron deficiency is unlikely to be the issue. - Option B (His daily glucose control is better than recorded): This is the most plausible explanation given the information provided. The patient's home fingerstick blood glucose concentrations range from 140–200 mg/dL, which is within the target range for type 1 diabetes. However, these values do not reflect the average blood glucose over the past 2-3 months, as measured by the hemoglobin A1c test. If the patient is consistently managing his blood glucose levels well, his home readings would likely be lower than the hemoglobin A1c value, which indicates better overall control. - Option C (His glucometer is reading falsely high and should be replaced): While a malfunctioning glucometer could potentially lead to inaccuracies, the patient's hemoglobin A1c level suggests that the glucometer is functioning correctly. The discrepancy is more likely due to the patient's compliance with his treatment plan rather than a faulty device. - Option D (His hemoglobin A1c is likely a result of laboratory error and should be repeated): Given that the patient's home glucose monitoring is within acceptable ranges, and considering the patient's age and the fact that he has been compliant with his treatment regimen, it is less likely that the hemoglobin A1c result is a laboratory error. Repeated testing might be considered if there were concerns about accuracy, but based on the current data, this is not the most probable explanation. - Option E (His sickle cell disease is affecting his hemoglobin A1c): Sickle cell disease can affect red blood cell survival and hemoglobin levels, but it generally does not directly impact the interpretation of hemoglobin A1c results. The patient's hemoglobin A1c of 5.4% is consistent with good glycemic control, so sickle cell disease is unlikely to be the cause of the discrepancy. In conclusion, the patient's consistent home glucose monitoring within the target range, combined with the low hemoglobin A1c, strongly suggests that his daily glucose control is better than what is reflected in his home readings. This implies that the patient may be underreporting his glucose levels, leading to higher home readings compared to the stable hemoglobin A1c.",0.0353,0.0455,0.1923,0.1034,0.0909,0.0905,0.0905,0.4981,0.6531,0.909
"A 35-year-old man, who has been your patient for the past year, comes to the office to request that a copy of his medical records be sent to another physician in town. The patient has an overdue account balance of $750, which he has not paid for several months. He signs an office form authorizing release of health information and provides the name and address of the other physician to whom he would like the records sent. It is most appropriate to inform this patient of which of the following regarding his request for release of his medical records?",It is most appropriate to inform this patient of which of the following regarding his request for release of his medical records?,"
A. They will be released to his new physician promptly 
B. They will be released when he makes a payment on his account 
C. They will be released when he pays his balance in full 
D. They will be released when his new physician contacts your office and requests them
",A,C,False,"- Option A is incorrect because there is no guarantee that the medical records will be released promptly, especially given the patient's outstanding balance. Medical facilities often have policies that prioritize payment before releasing any patient information. - Option B is incorrect because it implies that the patient must make a payment on his account for the records to be released. This is not typically how medical record releases work; patients can authorize the release of their records even if they owe money. - Option C is the most appropriate choice. When a patient authorizes the release of their medical records, they are generally expected to pay their outstanding balance first. This ensures that the facility is compensated for its services and resources used. Once the balance is paid in full, the medical records can then be released as requested. - Option D is incorrect because it suggests that the new physician must contact the office to request the records. This is not standard practice; patients can authorize the release directly, and the facility should honor that authorization once the balance is settled. Therefore, the most appropriate response to inform the patient about the release of his medical records is that they will be released when he pays his balance in full.",0.0088,0.0739,0.3397,0.1645,0.0524,0.1126,0.1126,0.5004,0.6056,0.7099
"A 47-year-old man is admitted to the intensive care unit because of lower gastrointestinal bleeding. He has a history of alcohol-induced cirrhosis. Physical examination shows marked ascites and splenomegaly; the spleen tip is palpated 4 cm below the left costal margin. Results of laboratory studies are shown: Serum Blood Creatinine 1.5 mg/dL Hematocrit 29% Hemoglobin 9.7 g/dL Platelet count 105,000/mm³ PT 25 seconds INR 2.5 Which of the following mechanisms most increases this patient’s risk for bleeding?",5 Which of the following mechanisms most increases this patient’s risk for bleeding?,"
A. Decreased production of factor VII 
B. Defective platelet aggregation 
C. Deficiency of thrombopoietin 
D. Inhibition of vitamin K epoxide reductase 
E. Splenic sequestration
",A,D,False,"The patient's condition suggests he is at high risk for bleeding due to his underlying liver disease (cirrhosis) and the presence of ascites and splenomegaly. The key mechanism that most increases his risk for bleeding in this scenario is the inhibition of vitamin K epoxide reductase (VKORC1). Option A: Decreased production of factor VII - This is not typically a primary concern in patients with liver cirrhosis unless there is severe hepatic failure. Factor VII levels can be affected in such cases, but it is not the most immediate risk factor for bleeding in this patient. Option B: Defective platelet aggregation - While platelet function can be impaired in patients with cirrhosis, especially those with advanced liver disease, the given hematocrit and hemoglobin levels (29% and 9.7 g/dL respectively) suggest anemia rather than platelet dysfunction as the primary cause of bleeding. Option C: Deficiency of thrombopoietin - Thrombopoietin deficiency would lead to decreased platelet production, which could contribute to bleeding, but it is less likely to be the primary cause given the patient's low platelet count (105,000/mm³). Option D: Inhibition of vitamin K epoxide reductase (VKORC1) - This is the correct answer. Vitamin K is essential for the activation of several coagulation factors, including factors II, VII, IX, and X. In patients with liver cirrhosis, the liver's ability to produce vitamin K-dependent clotting factors is compromised. Additionally, the patient's INR (International Normalized Ratio) of 2.5 indicates a significant degree of vitamin K deficiency, leading to prolonged prothrombin time (PT). This deficiency directly inhibits the activation of these clotting factors, increasing the risk of bleeding. Option E: Splenic sequestration - Splenic sequestration refers to the trapping of blood cells within the spleen, which can lead to anemia. However, it does not directly increase the risk of bleeding from the coagulation cascade. The patient's low platelet count and anemia are more indicative of the effects of liver disease on coagulation factors. In conclusion, the inhibition of vitamin K epoxide reductase (VKORC1) is the most critical mechanism that increases the patient's risk for bleeding in this case.",0.0,0.02,0.1559,0.0658,0.0386,0.0603,0.0603,0.4574,0.6209,0.6946
"A 57-year-old woman comes to the office for a preoperative evaluation 2 weeks before undergoing scheduled laparoscopic cholecystectomy. Medical history is otherwise unremarkable and the patient takes no medications. Family history is significant for stable angina in her father and rheumatoid arthritis in her mother. The patient has a 102-year-old grandmother who resides in a nursing care facility and has Parkinson disease. The patient does not smoke cigarettes or drink alcoholic beverages. During the interview, her face is expressionless. She has a flexed posture and is unable to open her mouth wide. She is 173 cm (5 ft 8 in) tall and weighs 81 kg (179 lb); BMI is 27 kg/m2. Vital signs are normal. Physical examination discloses thickening and hardening of the skin over the dorsum of the hands and forearms, as well as mild kyphosis. Strength testing shows no abnormalities; muscle tension is normal. Passive and active range of motion of the upper extremities is full. Gait is slow and deliberate. The remainder of the physical examination discloses no abnormalities. Prior to surgery, further evaluation is indicated for which of the following conditions in this patient?","Prior to surgery, further evaluation is indicated for which of the following conditions in this patient?","
A. Osteitis deformans (Paget disease) 
B. Parkinson disease 
C. Progressive supranuclear palsy 
D. Sarcopenia 
E. Systemic sclerosis (scleroderma)
",E,D,False,"Sarcopenia is the most appropriate condition to evaluate in this patient given the clinical presentation and risk factors described. 1. Sarcopenia: This is a condition characterized by progressive loss of skeletal muscle mass and strength. The patient's symptoms such as thinning skin over the dorsum of the hands and forearms, flexed posture, inability to open her mouth wide, and slow gait are consistent with sarcopenia. Additionally, the patient's BMI of 27 kg/m², while overweight, is within the range that can be associated with sarcopenia. The lack of other systemic diseases and the absence of other specific neurological or musculoskeletal conditions makes sarcopenia the most likely diagnosis. 2. Osteitis Deformans (Paget Disease): While Paget disease can cause bone deformities and may present with joint pain, it typically does not cause the skin changes observed in this patient. Also, Paget disease usually presents with more severe bone pain and deformity rather than the subtle skin changes seen here. 3. Parkinson Disease: Although the patient’s family history includes Parkinson disease, the patient herself does not exhibit any motor symptoms of Parkinson disease. Her symptoms are more consistent with those of sarcopenia. 4. Progressive Supranuclear Palsy (PSP): PSP is a neurodegenerative disorder that primarily affects the brainstem and basal ganglia. It often presents with vertical gaze palsy, difficulty with eye movements, and cognitive decline. The patient’s symptoms do not align with these features. 5. Systemic Sclerosis (Scleroderma): While scleroderma can cause skin thickening and contractures, it typically involves more widespread involvement of the skin and internal organs. The patient’s symptoms are localized to the upper extremities and do not suggest a systemic disease. Given the patient's presentation and the absence of other systemic diseases, sarcopenia is the most appropriate condition to evaluate prior to surgery. Further evaluation should include a comprehensive geriatric assessment, including muscle strength testing, functional status assessment, and possibly imaging studies if there is concern about underlying bone health.",0.0,0.0299,0.2132,0.0704,0.0413,0.0469,0.0469,0.4782,0.535,0.6598
"A 32-year-old man comes to the office because of a 10-day history of a red rash that has spread over his entire torso. He says the rash is not itchy or painful. He reports having a flu-like illness nearly 5 weeks ago, with associated headache, neck stiffness, muffled hearing, and a canker sore on his tongue. All of these symptoms have resolved without treatment. Additional medical history is unremarkable and he takes no medications. BMI is 18 kg/m². Vital signs are normal. Specific additional history should be obtained to determine whether which of the following has occurred during the past 6 months?",Specific additional history should be obtained to determine whether which of the following has occurred during the past 6 months?,"
A. Blood transfusions 
B. Exposure to toxic chemicals 
C. International travel 
D. Tobacco use 
E. Unprotected sexual intercourse
",E,C,False,"Given the patient's presentation of a widespread rash that appeared 10 days after a flu-like illness with symptoms such as headache, neck stiffness, muffled hearing, and a canker sore on the tongue, the most likely diagnosis is erythema multiforme (EM). This condition often follows an upper respiratory tract infection and can present with a targetoid skin eruption. Let's evaluate each option: A. Blood transfusions - There is no mention of any blood transfusions in the patient's history. While blood transfusions can sometimes cause allergic reactions, they are not typically associated with the specific symptoms described here. B. Exposure to toxic chemicals - The patient does not report any exposure to toxic chemicals. Although toxic chemical exposure can cause various dermatological conditions, the symptoms described do not align well with typical toxic chemical-induced rashes. C. International travel - The patient mentions having a flu-like illness nearly 5 weeks ago, which could have been caused by a viral infection. Given that many viral infections can occur anywhere in the world, international travel is a plausible explanation for the current symptoms. Additionally, some viral infections, like herpes simplex virus (which can cause a canker sore), can recur or manifest differently after initial infection. D. Tobacco use - There is no indication of tobacco use in the patient's history. Smoking or tobacco use is not typically associated with the symptoms of erythema multiforme. E. Unprotected sexual intercourse - The patient does not report any recent unprotected sexual encounters. While sexually transmitted infections can cause rashes, the symptoms described do not align with common STI presentations. Therefore, among the options provided, international travel is the most plausible explanation for the patient's current symptoms, given the timing and nature of the preceding illness.",0.0,0.0184,0.1161,0.0452,0.0065,0.0387,0.0387,0.41,0.495,0.5617
"The nurse at a local elementary school contacts you about 12 children he has seen in the past 2 weeks. All of the children had similar symptoms of nasal congestion, sneezing, nonproductive coughing, and eye irritation. None of the children had fevers. Several teachers and support staff have reported having the same symptoms. No similar outbreaks have been reported in the community. There was a fire in the school several weeks ago with significant smoke and water damage to classrooms, the cafeteria, and the school ventilation system. Repairs were quickly made and classes resumed. The most likely cause for the students' and teachers' symptoms is exposure to which of the following?",The most likely cause for the students' and teachers' symptoms is exposure to which of the following?,"
A. Asbestos 
B. Legionella pneumophila 
C. Mold spores 
D. Mycoplasma pneumoniae 
E. Respiratory syncytial virus
",C,C,True,"Given the symptoms described (nasal congestion, sneezing, nonproductive coughing, and eye irritation), along with the context of recent smoke and water damage to the school's ventilation system, the most likely cause for the students' and teachers' symptoms is exposure to mold spores. Mold spores thrive in damp environments and can grow rapidly after water damage. The recent fire and subsequent repairs could have led to moisture accumulation in the ventilation system, creating an ideal environment for mold growth. Mold spores are known to cause allergic reactions and respiratory issues, which align well with the symptoms observed. Let's examine why the other options are less likely: A. Asbestos - While asbestos can be harmful, it typically causes more severe respiratory issues like chronic bronchitis and lung cancer over long periods. The symptoms described here are acute and not consistent with asbestos exposure. B. Legionella pneumophila - This bacterium causes Legionnaires' disease, which presents with high fever, chills, and pneumonia-like symptoms. The symptoms described do not match those of Legionnaires' disease. C. Mycoplasma pneumoniae - This is a bacterial pathogen that causes atypical pneumonia, characterized by symptoms such as cough, fever, and muscle pain. However, it does not typically cause nasal congestion, sneezing, and eye irritation. E. Respiratory syncytial virus (RSV) - RSV primarily affects infants and young children, causing symptoms like bronchiolitis and pneumonia. It does not typically cause nonproductive coughing and eye irritation in older children and adults. Therefore, considering the context of recent water damage and the specific symptoms presented, mold spores are the most plausible cause for the outbreak.",0.03,0.0528,0.2247,0.1155,0.0873,0.1155,0.1155,0.5196,0.5672,0.7095
"A 20-year-old man comes to the office at the request of his family for an examination 1 day after a motor vehicle accident for which he was at fault. The patient was arrested for the third time after police discovered he had been driving under the influence of alcohol. He has been your patient since early adolescence, and he has a history of truancy, shoplifting, and two attempts to run away from home. He dropped out of high school in his senior year. He was fired from his most recent job because he threatened a coworker with a hammer. He has been unemployed for the past 8 months, and as a result he has many unpaid debts. He seems unconcerned about his current difficulties and has no plans for seeking employment or paying his debts. Despite these facts, you find the patient charming and interactive, and he conveys a sincere intention to change his behavior. Which of the following is the most likely diagnosis?",Which of the following is the most likely diagnosis?,"
A. Antisocial personality disorder 
B. Borderline personality disorder 
C. Conduct disorder 
D. Narcissistic personality disorder 
E. Schizotypal personality disorder
",A,A,True,"Given the patient's history of antisocial behaviors such as driving under the influence, multiple arrests, dropping out of high school, unemployment, and lack of concern for his current difficulties, the most likely diagnosis is Antisocial Personality Disorder (APD). Antisocial Personality Disorder is characterized by a pervasive pattern of disregard for and violation of the rights of others that begins in childhood or early adolescence and continues into adulthood. This includes a lack of empathy, deceitfulness, impulsivity, aggressiveness, and a general disregard for social norms and laws. While the other options also present characteristics that could be relevant to the patient's situation, they do not fit as well: - Borderline Personality Disorder (BPD) involves intense emotional instability, unstable relationships, and a fear of abandonment. The patient does not exhibit the typical symptoms of BPD. - Conduct Disorder (CD) involves repetitive and persistent patterns of behavior in which the basic rights of others or major age-appropriate norms are violated. While the patient has a history of antisocial behavior, CD typically manifests before age 18, and the patient is now 20 years old. - Narcissistic Personality Disorder (NPD) involves grandiosity, need for admiration, and a lack of empathy. The patient's lack of concern for his own problems and his unconcern about his current difficulties suggest more of a disregard for others rather than narcissistic traits. - Schizotypal Personality Disorder (SPD) involves odd beliefs or perceptions, social isolation, and eccentric behavior. The patient's interactions seem normal and he is described as charming and interactive, which does not align with the schizotypal presentation. Therefore, based on the patient's extensive history of antisocial behavior and disregard for societal norms, Antisocial Personality Disorder is the most appropriate diagnosis.",0.0031,0.0215,0.1639,0.0548,0.0345,0.0479,0.0479,0.4285,0.537,0.6073
"A 45-year-old man comes to the office for an initial appointment because he would like you to fill out and sign a legal document at the request of his attorney. The patient works as a limousine driver. He states that he is filing a lawsuit against the limousine company that employs him because he developed post-traumatic stress disorder following a motor vehicle collision. He appears irritable and tense as he provides his history. He relays his symptoms by reading them aloud from a written list. At this time, which of the following is the most appropriate approach toward confirming the underlying diagnosis of this patient?","At this time, which of the following is the most appropriate approach toward confirming the underlying diagnosis of this patient?","
A. Administer amobarbital and then interview the patient 
B. Ask the patient to provide a narrative with detailed description of the incident and of his symptoms 
C. Interview the patient under hypnosis 
D. Interview the patient while paying close attention to his willingness to make eye contact 
E. Tell the patient he is exhibiting behaviors that are suggestive of malingering and see how he responds
",B,B,True,"Option B (Ask the patient to provide a narrative with detailed description of the incident and of his symptoms) is the most appropriate approach towards confirming the underlying diagnosis of this patient. This method allows for a comprehensive understanding of the patient's experience and symptoms, which can be crucial in diagnosing post-traumatic stress disorder (PTSD). It encourages the patient to share their story in their own words, which can help uncover details that might not be apparent through a more structured interview. Option A (Administer amobarbital and then interview the patient) is incorrect because amobarbital is a sedative-hypnotic drug that could potentially mask symptoms rather than help diagnose PTSD. It is not a standard diagnostic tool and should not be used in this context. Option C (Interview the patient under hypnosis) is also incorrect. While hypnosis can sometimes be useful in uncovering repressed memories or traumatic events, it is not typically used as a primary diagnostic tool for PTSD. Moreover, the patient's current state of irritability and tension suggests that hypnosis might not be advisable due to potential adverse effects on his mental health. Option D (Interview the patient while paying close attention to his willingness to make eye contact) is not the most effective approach for diagnosing PTSD. Eye contact alone does not provide sufficient information about the patient's symptoms or experiences. Additionally, the patient's current demeanor may be influenced by his emotional state rather than his willingness to engage in eye contact. Option E (Tell the patient he is exhibiting behaviors that are suggestive of malingering and see how he responds) is inappropriate and unethical. It could lead to a defensive response from the patient and undermine the therapeutic relationship. Furthermore, malingering is a complex issue that requires careful assessment and should not be assumed based on a single interaction. In summary, Option B is the most appropriate approach as it allows for a thorough exploration of the patient's symptoms and experiences, which is essential for accurately diagnosing PTSD.",0.0165,0.0464,0.2804,0.0894,0.0618,0.0782,0.0782,0.5217,0.6147,0.7294
"A 39-year-old woman comes to the office because of gradually increasing shortness of breath while doing her usual household activities. She also reports fatigue, a feeling of heaviness in her chest with exertion, trouble sleeping, and the very recent onset of a rapid heart beat and fluttering in her chest. She says, ""I was always sick as a child."" She does not smoke cigarettes, and she is not currently taking any medications other than occasional aspirin. Her father died of a myocardial infarction at age 55 years. She is married and has two teenaged children. She did have some shortness of breath at the end of her second pregnancy. Physical examination today shows a thin woman with an irregular pulse of 130/min. Thyroid gland is normal to palpation. There is a prominent diastolic rumble heard best over the apical area of her heart. Lungs are clear; there is no hepatomegaly or pretibial edema. Which of the following is the most helpful diagnostic study at this time?",Which of the following is the most helpful diagnostic study at this time?,"
A. Chest x-ray 
B. ECG 
C. Serum anti-streptolysin O titer 
D. Serum C-reactive protein concentration 
E. Serum thyroid-stimulating hormone (TSH) concentration
",B,B,True,"- ECG (Option B): This is the most helpful diagnostic study at this time. The patient's symptoms—gradually increasing shortness of breath, fatigue, chest heaviness, and palpitations—are highly suggestive of heart disease, particularly given her family history of premature coronary artery disease. An ECG can help identify signs of ischemia, arrhythmias, or other cardiac conditions that might be causing her symptoms. The presence of a prominent diastolic rumble over the apex of the heart could indicate left ventricular dysfunction or mitral regurgitation, both of which are consistent with heart failure. - Chest X-ray (Option A): While useful for evaluating overall lung function and cardiac size, it may not provide specific information about the underlying cause of her symptoms. It can rule out other causes of shortness of breath such as pulmonary embolism or chronic obstructive pulmonary disease but is less likely to pinpoint the exact cardiac issue. - Serum Anti-Streptolysin O Titer (Option C): This test is used to detect past streptococcal infections, which can sometimes lead to rheumatic fever and subsequent heart valve damage. However, the patient’s symptoms do not strongly suggest a recent streptococcal infection, and the absence of current symptoms makes this test less relevant. - Serum C-Reactive Protein Concentration (Option D): This marker of inflammation can be elevated in various conditions including heart disease, but it is not specific enough to diagnose the underlying condition. Elevated CRP levels alone would not confirm the presence of heart disease or its severity. - Serum Thyroid-Stimulating Hormone (TSH) Concentration (Option E): This test evaluates thyroid function and is not directly related to the patient's cardiac symptoms. Elevated TSH levels could indicate hypothyroidism, but they do not address the cardiac issues described. Given the patient's symptoms and family history, an ECG is the most appropriate initial diagnostic tool to evaluate her cardiac health and determine the nature and extent of her condition.",0.017,0.031,0.1623,0.0729,0.055,0.0547,0.0547,0.4746,0.566,0.7306
"A 10-year-old boy with a traumatic brain injury sustained during infancy is examined in the nursing care facility where he resides because he has had no urine output during the past 24 hours. During the past 4 days, he has had decreasing urine output, intermittent fever, rhinorrhea, and cough. As a result of his brain injury, the patient has severe developmental delay and a seizure disorder. He is fed orally, but he is nonverbal and nonambulatory. Medications are levetiracetam, docusate, and multivitamins. The patient is 131 cm (4 ft 2 in; 10th percentile) tall and weighs 26 kg (57 lb; 10th percentile). BMI is 14 kg/m² (10th percentile). Vital signs are temperature 38.8°C (101.8°F), pulse 80/min, respirations 25/min, and blood pressure 110/80 mm Hg. Pulse oximetry on room air shows an oxygen saturation of 95%. The patient appears thin. He is awake and is not in apparent distress. He is responsive to touch. Auscultation of the lungs discloses scattered coarse crackles and rhonchi but good air entry and normal work of breathing. Results of laboratory studies are shown: Serum Blood Urea nitrogen 78 mg/dL Creatinine 3.2 mg/dL Na+ 131 mEq/L K+ 5.6 mEq/L Cl− 88 mEq/L HCO³ −16 mEq/L Urine Specific gravity 1.030 (N=1.003–1.029) Creatinine 90 mg/dL Na+ 8 mEq/L Hematocrit 37% Hemoglobin 12.5 g/dL WBC 12,000/mm3 Neutrophils, segmented 60% Lymphocytes 40% Platelet count 250,000/mm3 Which of the following is the most likely cause of this patient's altered kidney function?","5 g/dL WBC 12,000/mm3 Neutrophils, segmented 60% Lymphocytes 40% Platelet count 250,000/mm3 Which of the following is the most likely cause of this patient's altered kidney function?","
A. Acute tubular necrosis 
B. Decreased intravascular volume 
C. Medication-related interstitial nephritis 
D. Neurogenic bladder 
E. Pyelonephritis
",B,D,False,"Neurogenic bladder is the most likely cause of this patient's altered kidney function. Given the patient's history of a traumatic brain injury sustained during infancy, which resulted in severe developmental delay and a seizure disorder, it is reasonable to suspect that the neurogenic bladder could be contributing to the renal dysfunction. - Acute Tubular Necrosis (ATN): While ATN can occur due to various causes such as sepsis, ischemia, or nephrotoxic medications, the clinical presentation and laboratory findings do not strongly suggest ATN. The presence of pyuria (abnormal white blood cells in the urine) would be more indicative of ATN. - Decreased Intravascular Volume: This condition typically presents with decreased urine output, but the patient’s serum creatinine and blood urea nitrogen levels are elevated, suggesting significant renal impairment rather than just a decrease in intravascular volume. - Medication-Related Interstitial Nephritis: Although some medications can cause interstitial nephritis, the patient's current medications (levetiracetam, docusate, and multivitamins) do not directly suggest this as the cause. Additionally, the patient's renal function is already compromised, making this less likely. - Pyelonephritis: While pyelonephritis can cause renal impairment, the patient's symptoms (fever, rhinorrhea, cough) are more consistent with a respiratory infection rather than a urinary tract infection. Furthermore, the patient's renal function is more indicative of a systemic issue rather than a localized infection. - Neurogenic Bladder: Given the patient's history of a traumatic brain injury leading to developmental delay and seizure disorder, neurogenic bladder is a plausible cause of the renal impairment. Neurogenic bladder can lead to urinary retention, which can cause back pressure in the kidneys, leading to impaired kidney function. The patient's inability to void and the presence of urinary tract symptoms (rhinorrhea, cough) suggest a possible neurogenic bladder issue. The patient's altered kidney function, along with the presence of neurogenic bladder symptoms, makes neurogenic bladder the most likely cause of the renal impairment.",0.0223,0.0388,0.2314,0.0857,0.069,0.0686,0.0686,0.4437,0.5339,0.6315
"A 27-year-old man comes to the office with his wife because of a recent episode of loss of muscle control. He says, ""I was at a reception, someone told a joke, and when I laughed, my legs collapsed!"" His wife says that he recovered in a few seconds and he did not lose consciousness. He has a long history of sleepiness and he is able to go to sleep quickly. He usually awakens feeling refreshed after a short nap. He has no history of similar episodes or hallucinations. There is no family history of similar problems. Vital signs are normal. Physical examination shows no abnormalities. Which of the following is the most likely diagnosis?",Which of the following is the most likely diagnosis?,"
A. Narcolepsy 
B. Primary hypersomnia 
C. A seizure disorder 
D. Sleep paralysis 
E. Vasovagal syndrome
",A,D,False,"Sleep paralysis (SP) is the most likely diagnosis for this patient based on the symptoms described. The patient's experience of sudden loss of muscle control while laughing, which resolved quickly without loss of consciousness, aligns closely with the classic symptomatology of sleep paralysis. Sleep paralysis occurs during the transition between wakefulness and sleep, typically when falling asleep (hypnagogic) or waking up (hypnopompic). During these episodes, an individual may feel like they cannot move their body or limbs, often accompanied by feelings of pressure on the chest, hallucinations, and fear. In some cases, the individual might experience a sense of being aware of their surroundings but unable to speak or move. Given the patient's history of sleepiness and ability to fall asleep quickly, it suggests a predisposition to rapid transitions between wakefulness and sleep, which is common in individuals with narcolepsy. However, the absence of other narcolepsy-related symptoms such as cataplexy (sudden loss of muscle tone triggered by strong emotions), excessive daytime sleepiness, or sleep attacks makes narcolepsy less likely. Primary hypersomnia, characterized by excessive daytime sleepiness without the typical features of narcolepsy, does not fit the presentation here. The patient’s quick recovery from the episode and lack of any other sleep-related issues further rule out primary hypersomnia. Vasovagal syndrome involves fainting due to a reflex response to pain, fear, or emotional stress. While it can cause temporary weakness, it does not typically involve the sudden loss of muscle control and the resolution within seconds, making it an unlikely diagnosis. Seizure disorders, including epilepsy, do not typically present with the specific symptoms of sudden muscle weakness and awareness of surroundings without movement, although they can cause similar symptoms if the seizure affects the muscles. Given the patient's lack of history of seizures or similar episodes, this is less likely. Therefore, sleep paralysis is the most plausible diagnosis given the patient's symptoms and the context provided.",0.0056,0.0194,0.0985,0.0485,0.0244,0.0424,0.0424,0.4055,0.5489,0.6702
A study is being conducted to assess mesothelioma in shipyard workers. A large shipyard firm has provided the asbestos exposure records of all employees during the past 50 years. The health insurer for the workers has provided claims data that documents all chest x-rays and diagnoses of mesothelioma among current workers and retirees. The study enrolled shipyard workers who were diagnosed with mesothelioma and shipyard workers who were not diagnosed with mesothelioma. All subjects in the study had to have chest x‐rays. Which of the following is the best rationale for selecting a comparison group that had chest x-rays?,Which of the following is the best rationale for selecting a comparison group that had chest x-rays?,"
A. Address confounding 
B. Demonstrate causality 
C. Minimize ascertainment bias 
D. Reduce recall bias
",C,C,True,"Minimizing ascertainment bias is the best rationale for selecting a comparison group that had chest x-rays. Option A: Addressing Confounding While it's true that confounding variables can be addressed through statistical methods such as stratification, matching, or regression analysis, the primary purpose of having a comparison group that had chest x-rays is not specifically to address confounding. Confounding variables are factors that influence both the exposure and the outcome, and they need to be accounted for to ensure accurate assessment of the relationship between asbestos exposure and mesothelioma. Having a comparison group that had chest x-rays does not inherently help in controlling for these confounders; rather, it provides a more direct comparison of asbestos exposure history. Option B: Demonstrate Causality Demonstrating causality requires a much stronger level of evidence than what can be provided by simply comparing those with and without mesothelioma. While the study aims to establish an association between asbestos exposure and mesothelioma, demonstrating causality would require additional rigorous experimental designs or longitudinal studies that control for various confounding factors. Simply having a comparison group that had chest x-rays does not provide enough information to definitively establish causality. Option C: Minimize Ascertainment Bias Ascertainment bias occurs when the way cases (in this case, mesothelioma patients) are identified and included in the study affects the results. If only those with chest x-rays are included in the comparison group, it ensures that the comparison group is representative of the general population of workers who had chest x-rays. This helps minimize ascertainment bias because it reduces the risk that the comparison group is biased towards individuals who might have been more likely to receive chest x-rays due to other factors unrelated to asbestos exposure. For example, if workers with mesothelioma were more likely to have received chest x-rays, then the comparison group would be less representative of the overall population of workers, leading to potential biases in the study findings. Option D: Reduce Recall Bias Recall bias arises when participants' recollection of past events (such as asbestos exposure) is inaccurate. While having a comparison group that had chest x-rays could potentially reduce recall bias, it is not the primary reason for selecting this group. Recall bias is more commonly addressed through prospective studies where exposures are recorded before symptoms appear, or through detailed medical records that document past exposures accurately. In this retrospective study design, the primary concern is ensuring that the comparison group is comparable to the exposed group in terms of exposure history, which is better achieved by including those who had chest x-rays. In conclusion, the best rationale for selecting a comparison group that had chest x-rays is to minimize ascertainment bias, thereby ensuring that the study results are more reliable and valid.",0.0202,0.0302,0.2381,0.0701,0.058,0.066,0.066,0.4294,0.6418,0.8358
"An 88-year-old man with osteoarthritis is brought to the office by his daughter because of a 2-day history of severe low back pain and inability to walk. He says he has not fallen and does not recall any trauma to his back. Five years ago, he underwent bilateral hip replacement. His pain and mobility improved following the operation but have worsened during the past year. He now is most comfortable using a wheelchair for ambulation but is able to ambulate for short distances with a walker and assistance. One year ago, carcinoma of the prostate was diagnosed, but he declined therapy and said, ""I'm an old man. When my time comes, I want to die. Just keep me as comfortable as you can."" Vital signs today are temperature 36.6°C (97.9°F), pulse 88/min, respirations 16/min, and blood pressure 188/66 mm Hg. The patient is grimacing with pain and holding his lower back. Palpation discloses point tenderness over L3 through L4, and S1. X-rays of the lumbosacral spine show lytic lesions and compression fracture. The patient refuses additional diagnostic studies. The daughter fears that her father will be ""abandoned"" if he is not evaluated for additional treatment. Which of the following is the most appropriate next step in response to the daughter's concern?",Which of the following is the most appropriate next step in response to the daughter's concern?,"
A. Explain the daughter's concerns to the patient and persuasively present the advantages of further evaluation 
B. Explain to the daughter that no significant treatment will result from further testing and recommend having a home health nurse 
C. Obtain consultation with an oncologist to assess the patient's need for further testing 
D. Reassure the daughter and recommend hospice care consultation 
E. Reassure the daughter and recommend transfer of the patient to an assisted living facility
",D,D,True,"Option D is the most appropriate next step in response to the daughter's concern. Here’s a detailed breakdown of why this is the best choice: 1. Reassurance and Support: Given the patient's advanced age and the fact that he has already expressed a desire to avoid further medical interventions, it would be more compassionate and supportive to reassure the daughter rather than pressuring her father into additional tests or treatments. This approach respects the patient's wishes and maintains his dignity. 2. Hospice Care Consultation: Since the patient has been diagnosed with prostate cancer and is experiencing severe pain, hospice care could be beneficial. A hospice care consultation can help the family understand the options available, including pain management, symptom control, and emotional support. Hospice care focuses on providing comfort and quality of life for patients who are terminally ill, which aligns well with the patient's stated preference for being as comfortable as possible. 3. Avoiding Additional Tests: While the patient has lytic lesions and compression fractures on the X-rays, these findings are consistent with metastatic prostate cancer. Further diagnostic tests such as bone scans, CT scans, or MRI might not change the clinical picture significantly and could cause unnecessary anxiety. Additionally, the patient has already declined therapy for his prostate cancer, so there may be little to gain from additional testing. 4. Option B (Recommend Home Health Nurse): Although a home health nurse can provide palliative care and manage symptoms, it does not address the underlying issue of the patient's pain and the need for comprehensive care. It also doesn't provide the reassurance and support that the daughter is seeking. 5. Option C (Consultation with Oncologist): While an oncologist can provide guidance on managing the cancer-related symptoms, the patient has already declined active treatment. An oncologist's involvement at this stage would likely focus on palliation rather than curative measures, which is consistent with the patient's wishes. 6. Option E (Assisted Living Facility): Transferring the patient to an assisted living facility would be premature given the current state of his health and the fact that he is still ambulatory with some assistance. It would also remove him from the familiar environment where he receives care from his daughter. In conclusion, Option D, recommending a hospice care consultation, is the most appropriate next step as it addresses the patient's needs while respecting his wishes and providing the necessary support for both the patient and the daughter.",0.0199,0.0307,0.2098,0.0739,0.0603,0.06,0.06,0.4831,0.5704,0.8565
"A 23-year-old man comes to the office because of a 7-day history of fever, crampy abdominal pain, and diarrhea. He says the abdominal pain worsens with oral intake. He has been having 8 to 10 episodes of diarrhea daily. He has not traveled recently and has had no sick contacts. Medical history is unremarkable and he takes no medications. He does not smoke cigarettes, drink alcoholic beverages, or use illicit drugs. He is not sexually active. Vital signs are temperature 38.3°C (101.0°F), pulse 118/min, respirations 18/min, and blood pressure 108/58 mm Hg. Bowel sounds are hyperactive. The abdomen is diffusely tender to palpation; no masses are palpated. Neither the liver edge nor the spleen can be palpated. Digital rectal examination shows grossly bloody stool. A stool culture is obtained, and empiric pharmacotherapy is initiated. Which of the following microorganisms is the most likely cause of this patient's condition?",Which of the following microorganisms is the most likely cause of this patient's condition?,"
A. Campylobacter jejuni 
B. Candida albicans 
C. Enterovirus 
D. Giardia lamblia
",A,A,True,"Campylobacter jejuni is the most likely cause of this patient's condition based on the symptoms described. Here’s why: 1. Fever, Abdominal Pain, and Diarrhea: These are common symptoms associated with Campylobacter jejuni infection. The patient reports a 7-day history of fever, crampy abdominal pain, and diarrhea, which aligns well with Campylobacter symptoms. 2. Gastrointestinal Symptoms: The patient experiences diarrhea, which is often bloody in cases of Campylobacter jejuni infection. Bloody stools are also noted during the digital rectal examination. 3. Tender Abdomen: The patient's abdomen is described as being diffusely tender to palpation, which is consistent with gastrointestinal inflammation caused by Campylobacter jejuni. 4. Hyperactive Bowel Sounds: This finding suggests increased peristalsis, which is typical in patients with gastroenteritis due to Campylobacter jejuni. 5. No Recent Travel or Sick Contacts: The absence of recent travel and sick contacts rules out some other causes like Salmonella or Shigella, which are more commonly associated with international travel or exposure to sick individuals. 6. Negative for Other Common Causes: Given that the patient has no history of recent travel or sick contacts, and considering the clinical presentation, it is less likely to be caused by pathogens such as Candida albicans (which typically causes fungal infections), Enterovirus (which usually causes viral gastroenteritis), or Giardia lamblia (which causes giardiasis). Campylobacter jejuni is a gram-negative bacterium that is one of the leading causes of bacterial gastroenteritis worldwide. It is transmitted through contaminated food or water and is known for causing severe diarrhea, often with bloody stools, along with fever and abdominal pain. The incubation period is typically 2-5 days, which fits the timeline of the patient's symptoms. Given these points, Campylobacter jejuni is the most probable cause of the patient's condition.",0.0179,0.0325,0.2191,0.0844,0.0654,0.0714,0.0714,0.4782,0.5621,0.7688
"A 23-year-old man comes to the office because of a 7-day history of fever, crampy abdominal pain, and diarrhea. He says the abdominal pain worsens with oral intake. He has been having 8 to 10 episodes of diarrhea daily. He has not traveled recently and has had no sick contacts. Medical history is unremarkable and he takes no medications. He does not smoke cigarettes, drink alcoholic beverages, or use illicit drugs. He is not sexually active. Vital signs are temperature 38.3°C (101.0°F), pulse 118/min, respirations 18/min, and blood pressure 108/58 mm Hg. Bowel sounds are hyperactive. The abdomen is diffusely tender to palpation; no masses are palpated. Neither the liver edge nor the spleen can be palpated. Digital rectal examination shows grossly bloody stool. A stool culture is obtained, and empiric pharmacotherapy is initiated. Results of the stool culture show growth of Campylobacter jejuni. The patient returns to the office 3 weeks later. He reports total resolution of his fever and gastrointestinal symptoms after completion of prescribed ciprofloxacin therapy, but he has had pain and swelling of his left knee during the past 3 days. The pain worsens with weight bearing. He rates the pain as a 6 on a 10-point scale. Vital signs are temperature 37.1°C (98.8°F), pulse 78/min, respirations 16/min, and blood pressure 112/58 mm Hg. Physical examination discloses erythema and warmth of the left knee with marked synovitis. Direct palpation and flexion of the knee elicit pain. Which of the following is the most appropriate diagnostic study to determine the cause of this patient's symptoms?",Which of the following is the most appropriate diagnostic study to determine the cause of this patient's symptoms?,"
A. Blood cultures 
B. CD4+ T-lymphocyte count 
C. Human leukocyte antigen-B27 assay 
D. Serum rheumatoid factor assay 
E. Stool culture
",C,C,True,"Given the patient's history of Campylobacter jejuni infection and subsequent development of painful and swollen knee joint, the most appropriate diagnostic study to determine the cause of this patient's symptoms would be the Human leukocyte antigen-B27 (HLA-B27) assay. 1. Blood Cultures (Option A): While blood cultures could potentially detect any residual bacterial infection, they are less likely to be the primary diagnostic tool for diagnosing reactive arthritis, which is often associated with HLA-B27 positivity. 2. CD4+ T-lymphocyte count (Option B): This test is typically used in HIV/AIDS patients to assess immune function. It is not relevant to diagnosing reactive arthritis caused by Campylobacter jejuni. 3. Human leukocyte antigen-B27 Assay (Option C): Reactive arthritis, also known as Reiter's syndrome, is strongly associated with HLA-B27 positivity. This genetic marker helps in identifying individuals who are at risk for developing reactive arthritis after an episode of infectious arthritis or urethritis. Given the patient's history of Campylobacter jejuni infection and the presence of synovitis, the HLA-B27 assay would be highly informative. 4. Serum Rheumatoid Factor Assay (Option D): Rheumatoid factor is more commonly associated with rheumatoid arthritis rather than reactive arthritis. It is not specific to Campylobacter jejuni infection or reactive arthritis. 5. Stool Culture (Option E): Although the initial stool culture was positive for Campylobacter jejuni, it is not directly related to the current symptoms of knee pain and swelling. The stool culture result is from the previous infection and does not explain the new symptoms. Therefore, the HLA-B27 assay is the most appropriate diagnostic study to determine the cause of the patient's symptoms.",0.0363,0.0523,0.3516,0.1224,0.1027,0.1156,0.1156,0.4779,0.5482,0.7917
"A 46-year-old woman, gravida 1, para 1, comes to the office because of a 2-week history of black discharge from her right nipple. The patient had mammography and ultrasonography of the breasts 2 months ago for evaluation of increased glandularity, palpated in the upper outer quadrant of the right breast, noted at her most recent annual examination. The studies showed likely benign findings with recommended follow-up in 6 months. Medical history is otherwise unremarkable and she takes no medications. BMI is 30 kg/m2 . Vital signs are normal. Palpation of the right breast discloses glandularity in the upper outer quadrant but no other masses. There is scant, black discharge from the right nipple. Which of the following is the most appropriate next step in diagnosis?",Which of the following is the most appropriate next step in diagnosis?,"
A. Ductography 
B. Excisional biopsy of glandular tissue 
C. Repeat mammography 
D. Repeat ultrasonography of the right breast 
E. No further workup is indicated
",A,A,True,"A. Ductography is the most appropriate next step in this scenario. Given that there is a history of black discharge from the right nipple and the patient has already undergone mammography and ultrasonography which did not reveal any significant abnormalities, ductography can help identify the source of the discharge. This procedure involves injecting contrast dye into the milk ducts and then taking X-rays to visualize them. It can help determine if the discharge originates from a duct and can be used to guide a subsequent biopsy if necessary. B. Excisional biopsy of glandular tissue is not the most appropriate initial step. While it could potentially provide more definitive information about the nature of the discharge, it is invasive and would only be considered after ruling out less invasive options like ductography. C. Repeat mammography is not indicated as the discharge is not related to the findings from the previous mammogram. Mammography is primarily used to detect breast cancer and changes in the breast tissue, and the current symptoms do not suggest a need for a repeat mammogram. D. Repeat ultrasonography of the right breast is also not indicated. The previous ultrasonography was performed two months ago and did not show any significant findings. Since the current symptoms are related to the nipple discharge rather than a mass or abnormality detected on ultrasound, repeating the ultrasound would not be the most relevant next step. E. No further workup is indicated is incorrect because the patient's symptoms require further investigation to determine the cause of the discharge. While the previous imaging studies were negative, the presence of black discharge warrants additional diagnostic steps to ensure proper management. Therefore, ductography is the most appropriate next step in this case.",0.013,0.0289,0.2473,0.0667,0.047,0.0667,0.0667,0.4663,0.6026,0.7245
"A physician is conducting a retrospective review of a trial involving the use of Drug X in patients with a specific disease. It is known that Drug X is associated with an increased probability of cancer in patients who use the drug. A total of 600 individuals with a specific disease were included in the trial. Of the participants, 200 individuals received Drug X and 400 individuals did not receive it. One hundred individuals who received Drug X died of a particular type of cancer and 100 individuals who did not receive the drug died of the same type of cancer. Based on these data, which of the following is the relative risk of death from this type of cancer in individuals who take Drug X as compared with individuals who do not take Drug X?","Based on these data, which of the following is the relative risk of death from this type of cancer in individuals who take Drug X as compared with individuals who do not take Drug X?","
A. Individuals who take Drug X have an equal risk of dying from this type of cancer 
B. Individuals who take Drug X have four times the risk of dying from this type of cancer 
C. Individuals who take Drug X have three times the risk of dying from this type of cancer 
D. Individuals who take Drug X have two times the risk of dying from this type of cancer 
E. The risk for dying cannot be determined from the data
",D,B,False,"To determine the relative risk of death from this type of cancer in individuals who take Drug X as compared with those who do not take Drug X, we need to calculate the risk ratio (also known as the odds ratio) based on the given data. First, let's summarize the data: - Total number of individuals: 600 - Number of individuals receiving Drug X: 200 - Number of individuals not receiving Drug X: 400 - Number of individuals who died of the specific type of cancer and received Drug X: 100 - Number of individuals who died of the specific type of cancer and did not receive Drug X: 100 Relative Risk (RR) is calculated as the ratio of the risk of death among those who took Drug X to the risk of death among those who did not take Drug X. Risk of death among those who took Drug X = Number of deaths among those who took Drug X / Number of individuals who took Drug X = 100 / 200 = 0.5 Risk of death among those who did not take Drug X = Number of deaths among those who did not take Drug X / Number of individuals who did not take Drug X = 100 / 400 = 0.25 Relative Risk (RR) = Risk of death among those who took Drug X / Risk of death among those who did not take Drug X = 0.5 / 0.25 = 2 This means that individuals who take Drug X have twice the risk of dying from this type of cancer compared to those who do not take the drug. Therefore, the correct answer is B: Individuals who take Drug X have two times the risk of dying from this type of cancer.",0.0607,0.1013,0.4311,0.2025,0.1656,0.1646,0.1646,0.5403,0.6817,0.8106
"A 23-year-old woman is brought to the emergency department by her friend because of headache, vomiting, and diarrhea that developed rapidly 6 hours ago. She also has had associated fever, chills, generalized muscle pain, and diffuse rash. The patient previously was healthy and has had no known exposure to anyone who has been ill. Medical history is unremarkable and her only medication is an oral contraceptive. She is currently menstruating. She does not smoke cigarettes or use illicit drugs. She drinks one to two alcoholic beverages weekly. She is disoriented to person, place, and time. Vital signs are temperature 39.2°C (102.6°F), pulse 114/min, respirations 26/min, and blood pressure 82/44 mm Hg. Pulse oximetry on oxygen at 2 L/min via nasal cannula shows an oxygen saturation of 90%. Examination of the skin shows diffuse macular erythema. Lungs are clear to auscultation. Cardiac examination discloses normal heart sounds and no murmur. Bowel sounds are hypoactive. Results of laboratory studies are shown: Serum Blood ALT: 164 U/L Hemoglobin: 16.4 g/dL AST: 130 U/L WBC 14,300/mm³ with left shift Urea nitrogen: 57 mg/dL Platelet count 52,000/mm3 Creatinine 2.2 mg/dL Can you provide me a diagnosis for this case? Given your diagnosis, a response to which of the following choices below is the most likely cause of this patient's condition?","Given your diagnosis, a response to which of the following choices below is the most likely cause of this patient's condition?","
A. Bacterial endotoxin 
B. Bacterial exotoxin 
C. Immunoglobulin E antibody 
D. Immunoglobulin G antibody 
E. Viral capsid 
F. Viral coat
",B,B,True,"Given the patient's symptoms of rapid onset headache, vomiting, diarrhea, fever, chills, generalized muscle pain, and diffuse rash, along with the laboratory findings such as elevated liver enzymes (ALT and AST), elevated white blood cell count with left shift indicating a possible infection, and other systemic signs like hypotension, it is highly suggestive of a severe systemic infection. Option A (Bacterial endotoxin) and Option B (Bacterial exotoxin) both point towards a bacterial infection. The presence of a diffuse rash, fever, chills, and muscle pain strongly suggests a sepsis-like syndrome, which can be caused by various bacteria. Elevated liver enzymes (ALT and AST) and elevated white blood cells with left shift further support a bacterial infection, as these markers often indicate an inflammatory response to bacterial toxins. Option C (Immunoglobulin E antibody) and Option D (Immunoglobulin G antibody) are typically associated with allergic reactions or autoimmune conditions, not with the symptoms described here. Option E (Viral capsid) and Option F (Viral coat) suggest viral infections, but the symptoms do not align well with those commonly seen in viral illnesses. While some viral infections can cause fever, rash, and gastrointestinal symptoms, they are less likely to present with such a severe systemic illness and elevated liver enzymes without other typical viral patterns. Therefore, based on the clinical presentation and laboratory findings, the most likely cause of this patient's condition is a bacterial infection, making Option B (Bacterial exotoxin) the most appropriate choice.",0.0175,0.0588,0.3403,0.1283,0.0684,0.1057,0.1057,0.469,0.5526,0.6761
"A 68-year-old man comes to the office because of a 4-week history of increasing stiffness in his shoulders and upper arms. He is an avid golfer and has been unable to play in the morning because of the stiffness. He says that the stiffness is somewhat improved in the afternoon. He also has felt fatigued and sometimes ""headachy and feverish."" Medical history is significant for arthritis in his knees treated with acetaminophen, which has not relieved his shoulder and arm pain, and hyperlipidemia treated with pravastatin. He is a retired radiologist. Vital signs are temperature 37.7°C (99.8°F), pulse 76/min, respirations 18/min, and blood pressure 145/80 mm Hg. There is no tenderness in the shoulder girdle, and range of motion is normal bilaterally. The remainder of the physical examination discloses no abnormalities. Results of additional laboratorystudies are shown: Serum Blood Creatine kinase 88 U/L Hematocrit 36% Hemoglobin 12.0 g/dL WBC 8600/mm3 ESR 88 mm/h Which of the following is the most significant risk factor for the development of this patient's condition?",0 g/dL WBC 8600/mm3 ESR 88 mm/h Which of the following is the most significant risk factor for the development of this patient's condition?,"
A. Age 
B. Gender 
C. History of osteoarthritis 
D. Previous occupation 
E. Use of pravastatin
",A,E,False,"The use of pravastatin is the most significant risk factor for the development of this patient's condition. Pravastatin is a statin medication used to lower cholesterol levels. Statins can cause myopathy, which includes conditions such as rhabdomyolysis (a serious condition where muscle cells break down and release their contents into the bloodstream). Rhabdomyolysis can lead to elevated creatine kinase levels, which is what was found in the laboratory studies (Serum Blood Creatine kinase 88 U/L). While age, gender, and history of osteoarthritis may contribute to the patient's symptoms, they are not the primary risk factors based on the information provided. The patient's previous occupation as a radiologist does not directly correlate with the specific condition described. Fatigue and occasional headaches and fever could be related to the fatigue from the shoulder and arm pain but do not indicate a significant risk factor for the elevated creatine kinase levels. Therefore, the use of pravastatin is the most significant risk factor for the development of the patient's condition.",0.0546,0.0914,0.3935,0.1809,0.1421,0.1608,0.1608,0.5489,0.577,0.6647
"A 16-month-old girl is brought to the emergency department by emergency medical technicians because of a generalized tonic-clonic seizure that began 25 minutes ago and has continued despite administration of 0.5 mg/kg rectal diazepam 10 minutes ago. The patient was at home at the time of the seizure. In the emergency department, she is given an additional 0.5 mg/kg dose of diazepam intravenously and the convulsion terminates. Within 2 minutes, her oxygen saturation drops to 75% and she appears cyanotic. Respirations are 10/min and shallow. She receives bag-valve-mask ventilation, followed by intubation and mechanical ventilation. Medical history is unremarkable. She takes no medications. Temperature is 39.1°C (102.5°F). Which of the following is the most likely underlying cause of the patient's respiratory insufficiency?",Which of the following is the most likely underlying cause of the patient's respiratory insufficiency?,"
A. Airway occlusion 
B. Encephalitis 
C. Medication-induced suppression of central respiratory drive 
D. Meningitis 
E. Ongoing nonconvulsive seizure activity
",C,C,True,"The most likely underlying cause of the patient's respiratory insufficiency in this scenario is medication-induced suppression of central respiratory drive. Here's the reasoning for each option: A. Airway occlusion - While airway obstruction can lead to respiratory failure, it is less likely in this case since the patient had a generalized tonic-clonic seizure and received rectal diazepam, which would typically relax muscles and open the airway. Additionally, the patient's oxygen saturation dropped to 75% within 2 minutes after the seizure, suggesting a rapid onset of respiratory compromise, which is more consistent with central rather than obstructive issues. B. Encephalitis - Although encephalitis can cause seizures and respiratory distress, it is not typically associated with immediate and severe respiratory failure. The rapid onset of respiratory insufficiency suggests a more acute issue affecting the respiratory center directly. C. Medication-induced suppression of central respiratory drive - Diazepam, when administered intravenously, can suppress the central respiratory drive, leading to respiratory depression. This is a plausible explanation for the patient's respiratory insufficiency, especially considering the rapid onset and severity of the respiratory failure. D. Meningitis - Meningitis can cause seizures and respiratory distress, but it usually presents with other symptoms such as fever, neck stiffness, and altered mental status. The absence of these symptoms makes meningitis less likely in this context. E. Ongoing nonconvulsive seizure activity - Nonconvulsive seizures can be associated with respiratory issues, but they typically do not present with such a rapid and severe respiratory failure. The patient's history of a generalized tonic-clonic seizure and the rapid onset of respiratory insufficiency suggest a more immediate and direct effect on the respiratory system. Given the clinical presentation and the mechanism of action of diazepam, the most likely cause of the patient's respiratory insufficiency is medication-induced suppression of central respiratory drive.",0.0183,0.0393,0.2603,0.094,0.0694,0.0878,0.0878,0.4804,0.6269,0.7784
"A 32-year-old woman comes to the emergency department because of a 3-day history of fatigue and postural light- headedness. She also reports nausea with one episode of vomiting this morning and adds that her stools and urine have been darker than usual lately. Medical history is significant for stage III-B Hodgkin lymphoma. She started the first cycle of chemotherapy 8 days ago. Additional medications include ferrous gluconate, hydrocodone, and prochlorperazine. She is currently receiving 0.9% saline at 75 mL/hr. Vital signs today are temperature 37.5°C (99.5°F), pulse 76/min supine and 80/min standing, respirations 16/min, and blood pressure 125/65 mm Hg supine and 120/60 mm Hg standing. Pulse oximetry on room air shows an oxygen saturation of 94%. Lungs are clear to auscultation. Cardiac examination discloses a soft systolic murmur at the left upper sternal border. There is no hepatosplenomegaly or tenderness on abdominal examination. Rectal examination discloses no masses. Stool is black and test for occult blood is negative. Results of laboratory studies are shown: Blood Urine Hematocrit 24% Specific gravity 1.032 (N=1.010–1.025) WBC 2400/mm3 Bilirubin Negative Platelet count 78,000/mm3 RBC Negative Which of the following is the most likely explanation for the patient's current condition?","025) WBC 2400/mm3 Bilirubin Negative Platelet count 78,000/mm3 RBC Negative Which of the following is the most likely explanation for the patient's current condition?","
A. Adverse effect of medications 
B. Bone marrow metastases 
C. Gastrointestinal blood loss 
D. Hemodilution 
E. Hemolytic anemia
",A,D,False,"The patient's condition can be explained by hemodilution, which is the dilution of blood due to excessive fluid intake or loss of plasma volume. This is the most likely explanation given the patient's symptoms and laboratory findings. 1. Hemodilution: The patient's hematocrit level is 24%, which is significantly lower than normal (typically around 40-50%). This indicates that there has been a substantial dilution of her blood, possibly due to excessive fluid intake or loss of plasma volume. Her blood urea nitrogen (BUN) and creatinine levels would typically be elevated in cases of hemodilution, but these were not mentioned in the provided data. However, the hematocrit level alone is a strong indicator of hemodilution. 2. Adverse Effect of Medications: While the patient is taking ferrous gluconate (iron supplement) and prochlorperazine (anti-nausea medication), there is no specific mention of adverse effects from these medications that could explain the current condition. Hydrocodone (painkiller) does not typically cause such hematological changes. 3. Bone Marrow Metastases: Although Hodgkin lymphoma can lead to bone marrow involvement, the hematological parameters do not suggest bone marrow metastases. The low hematocrit and platelet count are more consistent with hemodilution rather than bone marrow infiltration. 4. Gastrointestinal Blood Loss: The patient’s stool being black and the occult blood test being negative suggest no gastrointestinal bleeding. Additionally, the absence of hepatosplenomegaly or tenderness on abdominal examination further rules out gastrointestinal issues. 5. Hemolytic Anemia: While hemolytic anemia can cause low hematocrit, it usually presents with other symptoms like jaundice, dark urine, and often splenomegaly. The patient's liver function tests and bilirubin levels are not mentioned, so we cannot definitively rule out hemolytic anemia based on the available information. Given the patient's recent chemotherapy and the presence of hemodilution as indicated by the hematocrit level, the most plausible explanation for her current condition is hemodilution.",0.0057,0.0394,0.2464,0.1062,0.0534,0.0708,0.0708,0.478,0.4983,0.58
"A male neonate, who was born at 36 weeks' gestation 2 hours ago in the labor and delivery unit of the hospital, now shows signs of respiratory difficulty. The mother, an 18-year-old primigravid woman, smoked one pack of cigarettes daily throughout her pregnancy. She received prenatal care during most of the pregnancy. One episode of chlamydial cervicitis was detected during the last trimester and treated with azithromycin. The neonate was born via cesarean delivery due to fetal heart rate decelerations. The amniotic fluid was stained with light particulate meconium. Apgar scores were 9 and 9 at 1 and 5 minutes, respectively. The patient is 50 cm (20 in; 50th percentile) long and weighs 3005 g (6 lb 10 oz; 50th percentile); head circumference is 35 cm (14 in; 50th percentile). The infant's vital signs now are temperature 36.6°C (97.8°F), pulse 150/min, and respirations 70/min. Pulse oximetry on room air shows an oxygen saturation of 95%. Physical examination discloses mild subcostal and intercostal retractions. Chest x-ray shows prominent pulmonary vascular markings and fluid in the intralobar fissures. Which of the following diagnoses is most likely and explain your rationale on each choice?",Which of the following diagnoses is most likely and explain your rationale on each choice?,"
A. Chlamydial pneumonia 
B. Group B streptococcal sepsis 
C. Meconium aspiration syndrome 
D. Respiratory distress syndrome 
E. Transient tachypnea of newborn
",E,C,False,"Meconium Aspiration Syndrome (MAS) is the most likely diagnosis for this neonate given the clinical presentation and history. Here’s why: 1. History and Presentation: - The neonate was born via cesarean section due to fetal heart rate decelerations. - The amniotic fluid was stained with light particulate meconium, which is indicative of meconium-stained amniotic fluid (MSAF). - The neonate showed signs of respiratory difficulty, including subcostal and intercostal retractions, and prominent pulmonary vascular markings on chest X-ray. 2. Chlamydial Cervicitis: - While the neonate has a history of chlamydial cervicitis, it is not directly linked to the current respiratory symptoms. Chlamydia can cause neonatal conjunctivitis but does not typically lead to respiratory distress unless complicated by secondary infections. 3. Group B Streptococcal Sepsis: - Group B Streptococcus (GBS) is a common cause of neonatal sepsis, but it is less likely to present with the specific signs of MAS such as meconium-stained amniotic fluid and respiratory distress. 4. Respiratory Distress Syndrome (RDS): - RDS is characterized by respiratory distress that usually occurs in preterm infants after birth, often within the first few days of life. It is not associated with meconium-stained amniotic fluid or the specific signs of MAS. 5. Transient Tachypnea of Newborn (TTN): - TTN is a condition where the neonate experiences tachypnea (rapid breathing) and crackles on auscultation, but it is not typically associated with meconium-stained amniotic fluid or the specific signs of MAS. 6. Chlamydial Pneumonia: - Chlamydial pneumonia is a possibility, but it is less likely than MAS given the neonate's age and the presence of meconium in the amniotic fluid. Additionally, the neonate's respiratory symptoms would be more consistent with the immediate effects of meconium aspiration rather than a chronic infection like pneumonia. In conclusion, the combination of meconium-stained amniotic fluid, respiratory distress, and the characteristic findings on chest X-ray strongly support the diagnosis of Meconium Aspiration Syndrome.",0.0,0.0193,0.0881,0.0485,0.0061,0.0424,0.0424,0.3913,0.4987,0.5795
"A 26-year-old woman comes to the office 1 day after she passed bloody mucus with her stool. She noticed mild abdominal cramping and some constipation preceding the episode; she has not had diarrhea or melanotic stools. She has not had any exposure to unusual or poorly kept food or to any known infectious agents. She says she has been under considerable stress because she is anticipating the defense phase of her PhD thesis soon. Her only medication is acetaminophen for occasional headaches. Her father had colon cancer and died at age 48 years from metastatic disease. She recalls being told that an aunt died of an unknown abdominal tumor. The patient's temperature is 37.6°C (99.6°F), pulse is 90/min, respirations are 18/min, and blood pressure is 110/74 mm Hg. Abdomen is mildly distended, nontympanitic, and tender to palpation only in the right lower quadrant. There is no rebound tenderness or guarding. Pelvic examination shows no masses or mucosal lesions. Rectal examination elicits pain and bloody mucus. Which of the following is the most appropriate diagnostic study?",Which of the following is the most appropriate diagnostic study?,"
A. Colonoscopy 
B. Esophagogastroduodenoscopy 
C. Lower gastrointestinal barium study 
D. Ultrasonography of the appendix 
E. Upper gastrointestinal barium study with small-bowel follow-through
",A,A,True,"Given the patient's symptoms of bloody mucus in the stool, abdominal cramping, and tenderness in the right lower quadrant, along with a family history of colon cancer, the most appropriate initial diagnostic study would be a colonoscopy. 1. Colonoscopy: This procedure allows direct visualization of the entire large intestine, including the rectum and sigmoid colon. It can identify polyps or other abnormalities that may be causing bleeding. Given the patient's family history of colon cancer and the presence of rectal bleeding, a colonoscopy is crucial to rule out colorectal pathology, such as polyps or early-stage cancer. 2. Esophagogastroduodenoscopy (EGD): This procedure examines the upper digestive tract, including the esophagus, stomach, and duodenum. While it can detect issues like ulcers or inflammation, it does not address the lower gastrointestinal tract where the bleeding is originating from. 3. Lower Gastrointestinal Barium Study: This study involves the ingestion of barium, which outlines the large intestine on X-rays. However, it is less sensitive than colonoscopy for detecting small polyps or early-stage cancers. Additionally, it cannot be performed if there is active bleeding, which could make the results misleading. 4. Ultrasonography of the Appendix: Appendicitis is often associated with right lower quadrant pain and tenderness, but this imaging modality is not specific enough to diagnose the cause of bleeding in the lower gastrointestinal tract. Moreover, appendicitis is less likely given the absence of fever, leukocytosis, and the presence of rectal bleeding. 5. Upper Gastrointestinal Barium Study with Small-Bowel Follow-Through: This study evaluates the upper gastrointestinal tract and part of the small intestine. It is not suitable for diagnosing the cause of rectal bleeding, as it does not examine the lower gastrointestinal tract. In summary, a colonoscopy is the most comprehensive and accurate initial diagnostic tool for evaluating the lower gastrointestinal tract, especially considering the patient's symptoms and family history.",0.0,0.0227,0.1099,0.0559,0.0312,0.0435,0.0435,0.4155,0.5337,0.6084
"A 15-year-old girl is brought to the office by her parents because of a 2-month history of progressively worsening gait disturbance. She has fallen several times, once striking her head and causing a brief loss of consciousness. Her parents state that she has had behavioral changes during this time. Medical history is remarkable for asthma treated with a corticosteroid inhaler as needed. Family history is remarkable for multiple sclerosis in a maternal aunt, parkinsonism in her paternal grandfather, and cancer in several paternal relatives, including a grandmother who died from a hemangioblastoma. Vital signs are normal. The patient is awake and alert, but she avoids eye contact and will not answer questions. Auscultation of the lungs discloses expiratory wheezing. Cardiac and abdominal examinations disclose no abnormalities. She has mild bilateral papilledema. Her stance and gait are wide-based, and she is unable to perform a tandem walk. Toxicology screening of the urine is positive for marijuana and cocaine metabolites. Which of the following is the most likely initial working diagnosis?",Which of the following is the most likely initial working diagnosis?,"
A. Cerebellar tumor 
B. Drug-related ataxia 
C. Epidural hematoma 
D. Juvenile-onset parkinsonism 
E. Multiple sclerosis
",A,B,False,"Given the clinical presentation and the available information, drug-related ataxia (option B) appears to be the most likely initial working diagnosis. 1. Behavioral Changes: The patient's behavioral changes, along with the inability to answer questions, suggest possible cognitive impairment or altered mental status, which can be seen in drug intoxication. 2. Gait Disturbance and Tandem Walk Failure: These symptoms are consistent with ataxia, which is a disorder characterized by impaired coordination and balance. Ataxia can be caused by various factors, including substance use disorders. 3. Papilledema: This finding suggests increased intracranial pressure, which could be due to a variety of causes, including brain tumors, hydrocephalus, or other intracranial lesions. However, it is also a common side effect of certain medications, particularly those that cause vasodilation or have a direct effect on the optic nerve. 4. History of Asthma and Use of Corticosteroids: The patient's history of asthma and use of a corticosteroid inhaler as needed does not directly correlate with the symptoms described, but it is important to consider any potential side effects of these medications. 5. Family History: While the family history includes multiple sclerosis, parkinsonism, and cancer, none of these conditions typically present with the specific symptoms described. The presence of a maternal aunt with multiple sclerosis and a paternal grandfather with parkinsonism does not rule out drug-induced ataxia, especially given the current symptoms. 6. Urine Toxicology Screening: The positive results for marijuana and cocaine metabolites strongly support the idea that the patient is under the influence of these substances, which can lead to ataxia and other neurological symptoms. 7. Expiratory Wheezing: This finding is more indicative of respiratory issues such as asthma, which might be exacerbated by substance use, but it does not directly explain the gait disturbance or the neurological symptoms. While cerebellar tumors (option A) can cause ataxia, they are less likely given the absence of significant neurological deficits that would be expected with a large tumor. Epidural hematoma (option C) typically presents with sudden onset of neurological deficits, often with a history of trauma, which is not mentioned here. Juvenile-onset parkinsonism (option D) is rare and usually presents with tremors, bradykinesia, and rigidity, which are not described in this case. Multiple sclerosis (option E) is a chronic inflammatory demyelinating disease of the central nervous system, and while it can cause ataxia, the combination of symptoms and the absence of typical MS findings make this less likely. Therefore, based on the clinical presentation and the toxicology screen results, drug-related ataxia is the most plausible initial working diagnosis.",0.0061,0.0183,0.1592,0.0456,0.032,0.041,0.041,0.414,0.5296,0.6844
"A 70-year-old man is brought to the emergency department by his son because of a 2-day history of right upper quadrant abdominal pain, chills, and confusion. He has vomited twice during this time despite decreased food intake. The patient has hypertension controlled with hydrochlorothiazide. Medical and surgical history is otherwise unremarkable. Vital signs are temperature 40.2°C (104.4°F), pulse 110/min, respirations 18/min, and blood pressure 100/60 mm Hg. The patient appears seriously ill without evidence of jaundice. Abdominal examination discloses tenderness to palpation over the liver without guarding. Results of laboratory studies are shown: Serum: Amylase 350 U/L Bilirubin total 2.1 mg/dL Blood: WBC 16,500/mm3 with prominent immature forms Neutrophils, segmented 42% total Neutrophils, bands 25% Serum urea nitrogen and creatinine concentrations are within the reference ranges, as are results of liver function tests. Ultrasonography of the abdomen shows multiple stones in the gallbladder and a common bile duct measuring 9 mm in diameter. Intravenous fluids and a broad-spectrum antibiotic are administered. Which of the following is the most likely diagnosis?",Which of the following is the most likely diagnosis?,"
A. Acute cholecystitis 
B. Acute pancreatitis 
C. Cholangitis 
D. Hepatitis 
E. Liver abscess
",C,C,True,"Based on the clinical presentation and laboratory findings, the most likely diagnosis for this patient is cholangitis. 1. Right Upper Quadrant Pain: This is a classic symptom of biliary obstruction, which can be caused by gallstones or other biliary tract issues. 2. Chills and Fever: These symptoms are indicative of an infection, which is consistent with cholangitis. 3. Abdominal Examination: The absence of jaundice and the presence of tenderness over the liver without guarding suggests a biliary issue rather than acute pancreatitis or hepatitis. 4. Laboratory Findings: - Amylase: Elevated amylase levels are more commonly associated with acute pancreatitis, not cholangitis. - Bilirubin Total: The bilirubin level is within normal limits, which is inconsistent with obstructive jaundice seen in cholangitis. - WBC Count: A high white blood cell count with a significant percentage of immature forms (neutrophilic leukocytosis) is characteristic of an inflammatory process, such as cholangitis. - Serum Urea Nitrogen and Creatinine: These are within normal ranges, indicating no significant renal impairment. - Liver Function Tests: Normal liver function tests suggest that the liver is not yet significantly affected by the obstruction. 5. Imaging: The ultrasonography showing multiple stones in the gallbladder and a common bile duct measuring 9 mm in diameter strongly supports the diagnosis of cholangitis due to biliary obstruction. Given these findings, cholangitis is the most plausible diagnosis among the options provided. Acute cholecystitis would typically present with more pronounced jaundice and may have a higher likelihood of fever and elevated amylase levels if there is perforation or gangrene of the gallbladder. Acute pancreatitis usually presents with severe epigastric pain radiating to the back, and the presence of prominent immature forms in the WBC count is less typical compared to cholangitis. Hepatitis and liver abscesses do not typically present with such specific imaging findings and laboratory abnormalities as described here.",0.0029,0.0203,0.1037,0.0519,0.0327,0.0455,0.0455,0.3989,0.5353,0.6762
"A 70-year-old woman comes to the office because of worsening tremor of her hands. The tremor has been present for most of her life and initially was mild and would occur only when she was tired or stressed. During the past month the shaking has become more noticeable and frequent. She is now embarrassed to eat with other people because of how obvious the tremor has become. The patient has been taking fluoxetine for the past 3 weeks to help her to cope with the death of her husband 2 months ago. Medical history is also remarkable for essential hypertension controlled with lisinopril and hyperlipidemia controlled with atorvastatin. Her only other medication is occasional ibuprofen for joint pain. She used to drink one to two alcoholic beverages monthly but now drinks one glass of wine daily because, she says, it reduces her tremor. She is 168 cm (5 ft 6 in) tall and weighs 70 kg (155 lb); BMI is 25 kg/m2. Vital signs are temperature 36.4°C (97.6°F), pulse 80/min, respirations 18/min, and blood pressure 130/85 mm Hg. Physical examination shows a moderate tremor of both hands that is not present at rest. Complete blood count, serum chemistry profile, and serum thyroid function tests are ordered and results are pending. Which of the following is the most likely cause of the patient's worsening tremor?",Which of the following is the most likely cause of the patient's worsening tremor?,"
A. Adverse effect of fluoxetine therapy 
B. Bereavement reaction 
C. Early Parkinson disease 
D. Increase in alcohol consumption 
E. Mini-strokes
",A,D,False,"The worsening tremor in this patient could be attributed to several factors, but based on the information provided, the most likely cause is an increase in alcohol consumption. 1. Adverse effect of fluoxetine therapy - While fluoxetine can cause side effects such as nausea, dizziness, and fatigue, which might contribute to increased tremors, there is no direct evidence from the case description that suggests fluoxetine is the primary cause of the tremor. The tremor has worsened over the past month, which aligns more closely with a change in behavior rather than a direct drug effect. 2. Bereavement reaction - Although the patient has recently lost her husband, the tremor has been present for most of her life and has worsened in the past month. Bereavement typically manifests with symptoms like depression, anxiety, and sleep disturbances, but it does not directly cause a physical tremor. 3. Early Parkinson disease - While Parkinson’s disease can cause tremors, especially resting tremors, the patient's tremor is described as being present during activities (not just at rest), and it has worsened over the past month. Additionally, the tremor is not severe enough to be considered early Parkinson's disease, as it has been present for most of her life and has only recently become more noticeable. 4. Increase in alcohol consumption - The patient mentions that her tremor has decreased since she started drinking one glass of wine daily. This correlation strongly suggests that alcohol consumption may be contributing to the worsening tremor. Alcohol can exacerbate certain types of tremors, particularly those related to alcohol withdrawal or chronic use. 5. Mini-strokes - There is no mention of any stroke-like symptoms, and the tremor is not accompanied by other neurological deficits or changes in cognitive function. Therefore, mini-strokes are less likely to be the cause. Given these considerations, the most plausible explanation for the worsening tremor is the increase in alcohol consumption. The patient's self-reported reduction in tremor severity with alcohol intake supports this conclusion. Further investigation into the patient's alcohol consumption habits and potential interactions with medications should be conducted to confirm this hypothesis.",0.0026,0.0308,0.1874,0.0763,0.0493,0.0654,0.0654,0.4922,0.5758,0.7309
"A 70-year-old woman comes to the office because of a 1-month history of gradually worsening shortness of breath. Medical history is significant for hypertension and hyperlipidemia. Routine medications are atorvastatin and lisinopril. The patient appears to be in respiratory distress. Vital signs are temperature 36.7°C (98.0°F), pulse 122/min and irregularly irregular, respirations 28/min, and blood pressure 144/88 mm Hg. Pulse oximetry on room air shows an oxygen saturation of 90%. Pulmonary examination discloses dullness to percussion three-quarters of the way up on the left. Results of laboratory studies are shown: Serum Blood Urea nitrogen 29 mg/dL Hematocrit 38% Creatinine 1.0 mg/dL Hemoglobin 12.9 g/dL Na+ 142 mEq/L WBC 7800/mm3 K+ 4.1 mEq/L Cl− 99 mEq/L HCO3 − 24 mEq/L Glucose 102 mg/dL ECG shows atrial fibrillation with a rapid ventricular response. Chest x-ray shows a large left pleural effusion. Which of the following is the most appropriate next step in evaluation?",Which of the following is the most appropriate next step in evaluation?,"
A. Bone marrow biopsy 
B. Pericardiocentesis 
C. Pleurodesis 
D. Thoracentesis 
E. Video-assisted thoracoscopy
",D,D,True,"Given the patient's presentation of a large left pleural effusion, along with her symptoms of shortness of breath and the findings from her chest X-ray, the most appropriate next step in evaluation would be to perform a thoracentesis. Thoracentesis is the procedure of removing fluid from the pleural space through a needle inserted into the chest cavity. This procedure can help diagnose the cause of the pleural effusion, determine its nature (e.g., exudate, transudate), and alleviate respiratory distress by reducing the volume of fluid pressing on the lungs. Let's briefly discuss why the other options are not the most appropriate: A. Bone marrow biopsy - This procedure is typically used to evaluate hematological disorders and is not relevant to the current clinical scenario involving a pleural effusion. B. Pericardiocentesis - This procedure involves draining fluid from the pericardium (the sac surrounding the heart). While it might be necessary if there is a pericardial effusion, the patient's symptoms and imaging suggest a pleural effusion rather than a pericardial one. C. Pleurodesis - This procedure involves instilling a chemical irritant into the pleural space to induce scarring between the visceral and parietal pleura, which can lead to a permanent reduction in pleural space capacity. It is generally reserved for recurrent or persistent pleural effusions that do not resolve after initial drainage. E. Video-assisted thoracoscopy (VATS) - This procedure is more invasive and is typically performed when a definitive diagnosis is needed, such as in cases of suspected malignancy or complex causes of pleural effusion. Given the patient's age and the presence of a large effusion, a simple thoracentesis is likely sufficient to address the immediate issue. Therefore, thoracentesis is the most appropriate next step in this case.",0.0157,0.0312,0.258,0.0733,0.0537,0.0667,0.0667,0.4645,0.5633,0.7168
"A 67-year-old man, who has been recovering in the hospital following surgical repair of a contained ruptured abdominal aortic aneurysm 10 days ago, suddenly develops severe abdominal pain. He does not have chest pain or shortness of breath. The patient's postoperative course had been uncomplicated until 4 days ago, when he developed a low-grade fever. He has been unable to tolerate a full liquid diet during the past 4 days. Medical history is remarkable for hypertension, hypercholesterolemia, and a myocardial infarction 6 years ago. Regular medications include metoprolol, lovastatin, and an 81-mg aspirin daily. He has smoked one pack of cigarettes daily for the past 40 years, and he typically drinks three to five beers daily. Vital signs now are temperature 38.1°C (100.6°F), pulse 68/min and regular, respirations 16/min, and blood pressure 150/90 mm Hg. Physical examination shows bilateral cataracts. Auscultation of the chest discloses diffuse mild wheezes and a grade 1/6 soft systolic ejection murmur at the cardiac apex. Palpation of the abdomen discloses mild to moderate mid and right upper quadrant abdominal tenderness. There is no guarding, rebound, or palpable mass. Rectal examination shows no abnormalities. Peripheral pulses are normal. Neurologic examination discloses no abnormalities. Serum electrolyte concentrations are within the reference ranges. Leukocyte count is 15,800/mm³ with mild left shift. Urinalysis shows no abnormalities. ECG shows an old inferior myocardial infarction. Chest x-ray shows scarring at the left and right cardiac bases; no masses or infiltrates are present. Which of the following is the most appropriate additional diagnostic study?",Which of the following is the most appropriate additional diagnostic study?,"
A. Arteriography of the abdomen 
B. Blood cultures 
C. MRI of the abdomen 
D. Ultrasonography of the abdomen 
E. No additional studies are needed
",D,D,True,"Given the patient's recent history of a contained ruptured abdominal aortic aneurysm repair, his current symptoms of severe abdominal pain, and the physical exam findings, the most appropriate additional diagnostic study would be ultrasonography of the abdomen (U/A). Here’s why: 1. Ultrasonography of the Abdomen (U/A): This non-invasive imaging modality can help identify complications such as bowel ischemia, which is a common cause of acute abdominal pain after surgery. Bowel ischemia can occur due to thrombosis or embolism of the mesenteric arteries, leading to necrosis of the bowel segments. Ultrasound can detect changes in bowel wall thickness, presence of free fluid, and other signs of bowel compromise. 2. Arteriography of the Abdomen: While this could be useful for diagnosing vascular issues, it is invasive and carries risks. Given the patient's recent surgery and the need for a less invasive approach, U/A is more appropriate. 3. Blood Cultures: Although useful for identifying infections, they are not specific to the current clinical scenario. The patient's symptoms and physical exam findings do not strongly suggest an infectious etiology, especially given the absence of fever, leukocytosis, or other systemic signs of infection. 4. MRI of the Abdomen: Magnetic resonance imaging (MRI) is generally used for detailed evaluation of soft tissues and can be helpful in certain cases, but it is more expensive, time-consuming, and not as readily available as ultrasound. It is also not necessary in this case. 5. No Additional Studies Needed: Given the patient's recent surgery and the severity of his current symptoms, it would be inappropriate to rule out serious complications without further investigation. Therefore, ultrasonography of the abdomen is the most appropriate next step in this patient's care.",0.0122,0.0272,0.2297,0.0667,0.047,0.0533,0.0533,0.4733,0.5428,0.6848
"A 31-year-old woman, gravida 3, para 2, who is at 32 weeks' gestation, is admitted to the hospital because of a 1-week history of progressive dyspnea and wheezing. She says her heart is ""racing"" and she is coughing up a small amount of blood-streaked sputum. Medical history is significant for hypothyroidism, for which she takes levothyroxine. An intravenous catheter is placed. Vital signs are temperature 36.9°C (98.4°F), pulse 132/min, respirations 32/min, and blood pressure 135/78 mm Hg. Pulse oximetry on 100% oxygen via nasal cannula shows an oxygen saturation of 92%. Auscultation of the lungs discloses decreased breath sounds at the bases with expiratory crackles bilaterally. Cardiac examination discloses an irregularly irregular rhythm, an indistinct point of maximal impulse, and a loud S1. A grade 3/6, low-pitched, diastolic, rumbling murmur is audible at the apex; a distinct snapping sound precedes the murmur. Fetal heart rate is 144/min. Which of the following is the most likely cause of the findings in this patient?",Which of the following is the most likely cause of the findings in this patient?,"
A. Atrial septal defect with development of pulmonary hypertension 
B. Chronic mitral regurgitation secondary to rheumatic heart disease 
C. Coarctation of the aorta 
D. Congenital aortic stenosis 
E. Mitral stenosis complicated by atrial fibrillation
",E,E,True,"The patient's clinical presentation and physical exam findings strongly suggest mitral stenosis complicated by atrial fibrillation. 1. Mitral Stenosis: The presence of a loud, low-pitched, diastolic rumbling murmur at the apex, along with a distinct snapping sound preceding it, is highly suggestive of mitral stenosis. This murmur is typically heard during diastole, when the left ventricle relaxes and the mitral valve opens. The snapping sound is often referred to as the ""click"" and is caused by the mitral valve leaflets fluttering against the tricuspid valve during ventricular systole. 2. Atrial Fibrillation: The irregularly irregular rhythm noted on cardiac examination is consistent with atrial fibrillation. In atrial fibrillation, the atria beat rapidly and irregularly, leading to an irregular heart rate that can be palpitated (""racing""). This irregular rhythm also explains the patient's dyspnea and wheezing, as it impairs the normal filling of the ventricles and can lead to systemic venous congestion, causing dyspnea and possibly hemoptysis. 3. Other Options: - Atrial Septal Defect (ASD): While ASDs can cause pulmonary hypertension, they do not typically present with a diastolic murmur at the apex. - Coarctation of the Aorta (CoA): CoA usually presents with a bruit over the aorta, hypertension, and other specific symptoms like claudication. It does not typically cause a diastolic murmur at the apex. - Congenital Aortic Stenosis: This condition would present with a harsh, crescendo-decrescendo systolic murmur at the left second intercostal space, not a diastolic murmur. - Chronic Mitral Regurgitation (CMR): CMR typically presents with a mid-systolic click followed by a holosystolic murmur, rather than a diastolic murmur. Given these considerations, mitral stenosis complicated by atrial fibrillation is the most plausible diagnosis for the patient's symptoms and physical exam findings.",0.0,0.027,0.1998,0.0803,0.0269,0.0602,0.0602,0.4287,0.5159,0.6545
"A 70-year-old man is admitted to the hospital through the emergency department because of a 12-hour history of severe nausea and four episodes of vomiting of undigested food. During the past week, he has had worsening nausea, heartburn following meals, and early satiety. Medical history is significant for type 2 diabetes mellitus diagnosed 20 years ago, hyperlipidemia, and hypertension. Medications are intermediate-acting insulin twice daily and insulin lispro before meals. He also takes enalapril and atorvastatin. On admission, the patient appears uncomfortable. Vital signs are temperature 36.2°C (97.1°F), pulse 102/min, respirations 16/min, and blood pressure 105/78 mm Hg. Pulse oximetry on room air shows an oxygen saturation of 98%. Physical examination discloses mild epigastric tenderness to palpation. The remainder of the examination discloses no abnormalities. Results of laboratory studies ordered in the emergency department are shown: Serum Blood ALT 23 U/L AST 26 U/L Alkaline phosphatase 85 U/L Amylase 104 U/L Urea nitrogen 42 mg/dL Creatinine 1.32 mg/dL Hemoglobin A1c 8.2% X-rays of the chest and abdomen disclose no abnormalities. Which of the following will best explain the patient's condition?",Which of the following will best explain the patient's condition?,"
A. Accumulation of calcium carbonate and hemoglobin breakdown products in the bile ducts 
B. Decreased gastric myoelectrical activity 
C. Decreased gastric pH 
D. Increased cholecystokinin activity
",B,C,False,"The patient's symptoms of nausea, vomiting of undigested food, heartburn, and early satiety, along with the elevated liver enzymes (ALT 23 U/L, AST 26 U/L) and increased serum amylase (104 U/L), suggest acute pancreatitis. Elevated serum amylase levels are particularly indicative of this condition. Option C, ""Decreased gastric pH,"" is not the most likely cause given the patient's symptoms. While decreased gastric acidity can contribute to nausea and vomiting, it does not typically present with the specific symptoms of undigested food in vomit and early satiety that are characteristic of acute pancreatitis. Option A, ""Accumulation of calcium carbonate and hemoglobin breakdown products in the bile ducts,"" is more commonly associated with obstructive jaundice due to gallstones or tumors, which would present with jaundice, dark urine, and pale stools. This is less likely in the context of the patient's symptoms. Option B, ""Decreased gastric myoelectrical activity,"" is not a common clinical term used to describe the condition. It is possible that the patient might have some form of gastroparesis, but the symptoms described do not strongly support this diagnosis over acute pancreatitis. Option D, ""Increased cholecystokinin activity,"" is not directly related to the symptoms described. Cholecystokinin (CCK) is a hormone released from the small intestine in response to fat and protein intake, stimulating gallbladder contraction and pancreatic enzyme release. However, its direct role in causing the symptoms of nausea, vomiting, and early satiety is not well-supported by the clinical presentation. Therefore, the most plausible explanation for the patient's condition is increased cholecystokinin activity, which can lead to gallbladder spasms and exacerbate symptoms of nausea and vomiting. However, since this option is not listed, the closest correct answer based on the provided options is Option C, which reflects a decrease in gastric acidity, though it is not the most accurate description of the patient's condition.",0.0,0.0137,0.1488,0.0433,0.0249,0.0433,0.0433,0.4186,0.57,0.6425
"A 70-year-old woman comes to the office for an annual health maintenance examination. She describes a 1-year history of slowly progressive fatigue, diffuse muscle aches, and generalized pain. Medical history is significant for osteoporosis diagnosed 5 years ago. Medications include alendronate and calcium supplementation. Vital signs are normal. Physical examination is unremarkable for her age, with no point tenderness on palpation. Results of complete blood count, serum electrolyte and thyroid-stimulating hormone concentrations, liver function tests, and erythrocyte sedimentation rate are all within the reference ranges. Screening mammography and colonoscopy done 1 year ago disclosed no abnormalities. Which of the following is the most appropriate next step in evaluation?",Which of the following is the most appropriate next step in evaluation?,"
A. DEXA scan 
B. Electromyography and nerve conduction studies 
C. MRI of the cervical spine 
D. Serum antinuclear antibody assay 
E. Serum 25-hydroxyvitamin D assay 
F. No additional evaluation is indicated
",E,E,True,"Given the patient's symptoms of fatigue, diffuse muscle aches, and generalized pain, along with her history of osteoporosis, it is important to consider potential causes that could be related to bone metabolism, autoimmune conditions, or vitamin D deficiency. - DEXA scan (Option A): While this would be useful for assessing bone density, it is not the most immediate next step given the current symptoms and the fact that she has already had a screening mammography and colonoscopy. The DEXA scan would be more relevant if there were concerns about osteoporosis progression or fracture risk. - Electromyography and nerve conduction studies (Option B): These tests can help diagnose neuromuscular disorders such as myopathy or neuropathy, but they are less likely to be the first-line investigation given the diffuse nature of the symptoms and the absence of focal neurological deficits. - MRI of the cervical spine (Option C): This imaging modality is typically used to evaluate for spinal stenosis or other structural issues causing neck pain. Given the diffuse nature of the symptoms and the lack of focal neurological deficits, this test may not be the most appropriate initial step. - Serum antinuclear antibody assay (Option D): This test is used to screen for autoimmune diseases like systemic lupus erythematosus (SLE). While autoimmune conditions can cause fatigue and muscle pain, the patient’s age and the absence of other typical autoimmune disease markers make this less likely to be the primary concern. - Serum 25-hydroxyvitamin D assay (Option E): Vitamin D deficiency can lead to muscle weakness, fatigue, and bone pain. Given the patient's history of osteoporosis and the presence of generalized symptoms, evaluating vitamin D levels would be a prudent step to rule out or confirm this condition. - No additional evaluation is indicated (Option F): This is not the most appropriate choice given the patient's symptoms and the need to identify a potential underlying cause. Therefore, the most appropriate next step in evaluation is to assess the patient's vitamin D status through a serum 25-hydroxyvitamin D assay. This will help determine whether vitamin D deficiency is contributing to her symptoms and guide any necessary treatment adjustments.",0.0099,0.0246,0.1925,0.0542,0.0381,0.0542,0.0542,0.4465,0.5741,0.6632
"A 22-year-old man comes to the emergency department because of a 4‐day history of cough productive of green sputum as well as fever, chills, and rigors. He also has had a 3‐day history of progressive shortness of breath; he now has shortness of breath at rest. He was evaluated in an urgent care center 1 day ago and was prescribed azithromycin, but his symptoms have worsened. He is using accessory muscles of respiration. He is diaphoretic and is able to give only one- to two-word answers to questions. Vital signs are temperature 39.1°C (102.3°F), pulse 138/min, respirations 40/min, and blood pressure 103/56 mm Hg. Pulse oximetry on room air shows an oxygen saturation of 80%, and 100% oxygen is administered via nonrebreather face mask. Skin is mottled and there is cyanosis of the fingers and toes. Pupils measure 4 mm in diameter and are reactive to light. Mucous membranes are dry. Auscultation of the lungs discloses bilateral crackles. The remainder of the physical examination discloses no abnormalities. Laboratory studies are ordered; results of arterial blood gas analysis on 100% oxygen via nonrebreather face mask are shown: PO2: 50 mm Hg PCO2: 44 mm Hg pH: 7.34 Oxygen saturation: 85% Chest x-ray shows bilateral infiltrates with a normal cardiac silhouette and no effusions. Which of the following is the most likely underlying cause of this patient's condition?",Which of the following is the most likely underlying cause of this patient's condition?,"
A. Abnormalities of diffusion of oxygen 
B. Hypoventilation 
C. Obstructive lung disease 
D. Ventilation-perfusion mismatch and shunt
",D,D,True,"Based on the clinical presentation and laboratory findings, the most likely underlying cause of this patient's condition is D. Ventilation-perfusion mismatch and shunt. 1. Hypoventilation (Option B): While the patient's respiratory rate is elevated (40/min) and they are using accessory muscles of respiration, these signs alone do not definitively indicate hypoventilation. The patient's oxygen saturation on 100% oxygen via non-rebreather mask is only 85%, which suggests that despite adequate ventilation, the patient is still unable to effectively extract oxygen from the alveoli due to other factors. 2. Abnormalities of Diffusion of Oxygen (Option A): This would typically present with a low oxygen saturation even when breathing pure oxygen, and it would be more consistent with a restrictive lung disease like pulmonary fibrosis. However, the patient's oxygen saturation on 100% oxygen is 85%, indicating that the problem lies elsewhere rather than just diffusion impairment. 3. Obstructive Lung Disease (Option C): Although obstructive lung diseases can cause symptoms such as cough, sputum production, and shortness of breath, they usually do not present with the specific combination of features seen here, including the presence of crackles on auscultation, the absence of significant airflow obstruction, and the presence of bilateral infiltrates on chest X-ray. Additionally, the patient’s oxygen saturation on high-flow oxygen therapy is not sufficient to rule out ventilation-perfusion mismatch. 4. Ventilation-perfusion Mismatch and Shunt (Option D): This condition is characterized by areas of the lungs where the blood flow does not match the ventilation, leading to poor oxygenation. This can result in a low oxygen saturation despite adequate ventilation. The presence of bilateral infiltrates on chest X-ray, along with the oxygen saturation of 85% on 100% oxygen, strongly suggests a ventilation-perfusion mismatch. Furthermore, the patient's shortness of breath at rest, use of accessory muscles, diaphoresis, and cyanosis are consistent with severe hypoxemia, which is often seen in patients with ventilation-perfusion mismatch and shunt. In summary, the combination of symptoms, laboratory findings, and imaging results points towards a ventilation-perfusion mismatch and shunt as the most likely underlying cause of the patient's condition.",0.015,0.0298,0.2424,0.0753,0.0541,0.0699,0.0699,0.4345,0.5441,0.6925
"A 33-year-old male physician reports for a shift in the emergency department. A nurse alerts you that he noticed a faint odor of alcohol near the physician. When approached, the physician appears tired and more disheveled than usual. There is an odor of alcohol on his breath. He is a skilled and talented physician with no known history of substance or alcohol use disorder. He is married with three children, and his wife is pregnant with twins. The physician was recently hired and has had no actions on his license by any state medical board. Which of the following is the most appropriate next step?",Which of the following is the most appropriate next step?,"
A. Ask the physician if he is sober, and if he says yes, allow him to complete his shift 
B. Explain to the physician that you suspect he is intoxicated and ask him to submit to a blood sample to check his blood alcohol concentration 
C. Relieve the physician of duty and alert the hospital's patient safety officer 
D. Tell the physician that you can cover the remainder of the shift alone, so that he can sleep in his office 
E. Tell the physician you detect alcohol on his breath, and he needs to go home and should not return until he is sober
",C,B,False,"Option B is the most appropriate next step given the circumstances described. Here’s why: 1. Professional Responsibility: As a healthcare provider, it is crucial to ensure the safety and well-being of patients and colleagues. Suspecting intoxication in a physician who is responsible for patient care could pose significant risks. 2. Medical Ethics: It is ethically imperative to address potential intoxication to prevent harm to patients. This includes ensuring the physician is capable of providing safe and competent care. 3. Legal and Ethical Standards: Hospitals have protocols in place to handle suspected intoxication among staff members. Requesting a blood sample to check the blood alcohol concentration (BAC) is a standard procedure in such cases. This test provides objective evidence of intoxication and helps determine the appropriate course of action. 4. Patient Safety: Given the physician's role as a skilled and talented specialist, his intoxication could lead to errors in patient care, which could be particularly dangerous given his responsibilities and the presence of pregnant patients and newborns. 5. Mental Health Considerations: Intoxication can affect judgment and decision-making abilities, which might impair the physician's ability to handle emergencies effectively. Addressing this issue promptly ensures the safety of both the physician and the patients. 6. Hospital Policy Compliance: Most hospitals have policies regarding intoxication among staff members. Requesting a BAC test aligns with these policies and demonstrates adherence to institutional guidelines. Options A, C, D, and E are less appropriate because they do not address the core issue of potential intoxication. Option A does not provide a clear method to confirm intoxication, while options C, D, and E either fail to address the situation adequately or suggest potentially unsafe solutions (e.g., allowing the physician to continue working or sleeping in the office). Option B strikes a balance between professional responsibility, patient safety, and ethical considerations by requesting a BAC test, which is the most comprehensive and effective approach in this scenario.",0.0082,0.0217,0.177,0.0539,0.0301,0.0359,0.0359,0.4638,0.5361,0.7266
"A 60-year-old man comes to the office because of a 1-year history of progressive left groin pain. The pain is worse with exercise and is relieved with rest. He says the pain is beginning to affect his ability to carry out his daily activities. He says, ""It even hurts when I'm turning over in bed."" He does not recall any trauma to the area. He also has had generalized mild stiffness of his joints during the past 3 years. He takes atorvastatin for hyperlipidemia and lisinopril for hypertension. Medical history is otherwise unremarkable. He does not smoke cigarettes. He drinks one alcoholic cocktail daily. He is 178 cm (5 ft 10 in) tall and weighs 68 kg (150 lb); BMI is 22 kg/m². Vital signs are temperature 37.4°C (99.3°F), pulse 82/min, respirations 18/min, and blood pressure 120/78 mm Hg. The patient walks with a slight limp and has difficulty changing position. Abduction of the left hip elicits pain. Physical examination of the patient's other joints discloses no abnormalities. Which of the following is the most appropriate imaging study at this time?",Which of the following is the most appropriate imaging study at this time?,"
A. CT scan of the hips 
B. MRI of the hips 
C. Radionuclide bone scan 
D. Plain x-ray of the left hip 
E. Skeletal survey
",D,D,True,"Given the patient's symptoms of progressive left groin pain that worsens with activity and improves with rest, along with the fact that he has had generalized joint stiffness for the past three years, it is important to consider osteoarthritis as a potential diagnosis. Osteoarthritis typically affects weight-bearing joints such as the hips and knees, and can present with pain that is exacerbated by movement and improved with rest. Let's evaluate each option: A. CT scan of the hips: While CT scans can provide detailed images of bone and soft tissues, they are generally not the first-line imaging modality for osteoarthritis. They are more commonly used for acute trauma or when there is suspicion of malignancy or infection. Given the chronic nature of the patient's symptoms, a CT scan may be less indicated compared to other options. B. MRI of the hips: Magnetic resonance imaging (MRI) is highly sensitive for detecting cartilage damage, bone marrow edema, and ligamentous injuries. It can help differentiate between osteoarthritis and other conditions like inflammatory arthritis or tumors. However, given the patient's age and the chronicity of symptoms, an MRI might be considered if further differentiation is needed, but it is not the most immediate or preferred choice. C. Radionuclide bone scan: This test is useful for detecting areas of increased bone metabolism, which can indicate active disease processes such as infection, malignancy, or inflammation. However, it is not specific enough for diagnosing osteoarthritis and would likely show nonspecific findings in this case. Therefore, it is not the most appropriate initial imaging study. D. Plain x-ray of the left hip: X-rays are the standard initial imaging study for evaluating hip osteoarthritis. They can show changes in the joint space narrowing, bone spurs, and subchondral cysts, all of which are consistent with osteoarthritis. Given the patient's symptoms and the need for a quick, cost-effective evaluation, plain x-rays are the most appropriate initial imaging study. E. Skeletal survey: A skeletal survey involves taking multiple X-rays of the entire skeleton to look for evidence of metastatic disease, infection, or other systemic conditions. This is not necessary for diagnosing osteoarthritis and would be overly invasive and expensive for this patient's condition. Therefore, the plain x-ray of the left hip (Option D) is the most appropriate initial imaging study for this patient.",0.0023,0.0206,0.1795,0.049,0.0246,0.049,0.049,0.4452,0.5821,0.6909
A 2-stage screening program for ovarian cancer is being designed. Which of the following sets of sensitivity and specificity is most likely preferred for Stage 1 and Stage 2 of the program?,Which of the following sets of sensitivity and specificity is most likely preferred for Stage 1 and Stage 2 of the program?,"
A. Stage 1: High Sensitivity, Low Specificity; Stage 2: High Sensitivity, Low Specificity 
B. Stage 1: High Sensitivity, Low Specificity; Stage 2: Low Sensitivity, High Specificity 
C. Stage 1: Low Sensitivity, High Specificity; Stage 2: High Sensitivity, Low Specificity 
D. Stage 1: Low Sensitivity, High Specificity; Stage 2: Low Sensitivity, Low Specificity
",B,C,False,"In designing a two-stage screening program for ovarian cancer, the goal is to balance the trade-offs between sensitivity (the proportion of true positives that are correctly identified) and specificity (the proportion of true negatives that are correctly identified). The choice of sensitivity and specificity for each stage depends on the clinical context and the potential consequences of false positives and false negatives. Option A: High Sensitivity, Low Specificity for both stages. - Stage 1: This would result in many false positives, which could lead to unnecessary biopsies, surgeries, and psychological stress for patients. It might also delay the detection of true cases due to the high number of false negatives. - Stage 2: Similar issues as Stage 1, but potentially even more severe because the initial screening has already led to many false positives, making it harder to distinguish true positives from false positives. - Conclusion: This option is not ideal as it does not effectively manage the risk of false positives and false negatives. Option B: High Sensitivity, Low Specificity for Stage 1 and Low Sensitivity, High Specificity for Stage 2. - Stage 1: High sensitivity ensures that most true cases are detected, but this comes at the cost of many false positives, leading to unnecessary interventions. - Stage 2: Low sensitivity means fewer true cases will be detected, but high specificity ensures that most of the remaining cases are actual cases, reducing the risk of false positives. - Conclusion: This option is problematic because it doesn't address the issue of false positives adequately in Stage 1, which can lead to significant patient distress and unnecessary procedures. Option C: Low Sensitivity, High Specificity for Stage 1 and High Sensitivity, Low Specificity for Stage 2. - Stage 1: Low sensitivity means fewer false positives, which reduces the burden of unnecessary interventions. However, it also means that some true cases may be missed, leading to delayed diagnosis. - Stage 2: High sensitivity ensures that most true cases are detected, improving the chances of early intervention. Low specificity means that some non-cases are incorrectly identified as positive, but this is acceptable given the low sensitivity in Stage 1. - Conclusion: This option is preferable because it balances the need to reduce false positives in the first stage while still aiming to detect most true cases in the second stage. This approach minimizes the risk of missing true cases while managing the risk of false positives. Option D: Low Sensitivity, High Specificity for both stages. - Stage 1: Low sensitivity means many true cases will be missed, leading to delayed diagnosis and potentially worse outcomes. - Stage 2: High specificity means few false positives, which is better than having many false positives in Stage 1, but still misses many true cases. - Conclusion: This option is suboptimal because it fails to address the critical issue of detecting true cases in the first stage, which is crucial for effective management of ovarian cancer. Therefore, the best option is [C]: Low Sensitivity, High Specificity for Stage 1 and High Sensitivity, Low Specificity for Stage 2.",0.0034,0.0291,0.1814,0.0687,0.0307,0.0649,0.0649,0.3869,0.5822,0.6485
"A 35-year-old woman comes to the office for follow-up of chronic pelvic pain. The patient has had deep pelvic pain since undergoing total abdominal hysterectomy and radiation therapy for treatment of cervical cancer 5 years ago. She reports constant, severe aching pain; she rates the pain at its maximum as a 10 on a 10‐point scale. The pain worsens during intercourse. All subsequent cancer follow-up has been negative. Medical history otherwise is unremarkable. The patient has taken oxycodone for her pain for 3 years, but she now reports that the oxycodone only partially relieves her pain. She requests either an increased dose of oxycodone or a change in her prescription to controlled-release morphine, which was recently given to her by a friend. She has smoked one pack of cigarettes daily for the past 15 years. She does not drink alcoholic beverages. BMI is 18 kg/m². She appears lethargic. She is oriented to person, place, and time but speaks slowly with slurred speech. Vital signs are normal. Examination of the skin shows no abnormalities. Pupils are pinpoint and react sluggishly. Which of the following is the most appropriate next step in management?",Which of the following is the most appropriate next step in management?,"
A. Inform the patient that she must find a new physician 
B. Maintain the dose of oxycodone and add naproxen 
C. Order a urine toxicology screening 
D. Report the patient's unauthorized drug use to the police 
E. Switch oxycodone to sustained-release morphine
",C,C,True,"- Option A (Inform the patient that she must find a new physician): This is not the most appropriate next step because the patient's current condition requires immediate attention rather than being referred elsewhere. The symptoms described suggest a need for further evaluation. - Option B (Maintain the dose of oxycodone and add naproxen): While adding naproxen might help manage some aspects of the pain, it does not address the issue of the patient's lethargy, slurred speech, and other concerning symptoms. Additionally, the patient's smoking history and the fact that oxycodone is no longer sufficient indicate a need for a more comprehensive approach. - Option C (Order a urine toxicology screening): Given the patient's reported use of controlled-release morphine from a friend, it is crucial to rule out any illicit substances that could be contributing to her symptoms. Urine toxicology screening can help identify any non-prescribed drugs or substances that may be affecting her health. - Option D (Report the patient's unauthorized drug use to the police): Reporting the patient's unauthorized drug use to the police is not the most appropriate action. It would be more beneficial to address the substance use through medical intervention and counseling rather than legal action. This could also lead to the patient withholding information about her substance use, making proper assessment and treatment difficult. - Option E (Switch oxycodone to sustained-release morphine): Although switching to sustained-release morphine might provide better pain relief, the patient's current symptoms suggest a need for a thorough evaluation. The presence of lethargy, slurred speech, and other neurological symptoms could indicate a more serious underlying condition such as opioid-induced respiratory depression or withdrawal symptoms, which warrant further investigation before changing medications. Given the patient's presentation, the most appropriate next step is to order a urine toxicology screening to rule out any illicit substances and ensure that the patient receives the necessary medical care without delay.",0.0057,0.0227,0.1859,0.0537,0.03,0.0478,0.0478,0.4355,0.5694,0.6322
"A 35-year-old woman comes to the office for follow-up of chronic pelvic pain. The patient has had deep pelvic pain since undergoing total abdominal hysterectomy and radiation therapy for treatment of cervical cancer 5 years ago. She reports constant, severe aching pain; she rates the pain at its maximum as a 10 on a 10‐point scale. The pain worsens during intercourse. All subsequent cancer follow-up has been negative. Medical history otherwise is unremarkable. The patient has taken oxycodone for her pain for 3 years, but she now reports that the oxycodone only partially relieves her pain. She requests either an increased dose of oxycodone or a change in her prescription to controlled-release morphine, which was recently given to her by a friend. She has smoked one pack of cigarettes daily for the past 15 years. She does not drink alcoholic beverages. BMI is 18 kg/m2. She appears lethargic. She is oriented to person, place, and time but speaks slowly with slurred speech. Vital signs are normal. Examination of the skin shows no abnormalities. Pupils are pinpoint and react sluggishly. Urine toxicology screening is positive for diazepam, methadone, and oxycodone. The patient returns to the office 1 week later to discuss these results. Which of the following is the most appropriate opening remark?",Which of the following is the most appropriate opening remark?,"
A. ""I am concerned that you are abusing pain medicine. I would like for you to consider a substance use disorder treatment program."" 
B. ""I cannot be your physician any longer because of your drug use disorder. I'm going to give you 30 days to find a new physician."" 
C. ""I would like to know where you have been getting the methadone and diazepam that you are taking."" 
D. ""The test showed that you take other drugs that I have not prescribed to you. I must report this to the police.""
",A,A,True,"Option A is the most appropriate opening remark in this scenario. Given the patient's lethargy, slow speech, pinpoint pupils reacting sluggishly, and the presence of multiple substances (methadone, diazepam, and oxycodone) in her urine, it is clear that she may be experiencing significant substance abuse issues. This approach acknowledges the severity of the situation while maintaining professional boundaries and focusing on the patient's health. Option B is inappropriate because it abruptly terminates the doctor-patient relationship without providing necessary care or support. It also lacks a structured plan for addressing the substance abuse issue, which is crucial for the patient's well-being. Option C is too accusatory and confrontational. While it might prompt the patient to admit to obtaining the drugs from elsewhere, it does not address the underlying problem of substance abuse or offer a supportive environment for recovery. Option D is overly aggressive and could potentially harm the therapeutic relationship. Reporting the patient to the police is not a standard or ethical course of action in such cases, and it would likely cause further distress and mistrust. Option A provides a balanced approach by expressing concern about the patient's health and suggesting a referral to a substance use disorder treatment program, which aligns with the need for comprehensive care and support.",0.013,0.0343,0.2466,0.0793,0.0533,0.0529,0.0529,0.4825,0.58,0.7688
"A 24-year-old woman, gravida 1, para 1, comes to the office because she and her husband have been trying to conceive for the past year without success. She gave birth to her first child at age 18 years by cesarean delivery following fetal distress. She then developed postpartum endometritis that resolved with intravenous antibiotic therapy. She used an intrauterine device (IUD) for 1 year following her first pregnancy but had the device removed because of intermenstrual bleeding. Medical history is also remarkable for chlamydial cervicitis treated with antibiotic therapy as an outpatient at age 21 years, and recurrent bacterial vaginosis that had been treated with metronidazole therapy during her pregnancy and on two other occasions. Vital signs today are within normal limits. Breast and pelvic examinations disclose no abnormalities. Hysterosalpingography shows bilateral hydrosalpinx. Which of the following factors in this patient's history most increased her risk for development of her condition?",Which of the following factors in this patient's history most increased her risk for development of her condition?,"
A. Bacterial vaginosis 
B. Cesarean delivery 
C. Chlamydial cervicitis 
D. Postpartum endometritis 
E. Use of an IUD
",C,D,False,"- Postpartum endometritis (Option D): This is the most significant factor among the options provided that increased the patient's risk for developing her condition. Postpartum endometritis can lead to scarring and adhesions in the uterine cavity, which can obstruct fallopian tubes and cause hydrosalpinx. The inflammation and subsequent healing process can result in tubal blockages, making it difficult for sperm to reach the egg and fertilization to occur. - Cesarean delivery (Option B): While a cesarean section can increase the risk of uterine scarring and adhesions, it does not directly cause hydrosalpinx. Hydrosalpinx typically results from infection or obstruction of the fallopian tube, which can be caused by conditions like endometriosis, previous pelvic infections, or tubal ligation. - Chlamydial cervicitis (Option C): Although chlamydia can cause pelvic inflammatory disease (PID), leading to tubal damage, it is less likely to directly cause hydrosalpinx compared to postpartum endometritis. PID often leads to chronic inflammation and scarring, but hydrosalpinx specifically involves fluid accumulation within the fallopian tube. - Bacterial vaginosis (Option A): Bacterial vaginosis is associated with an increased risk of PID and subsequent tubal damage, but it is not as directly linked to the specific formation of hydrosalpinx as postpartum endometritis. - Use of an intrauterine device (IUD) (Option E): The use of an IUD can sometimes lead to complications such as PID, but it is not a direct cause of hydrosalpinx. In fact, the presence of an IUD can sometimes prevent the progression of PID to the point where hydrosalpinx develops. Therefore, postpartum endometritis is the most critical factor in this patient's history that significantly increased her risk for developing hydrosalpinx.",0.0065,0.0447,0.3355,0.1119,0.0634,0.0839,0.0839,0.479,0.5756,0.7365
"Patient Information Age: 62 years Gender: M, self-identified Ethnicity: white, self-identified Site of Care: office History Reason for Visit/Chief Concern: ""My legs hurt when I walk, and it's getting worse."" History of Present Illness: 3-month history of worsening leg pain, pain exacerbated by walking; peak intensity after 1 block, pain resolves completely with rest, pain rated 4/10 at worst Past Medical History: hypertension, mild angina, type 2 diabetes mellitus Medications: lisinopril, metoprolol, furosemide, glyburide, lovastatin Allergies: no known drug allergies Psychosocial History: has smoked one-half pack of cigarettes daily for 44 years Physical Examination Temp 36.0°C (96.8°F) Pulse 72/min Resp 14/min BP 140/90 mmHg O2Sat - Height 164 cm (5 ft 5 in) Weight 90 kg (198 lb) BMI 33 kg/m² Appearance: no acute distress HEENT: funduscopic shows grade 2/4 arteriovenous nicking Neck: no jugular venous distention Pulmonary: clear to auscultation; mildly diminished lung sounds Cardiac: no bruits; distant heart sounds Abdominal: obese; no tenderness, guarding, masses, bruits, or hepatosplenomegaly Extremities: no joint erythema, edema, or warmth; no hair on toes; no femoral bruits; dorsalis pedis, radial, and femoral pulses intact Neurologic: sensation to vibration intact Question: Which of the following is the most appropriate diagnostic study?","8°F) Pulse 72/min Resp 14/min BP 140/90 mmHg O2Sat - Height 164 cm (5 ft 5 in) Weight 90 kg (198 lb) BMI 33 kg/m² Appearance: no acute distress HEENT: funduscopic shows grade 2/4 arteriovenous nicking Neck: no jugular venous distention Pulmonary: clear to auscultation; mildly diminished lung sounds Cardiac: no bruits; distant heart sounds Abdominal: obese; no tenderness, guarding, masses, bruits, or hepatosplenomegaly Extremities: no joint erythema, edema, or warmth; no hair on toes; no femoral bruits; dorsalis pedis, radial, and femoral pulses intact Neurologic: sensation to vibration intact Question: Which of the following is the most appropriate diagnostic study?","
A. Ankle brachial index 
B. Arteriography 
C. ECG 
D. Echocardiography 
E. MUGA scan
",A,A,True,"Given the patient's chief complaint of leg pain that worsens with walking and resolves with rest, the most appropriate diagnostic study would be an Ankle Brachial Index (ABI). The ABI is a non-invasive test used to assess blood flow to the legs and can help diagnose peripheral artery disease (PAD), which is often associated with leg pain during activity. Here's a detailed explanation of why the other options are less suitable: B. Arteriography: This invasive procedure involves injecting dye into arteries and taking X-rays to visualize them. While it can provide detailed information about arterial blockages, it is typically reserved for cases where the diagnosis is uncertain or further evaluation is needed after an initial screening test like the ABI. C. ECG: This test measures the electrical activity of the heart and is primarily used to evaluate cardiac function and rhythm. Although the patient has a history of mild angina, an ECG alone would not be sufficient to diagnose PAD or rule out other causes of leg pain such as neuropathy or musculoskeletal issues. D. Echocardiography: This imaging technique uses sound waves to create images of the heart and its structures. It is useful for evaluating heart function and detecting structural abnormalities but does not directly assess peripheral vascular disease. E. MUGA Scan: This test evaluates the function of the left ventricle of the heart by measuring the rate of blood ejected from the ventricle with each heartbeat. It is not relevant for diagnosing peripheral vascular disease. Therefore, the Ankle Brachial Index (ABI) is the most appropriate initial diagnostic study for this patient given their symptoms and history.",0.0101,0.097,0.1522,0.0847,0.0319,0.0688,0.0688,0.4805,0.4751,0.4979
"In determining the usefulness of a D-dimer assay in ruling out pulmonary embolism as a diagnosis in a 27-year-old woman with pleuritic chest pain and nonproductive cough, a recent study in the medical literature is reviewed. The study evaluates the use of D-dimer assay in 1500 patients (705 female and 795 male) ranging in age from 19 years to 57 years (mean age is 36 years), whose examining physicians had a low clinical suspicion that the patients had pulmonary embolism. All patients in the study underwent a D-dimer assay, followed by CT angiography of the chest to confirm or exclude the diagnosis of pulmonary embolism. Study results are shown: D-Dimer Positive and CT Angiography Positive: 88 D-Dimer Negative and CT Angiography Positive: 0 D-Dimer Positive and CT Angiography Negative: 312 D-Dimer Negative and CT Angiography Negative: 1100 Total CT Angiography Positive: 88 Total CT Angiography Negative: 1412 Total D-Dimer Positive: 400 Total D-Dimer Negative: 1100 Which of the following is the most appropriate conclusion about this data in regard to patients with low clinical suspicion for pulmonary embolism?",Study results are shown: D-Dimer Positive and CT Angiography Positive: 88 D-Dimer Negative and CT Angiography Positive: 0 D-Dimer Positive and CT Angiography Negative: 312 D-Dimer Negative and CT Angiography Negative: 1100 Total CT Angiography Positive: 88 Total CT Angiography Negative: 1412 Total D-Dimer Positive: 400 Total D-Dimer Negative: 1100 Which of the following is the most appropriate conclusion about this data in regard to patients with low clinical suspicion for pulmonary embolism?,"
A. D-Dimer assay results should be used to determine the need for ordering CT angiography for patients suspected of having a pulmonary embolism 
B. False-negative D-dimer assay results are common in patients with confirmed pulmonary embolism 
C. False-positive D-dimer assay results are rarely encountered 
D. A negative D-dimer assay has a high negative predictive value for excluding the diagnosis of pulmonary embolism 
E. A positive D-Dimer assay has a high positive predictive value for diagnosing pulmonary embolism
",D,D,True,"- Option A: This statement suggests using D-Dimer assay results to determine the need for CT angiography. However, the study's design does not support this conclusion. The study was conducted on patients with low clinical suspicion, and the primary purpose was to evaluate the diagnostic accuracy of the D-Dimer assay rather than to guide clinical decision-making. - Option B: This option implies that false-negative D-Dimer assay results are common in patients with confirmed pulmonary embolism. The study shows that among those who had a confirmed pulmonary embolism (CT Angiography Positive), there were no false negatives (D-Dimer Negative and CT Angiography Positive). Therefore, this option is incorrect. - Option C: This option states that false-positive D-Dimer assay results are rarely encountered. The study indicates that among those who did not have a confirmed pulmonary embolism (CT Angiography Negative), 312 had a positive D-Dimer assay result. This means that false positives do occur, making this option incorrect. - Option D: This option correctly reflects the high negative predictive value of a negative D-Dimer assay. Given that all patients with a confirmed pulmonary embolism (CT Angiography Positive) had a positive D-Dimer assay, a negative D-Dimer assay strongly suggests that the patient does not have pulmonary embolism. This aligns well with the clinical scenario where the physician had low clinical suspicion. - Option E: This option incorrectly assumes that a positive D-Dimer assay has a high positive predictive value for diagnosing pulmonary embolism. The study shows that among those with a positive D-Dimer assay, only 88 had a confirmed pulmonary embolism (CT Angiography Positive), indicating that a positive D-Dimer assay alone is not sufficient to diagnose pulmonary embolism. Thus, it does not have a high positive predictive value. Therefore, the most appropriate conclusion based on the provided data is that a negative D-Dimer assay has a high negative predictive value for excluding the diagnosis of pulmonary embolism.",0.017,0.1493,0.4147,0.3069,0.1493,0.2079,0.2079,0.5432,0.4516,0.5464
"A 45-year-old man is admitted to the hospital because of a 6-hour history of bilateral vision loss. He is otherwise asymptomatic. He has no history of serious illness and takes no medications. Vital signs are within normal limits. Physical examination findings are consistent with psychogenic blindness. A medical student on the patient's treatment team suggests to the attending physician that they administer a placebo 0.9% saline injection to the patient but tell the patient it is a new medication that will ""confirm a diagnosis of blindness by temporarily recovering your vision."" Which of the following best describes the appropriateness of the medical student's suggestion?",""" Which of the following best describes the appropriateness of the medical student's suggestion?","
A. It is appropriate because it can prove that the patient is not blind 
B. It is appropriate because the medical student's intent is to help the patient 
C. It is inappropriate because it is invasive and could be painful 
D. It is inappropriate because the physician would not be stating the truth 
E. It is inappropriate without the approval of the hospital ethics committee
",D,D,True,"- Option D (It is inappropriate because the physician would not be stating the truth): This is the most accurate description. Administering a placebo when the patient is already known to have psychogenic blindness is inappropriate because it misleads the patient about their condition. The attending physician should be truthful with the patient, which means informing them that the treatment is a placebo and does not have any therapeutic effect. This honesty is crucial for maintaining trust and ensuring the patient's well-being. - Option A (It is appropriate because it can prove that the patient is not blind): This is incorrect. While the treatment might temporarily improve the patient's vision, it does not prove that the patient is not blind. It only shows that the patient's vision was due to a psychological cause rather than a physical one. The patient's blindness is still present, and the treatment does not address the underlying issue. - Option B (It is appropriate because the medical student's intent is to help the patient): This is incorrect. Helping the patient requires being honest and transparent. Administering a placebo in this context does not genuinely help the patient; instead, it deceives them, which is unethical. - Option C (It is inappropriate because it is invasive and could be painful): This is incorrect. The suggested treatment involves administering a saline injection, which is generally considered safe and non-invasive. However, the ethical considerations outweigh the potential physical risks. - Option E (It is inappropriate without the approval of the hospital ethics committee): This is incorrect. While obtaining ethical approval from an ethics committee is important, the primary concern here is the ethical principle of truthfulness and honesty in medical practice. The need for such approval does not negate the ethical issues with the proposed treatment. In conclusion, the primary ethical issue lies in the deception of the patient, making Option D the most appropriate choice.",0.0,0.0194,0.1447,0.0541,0.0302,0.042,0.042,0.4469,0.5777,0.6344
"A 5-week-old infant is brought to the office by his mother for an initial well-child visit. He was born at 37 weeks' gestation via cesarean delivery because of chorioamnionitis. The infant had fetal distress that was documented by fetal monitoring during labor. The mother became jaundiced in the immediate postpartum period and was found to have hepatitis C (HCV) and HIV infection. She is unaware of her hepatitis B (HBV) status but knows that her son received the hepatitis B vaccination on the second day of life. The infant's weight today is 3912 g (8 lb 10 oz); physical examination shows no abnormalities. The mother wants to know what chance her child has of having contracted HIV or HCV infection from her. The risk for vertical transmission of HIV is approximately 20%. The mother is advised and appropriate management is planned for the infant regarding HIV. To determine the risk of HCV transmission, a recently published study of risk factors for perinatal transmission of HCV in 155 mothers coinfected with HIV and HCV is reviewed. Results of the study are shown: Association of Gestational and Infant Factors With Mother-to-Infant HCV Transmission 155 Mothers with HIV and HCV Infection Factor: Gestational Age <37 weeks - HCV Transmission 8.4%, RR 1.0, 95% CI - Factor: Gestational Age ≥37 weeks - HCV Transmission 8.3%, RR 0.99, 95% CI 0.32 to 3.06, p Value 0.99 Factor: No Cesarean Delivery - HCV Transmission 6.0%, RR 1.0, 95% CI - Factor: With Cesarean Delivery - HCV Transmission 13.3%, RR 2.21, 95% CI 0.69 to 7.06, p Value0.24 Factor: No Chorioamnionitis - HCV Transmission 7.0%, RR 1.0, 95% CI - Factor: With Chorioamnionitis - HCV Transmission 33.3%, RR 4.77, 95% CI 0.86 to 26.3, p Value 0.21 Factor: Did not use Fetal Electrode - HCV Transmission 7.0%, RR 1.0, 95% CI — Factor: Used of Fetal Electrode - HCV Transmission 3.3%, RR 0.66, 95% CI 0.09 to 4.89, p Value 0.99 Factor: Infant Not HIV-infected - HCV Transmission 5.4%, RR 1.0 95% CI — Factor: Infant HIV-infected - HCV Transmission 17.1%, RR 3.19, 95% CI 1.14 to 8.93, p Value 0.04 RR=relative risk; CI=confidence interval Based on these data, which of the following is the most appropriate conclusion regarding the five potential risk factors for transmission of HCV?","04 RR=relative risk; CI=confidence interval Based on these data, which of the following is the most appropriate conclusion regarding the five potential risk factors for transmission of HCV?","
A. All factors appeared to have an effect on HCV transmission 
B. Fetal electrode monitoring was protective against HCV 
C. Infant HIV infection was the only significantly associated factor 
D. Maternal chorioamnionitis was the most significantly associated factor 
E. No factor was significantly associated
",C,D,False,"Based on the provided data from the study, the relative risks (RR) and confidence intervals (CI) for various factors associated with HCV transmission from mother to infant are as follows: 1. Gestational Age <37 weeks: RR = 1.0, 95% CI = - This indicates no significant difference in HCV transmission compared to infants born at ≥37 weeks. 2. No Cesarean Delivery: RR = 1.0, 95% CI = - This also indicates no significant difference in HCV transmission compared to infants delivered by cesarean section. 3. With Cesarean Delivery: RR = 2.21, 95% CI = 0.69 to 7.06, p-value = 0.24. This suggests a slight increase in HCV transmission risk when cesarean delivery is used, but this increase is not statistically significant. 4. No Chorioamnionitis: RR = 1.0, 95% CI = - This indicates no significant difference in HCV transmission compared to infants with chorioamnionitis. 5. With Chorioamnionitis: RR = 4.77, 95% CI = 0.86 to 26.3, p-value = 0.21. This indicates a significant increase in HCV transmission risk when chorioamnionitis is present, with a relative risk of 4.77, suggesting a strong association. 6. Did not use Fetal Electrode: RR = 1.0, 95% CI = - This indicates no significant difference in HCV transmission compared to infants whose fetuses were monitored using fetal electrodes. 7. Used of Fetal Electrode: RR = 0.66, 95% CI = 0.09 to 4.89, p-value = 0.99. This suggests a slight decrease in HCV transmission risk when fetal electrodes are used, but this decrease is not statistically significant. 8. Infant Not HIV-infected: RR = 1.0, 95% CI = - This indicates no significant difference in HCV transmission compared to infants who are HIV-infected. 9. Infant HIV-infected: RR = 3.19, 95% CI = 1.14 to 8.93, p-value = 0.04. This indicates a significant increase in HCV transmission risk when the infant is HIV-infected, with a relative risk of 3.19, suggesting a strong association. From the above analysis, it is clear that maternal chorioamnionitis (factor 4) is the most significantly associated factor for HCV transmission, with a relative risk of 4.77, indicating a substantial increase in risk. Therefore, the most appropriate conclusion is that maternal chorioamnionitis was the most significantly associated factor. Thus, option D is the correct answer.",0.0023,0.0561,0.2057,0.1136,0.0298,0.0593,0.0593,0.4415,0.5421,0.7235
"A 45-year-old man comes to the community health center because of a 1-week history of fever, chills, sweating, mild shortness of breath, and nonproductive cough. Medical history is remarkable for AIDS and pneumonia 3 years ago that required hospitalization. Today, he says that he lost his job 6 months ago and cannot afford to buy his antiretroviral medications. Vital signs are temperature 38.6°C (101.5°F), pulse 82/min, respirations 20/min, and blood pressure 116/72 mmHg. Pulse oximetry on room air shows an oxygen saturation of 97%. The health center is very busy with several patients waiting to be evaluated. Which of the following is the most appropriate next step?",Which of the following is the most appropriate next step?,"
A. Arrange a direct admission to the hospital for this patient 
B. Continue with obtaining a thorough history and examining this patient 
C. Place masks on the patient and yourself and then continue to evaluate him 
D. Send this patient for chest x-rays, and while they are being obtained examine the next patient
",C,B,False,"Option B (Continue with obtaining a thorough history and examining this patient) is the most appropriate next step in this scenario. Here's why: 1. Patient Assessment: Given the patient's recent history of fever, chills, sweating, mild shortness of breath, and nonproductive cough, along with his medical history of AIDS and previous pneumonia, it is crucial to conduct a thorough evaluation. This includes taking a detailed history, performing a physical examination, and considering potential infectious causes. 2. Resource Utilization: While the health center is busy, it is important not to neglect any patient who requires immediate attention. Arranging for a direct admission (Option A) would likely delay the evaluation and treatment of this patient, potentially leading to worsening of his condition if an underlying serious infection is present. 3. Preventive Measures: Options C and D involve preventive measures such as wearing masks, which are necessary but do not address the immediate need for a thorough evaluation and management of the patient's symptoms. Additionally, sending the patient for chest X-rays (Option D) without first conducting a thorough history and physical examination could lead to unnecessary delays and may not provide the necessary context for interpreting the radiological findings. 4. Contextual Factors: The patient's financial situation, having lost his job and being unable to afford antiretroviral medications, adds urgency to the need for a comprehensive assessment. This context suggests that the patient might have other undiagnosed conditions or complications that require urgent attention. Therefore, continuing with a thorough history and examination is the most prudent course of action given the current circumstances. This approach ensures that the patient receives the necessary care promptly, while also allowing the health center to manage its workload effectively.",0.0094,0.0248,0.1746,0.0608,0.0408,0.0405,0.0405,0.4663,0.5366,0.6782
"A 45-year-old man comes to the office for a follow-up examination 2 days after he was seen in the emergency department for a generalized tonic-clonic seizure. He was prescribed chlordiazepoxide upon being discharged but did not fill the prescription. The patient says that this was his third seizure in the past 2 years; prior to that he had no history of seizures. Medical history is also remarkable for a 10-year history of daily ingestion of two six-packs of beer. He has not had any alcoholic beverages for the past 5 days. He takes no medications. The patient says that his seizures usually occur after he abstains from alcohol for a period of time. Vital signs are normal. Physical examination shows scattered spider angiomata on his chest and abdomen. Liver is enlarged, smooth, and nontender. CT scan of the head with contrast done in the emergency department 2 days ago showed no abnormalities. Which of the following is the most appropriate next step?",Which of the following is the most appropriate next step?,"
A. Lumbar puncture for examination of cerebrospinal fluid 
B. MRI of the brain 
C. Repeat CT scan of the head in 1 week 
D. Sleep-deprived electroencephalography 
E. No further evaluation is necessary
",E,B,False,"Given the patient's history of recurrent seizures, particularly noting that they occur after periods of abstinence from alcohol, it is important to consider the possibility of chronic alcohol withdrawal syndrome (CAWS) as a potential cause of these seizures. The physical examination findings, including scattered spider angiomata on the chest and abdomen, are consistent with liver damage due to alcohol abuse, which is a common finding in CAWS. Option A (Lumbar puncture for examination of cerebrospinal fluid) is not typically indicated unless there is suspicion of an underlying neurological disorder that would require immediate intervention, such as increased intracranial pressure or infection. Since the CT scan of the head with contrast did not show abnormalities, this option seems less likely to be the most appropriate next step. Option B (MRI of the brain) is more comprehensive than a CT scan and can provide better resolution for detecting subtle changes in the brain tissue, which might be missed by a CT scan. Given the patient's history of alcohol use and the recurrence of seizures, an MRI could help rule out other causes of recurrent seizures, such as structural brain lesions or metabolic disorders. Option C (Repeat CT scan of the head in 1 week) is not recommended because the initial CT scan was normal, and the patient's symptoms have recurred. Repeated imaging may not provide new information and could be unnecessary. Option D (Sleep-deprived electroencephalography) is not typically used for routine follow-up of patients with recurrent seizures. It is more commonly employed in cases where the diagnosis is unclear or when there is a need to assess seizure activity under specific conditions. Option E (No further evaluation is necessary) is not the most appropriate choice given the patient's history and the recurrence of seizures despite abstinence from alcohol. Further evaluation is needed to determine the underlying cause of the seizures. Therefore, the most appropriate next step is an MRI of the brain, which can help in evaluating the brain structure and identifying any potential causes of recurrent seizures, especially in light of the patient's history of alcohol use and the recurrence of seizures.",0.0052,0.0205,0.1677,0.0489,0.0273,0.0489,0.0489,0.439,0.5431,0.6307
"A case-control study is conducted to assess risk factors predicting inpatient mortality among geriatric patients with community-acquired pneumonia. Results of the study include the odds ratios shown below, which were calculated from a multivariable logistic regression equation: Predictor Variables: Hypotension (systolic blood pressure ≤100 mm Hg) - Odds Ratio: 3.32, 95% CI (1.65 to 5.11) Hypoxemia (PO2 ≤ 50 mm Hg) - Odds Ratio: 2.43, 95% CI (1.55 to 3.32) Lung infiltrate present on chest x-ray at time of admission - Odds Ratio: 1.35, 95% CI (0.76 to 2.24) When the other covariates are controlled, which of the following is the most appropriate conclusion regarding these data?","24) When the other covariates are controlled, which of the following is the most appropriate conclusion regarding these data?","
A. The risk for inpatient mortality is greater for patients with hypotension than for those without hypotension 
B. The risk for inpatient mortality is increased more by hypoxemia than by hypotension 
C. The risk for inpatient mortality is increased when there is a pulmonary infiltrate present on chest x-ray at the time of admission 
D. The risk for inpatient mortality is significantly affected by all of these predictor variables
",A,A,True,"- Option A: This statement is directly supported by the odds ratio for hypotension, which is 3.32. An odds ratio greater than 1 indicates an increased risk. Given that the 95% confidence interval (CI) for hypotension is (1.65 to 5.11), it confirms that the risk for inpatient mortality is indeed greater for patients with hypotension compared to those without. Therefore, this option is correct. - Option B: While the odds ratio for hypoxemia is 2.43, indicating an increased risk, the statement suggests that the risk is ""increased more"" by hypoxemia than by hypotension. However, the confidence intervals overlap slightly (hypoxemia: 1.55 to 3.32; hypotension: 1.65 to 5.11), making it difficult to definitively conclude that hypoxemia has a greater effect. Thus, this option is not as strongly supported by the data. - Option C: The odds ratio for lung infiltrate is 1.35, suggesting a slight increase in risk but not a significant one given the wide confidence interval (0.76 to 2.24). This does not provide strong evidence to conclude that the presence of a lung infiltrate significantly increases the risk of inpatient mortality. Hence, this option is not fully supported by the data. - Option D: This option incorrectly assumes that all predictor variables have a significant impact on inpatient mortality. While the odds ratios for hypotension and hypoxemia are both above 1, indicating a significant risk, the odds ratio for the lung infiltrate is close to 1, suggesting no significant risk. Therefore, it cannot be concluded that all three variables significantly affect the risk of inpatient mortality. In summary, based on the provided data, the most appropriate conclusion is that the risk for inpatient mortality is greater for patients with hypotension than for those without hypotension.",0.003,0.0389,0.1898,0.0769,0.0194,0.0577,0.0577,0.4172,0.5515,0.624
"A 38-year-old man comes to the office because of a 2-month history of intermittent episodes of hot flushes, chest discomfort, and excessive sweating, with associated panic. The episodes have been increasing in frequency and now are occurring daily. The patient says there is no specific precipitating cause of the episodes, but he has noticed that the episodes occur most frequently in the afternoon. He does not have any new stressors in his life. Medical history is significant for hypertension and type 2 diabetes mellitus. Medications are lisinopril and metformin. Family history is significant for hyperparathyroidism in an aunt and the death of an uncle from medullary thyroid cancer. The patient's BMI is 33 kg/m². Vital signs are temperature 36.9°C (98.4°F), pulse 74/min, respirations 18/min, and blood pressure 138/92 mm Hg. Physical examination discloses no abnormalities. Results of serum laboratory studies are shown: Calcium 9.8 mg/dL Urea nitrogen 15 mg/dL Creatinine 1.0 mg/dL Na+ 140 mEq/L K+ 3.8 mEq/L Cl− 102 mEq/L HCO3 −28 mEq/L ECG shows no abnormalities. Which of the following is the most appropriate diagnostic study at this time?",Which of the following is the most appropriate diagnostic study at this time?,"
A. Plasma renin activity 
B. Serum aldosterone concentration 
C. Serum free metanephrine concentration 
D. Serum parathyroid hormone concentration 
E. No study is indicated
",C,D,False,"Given the patient's symptoms of hot flushes, chest discomfort, and excessive sweating, along with the family history of hyperparathyroidism and the presence of hypercalcemia (as indicated by the calcium level of 9.8 mg/dL), the most appropriate diagnostic study at this time would be to evaluate the parathyroid hormone (PTH) concentration. 1. Serum Parathyroid Hormone Concentration (Option D): This test is crucial given the elevated calcium levels and the family history of hyperparathyroidism. Elevated PTH levels can indicate primary hyperparathyroidism, which is often associated with hypercalcemia. The PTH level will help determine if the hypercalcemia is due to primary hyperparathyroidism or another cause such as secondary hyperparathyroidism (due to chronic kidney disease) or tertiary hyperparathyroidism (due to malignancy). 2. Plasma Renin Activity (Option A): While this test can be useful in diagnosing certain types of hypertension, it is not directly relevant to the patient's symptoms or the elevated calcium levels. 3. Serum Aldosterone Concentration (Option B): This test is used to diagnose primary hyperaldosteronism (Conn's syndrome). However, the patient's symptoms do not suggest primary hyperaldosteronism, and the elevated calcium level is more indicative of hyperparathyroidism rather than primary aldosteronism. 4. Serum Free Metanephrine Concentration (Option C): This test is used to diagnose pheochromocytoma, which is characterized by episodic hypertension and can present with symptoms similar to those described. However, the patient's symptoms are more consistent with hyperparathyroidism and do not strongly suggest pheochromocytoma. 5. No Study is Indicated (Option E): Given the clinical presentation and the elevated calcium level, further investigation into the cause of hypercalcemia is warranted. Therefore, no study is not the best option. In conclusion, the most appropriate diagnostic study at this time is the serum parathyroid hormone concentration to evaluate for primary hyperparathyroidism, which aligns with the patient's symptoms and family history.",0.0143,0.0312,0.2481,0.0759,0.051,0.0759,0.0759,0.4297,0.5331,0.6669
"A 19-year-old woman is referred to the office by her counselor for evaluation of possible depression. The counselor describes the patient as polite, conscientious, cooperative, open to therapy, and always present and on time for her weekly sessions. The patient's relationship with her high school boyfriend ended 6 months ago. She had dated him through high school, and he had ""looked out for her as a friend"" since the 6th grade. She says, ""I feel helpless and don't know what to do without him."" She admits that she often cannot make decisions, such as whether to go to college. She says, ""I always mess things up."" She is still sad and often tearful about her ex-boyfriend, but she has not had alterations in her sleep habits, appetite, weight, or energy level. She has not had any thoughts about death. Medical history is unremarkable and she takes no medications. BMI is 24 kg/m². Vital signs are normal and physical examination discloses no abnormalities. Which of the following is the most appropriate initial response to this patient's self-deprecating description?",Which of the following is the most appropriate initial response to this patient's self-deprecating description?,"
A. ""College is full of many great once-in-a-lifetime opportunities. You should go."" 
B. ""Everyone makes mistakes. In your case, though, that doesn't mean you always mess things up."" 
C. ""If you find yourself needing some guidance, call me."" 
D. ""You're overreacting. You just need to give it a little more time.""
",B,B,True,"Option B, ""Everyone makes mistakes. In your case, though, that doesn't mean you always mess things up,"" is the most appropriate initial response to the patient's self-deprecating description. This response acknowledges the patient's feelings while providing a constructive perspective. It helps the patient understand that making mistakes does not define their overall capability or value, which can be particularly beneficial given her current emotional state. Option A, ""College is full of many great once-in-a-lifetime opportunities. You should go,"" might be well-intentioned but could come across as dismissive of her feelings. It doesn't address the specific issue of her self-doubt and may not help her process her emotions effectively. Option C, ""If you find yourself needing some guidance, call me,"" offers support but lacks immediate empathy and validation for her current emotional state. It also doesn't directly challenge or change her negative self-perception. Option D, ""You're overreacting. You just need to give it a little more time,"" dismisses her feelings and could potentially exacerbate her distress. It doesn't offer a constructive way forward and may make her feel misunderstood or invalidated. By choosing Option B, the counselor is showing understanding and validating the patient's feelings while gently challenging her negative self-assessment. This approach can help the patient begin to see herself more positively and work towards healthier self-perception.",0.0161,0.0476,0.2835,0.1275,0.0803,0.0956,0.0956,0.5312,0.5721,0.7044
"A 35-year-old man comes to the office because of 1-week history of mid low back pain that radiates down his right leg. The pain began after the patient lifted a heavy box onto his truck. He rates his current pain as an 8 on a 10-point scale. He has been unable to find a comfortable position and has been sleeping in a recliner. Medical history is unremarkable and he takes no medications. He has smoked one pack of cigarettes daily for the past 25 years, and he drinks a six-pack of beer on Friday and Saturday nights. BMI is 27 kg/m². He appears uncomfortable and stands during the physical examination. Vital signs are normal. Straight-leg raise test is positive on the right, with loss of right ankle reflex. The remainder of the physical examination discloses no abnormalities. Which of the following is the most likely explanation for this patient’s symptoms?",Which of the following is the most likely explanation for this patient’s symptoms?,"
A. Displacement of the nucleus pulposus 
B. Hypertrophy of the facet joints 
C. Osteophyte formation 
D. Spondylolisthesis 
E. Thickening of ligamentum flavum
",A,A,True,"The patient's symptoms—mid-low back pain radiating down the right leg—are indicative of a condition known as sciatica. Sciatica typically results from irritation or compression of the sciatic nerve, which originates from the lumbar spine (L4-L5 and L5-S1) and extends through the buttocks and down the legs. Given the patient's history of lifting a heavy box, it is most likely that the displacement of the nucleus pulposus (a herniated disc) has occurred at the L4-L5 or L5-S1 level. This displacement can cause pressure on the sciatic nerve, leading to the described symptoms. Let's examine why the other options are less likely: B. Hypertrophy of the facet joints - While hypertrophy of facet joints can contribute to spinal stenosis and nerve compression, it is not typically associated with acute onset of sciatica due to a recent traumatic event like lifting a heavy box. C. Osteophyte formation - Osteophytes (bone spurs) can form over time and may compress nerves, but they are more commonly seen in older individuals and do not explain the sudden onset of symptoms in a young adult. D. Spondylolisthesis - This condition involves slippage of one vertebra over another, often causing lower back pain and sometimes radiculopathy (nerve root compression). However, spondylolisthesis usually presents with chronic symptoms and is less likely to be the immediate cause of acute sciatica. E. Thickening of ligamentum flavum - Ligamentum flavum thickening can lead to spinal stenosis, but it is not typically the primary cause of acute sciatica unless there is significant narrowing of the spinal canal. In summary, the displacement of the nucleus pulposus is the most plausible explanation for the patient's symptoms, given the recent lifting incident and the typical presentation of sciatica.",0.0,0.0279,0.1718,0.0858,0.0465,0.0726,0.0726,0.4736,0.5671,0.6851
"A 71-year-old woman is brought to the emergency department by her daughter for evaluation of her mental status. The daughter says, ""I visited mom today for the first time in 6 months; her memory has worsened, her bills are unpaid, and her house is unusually messy."" The patient says, ""I'm perfectly healthy."" Medical history is significant for hypertension diagnosed more than 25 years ago, and two small strokes occurring 3 years and 7 months ago. The daughter gives you three empty medicine bottles from her mother's home: metoprolol, hydrochlorothiazide, and aspirin. The patient is 165 cm (5 ft 5 in) tall and weighs 59 kg (130 lb); BMI is 22 kg/m². Vital signs are temperature 36.4°C (97.6°F), pulse 76/min, respirations 16/min, and blood pressure 196/112 mm Hg. Pulse oximetry on room air shows an oxygen saturation of 93%. Muscle strength in her left hand is 1/5. Strength in the right extremities is 4/5. The patient is oriented only to self; she does not know the day of the week or today's date. She recalls 0 of 3 words at 5 minutes, and she is unable to name 2 objects, correctly draw interlocking pentagons, or count backwards by serial sevens. Complete blood count, renal function studies, liver function studies, and urinalysis are all within the reference ranges. ECG shows no abnormalities. Which of the following is the most likely underlying cause of the patient's symptoms?",Which of the following is the most likely underlying cause of the patient's symptoms?,"
A. Alzheimer disease 
B. Amyotrophic lateral sclerosis 
C. Cortical basal ganglionic degeneration 
D. Neurosyphilis 
E. Vascular dementia
",E,E,True,"Vascular dementia is the most likely underlying cause of the patient's symptoms based on the provided information. Here’s a detailed breakdown of why this is the case: 1. History and Symptoms: - The patient has a history of hypertension and two small strokes, which are classic risk factors for vascular dementia. - The patient's cognitive decline, including memory loss, disorientation, and difficulty with complex tasks like naming objects and counting, aligns with the symptoms of vascular dementia. 2. Medication Review: - The patient's medication list includes a beta-blocker (metoprolol), a diuretic (hydrochlorothiazide), and an antiplatelet agent (aspirin). These medications are commonly used to manage cardiovascular conditions and do not directly contribute to cognitive impairment. 3. Physical Examination Findings: - The patient's muscle strength in the left hand being 1/5 and right extremities being 4/5 suggests possible hemiparesis, which can be seen in stroke-related vascular dementia. - The patient's inability to recall recent events and perform complex tasks indicates a significant cognitive impairment consistent with vascular dementia. 4. Laboratory Results: - The complete blood count, renal function studies, liver function studies, and urinalysis results are all within normal ranges, ruling out other causes such as infections, metabolic disorders, or toxic exposure. 5. Electrocardiogram (ECG): - The ECG showing no abnormalities further supports the vascular etiology, as it rules out cardiac causes for the cognitive symptoms. While Alzheimer disease (Option A) is also a common cause of dementia, the presence of multiple prior strokes makes vascular dementia more likely. Amyotrophic lateral sclerosis (Option B) typically presents with progressive motor neuron weakness and spasticity, not cognitive impairment. Neurosyphilis (Option D) usually presents with neurologic symptoms such as meningitis, cranial nerve palsies, and psychiatric symptoms, not cognitive impairment. Cortical basal ganglionic degeneration (Option C) is less common and typically presents with ataxia and extrapyramidal symptoms rather than cognitive impairment. Therefore, vascular dementia is the most plausible diagnosis given the patient's history, physical examination findings, and laboratory results.",0.018,0.0307,0.2234,0.0819,0.0588,0.0643,0.0643,0.5009,0.5607,0.788
"A 45-year-old woman with a history of seizure disorder comes to the office because she has had seizures daily for the past 3 weeks, despite adhering to her medication regimen. Medical history is also significant for borderline hypertension for the past year and alcohol use disorder. She admits that she has been drinking two beers daily since she lost her job 3 weeks ago. Medications include phenobarbital. Family history is significant for type 2 diabetes mellitus and hypertension in both parents and in all of her grandparents, heart disease in her sister, and death of her paternal grandfather of complications from alcohol use disorder. The patient smoked one pack of cigarettes daily for 20 years but quit smoking 1 year ago. Since losing her job, the patient has been earning money by driving her neighbors' children to school and driving another neighbor to hospital appointments. BMI is 22 kg/m². Vital signs are temperature 37.1°C (98.8°F), pulse 80/min, respirations 16/min, and blood pressure 138/86 mm Hg. Physical examination discloses no abnormalities. Serum phenobarbital concentration is obtained and results are pending. Which of the following is the priority in management at today's visit?",Which of the following is the priority in management at today's visit?,"
A. Discussing a new treatment regimen for the patient's seizure disorders 
B. Evaluating the patient for depressive disorder 
C. Evaluating the patient's ability/desire to stop drinking alcoholic beverages 
D. Instructing the patient to stop driving
",D,C,False,"[C] Evaluating the patient's ability/desire to stop drinking alcoholic beverages is the priority in management at today's visit. 1. Evaluating the patient's ability/desire to stop drinking alcoholic beverages: - This is critical given the patient's recent loss of employment and increased alcohol consumption. Alcohol use disorder can exacerbate seizure disorders and contribute to other health issues such as hypertension and cardiovascular problems. - Assessing the patient's readiness to change drinking habits can help tailor interventions that are more likely to be effective. This could involve motivational interviewing techniques to explore the patient's motivations and barriers to stopping. - It is important to discuss the risks associated with continued heavy drinking, including potential interactions with her current medications and the impact on her overall health. 2. Discussing a new treatment regimen for the patient's seizure disorders: - While this might be necessary, it is not the highest priority at this time. The patient's seizure frequency has increased significantly, and the cause needs to be identified before considering any changes to her treatment regimen. - Given the recent increase in seizures and the lack of response to her current medication, further investigation into the cause of the seizures is warranted. 3. Evaluating the patient for depressive disorder: - Although depression can co-occur with seizure disorders and alcohol use disorder, it is less likely to be the primary concern at this visit. The patient's physical symptoms and recent life stressors suggest that addressing her alcohol use is more pressing. - A depressive disorder would typically present with additional symptoms such as persistent sadness, loss of interest in activities, fatigue, and changes in appetite or sleep patterns. These are not evident in the patient's presentation. 4. Instructing the patient to stop driving: - While this is an important safety consideration, it is secondary to addressing the immediate health concerns. The patient's ability to drive safely may improve once her alcohol use is under control, and she is stable medically. - Instructing the patient to stop driving now could potentially lead to increased stress and anxiety, which might worsen her seizure disorder and alcohol use. Given the patient's recent loss of employment, increased alcohol consumption, and the significant increase in seizure frequency, the most urgent need is to address her alcohol use disorder. This will likely have the most significant impact on her overall health and seizure control.",0.0115,0.0228,0.1134,0.0583,0.0439,0.0485,0.0485,0.4472,0.5543,0.6941
"A randomized controlled trial is conducted to assess the effectiveness of a new combination-drug antihypertensive therapy (Drug X) compared with a standard antihypertensive single-drug therapy. Study participants include 140 women (70%) and 60 men (30%) ages 30 to 60 years, with baseline blood pressure measurements of 150/95 mm Hg or higher. The investigators defined antihypertensive therapy as effective if the treatment resulted in a blood pressure measurement below 140/90 mm Hg. When designing the study, the investigators set the probability of wrongly finding that Drug X is more effective than the standard therapy as 1%; they set the probability of wrongly finding that the effectiveness of the two drugs is the same as 10%. Which of the following is the most accurate estimate of the statistical power in this study?",Which of the following is the most accurate estimate of the statistical power in this study?,"
A. 1% 
B. 10% 
C. 40% 
D. 90% 
E. 99%
",D,C,False,"To determine the statistical power of the study, we need to understand the concepts of Type I error (α) and Type II error (β). A Type I error occurs when we incorrectly reject a true null hypothesis, while a Type II error occurs when we fail to reject a false null hypothesis. In this study, the investigators have set the probability of a Type I error (false positive) at 1%, which means α = 0.01. They also set the probability of a Type II error (false negative) at 10%, which means β = 0.10. The statistical power of the test is defined as 1 - β, which represents the probability of correctly rejecting a false null hypothesis. Given that β = 0.10, the statistical power of the study would be: \[ \text{Power} = 1 - \beta = 1 - 0.10 = 0.90 \] Therefore, the most accurate estimate of the statistical power in this study is 90%. Option A (1%) and Option B (10%) represent the probabilities of Type I and Type II errors respectively, not the power of the study. Option D (90%) is the calculated power based on the given values for Type I and Type II errors. Option E (99%) is not supported by the given information and does not align with the specified Type I error rate of 1%. Thus, the correct answer is C.",0.0288,0.0498,0.271,0.1282,0.1034,0.1282,0.1282,0.4423,0.5706,0.6341
"Essepro™ (lesystolol) Reduces Blood Pressure Significantly No significant interactions with commonly used medications were observed. No significant interactions with hydrochlorthiazide, furosemide, losartan orlisinopril. No significant interactions with digoxin, warfarin or simvastatin. Drugs that inhibit CYP2C9 can increase plasma levels of Essepro. Patients on Essepro who are also treated with drugs that inhibit or induce this enzyme shhould be monitored closely, and dosage of Essepro may need to be adjusted based on blood pressure response. Important Safety Information Patients treated with Essepro should be advised against sudden discontinuation of therapy. When discontinuing therapy, dosage should be gradually tapered over 2 weeks. Essepro is contraindicated i patients with bradycardia, heart block greater than first degree, cardiogenic shock, decompensated cardiac failure, severe hepatic impairment, and in patients who are hypersensitive to any component of this product. Essepro should be used with caution in patients with peripheral vascular disease, renal impairment or thyrotoxicoses. Caution should be used in diabetics, as beta blockers may mask some manifestations of hypoglycemia. In general, patients with bronchospastic disease should not receive beta blockers. A 65-year-old woman comes to the office for blood pressure medication management. Medical history is significant for poorly controlled hypertension, psoriasis, and psoriatic arthritis previously treated with methotrexate. Additional medical history is significant for alcohol use disorder and elevated liver function tests. Medications include enalapril, spironolactone, and topical corticosteroids. Vital signs are normal except for a blood pressure of 160/104 mm Hg. Physical examination discloses thick, scaly plaques on the scalp, buttocks, and upper and lower extremities. There are several spider angiomata on the chest and abdomen. The abdomen is distended and a fluid wave is noted. She has 2+ lower extremity edema. The patient says she would like to try a new drug called Essepro to treat her hypertension because she can get a 3-month supply of the medication for free. 66. Which of the following is the most appropriate response to the patient's request for the medication?",Which of the following is the most appropriate response to the patient's request for the medication?,"
A. Essepro should be prescribed because she can get it for free 
B. Essepro should not be prescribed because it can worsen her psoriasis 
C. Essepro should not be prescribed because it is similar to her other medications 
D. Essepro should not be prescribed because the patient has severe liver disease 
E. Essepro should only be used for hypertensive emergencies
",D,D,True,"- Option D: Essepro should not be prescribed because the patient has severe liver disease - This is the most appropriate response. The patient's medical history includes elevated liver function tests, which is a contraindication for using Essepro. The drug is contraindicated in patients with severe hepatic impairment, and since the patient's liver function is already abnormal, prescribing Essepro could potentially lead to serious adverse effects. - Option A: Essepro should be prescribed because she can get it for free - While cost-effectiveness is important, it does not override safety concerns. The patient's condition necessitates careful consideration of potential drug interactions and side effects. - Option B: Essepro should not be prescribed because it can worsen her psoriasis - Psoriasis is not typically a contraindication for beta-blockers like Essepro. However, the patient's current treatment with methotrexate, an immunosuppressant, might interact with Essepro, so this alone is insufficient to rule out the medication. - Option C: Essepro should not be prescribed because it is similar to her other medications - Similarity between medications is not a contraindication. The patient's current regimen includes enalapril and spironolactone, both ACE inhibitors and potassium-sparing diuretics respectively, but these do not directly relate to the contraindications for Essepro. - Option E: Essepro should only be used for hypertensive emergencies - This is too restrictive. Hypertensive emergencies are rare and typically require immediate intervention, whereas the patient's hypertension is chronic and well-controlled with existing medications. Given the patient's history of elevated liver function tests and the clear contraindication for Essepro due to severe hepatic impairment, the safest course of action is to not prescribe the medication.",0.0068,0.0436,0.2703,0.1045,0.0561,0.0906,0.0906,0.4562,0.5714,0.6379
"A 19-year-old woman comes to her university's health center because of a 1-week history of nasal stuffiness, occasional clear rhinorrhea, and a mild sore throat. Two days ago, she began to feel hot, but she has not taken her temperature. Medical history is unremarkable and her only medication is an oral contraceptive. She has no history of allergies. She does not smoke cigarettes. BMI is 22 kg/m². Vital signs are temperature 38.1°C (100.6°F), pulse 88/min, respirations 16/min, and blood pressure 116/74 mm Hg. Physical examination discloses tenderness over the left maxillary sinus without purulent drainage. There is clear fluid behind the left tympanic membrane, enlarged tonsils bilaterally, and pain with tapping of the left upper incisors. The left frontal sinus does not transilluminate. Cardiopulmonary examination discloses no abnormalities. Which of the following is the most likely underlying mechanism of this patient's sinusitis?",Which of the following is the most likely underlying mechanism of this patient's sinusitis?,"
A. Eustachian tube dysfunction 
B. Mucosal edema 
C. Nasal polyps 
D. Oral contraceptive use 
E. Tonsillar hyperplasia
",B,A,False,"The patient's symptoms of nasal stuffiness, occasional clear rhinorrhea, and a mild sore throat, along with the presence of clear fluid behind the left tympanic membrane and pain on tapping the left upper incisors, suggest that the most likely underlying mechanism for her sinusitis is Eustachian tube dysfunction. Eustachian tube dysfunction can lead to sinusitis by causing blockage in the drainage pathways of the sinuses. The Eustachian tubes connect the middle ear to the nasopharynx and help maintain equal air pressure between the middle ear and the atmosphere. When these tubes become inflamed, blocked, or do not function properly, it can lead to a buildup of mucus in the sinuses, which can cause sinusitis. - Option A (Eustachian tube dysfunction): This is the most plausible explanation given the patient's symptoms and physical findings. The presence of clear fluid behind the left tympanic membrane suggests that the Eustachian tube may be partially obstructed. - Option B (Mucosal edema): While mucosal edema can contribute to sinusitis, it is less specific to the patient's presentation. The patient's symptoms do not strongly point towards significant mucosal edema as the primary cause. - Option C (Nasal polyps): The patient's physical examination did not reveal any purulent drainage from the sinuses, which is more characteristic of nasal polyps. Additionally, the absence of other symptoms typically associated with nasal polyps makes this less likely. - Option D (Oral contraceptive use): Although some studies have suggested a link between oral contraceptives and increased risk of sinusitis, there is no strong evidence to support this as the primary cause based on the patient's current symptoms and history. - Option E (Tonsillar hyperplasia): The patient's tonsils are described as enlarged bilaterally, but the pain on tapping the left upper incisors and the presence of clear fluid behind the left tympanic membrane are more indicative of Eustachian tube dysfunction rather than tonsillar issues. Therefore, Eustachian tube dysfunction is the most likely underlying mechanism for the patient's sinusitis.",0.0082,0.0326,0.2457,0.0814,0.0468,0.0698,0.0698,0.4851,0.6203,0.7818
"A 40-year-old woman comes to the office because of a 2-month history of fatigue, and generalized aching and weakness of the proximal muscles of all four extremities. The patient initially noticed the weakness only while she was getting in and out of her car, but during the past 2 weeks, the weakness has progressed, so that she now has difficulty combing her hair. Since the symptoms began, she also has had aching of the joints in her hands that has responded partially to ibuprofen. She was adopted and family history is unknown. She has two teenaged children who are well. She appears uncomfortable. She is 170 cm (5 ft 7 in) tall and weighs 68 kg (150 lb); BMI is 24 kg/m². Vital signs are temperature 37.7°C (99.8°F), pulse 90/min, respirations 20/min, and blood pressure 110/70 mm Hg. The patient is alert and fully oriented. Physical examination discloses cracking of the skin of both hands that involves the tips and lateral sides of several fingers. The muscles of the upper arms and legs are somewhat tender to pressure. Results of serum laboratory studies show a creatine kinase concentration of 600 U/L and a lactate dehydrogenase concentration of 800 U/L. Results of complete blood count are within the reference ranges. Which of the following is the most likely diagnosis?",Which of the following is the most likely diagnosis?,"
A. Fibromyalgia 
B. Myasthenia gravis 
C. Polymyositis 
D. Scleroderma
",C,C,True,"Based on the patient's symptoms and laboratory findings, polymyositis (option C) is the most likely diagnosis. 1. Fatigue, Aching Muscles, and Weakness: The patient reports fatigue, muscle aching, and weakness, particularly in the proximal muscles of the upper and lower limbs. These symptoms are consistent with polymyositis, an inflammatory myopathy characterized by muscle weakness and pain, especially affecting the proximal muscles. 2. Skin Changes: The patient exhibits cracking of the skin on the fingertips and lateral sides of several fingers, which can be seen in polymyositis. This condition, known as Gottron's papules, is a characteristic feature of dermatomyositis, a related condition, but it can also occur in polymyositis. 3. Laboratory Findings: Elevated levels of creatine kinase (CK) and lactate dehydrogenase (LDH) are indicative of muscle damage. CK levels of 600 U/L and LDH levels of 800 U/L are significantly elevated, further supporting the diagnosis of polymyositis. In contrast, fibromyalgia typically does not present with elevated CK levels, and myasthenia gravis usually presents with fluctuating muscle weakness and fatigability rather than persistent proximal muscle weakness. 4. Family History: The patient's family history is unknown, which is not uncommon and does not rule out polymyositis. However, it is important to note that polymyositis can sometimes run in families, though this is not always the case. 5. Other Conditions: - Fibromyalgia: While fibromyalgia can cause widespread musculoskeletal pain and fatigue, it typically does not present with elevated CK levels. - Myasthenia Gravis: This autoimmune disorder causes muscle weakness due to antibodies attacking neuromuscular junctions. It often presents with fluctuating muscle weakness, particularly in the eyelids, bulbar muscles, and proximal muscles, but it does not typically present with elevated CK levels. - Scleroderma: This systemic autoimmune disease primarily affects connective tissue, leading to thickening of the skin and internal organs. It does not typically present with elevated CK levels or specific skin changes like those described. In conclusion, given the clinical presentation and laboratory findings, polymyositis is the most probable diagnosis for this patient.",0.0051,0.0177,0.1419,0.0469,0.0295,0.0411,0.0411,0.4015,0.5295,0.6556
"A 40-year-old man comes to the office for a preemployment physical examination. The patient has been generally healthy. Medical history is unremarkable and he takes no routine medications. Vital signs are normal. Physical examination shows a palpable nodule in the right lobe of the thyroid gland. Serum thyroid-stimulating hormone concentration is within the reference range. Ultrasonography of the thyroid gland confirms a solid, 1-cm nodule. Which of the following is the most appropriate next step in evaluation?",Which of the following is the most appropriate next step in evaluation?,"
A. CT scan of the neck 
B. Fine-needle aspiration of the nodule 
C. Radionuclide thyroid scan 
D. Thyroidectomy 
E. Observation only
",B,B,True,"Fine-needle aspiration (FNA) of the nodule is the most appropriate next step in evaluating this patient. Here's why: 1. CT Scan of the Neck (Option A): While a CT scan can provide detailed images of the neck region, it is not typically used as the first-line diagnostic tool for thyroid nodules. It is more useful for detecting other potential causes of neck swelling or mass, such as lymphadenopathy or enlarged salivary glands. 2. Fine-Needle Aspiration of the Nodule (Option B): This is the gold standard for diagnosing thyroid nodules. FNA allows for cytological analysis of the cells within the nodule, which can help determine whether the nodule is benign or malignant. Given that the nodule is solid and 1 cm in size, FNA is a reasonable and effective initial step to assess the nature of the nodule. 3. Radionuclide Thyroid Scan (Option C): This test is primarily used to evaluate thyroid function and detect hyperthyroidism or hypothyroidism. It does not provide information about the composition or nature of thyroid nodules. Therefore, it is not the most appropriate next step in this scenario. 4. Thyroidectomy (Option D): A thyroidectomy is a surgical procedure to remove all or part of the thyroid gland. It is typically reserved for cases where there is a high suspicion of malignancy based on clinical presentation, imaging findings, or previous FNA results. Since the patient's serum thyroid-stimulating hormone (TSH) concentration is within the reference range and the nodule is solid, a thyroidectomy is not indicated at this time. 5. Observation Only (Option E): While some small, asymptomatic thyroid nodules may be monitored over time, this approach is not recommended for a 40-year-old patient with a palpable nodule and a solid nodule on ultrasound. The risk of malignancy cannot be ruled out, especially given the presence of a nodule. In summary, fine-needle aspiration of the nodule is the most appropriate next step due to its ability to provide definitive cytological diagnosis and guide further management decisions.",0.0106,0.0236,0.225,0.0573,0.0403,0.0573,0.0573,0.4486,0.5478,0.6997
"A 35-year-old man was admitted to the hospital 3 days ago because of pneumonia, but he has shown no clinical improvement despite ceftriaxone and azithromycin therapy. Upon admission, the patient exhibited blood-streaked sputum and chest x-ray showed hilar adenopathy. Medical history is otherwise unremarkable. The patient is a construction worker and he returned home 1 week ago from the southwest United States, where he had been temporarily employed. He does not smoke cigarettes. BMI is 20 kg/m². Vital signs today are temperature 38.5°C (101.3°F), pulse 106/min, respirations 22/min, and blood pressure 110/70 mm Hg. Pulse oximetry on room air shows an oxygen saturation of 95%. PPD skin test is nonreactive. Acid-fast smears of three sputum samples were all negative. Complete blood count at the time of admission showed a normal leukocyte count with 15% eosinophils. Results of blood culture have been negative since admission. Which of the following is most likely to provide a diagnosis?",Which of the following is most likely to provide a diagnosis?,"
A. Bacterial culture of sputum 
B. CT scan of the chest 
C. Fungal culture of the blood 
D. Serologic study for Coccidioides immitis 
E. Sputum cytologic study 
F. Urine assay for Legionella antigen
",D,D,True,"Given the patient's symptoms, including blood-streaked sputum and hilar adenopathy, along with his recent travel history to the southwest United States, the most likely diagnosis is Coccidioidomycosis, commonly known as Valley Fever. This fungal infection is endemic in certain regions of the southwestern United States and can present with symptoms similar to those of pneumonia. - Option A: Bacterial culture of sputum - While this could be considered, given that blood cultures have been negative and acid-fast smears of sputum were negative, it is less likely to be the primary cause based on the clinical presentation and the patient's travel history. - Option B: CT scan of the chest - Although a CT scan might help visualize the extent of the disease and rule out other causes, it is not the most immediate diagnostic tool for identifying the specific fungus causing the infection. - Option C: Fungal culture of the blood - Since the blood culture has been negative, this option is unlikely to yield positive results. - Option D: Serologic study for Coccidioides immitis - Given the patient's recent travel history and the clinical presentation, a serologic study for Coccidioides immitis would be highly indicative of the diagnosis. Elevated levels of antibodies against Coccidioides can confirm the presence of the fungus. - Option E: Sputum cytologic study - While this could potentially identify fungal elements, it is less sensitive than serology and may not be definitive without additional supportive evidence. - Option F: Urine assay for Legionella antigen - Legionella is a different type of pathogen that typically causes Legionnaires' disease, which presents differently from pneumonia caused by Coccidioides. The patient's symptoms and travel history do not suggest Legionella as the primary cause. Therefore, the serologic study for Coccidioides immitis is the most appropriate next step in diagnosing this case.",0.0,0.0242,0.1129,0.0588,0.0197,0.0458,0.0458,0.4337,0.5694,0.6131
"A 25-year-old man is brought to the office by his parents. The patient has Down syndrome and mild intellectual developmental disorder. He is their only child, and they are concerned that his current lifestyle is increasing his risk for coronary artery disease and stroke. The patient has a systolic murmur and also underwent surgical repair of an atrial septal defect at 1 year of age. He has smoked one pack of cigarettes daily for 5 years. He lives in a group home and works about 25 hours each week in a fast-food restaurant. He has a few friends and is romantically involved with a woman from his church group. The patient is 157 cm (5 ft 2 in) tall and weighs 91 kg (200 lb); BMI is 36 kg/m². Vital signs are normal. A grade 2/6 systolic murmur is heard best at the apex. The parents would like him to stop smoking and follow a healthier diet, and they feel the only way to monitor and control his behavior is for him to move back into their home. They request your assistance in obtaining legal guardianship of their son. Which of the following is the most appropriate initial recommendation?",Which of the following is the most appropriate initial recommendation?,"
A. Advise the parents not to influence their son's decision in this matter 
B. Arrange for evaluation of their son's competency 
C. Enroll their son in a smoking cessation program 
D. Initiate a family meeting to discuss the parents' concerns with their son 
E. Obtain legal advice regarding guardianship
",D,B,False,"- Option B (Arrange for evaluation of their son's competency): This is the most appropriate initial recommendation because it directly addresses the concern raised by the parents regarding their son's ability to make informed decisions about his health and lifestyle. Evaluating the patient's competency can help determine if he has the capacity to understand the risks associated with smoking and making healthy lifestyle choices. This step is crucial before any further interventions or legal actions are taken. - Option A (Advise the parents not to influence their son's decision in this matter): While it might be tempting to advise the parents to stay out of their son's affairs, this approach does not address the core issue of ensuring the patient's well-being and understanding of the risks involved. It also doesn't provide a structured plan for addressing the patient's health needs. - Option C (Enroll their son in a smoking cessation program): Although this is a good idea, it should be done after ensuring the patient's competency. Enrolling someone without assessing their ability to consent could be seen as inappropriate or even harmful. - Option D (Initiate a family meeting to discuss the parents' concerns with their son): While a family meeting can be beneficial for open communication, it is not the most immediate or necessary step. It should come after the competency evaluation to ensure that the patient is capable of participating in such discussions. - Option E (Obtain legal advice regarding guardianship): This is a long-term consideration and should be pursued only after determining the patient's competency. Legal advice is important but not the first step in addressing the immediate health concerns and lifestyle changes needed. By evaluating the patient's competency first, the healthcare provider ensures that all subsequent recommendations and actions are aligned with respecting the patient's autonomy while safeguarding his health and well-being.",0.009,0.0237,0.1533,0.0491,0.037,0.0429,0.0429,0.4514,0.5527,0.6085
"A 45-year-old woman comes to the office because of a 3-day history of nasal congestion, headache, sore throat, and general malaise. She has developed a cough during the past 24 hours that is mildly productive of clear sputum. Except for occasional seasonal allergies, she has no previous history of medical problems. She takes no medications on a regular basis but during the past 3 days she has been taking an over-the-counter oral cold medication. She follows a strict low-fat vegetarian diet and she drinks three to four glasses of wine per week. She jogs 3 miles a day when she is not sick. Vital signs today are temperature 37.5°C (99.5°F), pulse 90/min, and blood pressure 140/94 mm Hg. Height is 170 cm (5 ft 7 in); weight is 54 kg (120 lb); BMI is 19 kg/m². On physical examination she appears slightly anxious. Nasal mucosa is erythematous and swollen, and sinuses are nontender. Posterior pharynx is also erythematous but there are no exudates. Lungs are clear on auscultation and cardiac examination is normal. Repeat blood pressure measurement at the end of the examination is 142/96 mm Hg in the left arm and 138/94 mm Hg in the right arm. Which of the following is the most likely cause of her elevated blood pressure?",Which of the following is the most likely cause of her elevated blood pressure?,"
A. Acute viral illness 
B. Chronic sinusitis 
C. Essential hypertension 
D. Her alcohol intake 
E. Over-the-counter cold medication
",E,E,True,"The most likely cause of her elevated blood pressure in this scenario is the over-the-counter cold medication she has been taking. Over-the-counter cold medications often contain decongestants, antihistamines, and other ingredients that can affect blood pressure. Decongestants, which are commonly used to relieve nasal congestion, can increase heart rate and constrict blood vessels, leading to temporary spikes in blood pressure. The combination of these effects, especially if taken in high doses or over an extended period, could explain the observed elevation in blood pressure. While the other options have some relevance, they are less likely to be the primary cause: A. Acute viral illness - While the patient does have symptoms of a viral upper respiratory infection, acute viral illnesses typically do not cause significant changes in blood pressure unless they lead to secondary complications such as dehydration or secondary infections. B. Chronic sinusitis - Although chronic sinusitis can cause headaches and nasal congestion, it is less likely to cause a sudden spike in blood pressure. Sinusitis usually presents with more persistent symptoms and may be accompanied by fever or facial pain, which are not present in this case. C. Essential hypertension - This would typically be diagnosed based on long-term monitoring and would not explain the transient elevation seen here. Additionally, the patient's blood pressure readings are within the prehypertension range (120-139/80-89 mmHg). D. Her alcohol intake - While alcohol consumption can temporarily raise blood pressure, the patient's alcohol intake is described as ""occasional"" and moderate, and the elevation in blood pressure is noted after a 3-day period of taking cold medication, suggesting a more immediate effect rather than a sustained one due to alcohol. Therefore, the over-the-counter cold medication is the most plausible explanation for the patient's elevated blood pressure.",0.015,0.0357,0.2067,0.0823,0.0573,0.0696,0.0696,0.4943,0.5824,0.7129
"A 41-year-old woman comes to the emergency department because of a 3-day history of fever and a 2-day history of worsening flank pain with frequent and painful urination. She describes the pain as constant and says it worsens when she coughs or lies on her right side. She rates the pain as a 5 on a 10-point scale; ibuprofen has provided moderate relief of her pain. She also reports intermittent nausea but has not had vomiting or change in bowel habits. Medical history is significant for several uncomplicated urinary tract infections, most recently 8 months ago. Each infection resolved with antibiotic therapy. She currently takes no medications aside from her recent use of ibuprofen. She is sexually active with one male partner and uses condoms regularly. Vital signs are temperature 39.4°C (103.0°F), pulse 76/min, respirations 20/min, and blood pressure 128/74 mm Hg. Auscultation of the chest discloses normal S1 and S2. Abdomen is soft with normal bowel sounds. There is guarding on the right lateral side and tenderness to compression over the right costophrenic angle. Results of laboratory studies are shown: Serum: Urea nitrogen 18 mg/dL Creatinine 0.9 mg/dL Blood: Hemoglobin 12.8 g/dL WBC 20,000/mm3 Neutrophils, segmented 80% Lymphocytes 15% Eosinophils 2% Monocytes 3% Urine: Specific gravity 1.015 (N=1.003–1.029) Protein Negative Occult blood Negative Leukocyte esterase Positive WBC Too numerous to count Casts Occasional Urine and blood cultures are obtained and sent for analysis. Antibiotic therapy is initiated. Which of the following is the most appropriate next step?",Which of the following is the most appropriate next step?,"
A. Cystoscopy 
B. Echocardiography 
C. MRI of the abdomen 
D. Renal ultrasonography 
E. No additional study is indicated
",E,D,False,"Given the patient's symptoms of fever, flank pain, and hematuria (blood in urine), along with the presence of leukocyte casts in the urine, these findings strongly suggest a urinary tract infection that may have progressed to pyelonephritis, an infection of the kidney. Pyelonephritis can be confirmed by imaging studies to assess the extent of the infection and rule out complications such as abscess formation. Among the options provided: A. Cystoscopy - This procedure involves examining the bladder and urethra using a thin, lighted tube called a cystoscope. While it can be useful for diagnosing certain conditions, it is not typically the first-line imaging test for suspected pyelonephritis. It is more commonly used for other urological issues like bladder tumors or strictures. B. Echocardiography - This test evaluates the structure and function of the heart. It is not relevant to the diagnosis of pyelonephritis, which is a renal condition rather than a cardiac one. C. MRI of the abdomen - Magnetic resonance imaging provides detailed images of the abdominal organs, including the kidneys. However, given the patient's presentation and the need for rapid diagnostic evaluation, an MRI might not be the most urgent or practical initial step compared to other imaging modalities. D. Renal ultrasonography - This non-invasive imaging technique uses sound waves to create detailed pictures of the kidneys. It is highly effective in detecting pyelonephritis, assessing the size and shape of the kidneys, and identifying any abnormalities such as hydronephrosis (swelling of the kidney due to blockage). It is often the preferred initial imaging modality for patients presenting with symptoms suggestive of pyelonephritis. E. No additional study is indicated - Given the clinical presentation and the need to rapidly diagnose and treat the suspected pyelonephritis, this option would be inappropriate without further investigation. Therefore, the most appropriate next step is renal ultrasonography (option D). This will help confirm the diagnosis, guide treatment decisions, and monitor the progression of the disease.",0.0055,0.0219,0.1797,0.0545,0.0305,0.0545,0.0545,0.4398,0.5264,0.656
"A 41-year-old woman is brought to the emergency department by her husband because of nausea and dizziness that began suddenly 4 hours ago. She says she feels like the room is spinning. She has not vomited. She recalls receiving a blow to the left side of her neck 1 week ago when her dog jumped on her, but she has had no ill effects from that incident. Medical history is unremarkable. She takes no medications. Vital signs are normal. Physical examination shows mild ptosis of the left eyelid. The right pupil measures 4 mm in diameter and the left pupil measures 2 mm in diameter. Both pupils are reactive to light. Ocular motility is full. Nystagmus is present in both eyes on left lateral gaze. Left corneal reflex is diminished. Sensation to pinprick and cold is reduced over the left side of the face, right side of the chest, abdomen, and right upper and lower extremities. Which of the following pathophysiologic processes most accurately explains this patient's left-sided ptosis and decreased pupil size?",Which of the following pathophysiologic processes most accurately explains this patient's left-sided ptosis and decreased pupil size?,"
A. Parasympathetic overactivity 
B. Parasympathetic underactivity 
C. Postsynaptic neuromuscular junction defect 
D. Presynaptic neuromuscular junction defect 
E. Sympathetic overactivity 
F. Sympathetic underactivity
",F,F,True,"The patient's symptoms suggest a dysfunction in the autonomic nervous system, specifically involving the sympathetic division. The key findings include: - Ptosis (drooping) of the left eyelid. - Decreased pupil size on the left side (left pupil measuring 2 mm in diameter). - Reduced sensation on the left side of the face, right side of the chest, abdomen, and right upper and lower extremities. - Nystagmus (involuntary eye movement) present in both eyes, more pronounced on the left side during lateral gaze. These symptoms strongly point towards a disorder affecting the sympathetic nervous system, which controls many of the body's ""fight or flight"" responses, including pupil dilation, sweating, and blood pressure regulation. Option F, ""Sympathetic underactivity,"" is the most accurate explanation for these symptoms. This condition would result in the pupil being smaller than normal (mydriasis instead of miosis), and the ptosis would be due to a lack of sympathetic innervation to the levator palpebrae superioris muscle, leading to drooping of the eyelid. Additionally, the reduced sensation and other symptoms would be consistent with a sympathetic deficit. Let's briefly discuss why the other options are incorrect: - Option A (Parasympathetic overactivity): This would cause the pupil to dilate (miosis instead of mydriasis), not constrict, and it wouldn't explain the ptosis or sensory deficits. - Option B (Parasympathetic underactivity): This would cause the pupil to dilate, not constrict, and it wouldn't explain the ptosis or sensory deficits. - Option C (Postsynaptic neuromuscular junction defect): This would typically cause muscle weakness rather than ptosis and sensory deficits. - Option D (Presynaptic neuromuscular junction defect): This would also cause muscle weakness and likely wouldn't explain the ptosis and sensory deficits. - Option E (Sympathetic overactivity): While this could potentially cause some symptoms, it doesn't explain the ptosis and the pupil constriction seen here. Therefore, the most appropriate diagnosis based on the clinical presentation is sympathetic underactivity.",0.0,0.0237,0.1598,0.0788,0.0305,0.0545,0.0545,0.474,0.5946,0.6494
"A 34-year-old woman comes to the office because of a 3- to 4-week history of swelling of her legs and a 9-kg (20-lb) weight gain. Medical history is significant for sickle cell trait and mild anemia. She has been taking 800 mg of ibuprofen three times daily for Achilles tendinitis diagnosed 1 month ago. She has smoked five cigarettes daily for the past 15 years, and she drinks one to five beers on weekends. She experimented with cocaine briefly 16 years ago, but she has never used intravenous drugs. She has been in a monogamous sexual relationship for the past 12 years. Today, vital signs are temperature 37.2°C (99.0°F), pulse 88/min, respirations 16/min, and blood pressure 145/95 mm Hg. Physical examination discloses periorbital edema but no jugular venous distention. Lungs are clear to auscultation. Cardiac examination discloses an S1 and S2 without murmurs or gallops. Abdominal examination discloses bulging flanks and shifting dullness to percussion. Examination of the lower extremities shows pitting edema from the mid thigh to the ankles bilaterally. Results of which of the following studies are most likely to be abnormal in this patient?",Results of which of the following studies are most likely to be abnormal in this patient?,"
A. Echocardiography 
B. HIV antibody study 
C. Serum B-type natriuretic peptide concentration 
D. Toxicology screening of the urine 
E. Urine protein concentration
",E,C,False,"C. Serum B-type natriuretic peptide concentration - This test is most likely to be abnormal in this patient. The symptoms described—periorbital edema, pitting edema from the mid-thigh to the ankles, and shifting dullness to percussion—indicate possible heart failure. B-type natriuretic peptides (BNP) are released into the bloodstream when the heart is stressed, such as in heart failure. Elevated levels of BNP can help diagnose heart failure, especially in patients with risk factors like sickle cell trait, hypertension, and recent weight gain. A. Echocardiography - While echocardiography can be useful in diagnosing heart failure, it is not the first-line test in this scenario. It would typically be ordered if the BNP level is normal or borderline, or if there's uncertainty about the diagnosis. B. HIV antibody study - Given the patient's history of smoking and alcohol use, along with her monogamous sexual relationship, the risk of HIV infection is low. However, since the question asks what is most likely to be abnormal, and given that HIV is a serious condition, this test might still be considered, though less likely than the BNP test. D. Toxicology screening of the urine - The patient's history does not suggest any current use of illicit drugs, so a toxicology screen is unlikely to be abnormal unless she has recently used cocaine again, which is highly unlikely given her stated history. E. Urine protein concentration - While proteinuria can be associated with heart failure, it is not as specific or sensitive as BNP for diagnosing heart failure. Additionally, the patient's history of sickle cell trait and mild anemia could also lead to proteinuria due to hematuria or other renal issues, making this less likely to be the most abnormal finding compared to BNP. Therefore, the most likely abnormal finding in this patient is the elevated B-type natriuretic peptide concentration, indicating potential heart failure.",0.0145,0.0375,0.2346,0.079,0.0489,0.0669,0.0669,0.4642,0.5697,0.6827
"A 54-year-old woman comes to the office because she has had intermittent shooting pain over her right cheek and jaw during the past 3 weeks. Each episode of pain lasts for 1 second or less. The pain is often triggered by cold air, chewing, tactile stimulation, and brushing her teeth. She has had no trauma to the face or head. Medical history is remarkable for tension headaches, obesity, and gastric bypass surgery. She is 165 cm (5 ft 5 in) tall and weighs 62 kg (137 lb); BMI is 23 kg/m². Vital signs are normal. The patient cannot tolerate touch over the right side of the face. There is no facial weakness or loss of sensation. The remainder of the physical examination shows no abnormalities. CT scan of the head with and without contrast shows no abnormalities. Which of the following is the most appropriate pharmacotherapy at this time?",Which of the following is the most appropriate pharmacotherapy at this time?,"
A. Carbamazepine 
B. Lamotrigine 
C. Levetiracetam 
D. Topiramate 
E. Zonisamide
",A,D,False,"Given the patient's symptoms of intermittent, brief, sharp pain in the right cheek and jaw that is triggered by cold air, chewing, and tactile stimulation, it is likely that the patient is experiencing trigeminal neuralgia. This condition typically affects the trigeminal nerve (cranial nerve V), which carries sensations from the face. Among the options provided, topiramate (D) is the most commonly used medication for treating trigeminal neuralgia. It works by reducing the excitability of nerve cells, thereby decreasing the frequency and severity of pain episodes. Topiramate has been shown to be effective in managing both acute and chronic cases of trigeminal neuralgia. Let's examine why the other options are not as suitable: A. Carbamazepine - While carbamazepine is also effective for trigeminal neuralgia, it is generally considered more potent than topiramate and can have more significant side effects such as dizziness, drowsiness, and cognitive impairment. Given the patient's age and the fact that she already has a history of obesity and gastric bypass surgery, carbamazepine might not be the best choice due to potential interactions or side effects. B. Lamotrigine - Lamotrigine is primarily used for epilepsy and bipolar disorder. Although it can be used off-label for certain types of neuropathic pain, including trigeminal neuralgia, its use is less common compared to topiramate and carbamazepine. C. Levetiracetam - Similar to lamotrigine, levetiracetam is primarily used for epilepsy. It is less frequently prescribed for trigeminal neuralgia compared to topiramate and carbamazepine. E. Zonisamide - Zonisamide is an anticonvulsant drug that is sometimes used for neuropathic pain, but it is not as commonly prescribed for trigeminal neuralgia as topiramate or carbamazepine. In conclusion, given the patient's presentation and the effectiveness of topiramate in managing trigeminal neuralgia, it is the most appropriate pharmacotherapy at this time.",0.0152,0.03,0.257,0.0719,0.0461,0.0719,0.0719,0.4745,0.5711,0.7112
"A 25-year-old man, who was admitted to the hospital 5 hours ago because of nausea, light-headedness, and muscle aches that began after he completed a marathon, now reports worsening pain in his right leg. On admission, the patient reported only mild muscle aching, but he now rates the pain in his right lower extremity as a 9 on a 10-point scale. Laboratory studies on admission were notable for a serum creatine kinase concentration of 10,000 U/L and a serum creatinine concentration of 1.7 mg/dL. Since admission the patient has received 5 L of 0.9% saline and his nausea and light-headedness have resolved. He is alert and fully oriented. Vital signs are temperature 36.9°C (98.5°F), pulse 88/min, respirations 16/min, and blood pressure 126/82 mmHg. Pulse oximetry on room air shows an oxygen saturation of 97%. Cardiopulmonary and abdominal examinations disclose no abnormalities. Passive flexion of the toes elicits pain over the anterior portion of the right lower extremity below the knee. Distal pulses are present in the lower extremities bilaterally. The remainder of the physical examination discloses no abnormalities. Results of laboratory studies obtained 1 hour ago are shown: Serum: Urea nitrogen 12 mg/dL Creatinine 1.2 mg/dL Na+ 140 mEq/L K+ 4.0 mEq/L Cl− 100 mEq/L HCO3 −24 mEq/L Blood: Hemoglobin 14.0 g/dL WBC 14,000/mm3 Neutrophils, segmented 60% Which of the following is the most appropriate next step in management?","0 g/dL WBC 14,000/mm3 Neutrophils, segmented 60% Which of the following is the most appropriate next step in management?","
A. Application of ice to the right lower extremity 
B. Cyclobenzaprine therapy 
C. Measurement of lower extremity compartment pressures 
D. MRI of the right lower extremity 
E. Nonsteroidal anti-inflammatory drug therapy
",C,C,True,"Given the patient's history of a marathon, the current symptoms of worsening pain in the right lower extremity, and the elevated serum creatine kinase (CK) levels, it is important to consider the possibility of compartment syndrome. Compartment syndrome occurs when there is increased pressure within a closed space (compartment) of the body, usually due to swelling from injury or bleeding. In this case, the patient's symptoms align with the classic triad of pain, pallor, and paresthesia (tingling or numbness) which can occur with compartment syndrome. Option A (Application of ice to the right lower extremity) is not the most appropriate next step. While cold therapy can help reduce inflammation and pain, it does not address the underlying issue of increased intracompartmental pressure. Option B (Cyclobenzaprine therapy) is not indicated at this stage. Cyclobenzaprine is primarily used for muscle spasms and pain relief, but it does not address the potential complications of compartment syndrome. Option C (Measurement of lower extremity compartment pressures) is the most appropriate next step. This test can definitively diagnose compartment syndrome by measuring the pressure within the muscle compartments. If compartment syndrome is confirmed, prompt surgical decompression may be necessary to prevent permanent damage to the muscles and nerves. Option D (MRI of the right lower extremity) is not the most immediate or necessary step. An MRI can provide detailed images of soft tissues and bones, but it is not the first-line diagnostic tool for compartment syndrome. It would be more useful if the diagnosis of compartment syndrome is uncertain or if other conditions need to be ruled out. Option E (Nonsteroidal anti-inflammatory drug therapy) is not the most appropriate next step. NSAIDs can help manage pain and inflammation, but they do not address the underlying issue of increased intracompartmental pressure. Therefore, the most appropriate next step in management is to measure the lower extremity compartment pressures to confirm the diagnosis of compartment syndrome and determine the urgency of treatment.",0.0137,0.0299,0.2022,0.063,0.0461,0.063,0.063,0.4591,0.5448,0.6212
"A 9-year-old boy is brought to the office by his parents to establish care after recently moving to the area. The patient has not been evaluated by a physician in 4 years. He has been generally healthy. Medical history is significant for pneumonia at age 3 years. He takes no medications. He is at the 25th percentile for height, weight, and BMI. Vital signs are temperature 37.0°C (98.6°F), pulse 82/min, respirations 20/min, and blood pressure 112/74 mm Hg. Cardiac examination discloses a grade 3/6 systolic murmur audible along the left sternal border at the third and fourth intercostal spaces. Femoral pulses are weak and brachial pulses are strong; there is a radiofemoral delay. Chest x-ray discloses mild cardiomegaly with left ventricular prominence. ECG shows left ventricular hypertrophy. This patient is at greatest risk for which of the following complications?",This patient is at greatest risk for which of the following complications?,"
A. Atrial fibrillation 
B. Cor pulmonale 
C. Systemic hypertension 
D. Tricuspid valve regurgitation
",C,C,True,"Based on the clinical presentation and diagnostic findings, this patient is at greatest risk for Systemic Hypertension. 1. Systemic Hypertension: The patient's cardiac examination reveals a grade 3/6 systolic murmur, indicating possible left ventricular hypertrophy (LVH). Additionally, the electrocardiogram (ECG) shows left ventricular hypertrophy, further supporting this diagnosis. The presence of LVH often indicates increased afterload, leading to increased systemic vascular resistance and ultimately systemic hypertension. The patient also has mild cardiomegaly, which can be associated with increased left ventricular mass and subsequent hypertension. 2. Atrial Fibrillation (Option A): While atrial fibrillation can occur in patients with heart disease, it is less likely to be the primary complication given the specific findings of LVH and left ventricular prominence rather than isolated atrial enlargement. 3. Cor Pulmonale (Option B): Cor pulmonale refers to right-sided heart failure due to chronic lung disease. The patient’s symptoms and findings do not suggest underlying chronic lung disease, so cor pulmonale is unlikely to be the primary concern. 4. Tricuspid Valve Regurgitation (Option D): Although tricuspid valve regurgitation can occur in conditions like pulmonary hypertension, the patient's presentation does not strongly suggest this condition. The murmur is more consistent with left-sided heart disease, particularly left ventricular hypertrophy. In summary, the combination of left ventricular hypertrophy, left ventricular prominence, and systemic hypertension makes systemic hypertension the most concerning complication for this patient. Regular follow-up and monitoring for hypertension would be essential in managing this patient's cardiovascular health.",0.0106,0.0316,0.2338,0.0769,0.0465,0.0769,0.0769,0.4737,0.5429,0.7136
"A 25-year-old woman comes to the office because of a 2-day history of right lower quadrant abdominal pain and vaginal spotting. She describes the abdominal pain as cramping and rates it as a 4 on a 10-point scale. Medical history is unremarkable and the patient takes no medications. Menses are typically irregular but she thinks her last menstrual period was approximately 5 weeks ago. She is sexually active with one male partner and they use condoms occasionally. Vital signs are temperature 37.2°C (99.0°F), pulse 90/min, respirations 16/min, and blood pressure 110/65 mm Hg. Abdominal examination discloses tenderness to palpation of the right lower quadrant. Pelvic examination discloses dark blood in the vaginal vault. Hematocrit is 36%. Urine pregnancy test is positive. Pelvic ultrasonography shows a thickened endometrial lining and no adnexal masses. Which of the following is the most appropriate next step in management?",Which of the following is the most appropriate next step in management?,"
A. Admission to the hospital for observation 
B. Diagnostic laparoscopy 
C. Dilatation and curettage 
D. Follow-up pelvic ultrasonography in 1 week 
E. Serial serum β-hCG concentrations
",E,C,False,"Given the patient's symptoms of right lower quadrant abdominal pain, vaginal spotting, and a positive urine pregnancy test, along with the findings of tenderness in the right lower quadrant and dark blood in the vaginal vault, the most likely diagnosis is an ectopic pregnancy or a ruptured corpus luteum cyst, both of which can present with similar symptoms. 1. Diagnostic Laparoscopy (Option B): While diagnostic laparoscopy can be useful for confirming the diagnosis and ruling out other conditions, it is not the first-line treatment for ectopic pregnancies or ruptured corpus luteum cysts. It is more commonly used for fertility assessments or when surgical intervention is necessary. 2. Dilatation and Curettage (Option C): This procedure is often used to diagnose and treat abnormal uterine bleeding, including heavy periods or miscarriage. Given the patient's symptoms and the presence of dark blood in the vagina, this procedure could help confirm the diagnosis and remove any retained tissue that might be causing continued bleeding. However, it is not specifically indicated for ectopic pregnancies. 3. Admission to the Hospital for Observation (Option A): While admission may be necessary if there is significant bleeding or if the patient is at risk for complications such as hemorrhage, it does not address the underlying cause of the symptoms. The patient should be admitted if there is a high suspicion of ectopic pregnancy or if there is evidence of severe bleeding. 4. Follow-Up Pelvic Ultrasonography in 1 Week (Option D): This would be too late for a definitive diagnosis and treatment. Given the patient's symptoms and the positive urine pregnancy test, immediate action is needed. 5. Serial Serum β-hCG Concentrations (Option E): Serial β-hCG testing can help monitor the pregnancy and rule out ectopic pregnancy, but it is not a definitive diagnostic tool. It is also not a treatment option. Given the patient's symptoms and the clinical presentation, the most appropriate next step is to perform a dilatation and curettage (D&C) to confirm the diagnosis and manage the condition. If the D&C confirms an ectopic pregnancy, prompt medical or surgical intervention will be necessary. If the D&C is negative and the patient continues to have symptoms, further evaluation may be required, possibly including a repeat ultrasound or other diagnostic tests.",0.0047,0.0209,0.1718,0.051,0.0256,0.0459,0.0459,0.4158,0.5283,0.6229
"A 32-year-old woman, gravida 4, para 4, comes to the office 1 week after an uncomplicated vaginal delivery of a 3020-g (6-lb 11-oz) term female newborn. She has been breast-feeding her daughter since birth. The patient says that she cries frequently for no reason, is irritable, and is worried about her infant's long-term health. The patient reports having no appetite. She says that her husband and mother say that she is depressed and think she is anorexic. She has not had auditory hallucinations, confusion, or disorientation. She denies suicidal or homicidal ideation. She has a history of postpartum psychosis following the birth of her first child; she had no similar symptoms after the births of her second and third children. Which of the following factors in this patient's history most strongly indicates a poor prognosis?",Which of the following factors in this patient's history most strongly indicates a poor prognosis?,"
A. Anorexia 
B. Depressed mood 
C. History of psychosis 
D. Multiparity
",C,C,True,"- Option A: Anorexia - While the patient reports no appetite, this alone does not strongly indicate a poor prognosis. Anorexia can be a symptom of various conditions, including depression, but it is not typically a strong indicator of a poor prognosis in this context. - Option B: Depressed mood - Although the patient reports being irritable and crying frequently, which could suggest depressive symptoms, this is more of a presenting symptom rather than a prognostic factor. The presence of other symptoms and a history of postpartum psychosis make this less likely to be the primary factor indicating a poor prognosis. - Option C: History of psychosis - This is the strongest factor indicating a poor prognosis. The patient has a history of postpartum psychosis, which suggests a higher risk of recurrence. Postpartum psychosis is a severe mental health condition characterized by acute onset of psychotic symptoms such as delusions and hallucinations, often occurring within the first few weeks after childbirth. Given that the patient experienced this condition after her first pregnancy and did not have similar symptoms after her subsequent pregnancies, there is a significant risk of recurrence, making this a critical prognostic factor. - Option D: Multiparity - Being a multiparous woman (having given birth multiple times) does increase the risk of postpartum depression and related conditions, but it does not directly indicate a poor prognosis in terms of recurrence risk. The history of postpartum psychosis is more specific and predictive in this case. Therefore, the history of postpartum psychosis (Option C) is the most strongly indicative factor for a poor prognosis in this patient.",0.0,0.0337,0.2973,0.0873,0.0366,0.08,0.08,0.4686,0.6209,0.7401
"A 47-year-old man comes to the office to establish care. He recently moved to the area and has not been evaluated by a physician for more than 3 years. He reports a 1-year history of bilateral knee pain that worsens after prolonged standing, but he otherwise has felt well. Medical history is unremarkable and his only medication is acetaminophen as needed for his knee pain. Family history is significant for hypothyroidism in his mother and myocardial infarction in a paternal uncle at age 55 years. The patient drinks five to six beers weekly and does not smoke cigarettes. BMI is 32 kg/m² . Vital signs are temperature 36.1°C (97.0°F), pulse 78/min, respirations 12/min, and blood pressure 138/89 mm Hg. The patient is not in distress. Physical examination discloses no abnormalities. Results of fasting serum lipid studies obtained in preparation for today's visit are shown: Cholesterol Total 264 mg/dL HDL 54 mg/dL LDL 170 mg/dL Triglycerides 200 mg/dL Which of the following is the most appropriate next step in management regarding the patient's laboratory study results?",Results of fasting serum lipid studies obtained in preparation for today's visit are shown: Cholesterol Total 264 mg/dL HDL 54 mg/dL LDL 170 mg/dL Triglycerides 200 mg/dL Which of the following is the most appropriate next step in management regarding the patient's laboratory study results?,"
A. Prescribe atorvastatin 
B. Prescribe cholestyramine 
C. Recommend diet and low-impact exercise 
D. Refer the patient to a cardiologist 
E. Repeat fasting laboratory studies in 1 month
",C,C,True,"Given the patient's laboratory results, the most appropriate next step in management would be to recommend diet and low-impact exercise. Option A: Prescribe atorvastatin - While statins like atorvastatin can help lower cholesterol levels, they are typically prescribed when other lifestyle changes have failed or when there are additional risk factors present. The patient's current total cholesterol level of 264 mg/dL is within the range considered borderline high, and the LDL level of 170 mg/dL is also elevated but not extremely high. However, without additional risk factors such as diabetes, hypertension, or a family history of cardiovascular disease, prescribing a statin might be premature. Option B: Prescribe cholestyramine - Cholestyramine is an adsorbent that binds bile acids and helps reduce cholesterol levels. It is often used in conjunction with dietary modifications and lifestyle changes. However, it is generally not the first-line treatment for hypercholesterolemia unless other options have been tried or contraindicated. Given the patient's overall health status and the need for a comprehensive approach, this option seems less suitable compared to recommending diet and exercise. Option C: Recommend diet and low-impact exercise - This is the most appropriate next step given the patient's current condition. Diet and exercise are fundamental in managing cholesterol levels and improving overall cardiovascular health. The patient's BMI of 32 kg/m² indicates obesity, which is a significant risk factor for cardiovascular disease. Low-impact exercises such as walking, swimming, or cycling can help improve cardiovascular fitness and aid in weight loss. Additionally, dietary modifications, including reducing saturated fats and increasing fiber intake, can significantly impact cholesterol levels. Option D: Refer the patient to a cardiologist - While a referral to a cardiologist might be necessary if the patient has multiple risk factors or if the cholesterol levels are very high, the patient's current values do not necessarily indicate immediate cardiac risk. The patient's age, family history, and other factors should be considered. Given the absence of symptoms and the lack of additional risk factors, a referral might be premature. Option E: Repeat fasting laboratory studies in 1 month - Repeating the tests in one month could provide a better baseline to assess any potential changes in cholesterol levels over time. However, this option does not address the need for immediate intervention or lifestyle modification, which are crucial steps in managing hypercholesterolemia. In conclusion, the patient's current condition, despite elevated cholesterol levels, does not necessitate immediate pharmacological intervention. Therefore, the most appropriate next step is to recommend diet and low-impact exercise to manage the patient's cholesterol levels and overall cardiovascular health.",0.0147,0.0646,0.2534,0.1314,0.0577,0.0986,0.0986,0.5088,0.53,0.6291
"A 37-year-old man comes to the emergency department because he has felt nauseated and light-headed for the past hour. Medical history is significant for esophageal varices secondary to alcohol-related cirrhosis and ascites treated with spironolactone. He drinks eight to ten alcoholic beverages daily. While you are obtaining additional history, the patient vomits a large volume of bright red blood and becomes difficult to arouse. Vital signs are temperature 36.0°C (96.8°F), pulse 110/min, respirations 12/min, and blood pressure 90/50 mm Hg. Following initiation of intravenous fluids, which of the following is the most appropriate immediate management?","Following initiation of intravenous fluids, which of the following is the most appropriate immediate management?","
A. Arrange for transjugular intrahepatic portal vein shunting 
B. Begin intravenous vasopressin therapy 
C. Do endotracheal intubation 
D. Do upper endoscopy 
E. Insert an esophageal tube for balloon tamponade
",C,E,False,"Given the patient's presentation of sudden onset of massive hematemesis (vomiting of bright red blood) and altered mental status, it is clear that this is a critical situation requiring immediate intervention. Option E, ""Insert an esophageal tube for balloon tamponade,"" is the most appropriate immediate management in this scenario. This procedure can help control the bleeding by applying pressure to the lower esophagus and stomach, which are common sites for bleeding from esophageal varices. The balloon tamponade technique involves inserting a Foley catheter into the esophagus and then inflating a balloon at the base of the esophagus to apply pressure and stop the bleeding. This is a standard and effective approach for managing acute upper gastrointestinal bleeding, especially when there is a risk of continued bleeding despite initial fluid resuscitation. Options A, B, and C are not as immediately applicable or effective in this context: - Option A, ""Arrange for transjugular intrahepatic portal vein shunting,"" is a more long-term solution for portal hypertension but is not an immediate intervention. - Option B, ""Begin intravenous vasopressin therapy,"" while it can be used in certain situations to reduce bleeding, is not typically the first-line treatment for active bleeding from esophageal varices. - Option C, ""Do endotracheal intubation,"" is generally reserved for patients who have already become unresponsive due to hypovolemic shock or severe respiratory compromise, not for actively bleeding patients. Therefore, the most immediate and effective action in this case would be to insert an esophageal tube for balloon tamponade.",0.0107,0.0423,0.2148,0.0837,0.046,0.0608,0.0608,0.5199,0.605,0.69
"A 25-year-old man was admitted to the hospital yesterday with a massive hemothorax sustained as a result of a stab wound. Left lateral thoracotomy was done because more than 2 L of blood returned following chest tube placement. The thoracotomy disclosed a bleeding intercostal vessel that was repaired by suture ligation. Vital signs now are temperature 36.0°C (96.8°F), pulse 100/min, respirations 18/min, and blood pressure 120/78 mm Hg. Pulse oximetry on 5 L/min of oxygen via nasal cannula shows an oxygen saturation of 95%. Physical examination discloses a well-approximated staple line at the incision site and mild erythema. Decreased respiratory excursion is noted on the left side. The chest tube is draining a small amount of serosanguineous fluid; no air leak is noted. Which of the following is the most appropriate next step in management? Why not the other choices?",Why not the other choices?,"
A. Administration of broad-spectrum antibiotics 
B. Initiation of tube feedings 
C. Pain reduction 
D. Physical therapy 
E. Psychological evaluation for post-traumatic stress disorder
",C,A,False,"- Administration of broad-spectrum antibiotics: This is the most appropriate next step in managing the patient's condition. Given that the patient has a history of a massive hemothorax due to a stab wound, there is a significant risk of infection. Broad-spectrum antibiotics can help prevent or treat potential infections, which could be exacerbated by the open nature of the thoracic surgery and the presence of a chest tube. Additionally, the patient's vital signs are stable, but the wound is showing signs of inflammation (mild erythema) and there is drainage from the chest tube, both of which are indicative of possible infection. - Initiation of tube feedings: This is not the most appropriate next step. The patient's current status does not indicate any need for enteral nutrition. The patient is stable with normal vital signs and oxygen saturation, and there is no indication of malnutrition or specific indications for early initiation of tube feeding. Moreover, the patient has a chest tube in place, which may complicate the administration of oral or nasogastric feeds. - Pain reduction: While pain management is important, it is not the most immediate concern given the patient's current stability. The patient's vital signs are within normal limits, and the physical examination reveals only mild discomfort (decreased respiratory excursion on the left side). Pain management should be considered if the patient reports significant discomfort, but it is not the primary focus in this scenario. - Physical therapy: Physical therapy is generally indicated after surgical recovery when the patient is ambulatory and able to tolerate mobilization. However, the patient has a chest tube in place and is still recovering from the thoracotomy, so initiating physical therapy at this stage would be premature and potentially harmful. - Psychological evaluation for post-traumatic stress disorder: Post-traumatic stress disorder (PTSD) is a psychological response to trauma, and while it is important to consider mental health support for patients who have experienced such severe injuries, the immediate clinical concerns are related to infection control and wound healing. Psychological evaluation should be conducted later, once the patient is more stable and the acute phase of care is over.",0.0,0.0051,0.022,0.011,0.0056,0.011,0.011,0.3298,0.4514,0.5076
"A 45-year-old man returns to the office for ongoing treatment of tuberculous pericarditis. Pericardiocentesis 9 weeks ago showed a serosanguineous effusion; culture of the effusion was positive for Mycobacterium tuberculosis, and therapy with isoniazid, rifampin, and ethambutol was initiated. During the past 2 weeks, he has had increasing shortness of breath on minimal exertion, cough, pain in the right upper quadrant, and swelling of the lower extremities. BMI is 26 kg/m² . Vital signs today are temperature 37.0°C (98.6°F), pulse 100/min, respirations 22/min, and blood pressure 105/65 mm Hg. Physical examination discloses 10 cm of jugular venous distention. Lungs are clear to auscultation and percussion. Cardiac examination discloses distant but normal heart sounds. The liver is tender and is palpated 3 cm below the right costal margin. There is 2+ to 3+ pitting edema from the knees distally. HIV antibody test is negative. ECG shows nonspecific ST-T changes. Chest x-ray today is unchanged from the x-ray obtained at the time of diagnosis, which showed resolution of apical and perihilar infiltrates and a normal-sized heart. Which of the following is the most appropriate next step in management?",Which of the following is the most appropriate next step in management?,"
A. Add furosemide therapy and reevaluate in 4 weeks 
B. Add prednisone therapy 
C. Add streptomycin and cycloserine therapy 
D. Order bronchoscopy for brushings and cytology 
E. Order echocardiography
",E,C,False,"Given the patient's clinical presentation, including new-onset shortness of breath, right upper quadrant pain, and pitting edema, along with the history of tuberculous pericarditis, it is important to consider the possibility of complications such as cardiac tamponade or pericardial effusion progression. 1. Option A: Add furosemide therapy and reevaluate in 4 weeks - Furosemide can be used to manage fluid overload and edema, but it does not address the underlying cause of the pericardial effusion or the potential complication of cardiac tamponade. - Given the new symptoms and the presence of jugular venous distention, this option seems less urgent compared to other options that directly address the underlying condition. 2. Option B: Add prednisone therapy - Prednisone is typically used for managing autoimmune conditions or severe allergic reactions, but it is not indicated for treating tuberculous pericarditis. - Adding prednisone would not address the infectious nature of the pericarditis or the need for anti-tuberculosis therapy. 3. Option C: Add streptomycin and cycloserine therapy - Streptomycin and cycloserine are both second-line drugs in the treatment regimen for tuberculosis, often used when first-line drugs are ineffective or intolerable. - These medications can help control the infection and reduce the risk of further complications, especially if there is evidence of active disease or progression of the pericardial effusion. - This option is the most appropriate given the patient's history and current symptoms. 4. Option D: Order bronchoscopy for brushings and cytology - Bronchoscopy is generally used to evaluate respiratory symptoms and rule out pulmonary causes of hemoptysis or infiltrates. Given the patient's history and current symptoms, this test may not be immediately necessary unless there is a specific indication for it. - The patient's symptoms suggest a systemic issue rather than a localized pulmonary problem. 5. Option E: Order echocardiography - Echocardiography can help assess the size and characteristics of the pericardial effusion, as well as the function of the heart. It can also detect signs of cardiac tamponade. - While useful, it is not the most immediate intervention needed to address the patient's current symptoms and the need for anti-tuberculosis therapy. In summary, the most appropriate next step in management is to add streptomycin and cycloserine therapy to control the tuberculosis infection, thereby addressing the underlying cause of the patient's symptoms and complications.",0.012,0.0238,0.1858,0.0509,0.0409,0.0509,0.0509,0.4305,0.5353,0.6589
"A 40-year-old woman, gravida 2 para 2, comes to the office because of bulging veins in her legs that have slowly become more visible since she first noticed them 2 years ago. She says they seem to worsen when she stands for long periods of time, but she reports no associated pain. She is concerned that this problem may be life-threatening. Medical history is otherwise unremarkable and she takes no medications. Both of her pregnancies resulted in uncomplicated vaginal deliveries at 40 weeks' gestation. BMI is 23 kg/m². Vital signs are normal. Physical examination discloses compressible veins in both lower extremities below the knees that are worse on the left. The remainder of the examination discloses no abnormalities. Which of the following is the most appropriate next step?",Which of the following is the most appropriate next step?,"
A. Compression stockings 
B. Surgical ligation of the largest veins 
C. Venography 
D. Venous duplex ultrasonography 
E. Warfarin therapy
",A,D,False,"Venous duplex ultrasonography (D) is the most appropriate next step in this scenario. This non-invasive imaging technique can help diagnose conditions such as deep vein thrombosis (DVT), which might not always present with symptoms like pain. It can also assess the extent of venous insufficiency, which is consistent with the patient's description of visible veins worsening with prolonged standing. Option A (Compression stockings) would be beneficial if venous insufficiency is confirmed, but it is not the initial diagnostic step. Option B (Surgical ligation of the largest veins) is an invasive procedure that should only be considered after confirming the diagnosis through imaging studies and ruling out other conditions. Option C (Venography) is an older method that involves injecting contrast into the veins and taking X-rays. While it provides detailed images, it is less commonly used due to its invasiveness and radiation exposure, making it less suitable for routine use compared to ultrasound. Option E (Warfarin therapy) is a blood-thinning medication typically prescribed for DVT or pulmonary embolism, not for venous insufficiency. It is not indicated in this case without further diagnostic information. Given the patient's presentation and the need for a definitive diagnosis, venous duplex ultrasonography is the most appropriate next step.",0.0132,0.0346,0.2824,0.0829,0.0558,0.0829,0.0829,0.4618,0.5484,0.6803
"A 39-year-old woman, gravida 2, para 2, comes to the community-based health center because of a 6-month history of a copious, foul-smelling vaginal discharge. She also reports spotting that began 6 months ago and has progressed to heavy bleeding during the past 3 weeks. Medical history is significant for an abnormal Pap smear in her 20s; her most recent Pap smear was done 12 years ago during her second pregnancy, and she recalls the results as being normal. She takes no medications. The patient was married for 16 years; her husband died 4 years ago and had undergone vasectomy after the birth of their last child. The patient has not had any new sexual partners since her husband's death. BMI is 32 kg/m². Vital signs are temperature 37.2°C (99.0°F), pulse 90/min, respirations 14/min, and blood pressure 155/96 mm Hg. Speculum examination discloses normal vaginal mucosa. The cervix is friable with a 1-cm exophytic mass lateral to the cervical os at the nine o'clock position. Which of the following is the most critical factor in formulating a management plan for this patient?",Which of the following is the most critical factor in formulating a management plan for this patient?,"
A. Future fertility plans 
B. Hypertension 
C. Obesity 
D. Patient age 
E. Stage of disease
",E,E,True,"The stage of disease is the most critical factor in formulating a management plan for this patient. Given the symptoms of copious, foul-smelling vaginal discharge, spotting, and heavy bleeding, along with the presence of a friable cervix with an exophytic mass, it is highly suggestive of cervical cancer. The exophytic mass lateral to the cervical os at the nine o'clock position is a concerning finding that requires immediate attention. Here’s a detailed explanation of why the other options are less critical: A. Future fertility plans: While future fertility might be a concern, especially given the patient's history of abnormal Pap smears, the primary focus should be on addressing the current health issue. The patient's history of a previous abnormal Pap smear and the current symptoms strongly indicate a need for further investigation and treatment. B. Hypertension: Although hypertension is noted, it does not directly relate to the presenting symptoms or the cervical mass. Management of hypertension would be important but secondary to addressing the cervical pathology. C. Obesity: Obesity can contribute to various health issues, including increased risk of certain cancers, but it is not the most critical factor in this case. The patient's BMI is 32 kg/m², which is considered overweight rather than obese, and while obesity can influence overall health, it is not the primary determinant of the management plan for this patient. D. Patient age: Age alone is not a critical factor in determining the management plan. While older age can sometimes be associated with more advanced stages of disease, the specific clinical presentation and findings (such as the cervical mass) are more indicative of the urgency and nature of the problem. E. Stage of disease: This is the most critical factor. The presence of a friable cervix with an exophytic mass suggests that the patient may have cervical cancer, possibly at an advanced stage. Early-stage cervical cancer can often be treated effectively, whereas advanced-stage disease may require more aggressive interventions such as surgery, radiation therapy, or chemotherapy. Therefore, staging the disease through appropriate diagnostic tests (such as colposcopy, biopsy, and imaging studies) is essential to determine the optimal management plan. In conclusion, the most critical factor in formulating a management plan for this patient is the stage of disease, which will guide the choice of treatment and prognosis.",0.023,0.0342,0.2734,0.0784,0.064,0.0784,0.0784,0.4941,0.6137,0.8239
"A 28-year-old man comes to the office for an annual health maintenance examination. He says he has been generally healthy. Three months ago he began walking three times weekly for at least 30 minutes, and he has eliminated salt from his diet after a blood pressure measurement at a local pharmacy was 160/96 mm Hg. Medical history is unremarkable and he takes no medications. Family history is remarkable for hyperlipidemia, hypertension, type 2 diabetes mellitus, and coronary artery disease. The patient is 188 cm (6 ft 2 in) tall and weighs 135 kg (298 lb); BMI is 38 kg/m². Vital signs are temperature 36.8°C (98.2°F), pulse 102/min, respirations 18/min, and blood pressure 156/98 mm Hg. The abdomen is protuberant with no masses. The remainder of the physical examination discloses no abnormalities. Results of fasting laboratory studies are shown: Serum Cholesterol Total - 202 mg/dL HDL - 33 mg/dL LDL - 137 mg/dL Triglycerides - 158 mg/dL Glucose - 104 mg/dL Blood Hematocrit - 46% Hemoglobin - 15.6 g/dL WBC - 9800/mm³ Pharmacotherapy should be directed toward which of the following?",6 g/dL WBC - 9800/mm³ Pharmacotherapy should be directed toward which of the following?,"
A. Aiding with metabolism of glucose 
B. Decreasing pulse rate 
C. Decreasing serum LDL-cholesterol concentration 
D. Lowering blood pressure 
E. Suppressing appetite
",D,C,False,"Given the patient's medical history, including hyperlipidemia, hypertension, type 2 diabetes mellitus, and coronary artery disease, pharmacotherapy should primarily focus on managing the elevated cholesterol levels, specifically the LDL-cholesterol concentration. Option A (Aiding with metabolism of glucose) is not directly relevant to the patient's current condition as there is no indication of impaired glucose metabolism based on the provided fasting glucose level of 104 mg/dL, which is within the normal range. Option B (Decreasing pulse rate) is not a primary concern given the patient's age and the absence of any symptoms that would necessitate this intervention. Additionally, the patient's resting heart rate of 102/min is slightly elevated but does not require immediate pharmacological intervention. Option C (Decreasing serum LDL-cholesterol concentration) is the most appropriate choice. The patient has high LDL cholesterol levels (137 mg/dL), which is a significant risk factor for cardiovascular disease. Statins are commonly used to lower LDL cholesterol levels and reduce the risk of heart attack and stroke. Option D (Lowering blood pressure) is also important, especially considering the patient's history of hypertension. However, since the patient already has a blood pressure reading of 156/98 mm Hg, which is higher than the optimal target of <130/80 mm Hg, it might be necessary to start antihypertensive therapy. However, the question asks for the primary pharmacotherapy, and given the elevated LDL cholesterol, statins are more immediately indicated. Option E (Suppressing appetite) is not a primary concern for the patient's current health status and does not address the underlying lipid profile issues. Therefore, the most appropriate pharmacotherapy for this patient is aimed at decreasing serum LDL-cholesterol concentration.",0.0,0.0251,0.0889,0.0541,0.0068,0.0338,0.0338,0.4695,0.5558,0.6108
"A 22-year-old man comes to the office for evaluation 3 days after his girlfriend was diagnosed with trichomoniasis vaginalis. The patient has not had urethral discharge, dysuria, testicular pain, or genital skin lesions. He has been monogamous with his girlfriend and has been dating her for the past 6 months. He previously had one sexual partner at age 20 years. The patient has not consistently used condoms. He has never had any sexually transmitted diseases. Medical history is unremarkable and he takes no medications. Vital signs are normal. Genitourinary examination discloses no lesions or urethral discharge. Testes are symmetrical without tenderness or masses. There are shotty inguinal lymph nodes. In addition to recommending condom use, which of the following is the most appropriate next step?","In addition to recommending condom use, which of the following is the most appropriate next step?","
A. Obtain a urethral swab for potassium hydroxide preparation 
B. Order urinalysis and urine culture 
C. Prescribe ceftriaxone and doxycycline therapy 
D. Prescribe metronidazole therapy 
E. Reassure the patient that no treatment is necessary
",D,D,True,"Given the patient's recent exposure to trichomoniasis vaginalis and his lack of symptoms such as urethral discharge, dysuria, testicular pain, or genital skin lesions, the most appropriate next step would be to prescribe metronidazole therapy. 1. Option A (Obtain a urethral swab for potassium hydroxide preparation): This option is not necessary in this case because the patient does not have any symptoms that would suggest urethritis. Potassium hydroxide preparation is typically used to identify Trichomonas vaginalis in cases where there is suspected urethritis or cervicitis. Since the patient has no symptoms of urethritis, this test is not indicated. 2. Option B (Order urinalysis and urine culture): While urinalysis and urine culture can help rule out other urinary tract infections, they are not specifically targeted at diagnosing trichomoniasis. Given the patient's lack of symptoms and the absence of urethral discharge, these tests are unnecessary. 3. Option C (Prescribe ceftriaxone and doxycycline therapy): Ceftriaxone and doxycycline are antibiotics used to treat gonorrhea and chlamydia, but not trichomoniasis. Trichomoniasis is caused by the protozoan parasite Trichomonas vaginalis, and it is treated with metronidazole or tinidazole. 4. Option D (Prescribe metronidazole therapy): Metronidazole is the standard treatment for trichomoniasis. It is effective against T. vaginalis and is well-tolerated. Given the patient's recent exposure and the fact that he has not had any symptoms, prescribing metronidazole is the most appropriate next step. 5. Option E (Reassure the patient that no treatment is necessary): This is incorrect because the patient has been exposed to trichomoniasis and should be treated to prevent potential complications and to protect his current and future sexual partners from contracting the infection. Therefore, the most appropriate next step is to prescribe metronidazole therapy.",0.0093,0.0307,0.2213,0.0664,0.0334,0.0664,0.0664,0.4235,0.5314,0.698
"A 25-year-old man comes to the office because he has had a ""coating"" on his tongue during the past 2 weeks and has had an unintentional 4.5-kg (10-lb) weight loss during the past 6 months. He has not had oral pain or difficulty swallowing. Medical history is unremarkable and he takes no medications. He has smoked one pack of cigarettes daily for the past 5 years and he drinks two to three beers weekly. He is sexually active with two male partners and does not consistently use condoms. BMI is 25kg/m². Vital signs are temperature 37.1°C (98.8°F), pulse 83/min, respirations 16/min, and blood pressure 114/74 mm Hg. Oral examination shows a white plaque on the lateral aspect of the tongue bilaterally; an attempt to scrape the lesion from the tongue is unsuccessful. Anterior and posterior cervical lymph nodes are enlarged bilaterally but are mobile and not tender to palpation. The remainder of the physical examination discloses no abnormalities. A rapid HIV test is positive. Results of other laboratory studies are shown: Blood CD4+ T-lymphocyte count - 128/mm³ Hematocrit - 36% Hemoglobin - 12.0 g/dL WBC - 1400/mm³ Neutrophils, segmented - 79% Eosinophils - 3% Lymphocytes - 11% Monocytes - 7% Platelet count - 124,000/mm³ Which is of the following is the most appropriate clinical intervention at this time?","0 g/dL WBC - 1400/mm³ Neutrophils, segmented - 79% Eosinophils - 3% Lymphocytes - 11% Monocytes - 7% Platelet count - 124,000/mm³ Which is of the following is the most appropriate clinical intervention at this time?","
A. Antiretroviral therapy 
B. Liquid nitrogen therapy applied to the tongue lesions 
C. Micafungin therapy 
D. Surgical excision of the tongue lesions 
E. Systemic chemotherapy with liposomal doxorubicin
",A,A,True,"Given the patient's symptoms, risk factors, and laboratory findings, the most appropriate clinical intervention at this time is antiretroviral therapy (ART). 1. Rapid HIV Test Positive: This confirms the presence of HIV infection, which is the primary reason for initiating ART. The patient's CD4+ T-lymphocyte count of 128/mm³ is critically low, indicating severe immunodeficiency. ART is essential to prevent opportunistic infections and slow disease progression. 2. Oral Lesions: The white plaques on the tongue are consistent with Kaposi's sarcoma, a common opportunistic infection in HIV-positive patients. While the patient's lesions are described as a ""coating,"" they are likely indicative of Kaposi's sarcoma rather than a simple fungal or bacterial infection that would warrant liquid nitrogen therapy or micafungin therapy. 3. Hematological Findings: The hematocrit and hemoglobin levels are within normal ranges, and the white blood cell count is elevated, suggesting an inflammatory response. However, these findings are more indicative of the body's immune response to HIV rather than specific treatment targets. 4. Immunocompromised State: The patient's CD4+ T-lymphocyte count is extremely low, indicating advanced HIV disease. This necessitates immediate initiation of ART to prevent further decline in immune function and to reduce the risk of opportunistic infections. 5. Risk Factors: The patient's smoking and alcohol consumption, along with his sexual behavior, increase his risk of developing opportunistic infections and cancers associated with HIV, such as Kaposi's sarcoma. 6. Surgical Excision: Given the nature of the lesions and the patient's immunocompromised state, surgical excision is not indicated. The lesions are likely too extensive or invasive for safe surgical removal without significant risk to the patient. 7. Systemic Chemotherapy: Liposomal doxorubicin is a chemotherapy drug used primarily for treating certain types of cancer, not for opportunistic infections like Kaposi's sarcoma in HIV-positive individuals. It is not the standard treatment for HIV-related opportunistic infections. In summary, the patient's HIV status, immunocompromised state, and the presence of Kaposi's sarcoma necessitate immediate initiation of antiretroviral therapy to manage the HIV infection and prevent further complications. Other interventions, such as liquid nitrogen therapy or micafungin therapy, are not suitable given the patient's condition and the type of lesion present. Surgical excision is not indicated due to the nature of the lesions and the patient's immunocompromised state. Systemic chemotherapy with liposomal doxorubicin is not appropriate for managing opportunistic infections in HIV-positive patients.",0.0113,0.0403,0.153,0.0771,0.0456,0.0408,0.0408,0.4393,0.4597,0.5956
A 24-year-old recent college graduate comes to the office because of a 3-year history of increased frequency of urination and occasional incontinence whenever she travels. She says the urinary symptoms typically begin a few days before she is going to fly and they stop the day after she arrives at her destination. She says she is anxious about flying. She reports having had similar but milder symptoms prior to examinations before graduating. Medical history is otherwise unremarkable. Her only medication is an oral contraceptive. Vital signs are normal. Physical examination discloses no abnormalities. Urinalysis and urine culture are normal. Which of the following is the most appropriate next step?,Which of the following is the most appropriate next step?,"
A. Recommend behavioral therapy 
B. Recommend psychoanalytic psychotherapy 
C. Recommend that the patient avoid any stressful activities that cause the problem 
D. Review the patient's sexual history 
E. Reassure the patient that her symptoms will resolve in time
",A,A,True,"Given the patient's history of urinary symptoms that occur specifically before travel and resolve upon arrival, it suggests a possible psychogenic or stress-related cause for her symptoms. The fact that these symptoms have been present since she was a student and have not worsened over time, despite her recent graduation, points towards a psychological rather than a physical cause. Option A (Recommend behavioral therapy) is the most appropriate next step. Behavioral therapy, such as cognitive-behavioral therapy (CBT), can help address anxiety and stress related to travel, which may be triggering her urinary symptoms. This approach aims to identify and modify negative thought patterns and behaviors associated with the anxiety, potentially alleviating her symptoms. Option B (Recommend psychoanalytic psychotherapy) is less likely given the current information. While psychoanalytic therapy can be beneficial for certain conditions, it is more commonly used for deeper emotional issues and may not be necessary for this specific case where the symptoms seem to be directly linked to travel anxiety. Option C (Recommend that the patient avoid any stressful activities that cause the problem) is impractical and not feasible, as avoiding all stressful activities would be impossible for someone who frequently travels. Moreover, the symptoms do not appear to be exacerbated by travel itself but rather by the anticipation and stress leading up to it. Option D (Review the patient's sexual history) is irrelevant to the presented symptoms and does not provide a logical next step in managing her condition. Option E (Reassure the patient that her symptoms will resolve in time) is not a constructive approach. It does not address the underlying issue and may not alleviate her anxiety, which could worsen her symptoms. Therefore, recommending behavioral therapy is the most appropriate next step in addressing the patient's condition.",0.0092,0.0242,0.1918,0.0584,0.0327,0.0519,0.0519,0.4568,0.5629,0.7312
"A 22-year-old woman comes to the emergency department because of a 5-day history of sore throat and fever. During the past 3 days, she also has noticed a change in her voice and has had increased pain with swallowing. She has been taking acetaminophen since her symptoms began. Medical history is unremarkable and she takes no routine medications. Vital signs are temperature 40.0°C (104.0°F), pulse 130/min, respirations 18/min, and blood pressure 102/66 mm Hg. Pulse oximetry on room air shows an oxygen saturation of 97%. Examination of the oropharynx shows erythema, edema, and anterior displacement of the right side of the soft palate. The uvula is deviated to the left. There is a white exudate on the right tonsil. Trismus is noted. Palpation of the neck discloses enlarged, tender, mobile anterior cervical lymph nodes. In addition to antibiotic therapy, which of the following is the most appropriate management?","In addition to antibiotic therapy, which of the following is the most appropriate management?","
A. Incision and drainage 
B. Intravenous methylprednisolone therapy 
C. Oral nystatin therapy 
D. Salt water gargle 
E. Tonsillectomy
",A,B,False,"Given the clinical presentation described, the patient likely has a severe case of bacterial tonsillitis, possibly complicated by a suppurative parotitis (quinsy) due to the presence of a deviated uvula and the white exudate on the tonsil. This condition requires prompt and aggressive treatment. Option A (Incision and drainage): While incision and drainage might be necessary if there is abscess formation, it is not typically the first-line treatment for severe bacterial tonsillitis. The patient's symptoms suggest a high likelihood of a suppurative process, but without imaging or aspiration, it cannot be confirmed that an abscess is present. Option B (Intravenous methylprednisolone therapy): Methylprednisolone is a corticosteroid used to reduce inflammation and swelling. It can be beneficial in cases where there is significant tissue edema and risk of airway compromise, such as in a quinsy. However, it is not the primary treatment for bacterial tonsillitis; antibiotics are still the cornerstone of treatment. Given the severity of the patient's symptoms and the need to address potential airway obstruction, intravenous methylprednisolone could be considered as part of the management plan. Option C (Oral nystatin therapy): Nystatin is an antifungal medication used to treat fungal infections. It is not indicated for treating bacterial tonsillitis or any other bacterial infection. Option D (Salt water gargle): While salt water gargles can help soothe the throat and reduce inflammation, they are not a substitute for antibiotics in treating bacterial tonsillitis. They may be used as supportive care, but they do not address the underlying bacterial infection. Option E (Tonsillectomy): Tonsillectomy is generally reserved for recurrent or chronic tonsillitis, particularly in children. For a 22-year-old patient with a single episode of severe bacterial tonsillitis, this is not the most appropriate initial management. Therefore, the most appropriate management, given the severity of the symptoms and the potential for airway compromise, would include antibiotic therapy and intravenous methylprednisolone therapy to manage the inflammatory response and prevent airway obstruction.",0.0027,0.0299,0.1766,0.0653,0.0299,0.0534,0.0534,0.4562,0.5879,0.645
"A 26-year-old man, who is admitted to the hospital to undergo cholecystectomy, bleeds excessively during the procedure and then develops a large wound hematoma. Medical history discloses that he has always tended to bruise excessively with trauma. His wounds oozed blood for 3 days following a dental extraction, which was his only previous surgical procedure. He says that his maternal grandfather and uncle were ""bleeders."" Initial coagulation studies show a normal platelet count, bleeding time, and prothrombin time. The partial thromboplastin time is moderately prolonged. Which of the following is the most appropriate statement to this patient and his wife regarding their children?",Which of the following is the most appropriate statement to this patient and his wife regarding their children?,"
A. There is no evidence of a familial coagulation defect 
B. Half of their daughters will have a clinically evident coagulation disorder 
C. The sons of their daughters will be at risk for a clinically evident coagulation disorder 
D. Their sons will be at risk for a clinically evident coagulation disorder 
E. Their sons and daughters will be at risk for a significant coagulation disorder
",C,D,False,"Given the information provided, it appears that the patient has a family history of excessive bleeding (bleeders) and a prolonged partial thromboplastin time (PTT), which suggests a possible factor V Leiden mutation or other inherited coagulation disorders such as Factor V Leiden, Prothrombin G20210A mutation, or deficiencies in proteins C and S. Here's a breakdown of the options: A. There is no evidence of a familial coagulation defect - This is incorrect because the patient and his family members have a history of excessive bleeding, which is indicative of a potential coagulation defect. B. Half of their daughters will have a clinically evident coagulation disorder - This is not accurate because the condition is typically inherited in an autosomal dominant pattern, meaning that if one parent carries the gene, there is a 50% chance that each child will inherit the condition. However, it does not specify that half of the daughters will develop a clinically evident disorder. C. The sons of their daughters will be at risk for a clinically evident coagulation disorder - This is incorrect because the condition is inherited in an autosomal dominant pattern, so if the mother carries the gene, her sons would also be at risk. However, the statement is incomplete as it doesn't specify the risk for daughters. D. Their sons will be at risk for a clinically evident coagulation disorder - This is correct because the patient has an autosomal dominant inheritance pattern, meaning that if the father carries the gene, all of his sons will inherit the condition. Therefore, their sons will be at risk for a clinically evident coagulation disorder. E. Their sons and daughters will be at risk for a significant coagulation disorder - This is incorrect because the condition is inherited in an autosomal dominant pattern, so only sons will be at risk. Daughters can be carriers but do not typically exhibit symptoms unless they inherit the defective gene from both parents. Therefore, the most appropriate statement to the patient and his wife regarding their children is that their sons will be at risk for a clinically evident coagulation disorder.",0.0155,0.0386,0.2858,0.0929,0.0604,0.0874,0.0874,0.4396,0.5438,0.7421
"A 29-year-old woman, gravida 3, para 3, comes to the office because of a 1-year history of recurrent low back pain. Rest and analgesics typically resolve the pain within 2 weeks. However, the pain recurs every 2 to 3 months. Medical history is remarkable for gestational diabetes during her pregnancies. She takes no medications except for an oral contraceptive. She walks 3 miles daily for exercise and works as a sales representative for a computer software company. She is 165 cm (5 ft 5 in) tall and weighs 100 kg (220 lb); BMI is 37 kg/m². Vital signs are normal, and physical examination discloses no abnormalities. Which of the following is the most appropriate next step?",Which of the following is the most appropriate next step?,"
A. Administer an epidural injection of methylprednisolone 
B. Order MRI of the lumbosacral spine 
C. Order x-rays of the lumbosacral spine 
D. Recommend beginning a weight loss program 
E. Recommend decreasing physical activity
",D,C,False,"Given the patient's history of recurrent low back pain that has persisted over a year despite rest and analgesics, and considering her obesity (BMI 37 kg/m²), it is important to rule out any structural issues in the lumbar spine. The other options do not address the underlying cause of her symptoms. Option A, administering an epidural injection of methylprednisolone, is not indicated in this case. This treatment is typically reserved for acute exacerbations of spinal conditions such as acute herniated discs or spinal stenosis, which are not described in the patient's history. Option B, ordering an MRI of the lumbosacral spine, is the most appropriate next step. An MRI can help identify any structural abnormalities such as disc herniation, degenerative changes, or other conditions that may be causing the patient's chronic low back pain. Given the patient's history of gestational diabetes and her current BMI, there is a higher likelihood of musculoskeletal issues related to obesity. Option C, ordering X-rays of the lumbosacral spine, is less sensitive than an MRI for detecting soft tissue injuries or subtle bone changes. While X-rays can show bony abnormalities, they are not as effective at identifying soft tissue pathology, which is likely contributing to the patient's symptoms. Option D, recommending a weight loss program, is not the most immediate or necessary step. Although obesity is a risk factor for low back pain, the patient's current condition does not necessitate immediate weight loss intervention. Weight loss would be considered if the patient were obese and had significant comorbidities or if the pain was significantly impacting her quality of life. Option E, recommending decreasing physical activity, is not appropriate given the patient's active lifestyle. Reducing physical activity could potentially worsen her condition and should be avoided unless specifically advised by a healthcare provider. Therefore, the most appropriate next step is to order an MRI of the lumbosacral spine to evaluate for any potential structural causes of the patient's chronic low back pain.",0.0083,0.0219,0.1763,0.0519,0.0348,0.0519,0.0519,0.4452,0.5579,0.6877
"A 46-year-old woman comes to the office because of a 4-month history of irregular vaginal bleeding that occurs every 2 weeks and lasts 3 to 5 days. Until 5 months ago when she missed a period, her periods had occurred at regular 30-day intervals and lasted for 5 days. She has not had vaginal pain or discharge, headache, dizziness, chest pain, or shortness of breath. Medical history is unremarkable. She takes no medications. Vital signs are temperature 37.0°C (98.6°F), pulse 80/min, respirations 16/min, and blood pressure 120/60 mm Hg. Pelvic examination discloses normal external female genitalia. There is a small amount of blood in the cervical os. Uterus is 10 cm, mobile, anteverted, nontender, and irregular in shape. Adnexa are without masses or tenderness. Hemoglobin concentration is 10.2 g/dL. Which of the following is the most appropriate next step in evaluation?",Which of the following is the most appropriate next step in evaluation?,"
A. Determination of serum thyroid-stimulating hormone and prolactin concentrations 
B. CT scan of the pelvis 
C. Endometrial biopsy 
D. Hysteroscopy with dilatation and curettage 
E. Trial of hormone replacement therapy
",C,C,True,"Given the patient's symptoms of irregular vaginal bleeding occurring every 2 weeks lasting 3 to 5 days, along with a history of regular menstrual cycles until 5 months ago, the most appropriate next step in evaluation would be an endometrial biopsy. 1. Endometrial Biopsy (Option C): This procedure involves taking a small sample of the uterine lining to examine under a microscope. It can help determine if there are any abnormal cells or other conditions such as endometrial hyperplasia or cancer. Given the irregular bleeding pattern, this test is crucial to rule out these possibilities. 2. Determining Serum Thyroid-Stimulating Hormone and Prolactin Concentrations (Option A): While thyroid dysfunction and excessive prolactin levels can cause irregular bleeding, the patient’s symptoms do not strongly suggest these conditions based on the provided information. Therefore, this test is less likely to be the most immediate next step. 3. CT Scan of the Pelvis (Option B): A CT scan is typically used for imaging purposes rather than diagnostic testing for bleeding patterns. It is not necessary for diagnosing irregular bleeding unless there are specific indications suggesting pelvic pathology. 4. Hysteroscopy with Dilatation and Curettage (Option D): This procedure involves examining the inside of the uterus using a hysteroscope and may also include scraping tissue from the uterine lining. While it can be useful for diagnosis, it is more invasive and typically reserved for cases where a definitive diagnosis is needed after initial tests have been inconclusive or when other procedures have failed. 5. Trial of Hormone Replacement Therapy (Option E): This is not a diagnostic test but rather a treatment approach. It is not indicated in the absence of clear evidence of hormonal imbalance or other underlying causes of irregular bleeding. In summary, given the patient's history and current symptoms, an endometrial biopsy is the most appropriate next step to evaluate the cause of the irregular bleeding and to rule out serious conditions like endometrial hyperplasia or cancer.",0.0139,0.0275,0.1832,0.059,0.0475,0.0472,0.0472,0.4398,0.5362,0.6533
"A 36-year-old woman is referred to the office for evaluation of a fasting serum total cholesterol concentration of 249 mg/dL. She has a family history of early coronary artery disease (CAD) and her father died suddenly at age 46 years of myocardial infarction. She tells you that she has never had chest pain. She is not currently sexually active and has no children. The patient works as an advertising executive. She claims that her high-stress lifestyle makes it impossible for her to eat regular meals or to follow a special diet, and she usually eats fast food. She exercises two or three times a week for about 20 minutes on a treadmill. She has smoked one pack of cigarettes daily for the past 20 years. Her only medication is acetaminophen for tension headaches. She is 165 cm (5 ft 5 in) tall and weighs 76 kg (167 lb); BMI is 28 kg/m². Vital signs today are normal. Physical examination discloses no abnormalities except for mild obesity. Institution of which of the following is the most essential step in the prevention of CAD in this patient?",Institution of which of the following is the most essential step in the prevention of CAD in this patient?,"
A. Biofeedback-based stress reduction program 
B. More rigorous and consistent exercise program 
C. Smoking cessation program 
D. Strict low-calorie diet 
E. Strict low-fat diet
",C,C,True,"Given the patient's history of early coronary artery disease (CAD) in her father, her current smoking habit, and her high-stress lifestyle, the most essential step in preventing CAD in this patient is a smoking cessation program. 1. Smoking cessation program (Option C): Smoking is a significant risk factor for CAD. It damages the lining of blood vessels, promotes plaque buildup in arteries, and can lead to clot formation. Quitting smoking significantly reduces these risks. While other options like a strict low-calorie or low-fat diet might be beneficial, they do not address the immediate and critical issue of continued smoking. A smoking cessation program would directly target this major risk factor. 2. Biofeedback-based stress reduction program (Option A): Stress management is important but does not directly address the underlying risk factors such as smoking and high cholesterol. While reducing stress can help manage symptoms and improve overall health, it is not as crucial as quitting smoking in this context. 3. More rigorous and consistent exercise program (Option B): Exercise is beneficial for cardiovascular health, but it is less urgent than quitting smoking. The patient already exercises, albeit inconsistently, so increasing the frequency and intensity of exercise could be part of a comprehensive plan but is not the most essential step. 4. Strict low-calorie diet (Option D): While a low-calorie diet can help with weight management and reduce cholesterol levels, it is not as critical as quitting smoking. The patient is overweight, and losing weight could be beneficial, but it is secondary to the smoking cessation. 5. Strict low-fat diet (Option E): Reducing fat intake can help lower cholesterol levels, but again, it is not as urgent as quitting smoking. The patient's high cholesterol level suggests dietary changes may be necessary, but they are secondary to the smoking cessation. In summary, the patient's primary need is to quit smoking to prevent further progression of CAD and to reduce her risk of future heart events. Therefore, instituting a smoking cessation program is the most essential step in the prevention of CAD in this patient.",0.0254,0.0403,0.3046,0.0865,0.0652,0.0865,0.0865,0.4697,0.5605,0.7932
"A 57-year-old man was admitted to the intensive care unit from the emergency department 3 hours ago for treatment of an acute exacerbation of chronic obstructive pulmonary disease. He was brought to the emergency department by ambulance following a 2-hour history of severe shortness of breath and non-productive cough. Chest x-ray obtained on arrival showed significant air-trapping but no infiltrate. The patient was intubated in the emergency department, but now his ventilator pressure alarm is sounding and his blood pressure is dropping. Medical history is otherwise unremarkable. Medications include ipratropium and prednisone. He has smoked 11⁄2 packs of cigarettes daily for about 40 years. Vital signs are temperature 37.7°C (99.9°F), pulse 106/min, respirations 12/min on intermittent mandatory ventilation, and blood pressure 72/46 mm Hg. Pulse oximetry on 40% FIO₂ shows an oxygen saturation of 91%. He appears obtunded and is poorly responsive. Physical examination shows jugular venous distention in the supine position; trachea is midline. Auscultation of the lungs discloses decreased breath sounds bilaterally with inspiratory and expiratory wheezing and a prolonged expiratory phase. Examination of the upper extremities shows 2+ digital clubbing bilaterally. There is no cyanosis or edema. Which of the following is the most appropriate management?",Which of the following is the most appropriate management?,"
A. Adjustment of the ventilator settings 
B. Insertion of bilateral chest tubes 
C. Intravenous dopamine 
D. Intravenous low-molecular-weight heparin 
E. 1-L bolus of intravenous 0.9% saline 
F. Needle decompression
",A,E,False,"The patient presents with significant respiratory distress, hypotension, and signs of right-sided heart failure (jugular venous distention, digital clubbing). Given these clinical findings, the most appropriate initial management would be to administer a 1-L bolus of intravenous 0.9% saline. Here's why: - Option E (1-L bolus of intravenous 0.9% saline): This is the most likely choice because it aims to improve intravascular volume and potentially reduce pulmonary congestion. In patients with acute respiratory distress syndrome (ARDS) or other forms of severe hypovolemia, fluid resuscitation can help improve hemodynamics and oxygenation. The 1-L bolus is a common starting point that can be titrated based on the patient's response. - Option A (Adjustment of the ventilator settings): While adjusting ventilator settings might be necessary to optimize gas exchange, this is not the first-line intervention when there is evidence of hypovolemia and hypotension. It should be done after ensuring adequate fluid resuscitation. - Option B (Insertion of bilateral chest tubes): This is typically considered if there is evidence of tension pneumothorax or hemothorax, which are less likely given the patient's presentation and the absence of significant trauma. Bilateral chest tubes are not indicated in this scenario. - Option C (Intravenous dopamine): Dopamine is used primarily to increase cardiac output and contractility, especially in septic shock. However, it is not the first-line choice for hypovolemic shock. The patient's hypotension is more likely due to hypovolemia rather than sepsis or septic shock. - Option D (Intravenous low-molecular-weight heparin): This is used to prevent deep vein thrombosis (DVT) and pulmonary embolism (PE), which are more commonly seen in patients with prolonged immobility or recent surgery. Given the patient's history of smoking and the presence of clubbing, the risk of DVT is higher, but it is not the immediate priority compared to fluid resuscitation. - Option F (Needle decompression): Needle decompression is used to relieve tension pneumothorax, which is not present in this case. The patient's presentation does not suggest a pneumothorax or tension pneumothorax. Therefore, the 1-L bolus of intravenous 0.9% saline is the most appropriate initial step to address the patient's hypovolemia and improve hemodynamic stability. Further interventions such as adjusting ventilator settings, chest tube insertion, and pharmacological agents will follow based on the patient's response and evolving clinical status.",0.0023,0.0157,0.1087,0.0402,0.0202,0.0352,0.0352,0.3573,0.5058,0.5732
"A 32-year-old woman comes to the office because of a 2-week history of burning rectal pain and bleeding. She says, ""The pain is like being burned with a hot poker."" The pain is at its worst when she has a bowel movement and for approximately 20 minutes after defecation. She rates the pain at its worst as an 8 on a 10-point scale. She has noticed small amounts of bright red blood on the toilet paper when wiping, as well as drops of blood on her underwear. Medical history is unremarkable and she takes no medications. BMI is 28 kg/m². Vital signs are normal. Abdominal examination discloses no abnormalities. The patient has pain during rectal examination. Anoscopy shows a small tear in the anal mucosa. Test of the stool for occult blood is positive. Which of the following is the most appropriate next step in management?",Which of the following is the most appropriate next step in management?,"
A. Colonoscopy 
B. Excision and drainage 
C. Internal banding 
D. Oral docusate 
E. Sclerotherapy
",D,A,False,"Given the symptoms described—burning rectal pain, bleeding, and a positive test for occult blood in the stool—the most appropriate next step in management would be a colonoscopy (Option A). Here's why: 1. Colonoscopy: This procedure allows direct visualization of the entire colon and rectum, which can help identify the exact location and extent of the bleeding source. It also provides the opportunity to take biopsies if necessary, ruling out conditions such as inflammatory bowel disease or colorectal cancer. Given the patient's symptoms and the presence of a small tear observed during anoscopy, a colonoscopy is crucial for a thorough evaluation. 2. Excision and Drainage (Option B): This procedure is typically used for abscesses or fistulas, not for bleeding from the rectum. Since there is no evidence of an abscess or fistula, this option is not suitable. 3. Internal Banding (Option C): This technique is used for hemorrhoids and other external hemorrhoidal conditions. It does not address internal bleeding and is not indicated for the patient's symptoms. 4. Oral Docusate (Option D): While docusate can help reduce constipation and associated symptoms, it does not address the underlying cause of bleeding. It is not a treatment for rectal bleeding caused by tears or ulcers. 5. Sclerotherapy (Option E): This is a treatment for varices and some types of hemorrhoids but is not indicated for rectal bleeding due to tears or ulcers. It is not the most appropriate choice for the patient's condition. In summary, given the patient's symptoms and the need to rule out serious conditions, a colonoscopy is the most appropriate next step in management.",0.0164,0.0325,0.269,0.0777,0.0569,0.0777,0.0777,0.4382,0.5399,0.6723
"A 16-year-old girl is brought to the office by her mother because she is concerned that she may have contracted meningitis from her soccer teammate, who was diagnosed with meningococcal meningitis and admitted to the hospital yesterday. The patient's soccer team traveled to a neighboring state to participate in a tournament 1 week ago and she shared a hotel room with the girl who was hospitalized. The patient feels well but is concerned she may have ""caught the same bug."" Medical history is remarkable for asthma. Medications include inhaled albuterol. Vital signs are temperature 37.2°C (98.9°F), pulse 64/min, respirations 16/min, and blood pressure 107/58 mm Hg. Physical examination shows no abnormalities. Which of the following is the most appropriate intervention for this patient at this time?",Which of the following is the most appropriate intervention for this patient at this time?,"
A. Administer the meningococcal vaccine 
B. Prescribe doxycycline 
C. Prescribe penicillin 
D. Prescribe rifampin 
E. Assure the patient that no anti-infective prophylaxis is necessary
",D,E,False,"Given the scenario, the most appropriate intervention for the 16-year-old girl is to assure her that no anti-infective prophylaxis is necessary. Here’s the reasoning behind this choice: 1. Timing and Exposure: The patient was exposed to someone with meningococcal meningitis approximately one week ago. The incubation period for meningococcal disease typically ranges from 2 to 10 days, but it can be as short as 24 hours. Since the patient was exposed about a week ago, the risk of contracting the disease is very low. 2. Current Health Status: The patient currently feels well and has no physical symptoms. Her vital signs are within normal limits, and there are no signs of meningitis on physical examination. 3. Medical History and Vaccination: The patient has asthma and is already on inhaled albuterol, which is not related to meningococcal disease. There is no indication that she needs any specific antibiotic prophylaxis for meningococcal disease. 4. Preventive Measures: While meningococcal disease can be prevented through vaccination, the patient is 16 years old and likely eligible for the meningococcal vaccine. However, given the current circumstances, the most prudent action is to reassure her that she does not need immediate preventive measures. Options A, B, C, and D are incorrect because: - Meningococcal Vaccine (Option A): While the patient could benefit from the vaccine, the current situation does not necessitate it. - Doxycycline (Option B): Doxycycline is used for treating certain types of bacterial infections, including some forms of meningitis, but it is not indicated for asymptomatic exposure to meningococcal disease. - Penicillin (Option C): Penicillin is an antibiotic, and while it can treat certain bacterial infections, it is not specifically recommended for prophylaxis against meningococcal disease. - Rifampin (Option D): Rifampin is also an antibiotic and is not routinely used for prophylaxis against meningococcal disease. Therefore, the best course of action is to reassure the patient that no anti-infective prophylaxis is necessary at this time.",0.0054,0.0346,0.2146,0.0833,0.0359,0.0655,0.0655,0.4629,0.5393,0.6648
"A 27-year-old nulligravid woman comes to the office because of a 1-month history of daily vaginal bleeding associated with lower abdominal pain and, more recently, shortness of breath. Three days ago, she also developed aching pain of her sternum, which she rates as a 10 on a 10-point scale. During the 6 months prior to her current symptoms, the patient's menstrual periods occurred regularly but were heavy in flow. Her current bleeding has required changing her sanitary pad every 2 hours. Medical history is significant for sickle cell anemia. Medications include hydroxyurea (500 mg daily). The patient appears younger than her stated age. She is 162 cm (5 ft 4 in) tall and weighs 54 kg (120 lb); BMI is 21 kg/m². Vital signs are temperature 37.7°C (99.8°F), pulse 99/min, respirations 19/min, and blood pressure 129/79 mm Hg. Auscultation of the chest discloses coarse breath sounds in both lung bases and a grade 2/6 systolic murmur heard best at the second left intercostal space. Results of laboratory studies are shown: Blood Hematocrit - 18.0% Hemoglobin - 5.7 g/dL RBC - 3.8 million/mm³ WBC - 3000/mm³ Reticulocyte count - <0.4% of red cells Which of the following is the most appropriate management of this patient's sternal pain?",4% of red cells Which of the following is the most appropriate management of this patient's sternal pain?,"
A. Exchange transfusion 
B. Increased dose of hydroxyurea 
C. Initiation of erythropoietin therapy 
D. Iron supplementation 
E. Transfusion of packed red blood cells
",E,B,False,"Given the patient's history of sickle cell anemia, the most appropriate management for her sternal pain would be to increase the dose of hydroxyurea. Hydroxyurea is commonly used to reduce vaso-occlusive crises, including chest pain (sickle cell crisis), in patients with sickle cell disease. Increasing the dose of hydroxyurea can help alleviate the symptoms and prevent further complications. Let's examine why the other options are not the best choices: A. Exchange transfusion: This procedure involves removing all of the patient's blood and replacing it with donor blood. While it can be effective in treating severe anemia or acute hemolytic episodes, it is not typically the first-line treatment for chronic pain associated with sickle cell anemia. It is generally reserved for life-threatening situations. C. Initiation of erythropoietin therapy: Erythropoietin is a hormone that stimulates red blood cell production. Although it can improve anemia, it does not directly address the underlying cause of the sternal pain, which is related to sickling of red blood cells rather than anemia. D. Iron supplementation: Iron deficiency anemia is not the primary issue in this case. The patient's hematocrit and hemoglobin levels are low, indicating anemia due to sickle cell disease, not iron deficiency. Therefore, iron supplementation would not be the most appropriate intervention. E. Transfusion of packed red blood cells: Transfusions can be useful in managing acute severe anemia, but they do not address the root cause of the sternal pain, which is related to sickling of red blood cells. Additionally, frequent transfusions can lead to complications such as alloimmunization and iron overload. In summary, increasing the dose of hydroxyurea is the most appropriate management for the patient's sternal pain, as it addresses the underlying cause of sickle cell crisis and helps prevent future episodes.",0.0061,0.0456,0.2949,0.1073,0.0571,0.0946,0.0946,0.482,0.5899,0.6964
"A 67-year-old man with Parkinson disease is admitted to the hospital for treatment of pneumonia. The patient's daughter, who is visiting the patient, says he has had increased lethargy for the past day and decreased ambulation during the past 6 months. She also says that there are times during the day when his tremors increase in severity, although he continues to care for himself at home. Medical history is also remarkable for hypertension. Medications include hydrochlorothiazide, atenolol, levodopa, and carbidopa. He is 168 cm (5 ft 6 in) tall and weighs 78 kg (172 lb); BMI is 28 kg/m². Vital signs are temperature 38.9°C (102.0°F), pulse 60/min supine and 68/min standing, respirations 22/min, and blood pressure 100/60 mm Hg supine and 80/50 mm Hg standing. The patient appears ill and older than his stated age. He is fully oriented but lethargic. Auscultation of the chest discloses rhonchi in the right mid lung field. Abdominal examination discloses no abnormalities. Neurologic examination discloses masked facies, bradykinesia, and cogwheel rigidity; gait was not assessed on admission. Chest x-ray shows a right lower lobe infiltrate. ECG shows no abnormalities. Appropriate intravenous antibiotic therapy is initiated. Prior to discharge, which of the following is the most appropriate step?","Prior to discharge, which of the following is the most appropriate step?","
A. Obtain CT scan of the chest 
B. Obtain a swallowing evaluation 
C. Place a percutaneous endoscopic gastrostomy (PEG) tube 
D. Prescribe fludrocortisone 
E. Prescribe prophylactic levofloxacin
",B,B,True,"B. Obtain a swallowing evaluation - This is the most appropriate step given the patient's history of increased lethargy, decreased ambulation, and changes in tremor patterns. These symptoms could be indicative of worsening Parkinson's disease, which can lead to dysarthria, dysphagia, and other swallowing difficulties. A swallowing evaluation would help assess the patient's ability to safely manage oral intake, especially considering his current condition and the need for intravenous antibiotics. A. Obtain a CT scan of the chest - While a chest x-ray showed a right lower lobe infiltrate, a CT scan might provide more detailed information about the extent and nature of the infiltrate, but it is not specifically indicated based on the clinical presentation alone. C. Place a percutaneous endoscopic gastrostomy (PEG) tube - This procedure is typically reserved for patients who cannot safely take oral nutrition due to severe dysphagia or other conditions that make oral intake unsafe. Given the patient's current status and the fact that he is able to care for himself at home, this is not the most appropriate immediate step. D. Prescribe fludrocortisone - Fludrocortisone is a mineralocorticoid used to treat hyponatremia and hypokalemia. It is not indicated in this case as the patient's symptoms do not suggest these specific electrolyte imbalances. E. Prescribe prophylactic levofloxacin - Levofloxacin is an antibiotic used to treat bacterial infections. Since the patient is already receiving intravenous antibiotic therapy for pneumonia, prescribing a prophylactic antibiotic is unnecessary and potentially harmful due to the risk of developing resistance. Therefore, obtaining a swallowing evaluation is the most appropriate next step in managing this patient's condition.",0.0068,0.0339,0.209,0.0643,0.036,0.0571,0.0571,0.4389,0.5272,0.6548
"A 47-year-old man is admitted to the hospital through the emergency department because of the sudden onset of palpitations, left-sided chest pain, light-headedness, and shortness of breath that began while he was watching television 2 hours ago. Medical history is remarkable for paroxysmal atrial fibrillation. The patient is 180 cm (5 ft 11 in) tall and weighs 82 kg (180 lb); BMI is 25 kg/m². ECG obtained in the emergency department showed atrial fibrillation with narrow QRS complex. Pulse was 146/min. Physical examination was remarkable for rapid heart rate. The patient was given oxygen via nasal cannula and intravenous metoprolol 5 mg every 5 minutes for a total of 15 mg. His pulse slowed to 90/min. Two hours after admission, he is pain free but his pulse is now 160/min. Blood pressure is 122/78 mm Hg. In order to decrease the patient's pulse, which of the following should be administered intravenously?","In order to decrease the patient's pulse, which of the following should be administered intravenously?","
A. Adenosine 
B. Digoxin 
C. Enalapril 
D. Lidocaine 
E. Metoprolol
",E,B,False,"- Adenosine (Option A): This medication is typically used to convert atrial fibrillation to sinus rhythm, especially in patients who have not responded to other antiarrhythmic drugs. However, it is not commonly used as a first-line treatment for symptomatic tachycardia like the patient's rapid pulse. - Digoxin (Option B): This is a cardiac glycoside that can be used to control ventricular rate in atrial fibrillation. It works by increasing the sensitivity of the heart muscle to calcium, thereby slowing the heart rate. Given the patient's symptoms of palpitations and tachycardia, digoxin would be an appropriate choice to manage the rapid heart rate. - Enalapril (Option C): This is an angiotensin-converting enzyme (ACE) inhibitor, primarily used to treat hypertension and reduce the risk of cardiovascular events. It does not affect the heart rate directly and is not indicated for treating tachycardia. - Lidocaine (Option D): This is a local anesthetic that is often used to treat ventricular arrhythmias, such as those caused by ventricular tachycardia. Since the ECG shows narrow QRS complexes, this suggests that the issue is likely supraventricular rather than ventricular, making lidocaine less suitable. - Metoprolol (Option E): This is a beta-blocker that is commonly used to control the heart rate in patients with tachyarrhythmias. It works by blocking beta-adrenergic receptors, which reduces the heart rate and contractility. Given the patient's rapid heart rate and the effectiveness of metoprolol in previous episodes, it remains a viable option. However, since the patient has already been treated with metoprolol and the pulse is now at 160/min, it might be necessary to consider another agent if metoprolol alone is insufficient. Given the patient's current symptoms and the need to rapidly decrease the heart rate, digoxin (Option B) is the most appropriate choice among the options provided. It is effective in managing rapid heart rates in atrial fibrillation and can be administered intravenously to achieve rapid therapeutic effect.",0.0,0.0329,0.2213,0.0774,0.0359,0.0714,0.0714,0.4791,0.6128,0.6763
"A 23-year-old man comes to the clinic to establish care after moving to the area for his first job since graduating from college. He has felt well. Medical history is remarkable for Hodgkin lymphoma diagnosed 10 years ago, which was treated with radiation therapy and a chemotherapy regimen of vinblastine, doxorubicin, methotrexate, and prednisone. BMI is 20 kg/m². Vital signs are within normal limits. The patient appears well. Physical examination discloses no abnormalities. Which of the following screening studies is most appropriate to include in this patient's annual examinations?",Which of the following screening studies is most appropriate to include in this patient's annual examinations?,"
A. Bone marrow aspiration and complete blood count 
B. CT scan of the chest, abdomen, and pelvis 
C. Echocardiography 
D. Fine-needle aspiration biopsy of the thyroid gland 
E. Nerve conduction studies
",C,B,False,"Given the patient's history of Hodgkin lymphoma, it is important to consider the potential long-term effects of treatment on his health. While the physical examination did not reveal any abnormalities, the patient's history suggests that he may be at risk for late effects related to his cancer treatment. Option A (Bone marrow aspiration and complete blood count) is not typically recommended as part of an annual screening for Hodgkin lymphoma survivors. This test is more commonly used for diagnosing hematological disorders or monitoring bone marrow function in patients undergoing chemotherapy. Option B (CT scan of the chest, abdomen, and pelvis) is a reasonable choice for annual screening in Hodgkin lymphoma survivors. It can help detect late effects such as lymphedema, cardiac dysfunction, or other secondary cancers that might develop over time. Given the patient's history, this imaging study could potentially identify issues early when they are more treatable. Option C (Echocardiography) is also a good choice for annual screening. Radiation therapy can cause cardiotoxicity, leading to heart problems. An echocardiogram can help monitor the patient’s heart function and detect any changes that might indicate damage from previous treatments. Option D (Fine-needle aspiration biopsy of the thyroid gland) is not necessary unless there are specific symptoms or signs suggesting thyroid disease. Thyroid function tests are usually sufficient for monitoring thyroid health in this context. Option E (Nerve conduction studies) is not typically indicated for routine screening in Hodgkin lymphoma survivors, as nerve damage is less common compared to other late effects like cardiac and pulmonary issues. Therefore, among the options provided, a CT scan of the chest, abdomen, and pelvis (Option B) is the most appropriate screening study to include in this patient's annual examinations to monitor for late effects of his Hodgkin lymphoma treatment.",0.0121,0.042,0.2909,0.0943,0.0633,0.0943,0.0943,0.5099,0.6254,0.7255
"A 5-year-old boy returns to the office with his mother to discuss results of studies done to evaluate his behavior of eating dirt. The patient sits quietly while his mother answers questions about his health. She says her son seems healthy, although he does not seem to be as active as other children his age. He has said his head hurts three or four times during the past 2 weeks. He has not had fever, sweats, or chills. She says he has a good appetite but has had a habit of eating sand and dirt since age 3 years. She says, ""I don't know where he gets that habit. I used to eat dirt, but I stopped years ago. I try to stop him from eating dirt, but I'm not around much since I work two jobs."" The patient takes no medications. Vaccinations are up-to-date. Height, weight, and BMI are at the 50th percentile. Vital signs are normal. Physical examination discloses no abnormalities except for symmetrical nontender cervical adenopathy. Results of laboratory studies, including serum zinc, lead, and iron concentrations, are within the reference ranges. Serologic testing confirms toxoplasmosis. In addition to prescribing pyrimethamine and sulfadiazine therapy, which of the following is the most appropriate next step in management?","In addition to prescribing pyrimethamine and sulfadiazine therapy, which of the following is the most appropriate next step in management?","
A. Prescribe fluoxetine 
B. Prescribe methylphenidate 
C. Prescribe risperidone 
D. Refer the patient to a child psychiatrist 
E. Refer the patient to a dietician
",D,D,True,"Given the patient's history of eating dirt (pica), persistent headaches, and recent diagnosis of toxoplasmosis, the most appropriate next step in management would be to refer the patient to a child psychiatrist. Here's why the other options are not the best choice: A. Prescribe fluoxetine - Fluoxetine is an antidepressant and is not typically prescribed for pica or toxoplasmosis. It is not indicated for these conditions. B. Prescribe methylphenidate - Methylphenidate is primarily used to treat attention deficit hyperactivity disorder (ADHD). While it might help manage symptoms related to hyperactivity, it is not specifically indicated for pica or toxoplasmosis. C. Prescribe risperidone - Risperidone is an antipsychotic medication used to treat severe behavioral problems associated with autism spectrum disorders or schizophrenia. It is not indicated for pica or toxoplasmosis. E. Refer the patient to a dietician - Although dietary counseling can be beneficial, it is not the primary treatment for pica. Pica often requires addressing underlying psychological or nutritional deficiencies, which may necessitate psychiatric evaluation and intervention. D. Refer the patient to a child psychiatrist - Given the patient's persistent headaches and the possibility of underlying psychological factors contributing to pica, a referral to a child psychiatrist is crucial. A psychiatrist can conduct a comprehensive assessment, rule out any undiagnosed mental health issues, and provide appropriate treatment, which may include psychotherapy or medication if necessary. In summary, the patient's symptoms suggest a need for a more comprehensive evaluation, and referring the patient to a child psychiatrist is the most appropriate next step in managing this complex case.",0.0174,0.0515,0.3012,0.1014,0.0511,0.0942,0.0942,0.4925,0.5836,0.6693
"A 55-year-old woman is brought to the office by her husband because of increasingly severe pain in her mid back for the past week. She says the pain is especially severe with walking. Her husband says she has been favoring her right leg for the past 3 days. Ibuprofen no longer controls the pain. She enjoys gardening but had to discontinue it 1 week ago because of the pain. She has not had bowel or bladder dysfunction. She underwent a right mastectomy 3 years ago for carcinoma and has been taking tamoxifen since that time. She is 173 cm (5 ft 8 in) tall and weighs 66 kg (145 lb); BMI is 22 kg/m². Vital signs are temperature 38.0°C (100.4°F), pulse 90/min, respirations 15/min, and blood pressure 118/72 mm Hg. Strength is 3/5 in all muscle groups of the right lower extremity and 5/5 in the left lower extremity. Achilles and patellar reflexes are hyperactive on the right and normal on the left. Sensation to pinprick and temperature is decreased in the left lower extremity to the level of the inguinal ligament. Sensation to vibration is decreased in the right lower extremity. Reflexes and sensation are otherwise intact. Rectal sphincter tone is normal. Which of the following is the most appropriate next step?",Which of the following is the most appropriate next step?,"
A. Acetaminophen-oxycodone therapy and referral for physical therapy 
B. Admission to the hospital for pain control 
C. Electromyography and nerve conduction studies 
D. MRI of the thoracic spine 
E. Technetium 99m scan
",D,D,True,"Given the patient's symptoms, including severe pain in the mid-back that worsens with walking, favoring of the right leg, and sensory deficits in the lower extremities, an MRI of the thoracic spine is the most appropriate next step. 1. MRI of the Thoracic Spine (Option D): This imaging modality is crucial for evaluating the spinal cord and nerve roots in the thoracic region. The patient's symptoms suggest possible compression or inflammation affecting the spinal cord or nerve roots, which could be due to conditions such as spinal stenosis, herniated disc, or other spinal disorders. An MRI can help identify these issues and guide further management. 2. Acetaminophen-Oxycodone Therapy and Referral for Physical Therapy (Option A): While acetaminophen-oxycodone combination therapy might provide some relief from pain, it does not address the underlying cause of the symptoms. Additionally, physical therapy would be beneficial if the MRI confirms a specific condition, but it is not the first-line investigation in this case. 3. Admission to the Hospital for Pain Control (Option B): Given that the patient's pain is severe enough to require discontinuation of activities like gardening and favoring one leg, admission for pain control seems unnecessary unless there are signs of significant distress or complications. The severity of the symptoms warrants further diagnostic evaluation rather than immediate hospitalization. 4. Electromyography and Nerve Conduction Studies (Option C): These tests can help diagnose neuromuscular disorders, but they are less specific for spinal pathology compared to an MRI. They may also be performed alongside an MRI to assess for peripheral nerve involvement, but they do not replace the need for a comprehensive spinal assessment. 5. Technetium 99m Scan (Option E): This type of scan is typically used for bone scans to detect infections, tumors, or other abnormalities. It is not specifically indicated for spinal conditions and would not provide the necessary information about the spinal cord or nerve roots. In summary, given the clinical presentation and the need to rule out spinal pathology, an MRI of the thoracic spine is the most appropriate next step.",0.0078,0.0206,0.1971,0.0506,0.0339,0.0506,0.0506,0.4364,0.5169,0.6365
"A 7-year-old boy with sickle cell disease is brought to the office by his father because of fever and bone pain. The father says that his son was discharged 5 days ago after a 3-day hospitalization for the same symptoms. The patient had been admitted with a diagnosis of vaso-occlusive crisis with bone infarct, with resolution of symptoms after treatment with intravenous fluids, narcotics, and antibiotic therapy for 3 days. Blood cultures were negative. The patient's back pain and fever recurred 2 days ago and seem more severe than prior to the hospitalization. His medical chart shows that he had one other uncomplicated hospital admission at age 4 years for a vaso-occlusive crisis with lower extremity bone pain. Vital signs today are temperature 39.2°C (102.5°F), pulse 110/min, respirations 24/min, and blood pressure 115/60 mm Hg. The patient is uncomfortable but does not appear toxic. Cardiac examination discloses a grade 2/6 systolic ejection murmur at the left lower sternal border. Spleen is not palpated. There is considerable tenderness over the L1–L3 region of the back without fluctuation. There is diffuse pain in both thighs without localization, but range of motion is normal. Which of the following studies is most likely to establish the diagnosis at this time?",Which of the following studies is most likely to establish the diagnosis at this time?,"
A. Blood culture 
B. CT scan of the spine 
C. MRI of the lumbar spine 
D. Ultrasonography of the spine 
E. X-ray of the spine
",C,C,True,"Given the patient's history of recurrent vaso-occlusive crises, particularly with significant back pain and fever, an MRI of the lumbar spine would be the most appropriate study to establish the diagnosis at this time. Here’s why: 1. MRI of the Lumbar Spine: This imaging modality provides excellent soft tissue contrast and can detect subtle changes such as inflammation, edema, and potential hematoma formation. It is highly sensitive in diagnosing acute spinal complications like epidural abscesses, which can occur in sickle cell disease patients during vaso-occlusive crises. The MRI can also help differentiate between inflammatory processes and other causes of back pain, such as musculoskeletal issues or infection. 2. Blood Culture: While blood cultures might be considered if there is suspicion of an underlying sepsis, they are less likely to be positive given the patient's recent antibiotic treatment and the absence of systemic symptoms suggesting sepsis. 3. CT Scan of the Spine: A CT scan can be useful for detecting bony abnormalities or fractures, but it is less sensitive for detecting soft tissue pathology compared to MRI. Additionally, it may not be as effective in differentiating between inflammatory and infectious processes. 4. Ultrasonography of the Spine: Ultrasound is generally used for evaluating soft tissues and fluid collections, but it is not as effective in providing detailed images of the spinal cord or surrounding structures as MRI. 5. X-ray of the Spine: X-rays are typically used for detecting bony abnormalities and fractures. However, they do not provide adequate detail for assessing soft tissue inflammation or infection, especially in the context of a vaso-occlusive crisis where the focus is on the spinal region. Given the patient's clinical presentation, including the recurrence of symptoms, the severity of back pain, and the presence of tenderness without fluctuation, an MRI of the lumbar spine would be the most informative diagnostic tool to identify any acute complications or underlying conditions contributing to the current episode of vaso-occlusive crisis.",0.0112,0.0334,0.1752,0.0751,0.0465,0.0578,0.0578,0.4714,0.5353,0.6551
"A 7-year-old boy with sickle cell disease is brought to the office by his father because of fever and bone pain. The father says that his son was discharged 5 days ago after a 3-day hospitalization for the same symptoms. The patient had been admitted with a diagnosis of vaso-occlusive crisis with bone infarct, with resolution of symptoms after treatment with intravenous fluids, narcotics, and antibiotic therapy for 3 days. Blood cultures were negative. The patient's back pain and fever recurred 2 days ago and seem more severe than prior to the hospitalization. His medical chart shows that he had one other uncomplicated hospital admission at age 4 years for a vaso-occlusive crisis with lower extremity bone pain. Vital signs today are temperature 39.2°C (102.5°F), pulse 110/min, respirations 24/min, and blood pressure 115/60 mm Hg. The patient is uncomfortable but does not appear toxic. Cardiac examination discloses a grade 2/6 systolic ejection murmur at the left lower sternal border. Spleen is not palpated. There is considerable tenderness over the L1–L3 region of the back without fluctuation. There is diffuse pain in both thighs without localization, but range of motion is normal. MRI of the spine confirms the diagnosis. Which of the following is the most appropriate initial intravenous pharmacotherapy?",Which of the following is the most appropriate initial intravenous pharmacotherapy?,"
A. Ceftriaxone 
B. Cephalothin and clarithromycin 
C. Clindamycin and gentamicin 
D. Nafcillin 
E. Vancomycin and cefotaxime
",E,A,False,"Given the clinical presentation of the 7-year-old boy with sickle cell disease who is experiencing recurrent fever and bone pain, along with the recent recurrence of symptoms, it is important to consider the possibility of an infection, especially since the patient has a history of vaso-occlusive crises and has had previous positive blood cultures. ### Option A: Ceftriaxone - Correctness: Ceftriaxone is a broad-spectrum cephalosporin antibiotic that is effective against many gram-positive and gram-negative bacteria. It is commonly used in cases where there is suspicion of a bacterial infection, such as in this case of recurrent fever and bone pain. - Reasoning: Given the patient's history of recurrent infections and the current symptoms, a broad-spectrum antibiotic like ceftriaxone would be appropriate to cover a wide range of potential pathogens. ### Option B: Cephalothin and Clarithromycin - Incorrectness: Cephalothin is a penicillin derivative that is primarily active against gram-positive organisms. Clarithromycin is a macrolide antibiotic that is effective against gram-positive and gram-negative bacteria, but it is less commonly used in combination with cephalothin due to its narrow spectrum of activity against certain gram-negative bacteria. - Reasoning: While clarithromycin can be beneficial, the combination of cephalothin and clarithromycin might not be the most appropriate choice given the patient's history and the need for a broader spectrum coverage. ### Option C: Clindamycin and Gentamicin - Incorrectness: Clindamycin is a lincosamide antibiotic that is effective against gram-positive bacteria but not against gram-negative bacteria. Gentamicin is an aminoglycoside antibiotic that is effective against gram-negative bacteria but not against gram-positive bacteria. - Reasoning: This combination would not provide adequate coverage against the likely pathogens, as clindamycin lacks activity against gram-negative bacteria and gentamicin lacks activity against gram-positive bacteria. ### Option D: Nafcillin - Incorrectness: Nafcillin is a penicillin derivative that is primarily active against gram-positive bacteria. It is not typically used in cases of suspected gram-negative bacterial infections. - Reasoning: Given the patient's history and the current symptoms, nafcillin would not be the most appropriate choice. ### Option E: Vancomycin and Cefotaxime - Incorrectness: Vancomycin is a glycopeptide antibiotic that is effective against gram-positive bacteria but not against gram-negative bacteria. Cefotaxime is a cephalosporin antibiotic that is effective against gram-negative bacteria. - Reasoning: This combination would not provide adequate coverage against the likely pathogens, as vancomycin lacks activity against gram-negative bacteria and cefotaxime lacks activity against gram-positive bacteria. In summary, Ceftriaxone (Option A) is the most appropriate initial intravenous pharmacotherapy given the patient's history of recurrent infections and the current symptoms, as it provides broad-spectrum coverage against both gram-positive and gram-negative bacteria.",0.0083,0.0186,0.1502,0.0397,0.031,0.0397,0.0397,0.3696,0.5591,0.6685
"A 24-year-old man comes to the emergency department because of right lower quadrant abdominal pain and nausea that began suddenly 6 hours ago. He rates the pain as a 6 on a 10-point scale and asks for pain medication. Medical history is unremarkable. He takes only a multivitamin. Vital signs on arrival are temperature 38.7°C (101.6°F), pulse 105/min, respirations 16/min, and blood pressure 110/85 mm Hg. Physical examination discloses exquisite tenderness in the right lower quadrant of the abdomen. The remainder of the examination discloses no abnormalities. The surgical consultant cannot evaluate the patient for 2 hours. Which of the following is the most appropriate next step?",Which of the following is the most appropriate next step?,"
A. Administer acetaminophen 
B. Administer gabapentin 
C. Administer lorazepam 
D. Administer morphine 
E. Explain to the patient that analgesics would interfere with the surgical examination
",D,D,True,"The patient presents with sudden onset of right lower quadrant abdominal pain, which is a classic presentation suggestive of appendicitis. Given the patient's symptoms and physical exam findings, it is highly likely that he has an acute appendicitis. Here’s a detailed analysis of each option: A. Administer acetaminophen - Acetaminophen (Tylenol) is primarily used for mild to moderate pain relief and does not address the underlying cause of the patient's condition. It is not indicated in this scenario where the pain is severe and potentially indicative of a serious condition like appendicitis. B. Administer gabapentin - Gabapentin is an anticonvulsant and neuropathic pain medication. While it can be useful for certain types of pain, it is not specifically indicated for treating acute appendicitis. Additionally, its use in this context would not address the underlying pathology causing the pain. C. Administer lorazepam - Lorazepam is a benzodiazepine commonly used for anxiety and sedation. It is not indicated for managing acute abdominal pain, especially when there is suspicion of appendicitis. Its use would not address the underlying issue and could mask the patient's true condition. D. Administer morphine - Morphine is a potent opioid analgesic that can effectively manage severe pain. In the case of suspected appendicitis, administering morphine can help manage the patient's discomfort while awaiting further evaluation. This is the most appropriate immediate action given the severity of the pain and the need to maintain the patient's comfort until the surgical consultation can be arranged. E. Explain to the patient that analgesics would interfere with the surgical examination - This option is incorrect because the primary concern here is the patient's severe pain. Delaying pain management could exacerbate the patient's distress and potentially lead to complications such as perforated appendix. Providing reassurance about the role of analgesics in managing pain during the surgical evaluation is important but should not delay necessary pain relief. Therefore, the most appropriate next step is to administer morphine to manage the patient's severe pain until the surgical consultation can be evaluated.",0.0082,0.0217,0.1755,0.0514,0.0345,0.0514,0.0514,0.4371,0.5448,0.6228
"A 74-year-old man who had a stroke 2 years ago is admitted to the hospital from the nursing care facility because of a 4-day history of reduced urinary output, and worsening abdominal pain, nausea, and lethargy. The stroke had resulted in right-sided hemiparesis and difficulties with speech and swallowing. Medical history is also significant for hypertension. The patient has been hospitalized twice during the past 3 months for pneumonias that did not respond to oral antibiotic therapy in the nursing facility. He underwent bladder catheterization during each of the recent hospitalizations for a total of 6 days to monitor urine output. The catheter was removed prior to each discharge. Bladder catheterization attempts during the past several days in response to his current symptoms have been unsuccessful. Now on admission, the patient appears agitated and confused. Vital signs are temperature 36.9°C (98.4°F), pulse 110/min, respirations 24/min, and blood pressure 160/100 mm Hg. Physical examination discloses jugular venous distention, 8 cm at 45 degrees. Lungs are clear to auscultation. Auscultation of the heart discloses regular tachycardia with no gallops. There is fullness and tenderness to palpation of the low central abdomen but no rebound or guarding. Examination of the extremities shows 1+ pedal edema bilaterally. The prostate is normal in size and has no palpable nodules or tenderness. Results of laboratory studies are shown: Serum Urea nitrogen - 73 mg/dL Creatinine - 4.2 mg/dL Calcium - 8.6 mg/dL Na⁺ - 134 mEq/L K⁺ - 5.6 mEq/L Cl⁻ - 100 mEq/L HCO3⁻ - 20 mEq/L Mg2⁺ - 2.0 mEq/L Glucose - 126 mg/dL Phosphorus - 4.8 mEq/L Blood Hematocrit - 32% Hemoglobin - 10.6 g/dL WBC - 8200/mm³ Platelet count - 359,000/mm³ Ultrasonography shows distention of the bladder and bilateral hydronephrosis. ECG shows sinus tachycardia. Which of the following is the most appropriate next step?",Which of the following is the most appropriate next step?,"
A. Administration of bethanechol 
B. Administration of prazosin 
C. Hemodialysis 
D. Placement of a suprapubic catheter 
E. Ultrafiltration
",D,C,False,"Given the patient's clinical presentation, including severe dehydration, acute kidney injury, and electrolyte imbalances, the most appropriate next step would be to initiate hemodialysis. 1. Hemodialysis: This is the most urgent intervention needed given the patient's severe renal failure indicated by serum creatinine of 4.2 mg/dL, urea nitrogen of 73 mg/dL, and the presence of bilateral hydronephrosis. These findings suggest acute tubular necrosis or other forms of acute kidney injury, which can lead to rapid deterioration if left untreated. Hemodialysis can rapidly remove excess fluid, correct electrolyte imbalances, and reduce uremic toxins, thereby improving the patient's condition and preventing further organ damage. 2. Administration of Bethanechol (Option A): Bethanechol is an anticholinergic drug used to treat paralytic ileus, but it is not effective in treating acute kidney injury or dehydration. It does not address the underlying cause of the patient's renal failure. 3. Administration of Prazosin (Option B): Prazosin is an alpha-1 adrenergic receptor antagonist used primarily to treat hypertension. It is not indicated for the treatment of acute kidney injury or dehydration. 4. Placement of a Suprapubic Catheter (Option D): While this could potentially help manage the urinary retention, it is not a definitive solution for the patient's acute kidney injury and dehydration. Additionally, the patient's agitation and confusion suggest a need for immediate intervention rather than a temporary measure like catheter placement. 5. Ultrafiltration (Option E): Ultrafiltration is a form of hemodynamic support used in critically ill patients, particularly those with acute kidney injury. However, it is less commonly used compared to hemodialysis and may not be as effective in managing the patient's severe electrolyte imbalances and fluid overload. In summary, hemodialysis is the most appropriate next step due to the severity of the patient's condition, including acute kidney injury, dehydration, and electrolyte imbalances, which require immediate and aggressive management.",0.0085,0.0224,0.1801,0.0556,0.0373,0.0556,0.0556,0.4262,0.5177,0.6052
"A 47-year-old man comes to the emergency department because of a 3-day history of increasing pain, tenderness, and swelling near the fingernail of his right index finger. He rates the pain as an 8 on a 10-point scale. He has not had fever or chills, and he has not sustained any trauma to the finger. Medical history is unremarkable and the patient takes no medications. He appears generally well and is not in distress. Vital signs are temperature 37.1°C (98.8°F), pulse 72/min, respirations 14/min, and blood pressure 120/80 mm Hg. Physical examination of the right hand discloses swelling, erythema, warmth, and tenderness of the periungual region of the right index finger. There is a mildly fluctuant area near the nail edge. The remainder of the physical examination discloses no abnormalities. Which of the following is the most appropriate next step in management?",Which of the following is the most appropriate next step in management?,"
A. Incision and drainage 
B. Oral cefazolin therapy 
C. Topical neomycin therapy 
D. Warm-water soaks
",A,A,True,"Given the clinical presentation of the patient, the most appropriate next step in management would be incision and drainage (Option A). Here's why: 1. Clinical Presentation: The patient presents with swelling, erythema, warmth, and tenderness of the periungual region of the right index finger, along with a fluctuant area near the nail edge. These symptoms strongly suggest a suppurative paronychia, which is an infection of the soft tissue around the nail. The presence of a fluctuant area indicates that there is pus formation, which necessitates drainage. 2. Incision and Drainage: This procedure is the standard treatment for suppurative paronychia. It helps to relieve the pressure and pain caused by the abscess, prevent further spread of infection, and promote healing. Performing an incision and drainage under sterile conditions can also help to identify the causative organism and guide subsequent antibiotic therapy if necessary. 3. Other Options: - Option B (Oral Cefazolin Therapy): While antibiotics may be considered if the infection is confirmed to be bacterial, the patient's symptoms are suggestive of a suppurative paronychia, which typically requires immediate drainage rather than antibiotic therapy alone. Additionally, oral antibiotics might not be sufficient to address the localized nature of the infection. - Option C (Topical Neomycin Therapy): Topical neomycin is an antibiotic ointment used primarily for superficial skin infections. Given the severity and location of the infection, topical treatment alone would likely be insufficient and could delay proper management. - Option D (Warm-Water Soaks): Warm-water soaks can be beneficial for reducing pain and inflammation, but they do not address the underlying issue of the abscess. They are more supportive care and should be combined with other treatments like incision and drainage. In conclusion, incision and drainage (Option A) is the most appropriate initial intervention for this patient's condition.",0.0147,0.0291,0.233,0.0712,0.0521,0.0583,0.0583,0.4594,0.5492,0.679
"A 12-year-old girl with type 1 diabetes mellitus is brought to the emergency department by her parents because of a 2-day history of nausea, vomiting, and decreased oral intake. Medications are insulin glargine and insulin aspart. She decreased her insulin dose at the onset of symptoms but her condition has since worsened and she now is unable to consume solids or liquids without subsequent vomiting. She reports feeling dizzy on standing. Medical history is otherwise unremarkable. She is at the 50th percentile for height, weight, and BMI. Vital signs are temperature 37.8°C (100.1°F), pulse 118/min, respirations 27/min, and blood pressure 85/47 mm Hg. Pulse oximetry on room air shows an oxygen saturation of 99%. Physical examination discloses dry mucous membranes, delayed capillary refill time, and poor skin turgor. Palpation of the abdomen discloses diffuse tenderness with no rebound or guarding. The remainder of the physical examination discloses no abnormalities. Results of laboratory studies obtained on arrival are shown: Serum Urea nitrogen - 28 mg/dL Creatinine - 1.2 mg/dL Na⁺ - 126 mEq/L K⁺ - 4.3 mEq/L Cl⁻ - 95 mEq/L HCO3⁻ - 9 mEq/L Glucose - 563 mg/dL Arterial blood gas values on room air HCO3⁻ 10 mEq/L Partial Pressure of Oxygen - 98 mm Hg Partial Pressure of Carbon Dioxide - 22 mm Hg pH - 7.20 Boluses of intravenous 0.9% saline are administered and an infusion of insulin is initiated. Three hours later the patient becomes somnolent and develops a headache. She has had one episode of emesis and one episode of incontinence. Her urine output has been 30 mL/h. Results of follow-up serum laboratory studies are shown: Urea nitrogen - 24 mg/dL Creatinine - 1.1 mg/dL Na⁺ - 127 mEq/L K⁺ - 3.7 mEq/L Cl⁻ - 98 mEq/L HCO3⁻ - 11 mEq/L Glucose - 287 mg/dL Which of the following is the most appropriate intravenous pharmacotherapy?",7 mEq/L Cl⁻ - 98 mEq/L HCO3⁻ - 11 mEq/L Glucose - 287 mg/dL Which of the following is the most appropriate intravenous pharmacotherapy?,"
A. Bicarbonate 
B. Dexamethasone 
C. 50% Dextrose 
D. Furosemide 
E. Mannitol
",E,A,False,"Given the clinical presentation and laboratory findings, it appears that the patient is experiencing diabetic ketoacidosis (DKA) due to severe hyperglycemia and dehydration. The patient's blood glucose level of 563 mg/dL is extremely high, indicating severe hyperglycemia. Additionally, the presence of ketonuria (ketones in the urine) and acidosis (low bicarbonate levels and pH of 7.20) further supports the diagnosis of DKA. Among the options provided: A. Bicarbonate - This would be the most appropriate choice for treating metabolic acidosis. The patient's arterial blood gas shows a low bicarbonate level (10 mEq/L), indicating respiratory alkalosis rather than metabolic acidosis. However, the patient's symptoms such as dizziness on standing, somnolence, and headache suggest possible cerebral edema, which can occur in severe DKA. In such cases, correcting the acidosis with bicarbonate can help reduce cerebral edema and improve neurological status. Therefore, administering bicarbonate is a reasonable step. B. Dexamethasone - While dexamethasone can be used in the treatment of DKA, its primary use is to reduce inflammation and prevent complications rather than directly treat the underlying hyperglycemia or acidosis. It is not typically the first-line therapy for managing DKA. C. 50% Dextrose - Administering 50% dextrose is generally not recommended in the initial management of DKA. It can cause rapid increases in blood glucose levels, potentially leading to hyperosmolar hyperglycemic state (HHS) if given too quickly. Instead, it should be used cautiously and only after other treatments have been initiated. D. Furosemide - Furosemide is a potent diuretic that can exacerbate dehydration, which is already a significant issue in this patient. It is not indicated in the management of DKA unless there is evidence of fluid overload. E. Mannitol - Mannitol is primarily used to reduce intracranial pressure in conditions like cerebral edema. While it might be considered in this scenario, it is not the first-line treatment for DKA. The patient's symptoms suggest possible cerebral edema, but the immediate priority is to address the underlying hyperglycemia and acidosis. In summary, the most appropriate intravenous pharmacotherapy for this patient is bicarbonate to manage the metabolic acidosis, which can help alleviate symptoms and improve neurological status.",0.0049,0.0415,0.1859,0.0789,0.0317,0.0684,0.0684,0.4574,0.4908,0.5772
"A 54-year-old woman, gravida 2, para 2, comes to the office because of a 4-month history of hot flushes that awaken her from sleep on most nights. She also reports increased irritability during this time. She has not had fever, shortness of breath, or cough. She says her appetite has been good and her weight has been stable. Medical history is remarkable for hysterectomy done 5 years ago for symptomatic leiomyomata uteri. The patient takes calcium and vitamin D supplements. She has never smoked cigarettes. She drinks one glass of wine 1 night weekly. She is 165 cm (5 ft 5 in) tall and weighs 48 kg (106 lb); BMI is 18 kg/m². Vital signs are temperature 37.0°C (98.6°F), pulse 66/min, respirations 12/min, and blood pressure 108/64 mm Hg. Physical examination discloses no abnormalities. Screening PPD skin test shows 15 mm of induration. Chest x-ray shows densities consistent with granulomata. Which of the following pharmacotherapies is most likely to alleviate this patient's symptoms?",Which of the following pharmacotherapies is most likely to alleviate this patient's symptoms?,"
A. Clonidine 
B. Conjugated estrogen 
C. Fluoxetine 
D. Isoniazid and rifampin 
E. Raloxifene
",B,B,True,"Given the patient's history of hot flushes, irritability, and the context provided, the most likely cause of these symptoms is menopause due to her recent hysterectomy and the presence of leiomyomata uteri, which were removed five years ago. The low body mass index (BMI) and the fact that she is on calcium and vitamin D supplements suggest osteoporosis, another common issue in postmenopausal women. Let's evaluate each option: A. Clonidine - This medication is primarily used to treat hypertension and can help reduce hot flashes. However, it does not address the underlying hormonal changes associated with menopause. B. Conjugated estrogen - This is a form of hormone replacement therapy (HRT) that can effectively alleviate hot flashes and other symptoms of menopause such as vaginal dryness and mood swings. Given the patient's history of hysterectomy, estrogen therapy would be appropriate to replace the lost estrogen. C. Fluoxetine - This is an antidepressant and selective serotonin reuptake inhibitor (SSRI). While it can help with mood disturbances, it is not typically used to treat hot flashes or menopausal symptoms. D. Isoniazid and rifampin - These are antibiotics used to treat tuberculosis. They do not have any effect on menopausal symptoms and are not indicated for this condition. E. Raloxifene - This is a selective estrogen receptor modulator (SERM) that is used to prevent and treat osteoporosis. It may help with some menopausal symptoms but is not specifically designed to treat hot flashes. Therefore, the most appropriate pharmacotherapy for alleviating the patient's symptoms is Conjugated estrogen, making option B the correct choice.",0.0,0.0339,0.2236,0.0886,0.0223,0.0738,0.0738,0.4866,0.5729,0.6923
"A 55-year-old woman, gravida 1, para 1, comes to the office because she is concerned that she has continued to have regular menses while her friends of the same age have gone through menopause. She reports having her usual premenstrual breast tenderness and menstrual cramping. She has not had change in flow, intermenstrual spotting, hot flushes, or night sweats. Medical history is unremarkable. She takes no medications. She does not smoke cigarettes. She drinks one glass of wine each evening. Her last menstrual period occurred 3 weeks ago. Screening mammogram obtained 1 year ago and all previous Pap smears, including her most recent Pap smear 2 years ago, have shown no abnormalities. Her 50-year-old sister also has not gone through menopause. The patient does not exercise. She is 157 cm (5 ft 2 in) tall and weighs 80 kg (176 lb); BMI is 32 kg/m². Vital signs are normal. Physical examination discloses adiposity of the abdomen. Pelvic examination discloses pink and rugose vaginal walls and a small uterus. The remainder of the physical examination discloses no abnormalities. Which of the following is the most appropriate next step to address the patient's continued menstruation?",Which of the following is the most appropriate next step to address the patient's continued menstruation?,"
A. Order fine-needle biopsy of the endometrium 
B. Order pelvic ultrasonography 
C. Order serum estradiol and follicle-stimulating hormone concentrations 
D. Provide reassurance that she is simply still premenopausal 
E. Recommend losing weight to help facilitate the onset of menopause 
F. Recommend monthly leuprolide acetate injections for a 3-month duration 
G. Refer the patient to an endocrinologist
",D,C,False,"Option C, ordering serum estradiol and follicle-stimulating hormone (FSH) concentrations, is the most appropriate next step to address the patient's continued menstruation. This test can help determine if the patient is experiencing premature ovarian failure (POF), which could explain her persistent menstruation despite being post-menopausal. Here's a detailed breakdown of why the other options are less suitable: A. Ordering a fine-needle biopsy of the endometrium: While this could be useful for diagnosing endometrial cancer, it is not necessary to determine whether the patient is still menstruating or if there is premature ovarian failure. B. Ordering pelvic ultrasonography: This imaging test can help assess the size and structure of the ovaries and uterus, but it does not directly address the issue of continued menstruation or premature ovarian failure. D. Providing reassurance that she is simply still premenopausal: Given the patient's age, family history, and the absence of typical menopausal symptoms, this reassurance would be inappropriate and potentially misleading. E. Recommending losing weight to help facilitate the onset of menopause: Weight loss may influence hormonal levels, but it is unlikely to cause immediate cessation of menstruation. Additionally, the patient's BMI is already within the overweight range, so significant weight loss might not be advisable without medical supervision. F. Recommending monthly leuprolide acetate injections for a 3-month duration: Leuprolide acetate is typically used to induce menopause in women who have not yet reached menopause or in cases of advanced ovarian cancer. It is not indicated for a woman who is post-menopausal and experiencing persistent menstruation. G. Referencing the patient to an endocrinologist: While an endocrinologist can provide expert care, ordering serum estradiol and FSH concentrations is a more direct and appropriate initial step to evaluate the underlying cause of the persistent menstruation. Therefore, the most appropriate next step is to order serum estradiol and FSH concentrations to determine if the patient is experiencing premature ovarian failure, which would explain her continued menstruation.",0.025,0.0386,0.292,0.0928,0.0758,0.0812,0.0812,0.5042,0.6055,0.7433
"A 25-year-old man comes to the emergency department because he developed chest pain and shortness of breath 1 hour ago, shortly after snorting cocaine for the first time. He rates the chest pain as a 7 on a 10-point scale and notes that the pain is radiating down his left arm. Medical history is unremarkable and the patient takes no medications or any other illicit drugs. He is 178 cm (5 ft 10 in) tall and weighs 70 kg (154 lb); BMI is 22 kg/m². The patient is diaphoretic. Vital signs are temperature 37.5°C (99.5°F), pulse 110/min, respirations 16/min, and blood pressure 200/100 mm Hg. Pulse oximetry on room air shows an oxygen saturation of 95%. Pupils are equal, round, and reactive to light and accommodation. Lungs are clear to auscultation and percussion. Auscultation of the heart discloses an audible S1 and S2. There is no edema, cyanosis, or clubbing of the digits. The patient is fully oriented. He is treated with supplemental oxygen, a 325-mg aspirin tablet, and intravenous nitroglycerin and lorazepam. Despite therapy, he continues to have chest pain and shortness of breath. ECG shows sinus tachycardia with no ST-segment or T-wave abnormalities. Which of the following is the most appropriate additional pharmacotherapy to initiate at this time?",Which of the following is the most appropriate additional pharmacotherapy to initiate at this time?,"
A. Carvedilol 
B. Furosemide 
C. Metoprolol 
D. Phentolamine 
E. Streptokinase
",D,C,False,"Given the patient's presentation, which includes chest pain, shortness of breath, elevated blood pressure, and a history of cocaine use, the most appropriate additional pharmacotherapy to initiate would be Metoprolol. Metoprolol is a beta-blocker that can help reduce the workload on the heart, lower blood pressure, and potentially alleviate symptoms of angina and myocardial ischemia. It is commonly used in patients with acute coronary syndromes, including those who have experienced cocaine-induced chest pain or shortness of breath. Here's a brief explanation of why the other options are not the best choice: A. Carvedilol - While carvedilol is also a beta-blocker, it has additional alpha-blocking properties and is typically used in chronic conditions like hypertension and heart failure. Its use in this acute situation might be less indicated compared to metoprolol. B. Furosemide - This is a loop diuretic used primarily to treat fluid overload and hypertension. It does not address the underlying cause of the patient's symptoms related to cocaine use or myocardial ischemia. C. Phentolamine - Phentolamine is a non-selective alpha-adrenergic receptor blocker that can be used to reverse the effects of vasopressors or to treat pheochromocytoma. It is not indicated for treating cocaine-induced chest pain or myocardial ischemia. E. Streptokinase - This is an anticoagulant used to dissolve blood clots in cases of acute myocardial infarction. It is not indicated for cocaine-induced chest pain or myocardial ischemia. Therefore, Metoprolol (option C) is the most appropriate additional pharmacotherapy to initiate in this scenario.",0.0185,0.0403,0.2971,0.0902,0.0606,0.0902,0.0902,0.4747,0.5875,0.7566
"A 70-year-old man, who was admitted to the hospital 3 days ago for treatment of pneumonia, has now developed diarrhea and severe lower abdominal cramping. The patient has passed watery and yellow stools every 2 hours for the past 12 hours. Since admission, the patient has been treated with intravenous levofloxacin therapy and albuterol/ipratropium nebulizers every 4 hours, with only mild improvement of his respiratory symptoms. Medical history is also significant for hypertension, type 2 diabetes mellitus, and hyperlipidemia. Routine medications include rosiglitazone, amlodipine, and atorvastatin. He has smoked one pack of cigarettes daily for the past 50 years. BMI is 20 kg/m2. Vital signs are temperature 36.7°C (98.0°F), pulse 102/min, respirations 16/min, and blood pressure 100/50 mm Hg. Pulse oximetry on room air shows an oxygen saturation of 93%. Physical examination discloses dry mucous membranes and cracked lips. Lungs are clear to auscultation bilaterally. Cardiac examination discloses a tachycardic but regular rhythm. Abdomen is diffusely tender to palpation with no distention, rebound, or guarding. Test of the stool for occult blood is negative. Results of serum laboratory studies are shown: Urea nitrogen - 30 mg/dL Creatinine - 1.5 mg/dL Calcium - 8.2 mg/dL Na⁺ - 150 mEq/L K⁺ - 3.7 mEq/L Cl⁻ - 115 mEq/L HCO3⁻ - 22 mEq/L Glucose - 120 mg/dL Stool culture is obtained. Intravenous infusion of which of the following substances is the most appropriate next step?",Intravenous infusion of which of the following substances is the most appropriate next step?,"
A. Bicarbonate 
B. Calcium gluconate 
C. 5% Dextrose in water 
D. 0.9% Saline
",D,D,True,"Given the patient's presentation of watery diarrhea, severe lower abdominal cramping, and dehydration, the most appropriate next step would be to administer 0.9% saline (option D). Here’s the rationale behind this choice: 1. Dehydration: The patient's vital signs show a low blood pressure (100/50 mmHg) and a low oxygen saturation on room air (93%), indicating potential hypovolemia and dehydration. Intravenous fluids are necessary to restore fluid balance and maintain adequate blood volume. 2. Diarrhea: The patient has been experiencing watery diarrhea for 12 hours, which can lead to significant fluid loss. Replenishing lost fluids is crucial to prevent further dehydration and electrolyte imbalances. 3. Electrolyte Imbalance: While the patient's serum electrolytes are within normal ranges, the ongoing diarrhea could potentially lead to further electrolyte disturbances. Intravenous saline helps to replenish both water and electrolytes simultaneously, addressing both dehydration and electrolyte imbalances. Let's examine why the other options are not as suitable: - Option A: Bicarbonate - While bicarbonate might be needed if there is evidence of metabolic acidosis, the patient's current presentation does not suggest this condition based on the given lab results. Additionally, bicarbonate alone may not address the immediate need for hydration and electrolyte replacement. - Option B: Calcium gluconate - This substance is typically used to treat hypocalcemia, which is not indicated in this case. The patient's calcium level is within normal range, and there is no specific indication for calcium supplementation. - Option C: 5% Dextrose in water - While dextrose can be useful in treating hypoglycemia, it is primarily used to provide energy rather than to address dehydration or electrolyte imbalances. It is not the most appropriate choice for the patient's current condition. In summary, administering 0.9% saline (option D) is the most appropriate next step to address the patient's dehydration and electrolyte imbalances caused by the diarrhea.",0.0085,0.031,0.2016,0.0681,0.0312,0.0619,0.0619,0.4638,0.5519,0.6393
"A 3-week-old male infant is brought to the office by his mother because of a 2-day history of white lesions in the mouth. The infant was born at term via uncomplicated spontaneous vaginal delivery; he has been breast-feeding well and is urinating and having bowel movements normally. At birth, he weighed 3289 g (7 lb 4 oz; 30th percentile). Today, he weighs 3629 kg (8 lb; 25th percentile). He appears adequately hydrated. Vital signs are normal. Physical examination discloses white patches on the tongue and buccal mucosa that do not come off when gently scraped with a tongue blade. Which of the following is the most appropriate pharmacotherapy?",Which of the following is the most appropriate pharmacotherapy?,"
A. Acyclovir 
B. Fluconazole 
C. Nystatin 
D. Valacyclovir 
E. No pharmacotherapy is necessary
",C,E,False,"The condition described in this case is likely thrush, which is caused by Candida albicans infection. Thrush typically presents as creamy white lesions on the tongue, inside the cheeks, and sometimes on the gums and lips. These lesions are not easily removed with a tongue scraper and can be painful for the infant. Given the clinical presentation and the fact that the infant is a newborn, it is important to consider the potential risks associated with systemic antifungal medications. The options provided include: A. Acyclovir - This medication is used primarily for treating herpes infections and is not effective against Candida species. B. Fluconazole - While fluconazole is an effective antifungal agent, it is generally not recommended for use in neonates due to its potential side effects and the need for close monitoring. C. Nystatin - Nystatin is an antifungal medication that is commonly used for oral thrush in infants. It is safe and effective for this condition and does not pose significant systemic risks. D. Valacyclovir - This medication is used to treat herpes infections and is not indicated for Candida infections. Since the condition is likely thrush, the most appropriate treatment would be nystatin, which is safe and effective for this condition without the need for systemic therapy. Therefore, no pharmacotherapy is necessary in this case, making option E the correct choice.",0.0,0.0241,0.1588,0.0611,0.0176,0.0611,0.0611,0.4571,0.5668,0.644
"A 55-year-old man is brought to the emergency department by his wife because he told her he did not want to live anymore. During the past 6 weeks, he has experienced fatigue, loss of interest in usual activities, a 7-kg (15-lb) weight loss, and insomnia. He has no history of serious medical or psychiatric illness. Vital signs are temperature 37.0°C (98.6°F), pulse 80/min, respirations 16/min, and blood pressure 140/82 mm Hg. Physical examination discloses no abnormalities. Beck Depression Inventory score is 35 (severely depressed). He says he feels guilty that his investments have not done well and that he has ruined his family finances. He reports he hears voices at night telling him he has sinned. In addition to olanzapine, which of the following is the best treatment option for this patient?","In addition to olanzapine, which of the following is the best treatment option for this patient?","
A. Divalproex 
B. Fluoxetine 
C. Lamotrigine 
D. Lithium carbonate 
E. No other therapy is necessary
",B,B,True,"Given the patient's severe depression, psychotic symptoms, and suicidal ideation, the primary treatment should focus on addressing these aspects comprehensively. Olanzapine, an antipsychotic medication, is already being used to manage the patient's symptoms, but it does not address the underlying depression. Let's evaluate the other options: A. Divalproex: This is an anticonvulsant and mood stabilizer primarily used for bipolar disorder and certain types of epilepsy. While it can be effective in treating mood disorders, it is not typically first-line treatment for severe depression or psychosis. It may also cause side effects such as weight gain, tremors, and liver toxicity, which could complicate the patient's condition. B. Fluoxetine: This is a selective serotonin reuptake inhibitor (SSRI) commonly used to treat depression and anxiety disorders. Given the patient's severe depressive symptoms and the Beck Depression Inventory score of 35, fluoxetine would be an appropriate choice to help alleviate his depressive symptoms. Additionally, SSRIs can sometimes help with psychotic symptoms by improving mood and reducing cognitive distortions. C. Lamotrigine: This is an anticonvulsant medication used to treat epilepsy and bipolar disorder. It is not typically used for treating depression or psychosis. Therefore, it would not be the best choice for this patient. D. Lithium Carbonate: This is primarily used to treat bipolar disorder, particularly for episodes of mania. It is not indicated for treating depression or psychosis unless there is a comorbid manic episode. Thus, lithium carbonate is not suitable for this patient's condition. E. No other therapy is necessary: This is incorrect because the patient requires comprehensive treatment for his severe depression, psychotic symptoms, and suicidal ideation. Medications like fluoxetine can be part of a multi-faceted treatment plan, but they should be combined with other interventions such as psychotherapy, supportive care, and possibly hospitalization if necessary. In summary, fluoxetine is the most appropriate additional treatment option given the patient's severe depression and the need to address his psychotic symptoms and suicidal ideation.",0.0,0.0377,0.1853,0.0812,0.0292,0.0522,0.0522,0.4915,0.5928,0.6908
"A 78-year-old man, who underwent coronary angiography with stent placement 8 years ago, comes to the office for a routine health maintenance examination. The patient reports no new symptoms except for shortness of breath and fatigue during exercise that began 3 months ago when he tried to increase the distance of his daily walk from 1 mile to 3 miles. He has not had orthopnea, paroxysmal nocturnal dyspnea, or chest pain. Additional medical history is significant for hypertension, coronary artery disease, dyslipidemia, and polymyalgia rheumatica. The patient also has a heart murmur that was discovered at an armed forces screening physical examination at age 18 years, but it did not prevent him from serving in the military. Medications are metoprolol, atorvastatin, lisinopril, omeprazole, and a low dose of prednisone every other day. The patient is active and manages a small farm. BMI is 26 kg/m². Vital signs are temperature 37.0°C (98.6°F), pulse 60/min, respirations 18/min, and blood pressure 124/61 mm Hg. Cardiac examination discloses a normal S1, pronounced S2, and a grade 2/6 late systolic murmur heard at the right upper parasternal border. Pulses are normal in contour. Results of laboratory studies are within the reference ranges. ECG shows no abnormalities. Which of the following is the most appropriate next step in management?",Which of the following is the most appropriate next step in management?,"
A. Decrease the dose of metoprolol 
B. Increase the dose of prednisone 
C. Obtain serum vitamin D concentration 
D. Order a transthoracic echocardiography
",D,D,True,"Given the patient's history of coronary artery disease, recent onset of shortness of breath and fatigue during exercise, and the presence of a late systolic murmur, the most appropriate next step in management would be to order a transthoracic echocardiography (TTE). This test can help evaluate the function of the heart, specifically looking for signs of left ventricular dysfunction, which could explain the patient's symptoms. Here's a detailed explanation of why the other options are less suitable: A. Decrease the dose of metoprolol - While this medication is used to manage hypertension and reduce the workload on the heart, the patient's symptoms suggest possible left ventricular dysfunction rather than simply needing a lower dose of beta-blocker. Therefore, decreasing the dose of metoprolol might not address the underlying issue causing the symptoms. B. Increase the dose of prednisone - Prednisone is primarily used to treat polymyalgia rheumatica and may have some anti-inflammatory effects. However, increasing the dose of prednisone does not address the cardiovascular symptoms and could potentially mask other issues. Additionally, the patient already takes a low dose of prednisone every other day, so increasing it further is not indicated without additional clinical justification. C. Obtain serum vitamin D concentration - Vitamin D deficiency can contribute to muscle weakness and bone health issues, but it is not directly related to the patient's symptoms of shortness of breath and fatigue during exercise. The patient's symptoms are more likely to be related to cardiac function rather than vitamin D levels. Therefore, a transthoracic echocardiography is the most comprehensive test to evaluate the patient's heart function and determine if there is any evidence of left ventricular dysfunction, which could explain the new symptoms. This test can provide valuable information about the overall health of the heart and guide further management decisions.",0.0123,0.0305,0.21,0.0696,0.051,0.057,0.057,0.4622,0.5471,0.6036
"A 28-year-old man comes to the office because he would like to quit smoking cigarettes. He says, ""I cannot go more than a day without cigarettes because I get so anxious and irritable. I even wake up at night to smoke."" The patient began smoking cigarettes at age 12 years; he was smoking two packs of cigarettes daily by age 17 years, and he has not curtailed his use since that time. He does not drink alcoholic beverages or use illicit drugs. Medical history is remarkable for childhood febrile seizures. He takes no medications. Vital signs are normal. The patient is interested in using a nicotine patch and bupropion therapy because he says his friend found the treatments to be helpful. In combining these two therapies, this patient is at greatest risk for which of the following?","In combining these two therapies, this patient is at greatest risk for which of the following?","
A. Cold intolerance 
B. Hypertension 
C. Polyuria 
D. Renal insufficiency 
E. The patient is at no increased risk
",E,B,False,"Combining nicotine patches and bupropion (Zyban) can increase the risk of hypertension. Bupropion is an antidepressant and smoking cessation aid that works by increasing levels of dopamine in the brain, which helps reduce cravings and withdrawal symptoms. Nicotine patches work by delivering nicotine to the bloodstream through the skin, helping to alleviate withdrawal symptoms. When both nicotine and bupropion are used together, they can lead to an increase in blood pressure due to their combined effect on the central nervous system. Bupropion can cause an increase in heart rate and blood pressure, while nicotine also has vasoconstrictive effects. This combination can result in significant increases in blood pressure, which may pose a health risk, especially for individuals who already have pre-existing cardiovascular conditions such as those mentioned in the patient's medical history (childhood febrile seizures). While the other options (cold intolerance, polyuria, and renal insufficiency) are less likely to occur as direct side effects from the combination of nicotine patches and bupropion, it is important to note that hypertension is a potential concern when combining these two treatments. Therefore, close monitoring of blood pressure during treatment is recommended, and adjustments to dosage or alternative treatments should be considered if hypertension becomes problematic.",0.0,0.0441,0.2459,0.1091,0.0183,0.0455,0.0455,0.5133,0.5629,0.6236
"A 25-year-old woman comes to the office because of a 24-hour history of right-sided facial weakness. Two days ago she developed mild aching behind the right ear, which resolved spontaneously. This morning, however, the entire right side of her face was drooping and she was unable to close her right eye. When she tried to drink coffee this morning, the liquid ran out the right side of her mouth. She has been otherwise healthy and she takes no medications. Vital signs are normal. Examination of the ears and oral mucosa shows no abnormalities. Cranial nerve examination shows moderate weakness of the right orbicularis oculi and oris, frontalis, buccinator, and platysma muscles. Sound is perceived as louder in the right ear. The remainder of the neurologic examination shows no abnormalities. Which of the following is the most accurate statement regarding this patient's prognosis for neurologic recovery?",Which of the following is the most accurate statement regarding this patient's prognosis for neurologic recovery?,"
A. Prognosis cannot be determined without results of cerebral angiography 
B. Prognosis cannot be determined without results of MRI of the brain and cerebrospinal fluid analysis 
C. She has an 80% chance of complete recovery within the next 12 months without treatment 
D. With oral corticosteroid therapy she has a 20% chance of complete recovery within the next 12 months 
E. It is unlikely that the patient will achieve functional recovery from this condition regardless of therapy
",C,C,True,"Given the clinical presentation described, the patient likely has Bell's Palsy, a common form of peripheral facial paralysis caused by dysfunction of the facial nerve (cranial nerve VII). Bell's Palsy typically affects one side of the face and is usually idiopathic, meaning its exact cause is not always clear. ### Option A: Prognosis cannot be determined without results of cerebral angiography - Incorrect: Cerebral angiography is not necessary for diagnosing Bell's Palsy. While it can rule out other causes of facial paralysis such as stroke or tumor, it is not required for the diagnosis of Bell's Palsy. ### Option B: Prognosis cannot be determined without results of MRI of the brain and cerebrospinal fluid analysis - Incorrect: While imaging studies like MRI can help rule out other conditions, they are not necessary for diagnosing Bell's Palsy. Cerebrospinal fluid analysis is also not specific to Bell's Palsy and would not provide additional information about the prognosis. ### Option C: She has an 80% chance of complete recovery within the next 12 months without treatment - Correct: Bell's Palsy typically follows a self-limiting course, and the vast majority of patients recover completely on their own within 3-6 months. The likelihood of complete recovery is around 80-90%, especially if there is no evidence of complications or underlying conditions. ### Option D: With oral corticosteroid therapy she has a 20% chance of complete recovery within the next 12 months - Incorrect: Corticosteroids are often used in the treatment of Bell's Palsy to reduce inflammation and improve outcomes. However, the primary benefit of corticosteroids is to speed up recovery time rather than changing the overall prognosis. The typical recovery rate remains around 80-90% even with corticosteroid therapy. ### Option E: It is unlikely that the patient will achieve functional recovery from this condition regardless of therapy - Incorrect: As mentioned earlier, the prognosis for Bell's Palsy is generally very good, with a high likelihood of full recovery. Even without treatment, the majority of patients recover fully within 3-6 months. Corticosteroids can significantly expedite this process but do not alter the fundamental prognosis. In summary, the most accurate statement regarding the patient's prognosis is that she has an 80% chance of complete recovery within the next 12 months without treatment. Therefore, the correct answer is [C].",0.0045,0.0291,0.2088,0.0697,0.04,0.0597,0.0597,0.4562,0.5872,0.7202
"A 20-year-old woman comes to the office because of a 2-day history of nasal congestion, runny nose, and nonproductive cough that has made it difficult for her to sleep. She has not had fever. Her brother with whom she resides also has similar symptoms. The patient's medical history is significant for mild persistent asthma for which she takes inhaled fluticasone- salmeterol twice daily and albuterol as needed. She has been using her albuterol more frequently during the past 2 days without much effect. During this time, her peak expiratory flow rates have been 70% to 80% of her baseline. Vital signs today are temperature 37.2°C (99.0°F), pulse 70/min, respirations 20/min, and blood pressure 110/70 mm Hg. Physical examination discloses inflamed nasal mucosa with clear discharge. The posterior oral pharynx is erythematous. Auscultation of the lungs discloses rare expiratory wheezes. Which of the following is the most appropriate pharmacotherapy for this patient's cough?",Which of the following is the most appropriate pharmacotherapy for this patient's cough?,"
A. Codeine 
B. Diphenhydramine 
C. Guaifenesin 
D. Ipratropium bromide 
E. Prednisone
",E,C,False,"Guaifenesin is an expectorant, which helps to thin and loosen mucus in the respiratory tract, making it easier to cough up. This makes it the most appropriate choice for managing a nonproductive cough associated with nasal congestion and runny nose. A. Codeine - Codeine is an opioid analgesic and antitussive. While it can be effective for cough suppression, it carries risks such as respiratory depression and addiction potential, especially in individuals with pre-existing respiratory conditions like asthma. Given the patient's history of asthma and the fact that her albuterol use has not been very effective, codeine would not be the first-line choice. B. Diphenhydramine - This is an antihistamine commonly used for allergic symptoms. It may help reduce nasal congestion but does not address the cough directly. Additionally, it can cause drowsiness, which might interfere with the patient's ability to sleep. C. Guaifenesin - As mentioned, guaifenesin is an expectorant that helps to clear mucus from the airways, making it suitable for a nonproductive cough. It is generally safe and well-tolerated, even in patients with chronic respiratory conditions. D. Ipratropium bromide - This is a bronchodilator and anticholinergic medication primarily used to treat chronic obstructive pulmonary disease (COPD) and asthma. It works by relaxing the muscles around the airways, making breathing easier. While it can help with wheezing, it is not typically used for treating a nonproductive cough. E. Prednisone - Prednisone is a corticosteroid that reduces inflammation throughout the body. Although it can be beneficial in severe cases of asthma exacerbation, it is not specifically indicated for treating a nonproductive cough. Its use should be carefully considered due to potential side effects and should be reserved for more severe cases where other treatments have failed. Given the patient's history of asthma and the presence of wheezing, guaifenesin is the most appropriate choice for managing her nonproductive cough. However, it is important to note that the patient's condition warrants further evaluation, possibly including a chest X-ray and possibly adjusting her asthma management plan.",0.0027,0.0241,0.1784,0.0686,0.023,0.0571,0.0571,0.4756,0.5889,0.6958
"A 34-year-old woman, gravida 2, para 1, comes to the office at 26 weeks' gestation to establish prenatal care after obtaining health insurance coverage. She has gained 14 kg (31 lb) during this pregnancy. Her last pregnancy 4 years ago resulted in delivery of a 4564-g (10-lb 1-oz) male newborn. Today, the patient is 162 cm (5 ft 4 in) tall and weighs 99 kg (218 lb). Vital signs are normal. Physical examination discloses a fundal height of 30 cm. Fetal heart rate is 146/min. Prenatal laboratory studies and ultrasonography are ordered. This patient is most at risk for which of the following?",This patient is most at risk for which of the following?,"
A. Gestational diabetes 
B. Multiple gestation 
C. Placenta previa 
D. Polyhydramnios 
E. Preeclampsia
",A,E,False,"Preeclampsia is the most at-risk condition for this patient based on her clinical presentation and risk factors. 1. Gestational Diabetes: While the patient has gained an excessive amount of weight (14 kg or 31 lbs), this alone does not necessarily indicate gestational diabetes. The patient's height-to-weight ratio (BMI) is 33.7 (99 kg / 162 cm²), which classifies her as severely obese (BMI > 30). Severe obesity is a known risk factor for gestational diabetes, but the patient's current weight gain is more indicative of preeclampsia. 2. Multiple Gestation: The patient is a single pregnancy, so multiple gestation is not a concern here. 3. Placenta Previa: This condition involves the placenta partially or completely covering the cervix. It is less likely given that the fundal height is within the expected range for 26 weeks of gestation and there are no other symptoms or findings suggesting placental issues. 4. Polyhydramnios: This condition is characterized by excess amniotic fluid around the fetus. While polyhydramnios can be associated with certain conditions like neural tube defects or oligohydramnios, it is not typically a primary risk factor for the complications seen in this patient. 5. Preeclampsia: Given the patient's history of severe obesity, which is a significant risk factor for preeclampsia, along with her current BMI, the likelihood of developing preeclampsia is high. Additionally, the patient's height-to-weight ratio suggests she may have developed macrosomia (a large baby) from her previous pregnancy, which is also a risk factor for preeclampsia. The elevated BMI and the fact that she has gained a substantial amount of weight during this pregnancy further increase her risk. In conclusion, the patient's severe obesity, history of macrosomia, and current weight gain make preeclampsia the most concerning complication for this patient. Regular monitoring and close follow-up will be necessary to manage this potential risk.",0.0,0.0259,0.1087,0.0623,0.0251,0.0498,0.0498,0.4506,0.5422,0.677
"A 39-year-old woman, gravida 6, para 5, is admitted to the hospital at 39 weeks' gestation for a scheduled induction of labor for delivery of twins. Her prior pregnancies were uncomplicated. Her current pregnancy has been complicated by well- controlled gestational diabetes. Vital signs are temperature 36.7°C (98.1°F), pulse 80/min, respirations 16/min, and blood pressure 134/84 mm Hg. Uterine size is consistent with a 36-week gestation. The fetuses are estimated to weigh 1814 g (4 lb) each. The patient delivers healthy twins. After the delivery of the placenta, examination discloses decreased uterine tone, increased bleeding, and increased hypotension. Which of the following is the most appropriate initial pharmacotherapy?",Which of the following is the most appropriate initial pharmacotherapy?,"
A. Ergonovine 
B. Intramuscular vitamin K 
C. 15-Methylprostaglandin F2α 
D. Misoprostol 
E. Oxytocin
",E,E,True,"Oxytocin is the most appropriate initial pharmacotherapy in this scenario. Here's why: 1. Oxytocin: This hormone is naturally produced by the body during childbirth and plays a crucial role in uterine contractions. It is effective in promoting uterine contractions and can help reduce postpartum hemorrhage. In cases where there is decreased uterine tone, oxytocin can be administered intravenously to enhance uterine contractions and aid in hemostasis. 2. Ergonovine: While ergonovine is also used to stimulate uterine contractions, it is not typically the first choice for postpartum hemorrhage due to its potential side effects such as severe hypertension and tachycardia. Additionally, it may cause vasoconstriction which could exacerbate the hypotension observed in this patient. 3. Intramuscular Vitamin K: Vitamin K is used to prevent neonatal bleeding disorders but does not have any effect on uterine contractions or postpartum hemorrhage. 4. 15-Methylprostaglandin F2α: Prostaglandins like 15-Methylprostaglandin F2α are used to induce labor and augment contractions. They do not have the same immediate hemostatic properties as oxytocin and are not typically used for postpartum hemorrhage management. 5. Misoprostol: Misoprostol is an anti-prostaglandin drug that is used to induce labor and treat certain gastrointestinal conditions. It is not indicated for postpartum hemorrhage management. Given the patient's presentation of decreased uterine tone, increased bleeding, and hypotension, oxytocin is the most appropriate initial pharmacotherapy to address these issues. It will help in promoting uterine contractions, aiding in hemostasis, and potentially reversing the hypotension.",0.0111,0.0293,0.2239,0.0714,0.04,0.0635,0.0635,0.4422,0.5555,0.7542
"A 32-year-old woman comes to the emergency department because of a 3-day history of worsening fever, dry cough, and shortness of breath. She also has had abdominal discomfort, diarrhea, and nausea, but she has not vomited. She returned home from a business trip to a midwestern city 2 days ago. She has had no known contact with any ill individuals. She had been generally healthy and medical history is unremarkable. She takes no medications. Her last menstrual period was 6 weeks ago and she thinks she might be pregnant. She does not smoke cigarettes, drink alcoholic beverages, or use illicit drugs. She is married and uses no contraception. She appears well developed and well nourished but is short of breath and lethargic. Vital signs are temperature 38.3°C (101.0°F), pulse 104/min, respirations 28/min, and blood pressure 100/60 mm Hg. Pulse oximetry on room air shows an oxygen saturation of 92%. Auscultation of the chest discloses crackles at the right lung base, tachycardia, a normal S1 and S2, and no other abnormalities. Abdominal examination discloses no abnormalities. Petechiae are present over both lower extremities. Results of laboratory studies are shown: Serum ALT - 80 U/L AST - 63 U/L Urea nitrogen - 14 mg/dL Creatinine - 1.7 mg/dL Na⁺ - 130 mEq/L K⁺ - 3.9 mEq/L Cl⁻ - 104 mEq/L HCO3⁻ - 16 mEq/L Iron, total - 18 μg/dL Iron binding capacity, total - 428 μg/dL (N=250–350) Iron saturation - 5% (N=20–50) β-hCG - Positive Blood Hematocrit - 30.3% Hemoglobin - 10.2 g/dL WBC - 11,300/mm³ MCV - 76 μm³ Platelet count - 104,000/mm³ Red cell distribution width - 16% (N=11.5–14.5) Which of the following is the most appropriate intravenous pharmacotherapy at this time?",5) Which of the following is the most appropriate intravenous pharmacotherapy at this time?,"
A. Cefuroxime alone 
B. Cefuroxime and azithromycin 
C. Levofloxacin alone 
D. Levofloxacin and ticarcillin 
E. Piperacillin-tazobactam
",B,D,False,"Given the patient's symptoms of fever, cough, shortness of breath, and the presence of petechiae, along with her recent travel history to a midwestern city, the most likely diagnosis is sepsis due to a possible community-acquired pneumonia (CAP). The petechiae suggest disseminated intravascular coagulation (DIC), which can occur in severe cases of sepsis. Let's evaluate the options: A. Cefuroxime alone: - Cefuroxime is a first-generation cephalosporin that is effective against many gram-positive and gram-negative bacteria. However, it is not broad-spectrum enough for treating a wide range of pathogens, especially those causing CAP. - Given the patient's symptoms and the possibility of a mixed infection, a broader spectrum antibiotic would be more appropriate. B. Cefuroxime and azithromycin: - Azithromycin is a macrolide antibiotic that is effective against a variety of bacteria, including some that may be resistant to cefuroxime. However, azithromycin alone is not sufficient for treating severe CAP, and its efficacy against certain pathogens may be limited. - This combination is less likely to be the best choice given the severity of the patient's condition. C. Levofloxacin alone: - Levofloxacin is a fluoroquinolone antibiotic that is broad-spectrum and effective against many gram-positive and gram-negative bacteria, as well as some anaerobes. It is often used for severe CAP. - Given the patient's symptoms and the need for a broad-spectrum antibiotic, levofloxacin is a strong candidate. D. Levofloxacin and ticarcillin: - Ticarcillin is a penicillin derivative that provides good coverage against many gram-negative bacteria. When combined with levofloxacin, this combination offers broad-spectrum coverage against both gram-positive and gram-negative pathogens. - This combination is particularly useful in cases where there is a high suspicion of a mixed infection, such as in sepsis due to CAP. E. Piperacillin-tazobactam: - Piperacillin-tazobactam is another combination antibiotic that includes a beta-lactam antibiotic (piperacillin) and a beta-lactamase inhibitor (tazobactam). It is highly effective against a wide range of gram-positive and gram-negative bacteria. - This combination is even more potent than levofloxacin and ticarcillin, making it a strong choice for severe CAP, especially if there is a high suspicion of a mixed infection. Considering the severity of the patient's condition, the need for broad-spectrum coverage, and the potential for a mixed infection, the most appropriate intravenous pharmacotherapy at this time is: The correct answer is [D].",0.0115,0.0274,0.2177,0.059,0.0444,0.059,0.059,0.4431,0.5764,0.6922
"A 72-year-old man is admitted to the intensive care unit for pain management and observation of ventricular ectopy 4 hours after undergoing uncomplicated left total knee replacement. He is receiving fentanyl via systemic patient-controlled analgesic pump for pain management. Medical history is remarkable for coronary artery disease, for which he takes atorvastatin, furosemide, carvedilol, lisinopril, and 81-mg aspirin. Baseline echocardiogram showed an ejection fraction of 0.20. Vital signs now are temperature 38.0°C (100.4°F), pulse 90/min, respirations 16/min, and blood pressure 130/90 mm Hg. Pulse oximetry on room air shows an oxygen saturation of 96%. Physical examination discloses no unexpected abnormalities. Which of the following regimens for prophylaxis of deep venous thrombosis will likely be most beneficial in this patient?",Which of the following regimens for prophylaxis of deep venous thrombosis will likely be most beneficial in this patient?,"
A. Continuous application of bilateral lower extremity pneumatic compression devices 
B. Continuous intravenous infusion of heparin titrated to a PTT of 1.5 to 2.0 times the control value 
C. Oral warfarin 
D. Subcutaneous enoxaparin 
E. Subcutaneous heparin
",D,D,True,"Subcutaneous enoxaparin (option D) is the most appropriate choice for prophylaxis of deep vein thrombosis (DVT) in this patient. Option A: Continuous application of bilateral lower extremity pneumatic compression devices - Pros: These devices can help prevent the formation of DVT by promoting blood flow and reducing venous stasis. - Cons: They do not prevent clot formation; they only help in preventing the progression of existing clots. Additionally, they may not be as effective in patients who have already developed some degree of venous stasis due to prolonged immobility. Option B: Continuous intravenous infusion of heparin titrated to a PTT of 1.5 to 2.0 times the control value - Pros: This method directly prevents clot formation by inhibiting the coagulation cascade. - Cons: It requires frequent monitoring of the Prothrombin Time Internationalized Ratio (PTT) and carries the risk of bleeding complications, especially in elderly patients with a history of coronary artery disease and taking multiple medications that could increase bleeding risk. Option C: Oral warfarin - Pros: Warfarin is an anticoagulant that works by inhibiting vitamin K-dependent clotting factors, thus preventing clot formation. - Cons: It has a longer onset of action (usually 3-5 days) and requires careful monitoring with regular INR (International Normalized Ratio) testing to ensure adequate anticoagulation without excessive bleeding. The patient's baseline echocardiogram showing an ejection fraction of 0.20 suggests significant heart dysfunction, which would make warfarin therapy more challenging and potentially risky. Option D: Subcutaneous enoxaparin - Pros: Enoxaparin is a low molecular weight heparin that provides rapid anticoagulation with a shorter half-life compared to unfractionated heparin. It is well-tolerated and does not require frequent monitoring like warfarin. It also has a lower risk of major bleeding compared to unfractionated heparin. - Cons: Like other anticoagulants, it carries a risk of minor bleeding, but this is generally manageable in a hospitalized setting. Given the patient's age and comorbidities, the benefits of preventing DVT outweigh the risks associated with anticoagulation. Option E: Subcutaneous heparin - Pros: Similar to enoxaparin, subcutaneous heparin is another form of anticoagulant that provides rapid anticoagulation. - Cons: It has a longer duration of action than enoxaparin and requires more frequent dosing. It also carries a higher risk of bleeding, which is particularly concerning given the patient's history of coronary artery disease and the presence of a ventricular ectopy. Given the patient's age, comorbidities, and the need for rapid anticoagulation, subcutaneous enoxaparin (option D) is the most suitable choice for prophylaxis of deep vein thrombosis.",0.0021,0.0275,0.1788,0.0647,0.0278,0.0462,0.0462,0.4697,0.5854,0.7706
"A 45-year-old man comes to the emergency department because of a 1-month history of fatigue, generalized muscle weakness, and a 4-kg (8-lb) weight loss. He also reports a loss of appetite and nausea without vomiting during the past 2 weeks. Medical history is unremarkable and he takes no medications. He does not smoke cigarettes or drink alcoholic beverages. He is 180 cm (5 ft 11 in) tall and weighs 70 kg (155 lb); BMI is 22 kg/m². Vital signs are temperature 36.4°C (97.5°F), pulse 100/min, respirations 20/min, and blood pressure 88/50 mm Hg. Physical examination shows bronze darkening of the elbows, on the creases of his hands, and around the areolae of his nipples. Muscle strength is 4.5/5 in all extremities. The remainder of the physical examination shows no abnormalities. Results of laboratory studies are shown: Serum Na⁺ 128 mEq/L K⁺ 5.2 mEq/L Cl⁻ 95 mEq/L HCO3⁻ 20 mEq/L Blood Hemoglobin 12 g/dL WBC 3500/mm³ In addition to administering intravenous fluids, which of the following is the most appropriate pharmacotherapy?","2 mEq/L Cl⁻ 95 mEq/L HCO3⁻ 20 mEq/L Blood Hemoglobin 12 g/dL WBC 3500/mm³ In addition to administering intravenous fluids, which of the following is the most appropriate pharmacotherapy?","
A. Calcitonin 
B. Dehydroepiandrosterone 
C. Hydrocortisone 
D. Levothyroxine 
E. Mitotane
",C,C,True,"Given the patient's symptoms of fatigue, muscle weakness, weight loss, loss of appetite, and nausea, along with the physical findings of bronze discoloration on the elbows, hands, and around the areolae, and the laboratory results showing low serum sodium (hyponatremia), high potassium levels, and low chloride and bicarbonate levels, the most likely diagnosis is Addison's disease, an adrenal insufficiency condition. Among the options provided: A. Calcitonin - This is a hormone that regulates calcium metabolism and is used for conditions like osteoporosis and hypercalcemia. It is not relevant to Addison's disease. B. Dehydroepiandrosterone (DHEA) - DHEA is a precursor to sex hormones and is used for treating adrenal insufficiency in some cases, but it is not typically the first-line treatment for Addison's disease. C. Hydrocortisone - This is a corticosteroid that is commonly used to treat Addison's disease. It helps replace the deficient cortisol produced by the adrenal glands. Given the patient's symptoms and laboratory findings, hydrocortisone would be the most appropriate initial pharmacotherapy. D. Levothyroxine - This is used to treat hypothyroidism, not Addison's disease. The patient's thyroid function tests would need to be evaluated to rule out or confirm this condition. E. Mitotane - This is an anti-androgen used primarily for treating Cushing's syndrome, not Addison's disease. Therefore, based on the clinical presentation and laboratory findings, the most appropriate pharmacotherapy is hydrocortisone.",0.0038,0.0342,0.1624,0.0679,0.0228,0.0604,0.0604,0.4588,0.4917,0.5471
"A 45-year-old man comes to the office because of severe pain of the right foot that awoke him from sleep last night. He says the pain kept him awake for the rest of the night. Walking has been difficult due to the pain, which he rates as a 9 on a 10- point scale. He reports no recent trauma. Medical history is remarkable for hypertension, type 2 diabetes mellitus, and asthma. Medications include hydrochlorothiazide, metformin, atorvastatin, and an albuterol inhaler. He is allergic to penicillin. He does not smoke cigarettes, but he has drunk three to four glasses of red wine daily for the past 5 years. Family history is significant for arthritis in his father. He is 168 cm (5 ft 6 in) tall and weighs 111 kg (245 lb); BMI is 40 kg/m². Vital signs are temperature 37.9°C (100.2°F), pulse 100/min, respirations 16/min, and blood pressure 160/100 mm Hg. Examination of the right foot discloses erythema and increased warmth over the first toe extending over the dorsum of the foot. The involved area is very tender and the patient resists movement of his toes. There is moderate swelling of the first metatarsophalangeal joint. The remainder of the physical examination discloses no abnormalities. Results of laboratory studies are shown: Serum Urea nitrogen - 15 mg/dL Creatinine - 1.0 mg/dL Blood Hemoglobin - 16 mg/dL WBC - 12,500/mm³ Examination of joint aspirate shows a leukocyte count of 50,000/mm³; no organisms are seen on Gram stain. Which of the following is the most appropriate pharmacotherapy to treat this patient's acute condition?",Which of the following is the most appropriate pharmacotherapy to treat this patient's acute condition?,"
A. Acetaminophen 
B. Allopurinol 
C. Ceftriaxone 
D. Indomethacin 
E. Vancomycin
",D,D,True,"Given the clinical presentation of the patient, the most appropriate pharmacotherapy to treat this patient's acute condition appears to be indomethacin (option D). Here’s the rationale behind this choice: 1. Clinical Presentation: The patient presents with severe pain, erythema, warmth, and swelling over the first toe and dorsum of the foot, indicating a possible inflammatory process. The involvement of the first metatarsophalangeal joint suggests gout, although other conditions like cellulitis or septic arthritis could also present similarly. 2. Laboratory Findings: The elevated white blood cell count (WBC 12,500/mm³) and leukocyte count in the joint aspirate (50,000/mm³) suggest an inflammatory process. However, the absence of organisms on Gram stain makes it less likely to be a bacterial infection, ruling out ceftriaxone (option C). 3. Indomethacin: Indomethacin is a nonsteroidal anti-inflammatory drug (NSAID) that can effectively reduce inflammation and relieve pain. It is commonly used in cases of gout flare-ups, which often involve joint inflammation and pain. Given the patient's history of gout (as indicated by the presence of uric acid crystals in the joint aspirate), indomethacin would be an appropriate treatment. 4. Other Options: - Acetaminophen (Option A): While acetaminophen can help with pain relief, it is not typically used for treating inflammatory conditions like gout. - Allopurinol (Option B): This medication is used to prevent gout attacks by reducing uric acid levels in the blood. It is not used to treat an acute attack. - Vancomycin (Option E): Vancomycin is an antibiotic and is not indicated for treating inflammatory conditions such as gout or cellulitis. In conclusion, given the patient's symptoms and the findings from the joint aspirate, indomethacin (option D) is the most appropriate pharmacotherapy to treat this patient's acute condition.",0.0235,0.0378,0.3157,0.098,0.0789,0.098,0.098,0.4857,0.5765,0.7535
"A 2-year-old boy is brought to the emergency department by his babysitter because of a 30-minute history of respiratory distress. The babysitter reports that she has cared for the patient on numerous occasions during the past year. The child's parents are currently out of town for business but will return later tonight. The babysitter says, ""He has had a runny nose since I started babysitting yesterday, but this afternoon he awoke from a nap with a barking sound and he was breathing real heavy."" She does not know the child's prior health history, nor does she know if the boy takes any medications on a regular basis. The child looks tired and sits upright on the babysitter's lap. He is obviously comfortable with his caregiver. Vital signs are temperature 38.7°C (101.7°F), pulse 110/min, respirations 28/min and labored, and blood pressure 85/50 mm Hg. Pulse oximetry on room air shows an oxygen saturation of 89%. Physical examination discloses inspiratory stridor. Neck is supple, tympanic membranes are normal, and there is a profuse nasal discharge. Examination of the pharynx discloses no abnormalities. Auscultation of the chest discloses equal air entry on both sides and no crackles. The remainder of the examination shows no abnormalities. Treatment with 40% oxygen via venturi mask and intravenous fluids is initiated. Despite continued supplemental oxygen and hydration, the child remains tachypneic and stridorous at rest. Oxygen saturation is now 93%. In addition to administering racemic epinephrine by nebulizer, which of the following is the most appropriate next step?","In addition to administering racemic epinephrine by nebulizer, which of the following is the most appropriate next step?","
A. Intravenous aminophylline therapy 
B. Intravenous antibiotic therapy 
C. Intubation 
D. Oral dexamethasone therapy 
E. Rectal acetaminophen therapy
",D,C,False,"Given the clinical presentation of the child, it is highly suggestive of croup, a viral infection of the larynx and trachea that causes swelling and narrowing of the airways, leading to inspiratory stridor and difficulty breathing. The initial treatment of croup includes nebulized racemic epinephrine, which helps to reduce airway inflammation and improve airflow. Despite the administration of racemic epinephrine, the child remains tachypneic and stridorous at rest, indicating that the airway obstruction may be severe enough to require more aggressive intervention. Given the severity of symptoms and the persistence of respiratory distress despite supportive care, intubation would be the most appropriate next step. Intubation allows for direct control of the airway, ensuring adequate ventilation and oxygenation, and can prevent aspiration and other complications associated with severe airway obstruction. Here's a brief explanation of why the other options are less suitable: A. Intravenous aminophylline therapy - Aminophylline is primarily used to treat asthma exacerbations and bronchospasm. While it might help in some cases, its use in croup is not standard practice and is not indicated in this scenario. B. Intravenous antibiotic therapy - Antibiotics are not typically used in croup as it is caused by a viral infection. Using antibiotics could lead to unnecessary side effects and prolonged hospitalization without addressing the underlying cause. D. Oral dexamethasone therapy - Dexamethasone is a corticosteroid often used in severe cases of croup, but it is usually administered via nebulizer rather than orally. It is not the first-line treatment and is not indicated in this case where the child is already receiving nebulized racemic epinephrine. E. Rectal acetaminophen therapy - Acetaminophen is used to manage fever and pain, but it does not address the airway obstruction or inflammation causing the child's symptoms. Therefore, it is not the most appropriate next step. In summary, given the severity of the child's condition and the persistence of respiratory distress despite initial treatment, intubation is the most appropriate next step to ensure the child receives adequate ventilation and oxygenation.",0.0083,0.0437,0.2517,0.0857,0.0402,0.0743,0.0743,0.5007,0.5798,0.6742
A 30-year-old man comes to the office because of an itchy and painful facial rash that has worsened since he first noticed it 1 day ago. He has no other symptoms and says he otherwise has been generally healthy. Medical history is unremarkable and he takes no medications. He does not use any substances. He is unmarried and is not currently in a romantic relationship but has been sexually active with multiple female partners during the past year. Vital signs are within normal limits. Physical examination shows an erythematous macular rash with several 1- to 2-mm raised vesicles that do not cross the midline over the left forehead and periorbital area. There are no other abnormalities. Acyclovir therapy is initiated. Which of the following is the most appropriate next step?,Which of the following is the most appropriate next step?,"
A. Referral to a dermatologist 
B. Serum HIV antibody test 
C. Skin biopsy 
D. Tzanck test
",B,B,True,"Given the patient's presentation of an erythematous macular rash with vesicles on the left forehead and periorbital area, which has developed over the course of one day, the most appropriate next step would be to perform a serum HIV antibody test (Option B). This is because herpes simplex virus (HSV) infection can present similarly to herpes zoster (shingles), but the rapid onset and distribution of the rash strongly suggest a viral etiology rather than a bacterial or fungal infection. Here’s a detailed breakdown of why the other options are less suitable: A. Referral to a dermatologist - While a dermatologist would be able to provide a definitive diagnosis through further examination and possibly additional tests, this is not the most urgent next step given the current clinical presentation and the need for immediate treatment. The patient should be treated with acyclovir as soon as possible, and a dermatologist can follow up later if necessary. C. Skin biopsy - A skin biopsy is typically reserved for cases where the diagnosis is uncertain or when there is suspicion of a more serious condition such as malignancy. In this case, the clinical presentation is clear enough to warrant prompt antiviral therapy, making a biopsy unnecessary at this stage. D. Tzanck test - The Tzanck test is used to detect the presence of multinucleated giant cells, which are characteristic of herpes zoster. However, the patient's rash does not cross the midline, which is a key feature of shingles. Therefore, a Tzanck test is not indicated here. Given the patient's sexual activity and the potential for sexually transmitted infections (STIs), including herpes, performing an HIV antibody test (Option B) is crucial. Early detection and treatment of HIV can prevent severe complications and improve overall health outcomes. Additionally, ruling out other sexually transmitted infections could also be beneficial, although the primary concern based on the clinical presentation is likely HSV.",0.0057,0.0225,0.1391,0.0554,0.031,0.0492,0.0492,0.4489,0.5336,0.5882
"A 31-year-old man with a 5-year history of HIV infection comes to the office because of anal pain, particularly on defecation, for the past 4 months. He says he has seen spots of blood on the toilet tissue but has not had any other noticeable bleeding. He reports no change in bowel habits and has not had recent fever, chills, or rectal drainage. He says he and his partner engage in anal-receptive intercourse. His most recent CD4+ T-lymphocyte count 2 months ago was 350/mm³; HIV viral load at that time was undetectable. He currently is being treated with antiretroviral therapy. He has had no opportunistic infections. Medical history is also significant for syphilis and genital herpes treated with penicillin and acyclovir, respectively. He does not smoke cigarettes or drink alcoholic beverages. Vital signs are normal. Physical examination shows small bilateral inguinal lymph nodes, but respiratory, cardiac, and abdominal examinations disclose no abnormalities. There are several tender fleshy lesions around the perianal area. Rectal examination produces tenderness, but there is no rectal discharge. Test of the stool for occult blood is trace positive. Which of the following is the most appropriate pharmacotherapy at this time?",Which of the following is the most appropriate pharmacotherapy at this time?,"
A. Acyclovir 
B. Imiquimod 
C. Levofloxacin 
D. Metronidazole 
E. Penicillin
",B,D,False,"Given the patient's symptoms of anal pain, tenderness, and presence of tender fleshy lesions around the perianal area, along with a positive test for occult blood in the stool, the most appropriate pharmacotherapy at this time would be Metronidazole (Option D). Metronidazole is an antibiotic that is effective against anaerobic bacteria, which can cause infections such as anal abscesses, fistulas, and other inflammatory conditions. The patient's symptoms align well with these types of infections. Here's a brief explanation of why the other options are less suitable: A. Acyclovir - This medication is used primarily for treating herpes infections. While the patient has a history of genital herpes, the current symptoms do not suggest a herpes-related condition. B. Imiquimod - This is an immunomodulator used for treating certain skin conditions like genital warts. It is not indicated for the treatment of anal pain or lesions caused by bacterial infections. C. Levofloxacin - This is a broad-spectrum antibiotic that is typically used for treating bacterial infections. Although it could potentially treat some bacterial causes of anal pain, it is not specifically indicated for the type of infection described here, and its use should be guided by culture results if available. E. Penicillin - Given that the patient has already been treated for syphilis, using penicillin again would be redundant and unnecessary unless there is evidence of a recurrence or a different type of infection requiring a different antibiotic. Therefore, Metronidazole is the most appropriate choice for treating the likely bacterial infection causing the patient's symptoms.",0.0179,0.0353,0.2132,0.0824,0.0528,0.0674,0.0674,0.5038,0.5843,0.6666
