background,question,option,ground_truth,prediction,acc,explanation,bleu4,bleu1,meteor,rouge1,rouge2,rougeL,rougeLsum,bertscore_f1,bertscore_f1_avg_sent,bertscore_f1_max_sent
"A 30-year-old woman comes to the office because of a 3-day history of joint pain in her hands and a rash over her chest and arms that is slowly resolving. The joint pain in her hands has persisted and is exacerbated by writing or typing. She rates the pain as a 3 on a 10-point scale. The patient is a preschool teacher and reports that one of her students had a facial rash and fever 1 week prior to the development of her symptoms. The patient's medical history is unremarkable and her only medication is an oral contraceptive. She is in a monogamous relationship with her husband. She does not smoke cigarettes, drink alcoholic beverages, or use illicit drugs. BMI is 22 kg/m² . Vital signs are temperature 38.1°C (100.5°F), pulse 94/min, respirations 18/min, and blood pressure 107/58 mm Hg. Physical examination discloses a blanching, erythematous, papular rash on the anterior chest and proximal upper extremities. The first and second metacarpophalangeal joints of both hands are tender and swollen. The wrist joints also are tender to palpation but there is minimal swelling. Which of the following microorganisms is most likely to have caused this patient's symptoms?",Which of the following microorganisms is most likely to have caused this patient's symptoms?,"
A. Adenovirus 
B. Borrelia burgdorferi 
C. Coxsackievirus 
D. Ehrlichia chaffeensis 
E. Parvovirus B19
",E,E,True,"The patient's symptoms, including joint pain in her hands and a rash over her chest and arms, along with the history of a student with a facial rash and fever, strongly suggest a diagnosis of erythema infectiosum (fifth disease), which is caused by Parvovirus B19. Here's a detailed breakdown of why each option is correct or incorrect: - E. Parvovirus B19 (Correct): - Rash: The rash described as blanching, erythematous, and papular on the anterior chest and proximal upper extremities is characteristic of the ""slapped cheek"" rash seen in erythema infectiosum, which is caused by Parvovirus B19. - Arthralgia: Joint pain, particularly in the hands, is a common symptom in adults infected with Parvovirus B19. The pain is often symmetric and affects small joints, such as the metacarpophalangeal joints. - Epidemiology: The patient's exposure to a student with a facial rash and fever a week before her symptoms is consistent with the incubation period of Parvovirus B19, which is typically 4-14 days. - A. Adenovirus (Incorrect): - Rash: Adenovirus can cause a variety of symptoms, including respiratory infections, conjunctivitis, and gastroenteritis, but it is not typically associated with a characteristic rash like the one described. - Arthralgia: Adenovirus is not commonly associated with joint pain, especially not in a pattern that affects the hands and is exacerbated by writing or typing. - B. Borrelia burgdorferi (Incorrect): - Rash: The rash associated with Lyme disease (caused by Borrelia burgdorferi) is typically a bull's-eye rash (erythema migrans), which is different from the rash described in this patient. - Arthralgia: While Lyme disease can cause joint pain, it usually affects larger joints like the knees, and the rash and joint symptoms often occur in a different pattern and timeline. - C. Coxsackievirus (Incorrect): - Rash: Coxsackievirus can cause hand, foot, and mouth disease, which typically presents with vesicular lesions on the hands, feet, and mouth, not a rash on the chest and arms. - Arthralgia: Coxsackievirus is not commonly associated with joint pain, especially not in the pattern described. - D. Ehrlichia chaffeensis (Incorrect): - Rash: Ehrlichiosis, caused by Ehrlichia chaffeensis, can cause a rash, but it is often a generalized maculopapular rash and is more commonly associated with fever, headache, and myalgia. - Arthralgia: While joint pain can occur in ehrlichiosis, it is not a prominent feature, and the clinical presentation is typically more severe with systemic symptoms. Given the patient's symptoms, the history of exposure, and the characteristic rash and joint pain, Parvovirus B19 is the most likely cause of her symptoms.",0.0,0.0195,0.1467,0.0562,0.0235,0.0468,0.0468,0.4149,0.5507,0.6747
"A 34-year-old woman comes to the office because of a 1-month history of worsening right upper quadrant abdominal pain and discomfort. She describes the pain as a dull ache and says it is not affected by eating or defecating. She has not had nausea or changes in appetite or bowel habits. She feels the pain constantly while she is awake, but it rarely keeps her from sleeping. Acetaminophen provides occasional relief. She has been otherwise healthy. Medical history is unremarkable and her only other medication is an oral contraceptive. Vital signs are normal. Abdominal examination discloses hepatomegaly but no palpable masses or evidence of cirrhosis. Results of liver function tests and serum α-fetoprotein concentration are within the reference ranges. Serologic studies for hepatitis B and C are negative. Ultrasonography of the abdomen shows a 4×4-cm mass in the right lobe of the liver. Which of the following is the most likely diagnosis?",Which of the following is the most likely diagnosis?,"
A. Hepatic adenoma 
B. Hepatocellular cancer 
C. Hydatid cyst 
D. Metastatic ovarian cancer
",A,A,True,"- A. Hepatic adenoma: This is the most likely diagnosis given the patient's age, the presence of a single, well-defined liver mass, and the use of oral contraceptives. Hepatic adenomas are benign liver tumors that are more common in women, especially those using oral contraceptives. They typically present as solitary, well-circumscribed masses and can cause right upper quadrant pain. The absence of liver function abnormalities and negative serologic tests for hepatitis B and C further support this diagnosis. - B. Hepatocellular cancer (HCC): While HCC is a serious consideration in any patient with a liver mass, it is less likely in this case. HCC is more common in patients with chronic liver disease, such as cirrhosis or chronic hepatitis B or C infection. The patient's normal liver function tests, negative serologic studies, and lack of cirrhosis on examination make HCC less likely. - C. Hydatid cyst: A hydatid cyst is a parasitic infection caused by the larval stage of the Echinococcus granulosus tapeworm. While it can present as a liver mass, it is less common in the absence of known exposure to the parasite. Hydatid cysts are typically associated with a history of travel to endemic areas or contact with infected animals. The patient's unremarkable medical history and lack of specific risk factors make this diagnosis less likely. - D. Metastatic ovarian cancer: Metastatic ovarian cancer can present with liver masses, but it is less likely in this case. The patient's age and the absence of other symptoms or signs of ovarian cancer (such as pelvic pain, bloating, or abnormal vaginal bleeding) make this diagnosis less probable. Additionally, the solitary nature of the liver mass and the lack of other systemic symptoms or signs of advanced cancer (such as weight loss or fatigue) further reduce the likelihood of metastatic ovarian cancer. Given the patient's history, clinical presentation, and imaging findings, hepatic adenoma is the most likely diagnosis. Further management may include monitoring the size of the mass, considering discontinuation of oral contraceptives, and possibly surgical intervention if the mass is large or symptomatic.",0.0051,0.0179,0.1307,0.0394,0.0283,0.0394,0.0394,0.4049,0.5593,0.6463
"A 12-year-old girl is brought to the emergency department by her mother because of a 1-week history of worsening swelling in her legs. The patient also noticed blood in her urine yesterday. The bleeding has not recurred. She had an upper respiratory tract infection and sore throat 1 week ago that caused her to miss several days of school. Medical history is otherwise unremarkable and she takes no routine medications. Menarche has not yet occurred. BMI is 20 kg/m². Vital signs are temperature 37.0°C (98.6°F), pulse 78/min, respirations 12/min, and blood pressure 136/84 mm Hg. Pulse oximetry on room air shows an oxygen saturation of 100%. Physical examination discloses erythema of the posterior pharynx, mild cervical lymphadenopathy, and 3+ pitting edema to both knees. Results of urinalysis are shown: Protein: 150 mg/dL Blood: Positive Leukocyte esterase: Positive Nitrite: Negative WBCs: 5−10/hpf RBCs: 10−25/hpf Casts:1−2/lpf Results of which of the following laboratory studies are most likely to be abnormal in this patient?",Results of urinalysis are shown: Protein: 150 mg/dL Blood: Positive Leukocyte esterase: Positive Nitrite: Negative WBCs: 5−10/hpf RBCs: 10−25/hpf Casts:1−2/lpf Results of which of the following laboratory studies are most likely to be abnormal in this patient?,"
A. Bleeding time 
B. Erythrocyte count 
C. Serum concentration of C3 
D. Serum IgA concentration 
E. Serum rheumatoid factor assay
",C,C,True,"The clinical presentation and laboratory findings in this case are highly suggestive of post-streptococcal glomerulonephritis (PSGN), a type of glomerulonephritis that typically follows a streptococcal infection, such as a throat or skin infection. The key features of PSGN include: 1. Recent history of infection: The patient had an upper respiratory tract infection and sore throat 1 week ago, which is consistent with a preceding streptococcal infection. 2. Hematuria: The patient noticed blood in her urine, which is a hallmark of PSGN. 3. Proteinuria: The urinalysis shows protein in the urine (150 mg/dL), which is also characteristic of PSGN. 4. Edema: The patient has 3+ pitting edema to both knees, indicating fluid retention, which is common in PSGN due to decreased glomerular filtration. 5. Hypertension: The patient's blood pressure is elevated (136/84 mm Hg), which can occur in PSGN due to fluid retention and activation of the renin-angiotensin-aldosterone system. ### Laboratory Findings: - Serum concentration of C3 (Complement C3): In PSGN, the complement system is activated, leading to a decrease in the serum concentration of C3. This is a key diagnostic marker for PSGN. Therefore, the serum concentration of C3 is likely to be low in this patient. ### Other Options: - A. Bleeding time: Bleeding time is not typically affected in PSGN. This test measures the time it takes for small blood vessels to stop bleeding and is more relevant in conditions affecting platelet function or number. - B. Erythrocyte count: The erythrocyte count (red blood cell count) is not specifically affected in PSGN. While hematuria can cause a slight decrease in red blood cells, it is not a primary diagnostic marker for PSGN. - D. Serum IgA concentration: While IgA nephropathy can present with similar symptoms, the history of a recent streptococcal infection and the presence of hematuria and proteinuria are more consistent with PSGN. IgA nephropathy is typically associated with recurrent hematuria and is not usually preceded by a streptococcal infection. - E. Serum rheumatoid factor assay: Rheumatoid factor is not typically elevated in PSGN. This test is more relevant in diagnosing rheumatoid arthritis and other autoimmune conditions. Therefore, the most likely abnormal laboratory finding in this patient is a decreased serum concentration of C3.",0.0023,0.0682,0.2415,0.1217,0.0391,0.0876,0.0876,0.4724,0.4698,0.567
"A 45-year-old woman comes to the office because she has noticed during the past several months that her fingernails have become white, increasingly brittle, and seem to lift off her nail beds easily. During this time, she also has had episodes of feeling warm and perspiring. Medical history is remarkable for intravenous drug use 25 years ago. The patient takes only a multivitamin. Last menstrual period was 3 weeks ago. She appears thin and mildly anxious. She is 170 cm (5 ft 7 in) tall and weighs 48.5 kg (107 lb); BMI is 17 kg/m² . Vital signs are temperature 37.0°C (98.6°F), pulse 106/min, respirations 20/min, and blood pressure 136/92 mm Hg. Physical examination of the hands shows a white discoloration of the nail beds. The remainder of the examination shows no abnormalities. Which of the following is the most likely diagnosis?",Which of the following is the most likely diagnosis?,"
A. Chronic obstructive pulmonary disease 
B. Diabetes mellitus 
C. Endocarditis 
D. Hyperthyroidism 
E. Perimenopause
",D,D,True,"The patient's symptoms and physical findings are most consistent with hyperthyroidism. Here's a detailed explanation of why each option is correct or incorrect: D. Hyperthyroidism (Correct) - Symptoms and Signs: - Brittle and lifting nails (onycholysis): This is a common finding in hyperthyroidism. - Increased sweating and feeling warm: These are classic symptoms of hyperthyroidism due to increased metabolic rate. - Tachycardia (pulse 106/min): An elevated heart rate is a common sign of hyperthyroidism. - Weight loss despite normal or increased appetite: The patient is thin and has a low BMI, which can be seen in hyperthyroidism. - Mild anxiety: Anxiety and irritability are common in hyperthyroid patients. - Physical Examination: - White discoloration of the nail beds: This can be associated with hyperthyroidism, although it is not specific. A. Chronic Obstructive Pulmonary Disease (COPD) (Incorrect) - Symptoms and Signs: - COPD typically presents with chronic cough, sputum production, and shortness of breath, none of which are mentioned in the patient's history. - The physical examination does not show any respiratory distress or signs of chronic lung disease. - Nail Changes: - COPD can cause clubbing of the nails, but not the white discoloration and onycholysis described. B. Diabetes Mellitus (Incorrect) - Symptoms and Signs: - Diabetes can cause polyuria, polydipsia, and weight loss, but the patient does not report these symptoms. - The patient's nail changes are not typical of diabetes, which can cause peripheral neuropathy and poor wound healing but not the specific nail changes described. - Physical Examination: - There are no signs of diabetic complications such as skin infections or neuropathy. C. Endocarditis (Incorrect) - Symptoms and Signs: - Endocarditis typically presents with fever, malaise, and signs of infection such as heart murmurs. - The patient does not have a fever, and there are no signs of infection or heart murmurs on examination. - Nail Changes: - Endocarditis can cause splinter hemorrhages under the nails, but not the white discoloration and onycholysis described. E. Perimenopause (Incorrect) - Symptoms and Signs: - Perimenopause can cause hot flashes, mood changes, and irregular menstrual cycles, which the patient may be experiencing. - However, the nail changes and tachycardia are not typical of perimenopause. - Physical Examination: - The patient's nail changes and low BMI are more consistent with hyperthyroidism than perimenopause. Given the patient's history and physical findings, hyperthyroidism is the most likely diagnosis. Further testing, such as a thyroid function test (TFT), would be necessary to confirm the diagnosis.",0.0041,0.0141,0.0998,0.0401,0.0252,0.0401,0.0401,0.3816,0.5389,0.652
"A 48-year-old man comes to the clinic because of a 10-year history of recurrent, intrusive thoughts that his house will be broken into and damaged by criminals or accidentally destroyed by a fire when he is not home. These thoughts have worsened during the past 2 months. He reports now spending 4 hours daily checking that the doors and windows are closed and locked and that the stove and oven are turned off; he previously spent 2 hours daily doing these tasks. He says he cannot keep a job or leave the house very much because of the amount of time he spends checking these things. He has no other history of serious illness and takes no medications. Physical examination shows no abnormalities. On mental status examination, he has an anxious mood and a sad affect. He is fully oriented. He is not having hallucinations or delusions. The most effective pharmacotherapy for this patient is an agent that targets which of the following neurotransmitters?",The most effective pharmacotherapy for this patient is an agent that targets which of the following neurotransmitters?,"
A. γ-Aminobutyric acid 
B. Dopamine 
C. Glutamate 
D. Norepinephrine 
E. Serotonin
",E,E,True,"The patient's symptoms are indicative of Obsessive-Compulsive Disorder (OCD), a condition characterized by recurrent, intrusive thoughts (obsessions) and repetitive behaviors or mental acts (compulsions) that the individual feels driven to perform in response to an obsession or according to rules that must be applied rigidly. The patient's specific symptoms of recurrent thoughts about his house being broken into or damaged, and the time-consuming checking behaviors, are classic manifestations of OCD. Serotonin (Option E): - Correct: Serotonin is the primary neurotransmitter targeted in the pharmacotherapy of OCD. Selective Serotonin Reuptake Inhibitors (SSRIs) are the first-line treatment for OCD. These medications increase the levels of serotonin in the brain by blocking its reuptake into the presynaptic neuron, which is thought to help reduce the frequency and intensity of obsessions and compulsions. SSRIs such as fluoxetine, sertraline, and fluvoxamine have been shown to be effective in treating OCD. γ-Aminobutyric acid (GABA) (Option A): - Incorrect: GABA is an inhibitory neurotransmitter that plays a role in reducing neuronal excitability throughout the nervous system. While GABAergic agents can be used in the treatment of anxiety disorders, they are not the primary treatment for OCD. GABA does not have a direct role in the pathophysiology of OCD, and GABAergic agents are not typically used as first-line treatments for this condition. Dopamine (Option B): - Incorrect: Dopamine is a neurotransmitter involved in reward, motivation, and movement. While it plays a role in some psychiatric conditions, such as schizophrenia and Parkinson's disease, it is not the primary target in the treatment of OCD. Dopaminergic agents are not typically used to treat OCD, and there is limited evidence to support their efficacy in this condition. Glutamate (Option C): - Incorrect: Glutamate is an excitatory neurotransmitter that plays a role in learning and memory. While there is some research suggesting that glutamate may be involved in the pathophysiology of OCD, glutamate-targeting agents are not the primary treatment for OCD. The evidence for the use of glutamate-modulating agents in OCD is still emerging and not as well-established as the use of SSRIs. Norepinephrine (Option D): - Incorrect: Norepinephrine is a neurotransmitter involved in the fight-or-flight response and is also a key player in the regulation of mood and attention. While norepinephrine-targeting agents, such as tricyclic antidepressants (TCAs) that affect both serotonin and norepinephrine, can be used in the treatment of OCD, they are not the first-line treatment. SSRIs, which primarily target serotonin, are more commonly used and have a stronger evidence base for treating OCD. In summary, the most effective pharmacotherapy for this patient with OCD is an agent that targets serotonin, such as an SSRI.",0.0099,0.0295,0.2269,0.0651,0.0436,0.0521,0.0521,0.4861,0.5759,0.7736
"Researchers from a large neurology center are conducting a study to examine the relationship between stress levels and fibromyalgia-related pain. Two hundred patients with fibromyalgia are randomly selected from the center for participation in the study. During recruitment, a baseline interview is conducted with each participant to obtain sociodemographic and personality data. Participants are given a study-provided portable digital device and asked to maintain a daily schedule of their fibromyalgia pain and stress levels for 30 days using two well-validated and reliable self-reporting scales. Results show a positive and statistically significant relationship between stress levels and fibromyalgia-related pain (P<.05). Similarly, statistically significant relationships were found between Type A personality participants and increased stress levels (P<.01), as well as increased levels of fibromyalgia-related pain (P<.005). Which of the following is the most appropriate method to control for the potential confounding effect of patients with a Type A personality?",Which of the following is the most appropriate method to control for the potential confounding effect of patients with a Type A personality?,"
A. Matching 
B. Post hoc analysis 
C. Randomization 
D. Standardization 
E. Stratification
",E,E,True,"In the context of the study examining the relationship between stress levels and fibromyalgia-related pain, controlling for the potential confounding effect of patients with a Type A personality is crucial to ensure that the observed relationship is not biased by this variable. Here's a detailed explanation of why each option is correct or incorrect: A. Matching: Matching involves pairing participants based on specific characteristics (e.g., Type A personality) to ensure that the groups being compared are similar in these characteristics. While matching can be effective, it is often complex and may not be feasible in large studies with multiple variables. Additionally, matching can reduce the sample size, which may affect the statistical power of the study. B. Post hoc analysis: Post hoc analysis involves conducting additional statistical tests after the initial analysis to explore specific subgroups or interactions. While post hoc analysis can provide insights, it is not a primary method for controlling confounding variables. It is more exploratory and can increase the risk of Type I errors (false positives) if not properly adjusted. C. Randomization: Randomization is a powerful method to control for confounding variables by ensuring that each participant has an equal chance of being assigned to any group. However, in this study, the participants are already selected and the data collection is ongoing. Randomization is typically used in the design phase of a study, not as a method to control for confounding after data collection. D. Standardization: Standardization involves adjusting the data to account for differences in the distribution of confounding variables. This method can be useful, but it is more commonly used in epidemiological studies to compare rates or outcomes across different populations. It may not be the most appropriate method for controlling a specific confounding variable within a single study. E. Stratification: Stratification involves dividing the study population into subgroups (strata) based on the confounding variable (Type A personality) and then analyzing the relationship of interest within each subgroup. This method allows for a direct comparison of the relationship between stress levels and fibromyalgia-related pain within each stratum, thereby controlling for the confounding effect of Type A personality. Stratification is a straightforward and effective method for addressing confounding in this context. Therefore, the most appropriate method to control for the potential confounding effect of patients with a Type A personality is stratification.",0.0345,0.0479,0.3512,0.1063,0.0874,0.1063,0.1063,0.4983,0.6041,0.8396
"A 12-year-old boy with sickle cell disease and type 1 diabetes mellitus is brought to the office by his mother for an initial visit. The family recently moved to the area. Type 1 diabetes mellitus was diagnosed in the patient 6 years ago. Since that time, he has been treated with insulin and dietary management. His insulin regimen has not changed during the past year; however, his mother says he has been only marginally compliant with his insulin and dietary regimens. His diabetic diary shows home fingerstick blood glucose concentrations ranging from 140–200 mg/dL during the past 3 months. He admits to checking his glucose concentrations infrequently. Measurement of hemoglobin A1c obtained last week was 5.4%. The patient's vital signs are temperature 36.8°C (98.2°F), pulse 72/min, respirations 24/min, and blood pressure 110/64 mm Hg. Physical examination shows no abnormalities. Which of the following is the most likely explanation for the discrepancy between the patient's home fingerstick blood glucose concentrations and his hemoglobin A1c?",Which of the following is the most likely explanation for the discrepancy between the patient's home fingerstick blood glucose concentrations and his hemoglobin A1c?,"
A. He has iron deficiency anemia 
B. His daily glucose control is better than recorded 
C. His glucometer is reading falsely high and should be replaced 
D. His hemoglobin A1c is likely a result of laboratory error and should be repeated 
E. His sickle cell disease is affecting his hemoglobin A1c
",E,E,True,"E. His sickle cell disease is affecting his hemoglobin A1c: This is the correct answer. Hemoglobin A1c (HbA1c) is a measure of the average blood glucose level over the past 2 to 3 months. It is based on the amount of glucose that attaches to the hemoglobin in red blood cells. In patients with sickle cell disease, the presence of abnormal hemoglobin (such as hemoglobin S) can interfere with the measurement of HbA1c, leading to inaccuracies. Some HbA1c assays may not accurately reflect the true average blood glucose levels in patients with sickle cell disease, as the abnormal hemoglobin can either falsely elevate or lower the HbA1c reading. In this case, the patient's HbA1c of 5.4% is lower than expected given his reported home glucose readings, suggesting that the sickle cell disease may be affecting the HbA1c measurement. A. He has iron deficiency anemia: This is incorrect. Iron deficiency anemia can affect the production of hemoglobin, but it does not typically cause a discrepancy between home glucose readings and HbA1c. Moreover, there is no evidence in the patient's history or physical examination to suggest iron deficiency anemia. B. His daily glucose control is better than recorded: This is incorrect. The patient's home glucose readings are consistently in the range of 140-200 mg/dL, which is higher than the target range for good glucose control. The HbA1c of 5.4% suggests an average blood glucose level of around 117 mg/dL, which is much lower than his reported home readings. This discrepancy is more likely due to the effect of sickle cell disease on the HbA1c measurement rather than better daily glucose control. C. His glucometer is reading falsely high and should be replaced: This is incorrect. While it is possible for a glucometer to be inaccurate, the patient's consistent readings over a period of 3 months suggest that the glucometer is likely functioning correctly. Additionally, the HbA1c, which is a measure of long-term glucose control, is lower than expected, which would not be consistent with a glucometer that is reading falsely high. D. His hemoglobin A1c is likely a result of laboratory error and should be repeated: This is incorrect. While laboratory errors can occur, the more likely explanation for the discrepancy is the effect of sickle cell disease on the HbA1c measurement. Repeating the HbA1c test might not resolve the discrepancy if the underlying issue is the interference from sickle cell hemoglobin. However, it could be considered to rule out a laboratory error, but the primary issue is the effect of sickle cell disease on the HbA1c measurement.",0.0041,0.0392,0.2089,0.0911,0.0566,0.0738,0.0738,0.4743,0.5968,0.6714
"A 35-year-old man, who has been your patient for the past year, comes to the office to request that a copy of his medical records be sent to another physician in town. The patient has an overdue account balance of $750, which he has not paid for several months. He signs an office form authorizing release of health information and provides the name and address of the other physician to whom he would like the records sent. It is most appropriate to inform this patient of which of the following regarding his request for release of his medical records?",It is most appropriate to inform this patient of which of the following regarding his request for release of his medical records?,"
A. They will be released to his new physician promptly 
B. They will be released when he makes a payment on his account 
C. They will be released when he pays his balance in full 
D. They will be released when his new physician contacts your office and requests them
",A,A,True,"A. They will be released to his new physician promptly - This is the correct answer. Under the Health Insurance Portability and Accountability Act (HIPAA) in the United States, patients have the right to access their medical records and to request that these records be sent to another healthcare provider. Healthcare providers are required to comply with such requests in a timely manner, typically within 30 days, unless an extension is necessary. The patient's financial status does not affect their right to access their medical records or to have them transferred to another provider. B. They will be released when he makes a payment on his account - This is incorrect. A healthcare provider cannot withhold medical records or the release of medical records due to an outstanding balance. This would be a violation of the patient's rights under HIPAA. The provider can, however, continue to pursue the outstanding balance through other means, such as billing or collections processes. C. They will be released when he pays his balance in full - This is also incorrect for the same reasons as option B. Withholding medical records until a balance is paid in full is not compliant with HIPAA regulations and can be considered unethical. It can also potentially harm the patient's health if they are unable to receive necessary care due to lack of access to their medical information. D. They will be released when his new physician contacts your office and requests them - This is incorrect. While it is common practice for the receiving physician to request the records, the patient's authorization is sufficient to initiate the transfer of records. The patient has already provided the necessary authorization and the name and address of the new physician, so the records should be sent without waiting for the new physician to make a formal request.",0.0,0.0449,0.1746,0.0976,0.0245,0.0671,0.0671,0.4882,0.5602,0.6349
"A 47-year-old man is admitted to the intensive care unit because of lower gastrointestinal bleeding. He has a history of alcohol-induced cirrhosis. Physical examination shows marked ascites and splenomegaly; the spleen tip is palpated 4 cm below the left costal margin. Results of laboratory studies are shown: Serum Blood Creatinine 1.5 mg/dL Hematocrit 29% Hemoglobin 9.7 g/dL Platelet count 105,000/mm³ PT 25 seconds INR 2.5 Which of the following mechanisms most increases this patient’s risk for bleeding?",5 Which of the following mechanisms most increases this patient’s risk for bleeding?,"
A. Decreased production of factor VII 
B. Defective platelet aggregation 
C. Deficiency of thrombopoietin 
D. Inhibition of vitamin K epoxide reductase 
E. Splenic sequestration
",A,A,True,"The patient's history of alcohol-induced cirrhosis and the laboratory findings (elevated INR, low platelet count, and anemia) suggest a liver dysfunction that is contributing to his bleeding risk. The liver is the primary site of production for most coagulation factors, including factor VII. In cirrhosis, the liver's ability to synthesize these factors is impaired, leading to a coagulopathy. - A. Decreased production of factor VII: This is the correct answer. Factor VII is a vitamin K-dependent coagulation factor that plays a crucial role in the initiation of the coagulation cascade. In liver disease, the synthesis of factor VII is reduced, leading to a prolonged prothrombin time (PT) and an elevated international normalized ratio (INR), as seen in this patient. - B. Defective platelet aggregation: While platelet function can be affected in liver disease, the primary issue in this patient is likely the reduced production of coagulation factors. The platelet count is low (105,000/mm³), which can contribute to bleeding, but the primary mechanism of increased bleeding risk is the coagulopathy due to liver dysfunction. - C. Deficiency of thrombopoietin: Thrombopoietin is a hormone that stimulates platelet production. While a deficiency could contribute to thrombocytopenia, the primary issue in this patient is the coagulopathy due to reduced production of coagulation factors. Thrombopoietin deficiency is not a common cause of bleeding in cirrhosis. - D. Inhibition of vitamin K epoxide reductase: This is a mechanism by which warfarin and other vitamin K antagonists work to prevent the recycling of vitamin K, leading to a deficiency in vitamin K-dependent coagulation factors. However, in cirrhosis, the primary issue is the reduced production of these factors, not the inhibition of their recycling. While vitamin K deficiency can occur in cirrhosis, it is secondary to the liver's inability to produce the factors. - E. Splenic sequestration: Splenomegaly and splenic sequestration can contribute to thrombocytopenia, but the primary mechanism of increased bleeding risk in this patient is the coagulopathy due to reduced production of coagulation factors. Splenic sequestration can exacerbate the thrombocytopenia but is not the primary cause of the prolonged PT and elevated INR. Therefore, the most significant mechanism increasing this patient's risk for bleeding is the decreased production of factor VII due to liver dysfunction.",0.0,0.0165,0.18,0.0517,0.0312,0.0517,0.0517,0.4121,0.5878,0.7274
"A 57-year-old woman comes to the office for a preoperative evaluation 2 weeks before undergoing scheduled laparoscopic cholecystectomy. Medical history is otherwise unremarkable and the patient takes no medications. Family history is significant for stable angina in her father and rheumatoid arthritis in her mother. The patient has a 102-year-old grandmother who resides in a nursing care facility and has Parkinson disease. The patient does not smoke cigarettes or drink alcoholic beverages. During the interview, her face is expressionless. She has a flexed posture and is unable to open her mouth wide. She is 173 cm (5 ft 8 in) tall and weighs 81 kg (179 lb); BMI is 27 kg/m2. Vital signs are normal. Physical examination discloses thickening and hardening of the skin over the dorsum of the hands and forearms, as well as mild kyphosis. Strength testing shows no abnormalities; muscle tension is normal. Passive and active range of motion of the upper extremities is full. Gait is slow and deliberate. The remainder of the physical examination discloses no abnormalities. Prior to surgery, further evaluation is indicated for which of the following conditions in this patient?","Prior to surgery, further evaluation is indicated for which of the following conditions in this patient?","
A. Osteitis deformans (Paget disease) 
B. Parkinson disease 
C. Progressive supranuclear palsy 
D. Sarcopenia 
E. Systemic sclerosis (scleroderma)
",E,E,True,"The patient's presentation, particularly the thickening and hardening of the skin over the dorsum of the hands and forearms, along with a flexed posture and an expressionless face, strongly suggests systemic sclerosis (scleroderma). Systemic sclerosis is a chronic autoimmune disorder characterized by fibrosis, vascular alterations, and autoantibodies. The skin changes, which can affect the face, hands, and other parts of the body, are a hallmark of the disease. The patient's inability to open her mouth wide (trismus) and the presence of a flexed posture are also consistent with scleroderma, as these can result from skin and connective tissue involvement. Let's review why the other options are incorrect: A. Osteitis deformans (Paget disease): This condition is characterized by abnormal bone remodeling, leading to deformities and pain, but it does not typically present with skin thickening or the specific musculoskeletal findings seen in this patient. B. Parkinson disease: While the patient's grandmother has Parkinson disease, the patient herself does not exhibit the classic signs of Parkinson's, such as tremor, bradykinesia, rigidity, and postural instability. The expressionless face and slow, deliberate gait could be suggestive, but the skin changes and other musculoskeletal findings are more indicative of scleroderma. C. Progressive supranuclear palsy (PSP): PSP is a neurodegenerative disorder that can cause parkinsonian symptoms, but it typically presents with more severe gait disturbances, falls, and vertical gaze palsy. The skin changes and musculoskeletal findings in this patient are not characteristic of PSP. D. Sarcopenia: Sarcopenia is the age-related loss of muscle mass and strength. While the patient is 57 years old, the primary findings in this case are skin thickening and musculoskeletal changes, which are not typical of sarcopenia. Additionally, the patient's muscle strength and tension are normal, which is inconsistent with sarcopenia. Given the patient's symptoms and physical examination findings, further evaluation for systemic sclerosis (scleroderma) is indicated. This may include serologic testing for autoantibodies (such as anti-nuclear antibodies, anti-centromere antibodies, and anti-topoisomerase I antibodies), as well as imaging and other assessments to evaluate the extent of the disease and its potential impact on the patient's surgical risk.",0.0,0.0317,0.1757,0.0643,0.027,0.0483,0.0483,0.4619,0.5488,0.674
"A 32-year-old man comes to the office because of a 10-day history of a red rash that has spread over his entire torso. He says the rash is not itchy or painful. He reports having a flu-like illness nearly 5 weeks ago, with associated headache, neck stiffness, muffled hearing, and a canker sore on his tongue. All of these symptoms have resolved without treatment. Additional medical history is unremarkable and he takes no medications. BMI is 18 kg/m². Vital signs are normal. Specific additional history should be obtained to determine whether which of the following has occurred during the past 6 months?",Specific additional history should be obtained to determine whether which of the following has occurred during the past 6 months?,"
A. Blood transfusions 
B. Exposure to toxic chemicals 
C. International travel 
D. Tobacco use 
E. Unprotected sexual intercourse
",E,E,True,"The patient's presentation, including a widespread rash, a history of a flu-like illness with associated symptoms such as headache, neck stiffness, muffled hearing, and a canker sore, suggests a possible diagnosis of secondary syphilis. Secondary syphilis is a stage of syphilis that occurs weeks to months after the initial infection and is characterized by a widespread rash, often not itchy or painful, and can be accompanied by systemic symptoms like those described. - A. Blood transfusions: While blood transfusions can transmit certain infections, syphilis is not typically one of them due to screening practices. The history of a flu-like illness and the specific symptoms are more indicative of a sexually transmitted infection (STI) like syphilis. - B. Exposure to toxic chemicals: Exposure to toxic chemicals is unlikely to cause the combination of symptoms described, including the rash and the preceding flu-like illness. This option does not fit the clinical picture. - C. International travel: While travel can increase the risk of certain infections, the specific symptoms and the timeline (5 weeks since the flu-like illness) are more consistent with a sexually transmitted infection. Travel history is important but not the most relevant in this context. - D. Tobacco use: Tobacco use is not directly related to the symptoms described. While it can affect overall health, it does not explain the rash or the preceding flu-like illness. - E. Unprotected sexual intercourse: This is the most relevant history to obtain. Unprotected sexual intercourse is a significant risk factor for syphilis, and the patient's symptoms are highly suggestive of secondary syphilis. Confirming this history would be crucial for making an accurate diagnosis and initiating appropriate treatment. Given the clinical presentation, the most appropriate next step is to obtain a detailed sexual history, including any unprotected sexual intercourse, to assess the risk of syphilis and other sexually transmitted infections.",0.0,0.02,0.1115,0.0488,0.0,0.0366,0.0366,0.4376,0.5078,0.5851
"The nurse at a local elementary school contacts you about 12 children he has seen in the past 2 weeks. All of the children had similar symptoms of nasal congestion, sneezing, nonproductive coughing, and eye irritation. None of the children had fevers. Several teachers and support staff have reported having the same symptoms. No similar outbreaks have been reported in the community. There was a fire in the school several weeks ago with significant smoke and water damage to classrooms, the cafeteria, and the school ventilation system. Repairs were quickly made and classes resumed. The most likely cause for the students' and teachers' symptoms is exposure to which of the following?",The most likely cause for the students' and teachers' symptoms is exposure to which of the following?,"
A. Asbestos 
B. Legionella pneumophila 
C. Mold spores 
D. Mycoplasma pneumoniae 
E. Respiratory syncytial virus
",C,C,True,"The scenario described involves a recent fire that caused significant smoke and water damage to the school, including the ventilation system. The symptoms reported by the children and staff—nasal congestion, sneezing, nonproductive coughing, and eye irritation—are consistent with allergic reactions or irritant responses to mold spores, which can thrive in environments with water damage and poor ventilation. - Option A: Asbestos - Asbestos exposure can cause respiratory issues, but the symptoms are typically more severe and chronic, often including coughing, shortness of breath, and chest pain. Asbestos-related illnesses usually take years to develop and are not typically associated with the rapid onset of symptoms seen in this case. - Option B: Legionella pneumophila - Legionella pneumophila is the bacterium that causes Legionnaires' disease, which is a form of pneumonia. Symptoms of Legionnaires' disease include high fever, chills, cough, muscle aches, and sometimes gastrointestinal symptoms. The absence of fever and the nonproductive cough in the described cases make Legionella an unlikely cause. - Option C: Mold spores - Mold spores are a common allergen and irritant, especially in environments with water damage and poor ventilation. Exposure to mold can cause a range of symptoms, including nasal congestion, sneezing, coughing, and eye irritation, which match the symptoms reported by the children and staff. The recent fire and subsequent water damage provide a plausible source for mold growth. - Option D: Mycoplasma pneumoniae - Mycoplasma pneumoniae is a bacterium that can cause atypical pneumonia, often referred to as ""walking pneumonia."" Symptoms include a persistent cough, fever, and sometimes a sore throat. While Mycoplasma can cause respiratory symptoms, the absence of fever and the rapid onset of symptoms in multiple individuals suggest a non-infectious cause. - Option E: Respiratory syncytial virus (RSV) - RSV is a common respiratory virus that can cause cold-like symptoms, including coughing, sneezing, and a runny nose. However, RSV often causes more severe symptoms in young children, such as wheezing and difficulty breathing, and is more likely to be associated with fever. The absence of fever and the community-wide nature of the symptoms make RSV less likely in this scenario. Given the context of the recent fire, water damage, and the specific symptoms reported, mold spores are the most likely cause of the students' and teachers' symptoms.",0.0046,0.0367,0.2767,0.0821,0.0464,0.0564,0.0564,0.4766,0.5766,0.7315
"A 20-year-old man comes to the office at the request of his family for an examination 1 day after a motor vehicle accident for which he was at fault. The patient was arrested for the third time after police discovered he had been driving under the influence of alcohol. He has been your patient since early adolescence, and he has a history of truancy, shoplifting, and two attempts to run away from home. He dropped out of high school in his senior year. He was fired from his most recent job because he threatened a coworker with a hammer. He has been unemployed for the past 8 months, and as a result he has many unpaid debts. He seems unconcerned about his current difficulties and has no plans for seeking employment or paying his debts. Despite these facts, you find the patient charming and interactive, and he conveys a sincere intention to change his behavior. Which of the following is the most likely diagnosis?",Which of the following is the most likely diagnosis?,"
A. Antisocial personality disorder 
B. Borderline personality disorder 
C. Conduct disorder 
D. Narcissistic personality disorder 
E. Schizotypal personality disorder
",A,A,True,"A. Antisocial personality disorder (ASPD) is the most likely diagnosis based on the patient's history and behavior. ASPD is characterized by a pervasive pattern of disregard for, and violation of, the rights of others. The patient's history of truancy, shoplifting, running away from home, dropping out of high school, threatening a coworker, and driving under the influence (DUI) multiple times, all indicate a pattern of behavior that is consistent with ASPD. Additionally, his lack of concern about his current difficulties and his charming and interactive demeanor, despite his problematic behavior, are typical of individuals with ASPD. B. Borderline personality disorder (BPD) is characterized by instability in relationships, self-image, and affects, as well as marked impulsivity. While the patient does show some impulsive behavior, the core features of BPD, such as intense fear of abandonment, unstable relationships, and identity disturbance, are not prominent in this case. The patient's behavior is more aligned with a pattern of disregard for the rights of others, which is more characteristic of ASPD. C. Conduct disorder is a diagnosis typically given to children and adolescents who show a repetitive and persistent pattern of behavior in which the basic rights of others or major age-appropriate societal norms or rules are violated. While the patient's history includes behaviors that would have met the criteria for conduct disorder in his youth, the diagnosis of ASPD is more appropriate for adults who continue to exhibit these behaviors into adulthood. D. Narcissistic personality disorder (NPD) is characterized by a grandiose sense of self-importance, a need for excessive admiration, and a lack of empathy for others. While the patient may appear charming and unconcerned about his debts, the primary issue here is his disregard for the rights of others and his repeated illegal and harmful behaviors, which are more indicative of ASPD than NPD. E. Schizotypal personality disorder is characterized by a pattern of social and interpersonal deficits marked by acute discomfort with, and reduced capacity for, close relationships, as well as cognitive or perceptual distortions and eccentricities of behavior. The patient does not show signs of social withdrawal, perceptual distortions, or eccentric behavior, which are key features of schizotypal personality disorder. His behavior is more consistent with the pattern of disregard for the rights of others seen in ASPD.",0.0046,0.0161,0.1112,0.0406,0.0255,0.0254,0.0254,0.3949,0.5391,0.6433
"A 45-year-old man comes to the office for an initial appointment because he would like you to fill out and sign a legal document at the request of his attorney. The patient works as a limousine driver. He states that he is filing a lawsuit against the limousine company that employs him because he developed post-traumatic stress disorder following a motor vehicle collision. He appears irritable and tense as he provides his history. He relays his symptoms by reading them aloud from a written list. At this time, which of the following is the most appropriate approach toward confirming the underlying diagnosis of this patient?","At this time, which of the following is the most appropriate approach toward confirming the underlying diagnosis of this patient?","
A. Administer amobarbital and then interview the patient 
B. Ask the patient to provide a narrative with detailed description of the incident and of his symptoms 
C. Interview the patient under hypnosis 
D. Interview the patient while paying close attention to his willingness to make eye contact 
E. Tell the patient he is exhibiting behaviors that are suggestive of malingering and see how he responds
",B,B,True,"In the context of a patient presenting with a potential diagnosis of post-traumatic stress disorder (PTSD) and seeking a legal document for a lawsuit, the most appropriate approach is to gather a detailed and comprehensive history. This is crucial for both confirming the diagnosis and understanding the full context of the patient's symptoms and the incident that led to them. Option B: Ask the patient to provide a narrative with a detailed description of the incident and of his symptoms. - Correct: This approach allows the patient to provide a thorough account of the traumatic event and the subsequent symptoms, which is essential for diagnosing PTSD. It helps the clinician assess the presence of key PTSD symptoms such as re-experiencing the trauma, avoidance, negative alterations in cognition and mood, and hyperarousal. Additionally, it provides a natural and non-confrontational way to gather information. Option A: Administer amobarbital and then interview the patient. - Incorrect: Amobarbital, a barbiturate, is sometimes used in a technique called ""truth serum"" to facilitate recall in certain forensic settings. However, it is not a standard or ethical practice in clinical settings for diagnosing PTSD. It can also have significant side effects and is not appropriate for routine psychiatric evaluations. Option C: Interview the patient under hypnosis. - Incorrect: Hypnosis can be a useful tool in certain therapeutic settings, but it is not a standard method for diagnosing PTSD. It can sometimes lead to the creation of false memories or heightened suggestibility, which could complicate the diagnostic process. It is also not necessary for a routine evaluation. Option D: Interview the patient while paying close attention to his willingness to make eye contact. - Incorrect: While observing non-verbal cues like eye contact can provide some insight into a patient's emotional state, it is not a reliable or sufficient method for diagnosing PTSD. PTSD is a complex disorder that requires a detailed clinical history and symptom assessment. Focusing solely on eye contact could lead to misinterpretation and overlook important diagnostic information. Option E: Tell the patient he is exhibiting behaviors that are suggestive of malingering and see how he responds. - Incorrect: Accusing a patient of malingering (faking or exaggerating symptoms) without a thorough evaluation is unethical and can damage the therapeutic relationship. It can also lead to defensiveness and a lack of cooperation from the patient. A more appropriate approach is to gather detailed information and assess the consistency and context of the symptoms before making any judgments about malingering. In summary, the most appropriate and ethical approach is to ask the patient to provide a detailed narrative of the incident and his symptoms, which will help in confirming the diagnosis of PTSD and understanding the full context of his legal claim.",0.002,0.0276,0.1579,0.0632,0.0254,0.0547,0.0547,0.4608,0.5938,0.6649
"A 39-year-old woman comes to the office because of gradually increasing shortness of breath while doing her usual household activities. She also reports fatigue, a feeling of heaviness in her chest with exertion, trouble sleeping, and the very recent onset of a rapid heart beat and fluttering in her chest. She says, ""I was always sick as a child."" She does not smoke cigarettes, and she is not currently taking any medications other than occasional aspirin. Her father died of a myocardial infarction at age 55 years. She is married and has two teenaged children. She did have some shortness of breath at the end of her second pregnancy. Physical examination today shows a thin woman with an irregular pulse of 130/min. Thyroid gland is normal to palpation. There is a prominent diastolic rumble heard best over the apical area of her heart. Lungs are clear; there is no hepatomegaly or pretibial edema. Which of the following is the most helpful diagnostic study at this time?",Which of the following is the most helpful diagnostic study at this time?,"
A. Chest x-ray 
B. ECG 
C. Serum anti-streptolysin O titer 
D. Serum C-reactive protein concentration 
E. Serum thyroid-stimulating hormone (TSH) concentration
",B,B,True,"The patient's presentation, including symptoms of shortness of breath, fatigue, chest heaviness, and a recent onset of rapid heart beat and fluttering, along with a physical examination revealing an irregular pulse and a diastolic rumble, suggests a cardiac condition. The diastolic rumble heard over the apical area is particularly indicative of mitral stenosis, a condition often associated with rheumatic heart disease, which can result from untreated streptococcal infections in childhood. Option B: ECG (Correct) - An ECG is the most helpful diagnostic study at this time because it can provide immediate information about the electrical activity of the heart, including the presence of arrhythmias (such as atrial fibrillation, which is common in mitral stenosis) and other abnormalities that might be contributing to her symptoms. The ECG can also show signs of left atrial enlargement, which is another common finding in mitral stenosis. Option A: Chest x-ray (Incorrect) - While a chest x-ray can provide information about the size of the heart and the presence of pulmonary congestion, it is not as specific or immediate in diagnosing the underlying cardiac condition as an ECG. It is often used as a complementary test after an ECG. Option C: Serum anti-streptolysin O titer (Incorrect) - This test measures antibodies to streptococcal bacteria and can help confirm a history of rheumatic fever, which is a risk factor for mitral stenosis. However, it is not the first-line test for diagnosing the current cardiac condition. It is more useful in confirming a past history of rheumatic fever, which might support the diagnosis of mitral stenosis. Option D: Serum C-reactive protein concentration (Incorrect) - C-reactive protein (CRP) is a marker of inflammation and can be elevated in various conditions, including infections and inflammatory diseases. However, it is not specific to cardiac conditions and would not provide immediate diagnostic information about the patient's symptoms. Option E: Serum thyroid-stimulating hormone (TSH) concentration (Incorrect) - While thyroid disorders can cause symptoms similar to those of heart disease, such as palpitations and shortness of breath, the patient's history and physical examination do not strongly suggest a thyroid disorder. The presence of a diastolic rumble and an irregular pulse are more indicative of a cardiac condition, particularly mitral stenosis. Therefore, a TSH test is not the most helpful initial diagnostic study in this case. In summary, the ECG is the most appropriate initial diagnostic test to evaluate the patient's cardiac symptoms and to guide further management.",0.0131,0.0238,0.1098,0.0567,0.0428,0.052,0.052,0.4266,0.5758,0.6987
"A 10-year-old boy with a traumatic brain injury sustained during infancy is examined in the nursing care facility where he resides because he has had no urine output during the past 24 hours. During the past 4 days, he has had decreasing urine output, intermittent fever, rhinorrhea, and cough. As a result of his brain injury, the patient has severe developmental delay and a seizure disorder. He is fed orally, but he is nonverbal and nonambulatory. Medications are levetiracetam, docusate, and multivitamins. The patient is 131 cm (4 ft 2 in; 10th percentile) tall and weighs 26 kg (57 lb; 10th percentile). BMI is 14 kg/m² (10th percentile). Vital signs are temperature 38.8°C (101.8°F), pulse 80/min, respirations 25/min, and blood pressure 110/80 mm Hg. Pulse oximetry on room air shows an oxygen saturation of 95%. The patient appears thin. He is awake and is not in apparent distress. He is responsive to touch. Auscultation of the lungs discloses scattered coarse crackles and rhonchi but good air entry and normal work of breathing. Results of laboratory studies are shown: Serum Blood Urea nitrogen 78 mg/dL Creatinine 3.2 mg/dL Na+ 131 mEq/L K+ 5.6 mEq/L Cl− 88 mEq/L HCO³ −16 mEq/L Urine Specific gravity 1.030 (N=1.003–1.029) Creatinine 90 mg/dL Na+ 8 mEq/L Hematocrit 37% Hemoglobin 12.5 g/dL WBC 12,000/mm3 Neutrophils, segmented 60% Lymphocytes 40% Platelet count 250,000/mm3 Which of the following is the most likely cause of this patient's altered kidney function?","5 g/dL WBC 12,000/mm3 Neutrophils, segmented 60% Lymphocytes 40% Platelet count 250,000/mm3 Which of the following is the most likely cause of this patient's altered kidney function?","
A. Acute tubular necrosis 
B. Decreased intravascular volume 
C. Medication-related interstitial nephritis 
D. Neurogenic bladder 
E. Pyelonephritis
",B,A,False,"The patient's presentation, including a history of decreasing urine output culminating in anuria, fever, and respiratory symptoms, along with laboratory findings of elevated blood urea nitrogen (BUN) and creatinine, and metabolic acidosis, strongly suggests acute kidney injury (AKI). The most likely cause of AKI in this context is acute tubular necrosis (ATN). - Acute Tubular Necrosis (ATN) (A): ATN is a common cause of AKI, particularly in patients with systemic insults such as sepsis, hypoperfusion, or exposure to nephrotoxic agents. The patient's fever, respiratory symptoms, and recent decrease in urine output are consistent with a systemic inflammatory response, which can lead to hypoperfusion and subsequent ATN. The elevated BUN and creatinine, along with the metabolic acidosis (low HCO3-), are typical findings in ATN. The urine specific gravity of 1.030, which is high, suggests that the kidneys are still able to concentrate urine, but this can also occur in the early stages of ATN. - Decreased Intravascular Volume (B): While decreased intravascular volume (e.g., from dehydration) can cause prerenal azotemia, the patient's blood pressure is within normal limits (110/80 mm Hg), and there is no mention of significant fluid loss (e.g., vomiting, diarrhea). Additionally, the urine specific gravity is high, which is more consistent with ATN than prerenal azotemia, where the specific gravity is typically low due to the kidneys' inability to concentrate urine. - Medication-Related Interstitial Nephritis (C): Interstitial nephritis can be caused by certain medications, but the patient's current medications (levetiracetam, docusate, and multivitamins) are not typically associated with this condition. The clinical presentation of interstitial nephritis often includes symptoms such as rash, eosinophilia, and hematuria, which are not present in this patient. - Neurogenic Bladder (D): A neurogenic bladder can cause urinary retention and subsequent hydronephrosis, leading to renal dysfunction. However, the patient's history of decreasing urine output over several days, followed by anuria, is more consistent with a systemic process affecting the kidneys rather than a mechanical obstruction. Additionally, the laboratory findings of elevated BUN and creatinine, along with metabolic acidosis, are more characteristic of ATN. - Pyelonephritis (E): Pyelonephritis is an infection of the kidney, which can cause AKI. However, while the patient has fever and respiratory symptoms, the clinical picture is more consistent with a systemic inflammatory response leading to ATN. Pyelonephritis typically presents with flank pain, costovertebral angle tenderness, and pyuria, which are not mentioned in this case. In summary, the most likely cause of the patient's altered kidney function is acute tubular necrosis, given the clinical context and laboratory findings.",0.0058,0.0307,0.189,0.0702,0.0441,0.0658,0.0658,0.4355,0.5293,0.6069
"A 27-year-old man comes to the office with his wife because of a recent episode of loss of muscle control. He says, ""I was at a reception, someone told a joke, and when I laughed, my legs collapsed!"" His wife says that he recovered in a few seconds and he did not lose consciousness. He has a long history of sleepiness and he is able to go to sleep quickly. He usually awakens feeling refreshed after a short nap. He has no history of similar episodes or hallucinations. There is no family history of similar problems. Vital signs are normal. Physical examination shows no abnormalities. Which of the following is the most likely diagnosis?",Which of the following is the most likely diagnosis?,"
A. Narcolepsy 
B. Primary hypersomnia 
C. A seizure disorder 
D. Sleep paralysis 
E. Vasovagal syndrome
",A,A,True,"Narcolepsy is a chronic sleep disorder characterized by overwhelming daytime drowsiness and sudden attacks of sleep. The key features of narcolepsy include excessive daytime sleepiness (EDS), cataplexy, hypnagogic hallucinations, and sleep paralysis. In this case, the patient's symptoms strongly suggest narcolepsy: 1. Cataplexy: The patient describes a sudden loss of muscle control (cataplexy) triggered by laughter. Cataplexy is a hallmark of narcolepsy and is defined as a sudden, brief loss of muscle tone, often triggered by strong emotions such as laughter, anger, or surprise. The fact that the episode occurred during a social situation and was triggered by a joke is highly characteristic of cataplexy. 2. Excessive Daytime Sleepiness (EDS): The patient has a long history of sleepiness and the ability to fall asleep quickly, which is another key feature of narcolepsy. People with narcolepsy often experience EDS, which can be severe and interfere with daily activities. 3. Short Naps and Refreshment: The patient reports feeling refreshed after short naps, which is consistent with the typical pattern of narcolepsy. People with narcolepsy can have brief, refreshing naps that temporarily alleviate their sleepiness. 4. No Hallucinations or Sleep Paralysis: While these are common in narcolepsy, their absence does not rule out the diagnosis. Not all patients with narcolepsy experience these symptoms. Why the other options are incorrect: - B. Primary Hypersomnia: Primary hypersomnia is characterized by excessive daytime sleepiness without the presence of cataplexy. The patient's history of cataplexy makes primary hypersomnia less likely. - C. A Seizure Disorder: Seizures can cause loss of muscle control, but they are typically accompanied by altered consciousness, which the patient did not experience. Additionally, seizures are not typically triggered by laughter. - D. Sleep Paralysis: Sleep paralysis involves a temporary inability to move or speak upon falling asleep or waking up. While it can occur in narcolepsy, the patient's episode of muscle weakness during laughter is more consistent with cataplexy. - E. Vasovagal Syndrome: Vasovagal syncope involves a sudden drop in heart rate and blood pressure, leading to a brief loss of consciousness. The patient did not lose consciousness, and the episode was triggered by laughter, which is not typical for vasovagal syncope. Given the patient's symptoms, the most likely diagnosis is narcolepsy.",0.0023,0.0161,0.146,0.0423,0.016,0.0423,0.0423,0.3816,0.541,0.6812
A study is being conducted to assess mesothelioma in shipyard workers. A large shipyard firm has provided the asbestos exposure records of all employees during the past 50 years. The health insurer for the workers has provided claims data that documents all chest x-rays and diagnoses of mesothelioma among current workers and retirees. The study enrolled shipyard workers who were diagnosed with mesothelioma and shipyard workers who were not diagnosed with mesothelioma. All subjects in the study had to have chest x‐rays. Which of the following is the best rationale for selecting a comparison group that had chest x-rays?,Which of the following is the best rationale for selecting a comparison group that had chest x-rays?,"
A. Address confounding 
B. Demonstrate causality 
C. Minimize ascertainment bias 
D. Reduce recall bias
",C,C,True,"- C. Minimize ascertainment bias: This is the correct answer. Ascertainment bias occurs when the method of identifying cases and controls leads to a systematic difference in how the outcomes are determined. In this study, if the comparison group (controls) did not have chest x-rays, they might have undiagnosed mesothelioma, leading to an underestimation of the disease's prevalence in the control group. By ensuring that all subjects, both cases and controls, had chest x-rays, the study minimizes the risk of missing undiagnosed cases in the control group, thus reducing ascertainment bias. - A. Address confounding: This option is incorrect. Confounding occurs when a third variable (confounder) is associated with both the exposure and the outcome, leading to a distorted measure of association. While ensuring that all subjects had chest x-rays might help control for some confounders (e.g., access to healthcare), it is not the primary reason for requiring chest x-rays in both groups. The main goal is to ensure that the diagnosis of mesothelioma is consistent across both groups. - B. Demonstrate causality: This option is incorrect. Demonstrating causality involves showing a temporal relationship between exposure and outcome, ruling out alternative explanations, and often using additional criteria such as biological plausibility and consistency across studies. Requiring chest x-rays in both groups does not directly contribute to demonstrating causality. It is more about ensuring that the diagnosis is accurate and unbiased. - D. Reduce recall bias: This option is incorrect. Recall bias occurs when there is a difference in the accuracy or completeness of the information recalled by cases and controls. This is typically a concern in studies where participants are asked to remember past exposures or events. In this study, the exposure (asbestos) is documented in records, and the outcome (mesothelioma) is determined by chest x-rays. Therefore, recall bias is not a significant concern, and requiring chest x-rays does not address this type of bias.",0.0,0.0325,0.1497,0.0769,0.0357,0.0592,0.0592,0.4578,0.5652,0.6528
"An 88-year-old man with osteoarthritis is brought to the office by his daughter because of a 2-day history of severe low back pain and inability to walk. He says he has not fallen and does not recall any trauma to his back. Five years ago, he underwent bilateral hip replacement. His pain and mobility improved following the operation but have worsened during the past year. He now is most comfortable using a wheelchair for ambulation but is able to ambulate for short distances with a walker and assistance. One year ago, carcinoma of the prostate was diagnosed, but he declined therapy and said, ""I'm an old man. When my time comes, I want to die. Just keep me as comfortable as you can."" Vital signs today are temperature 36.6°C (97.9°F), pulse 88/min, respirations 16/min, and blood pressure 188/66 mm Hg. The patient is grimacing with pain and holding his lower back. Palpation discloses point tenderness over L3 through L4, and S1. X-rays of the lumbosacral spine show lytic lesions and compression fracture. The patient refuses additional diagnostic studies. The daughter fears that her father will be ""abandoned"" if he is not evaluated for additional treatment. Which of the following is the most appropriate next step in response to the daughter's concern?",Which of the following is the most appropriate next step in response to the daughter's concern?,"
A. Explain the daughter's concerns to the patient and persuasively present the advantages of further evaluation 
B. Explain to the daughter that no significant treatment will result from further testing and recommend having a home health nurse 
C. Obtain consultation with an oncologist to assess the patient's need for further testing 
D. Reassure the daughter and recommend hospice care consultation 
E. Reassure the daughter and recommend transfer of the patient to an assisted living facility
",D,D,True,"The patient is an 88-year-old man with a history of osteoarthritis, bilateral hip replacement, and prostate cancer, who is currently experiencing severe low back pain and an inability to walk due to a compression fracture and lytic lesions, which are concerning for metastatic disease. The patient has a clear preference for comfort care and has declined further treatment for his prostate cancer, indicating a palliative care approach. Option A: Explain the daughter's concerns to the patient and persuasively present the advantages of further evaluation - Incorrect: While it is important to address the daughter's concerns, the patient's autonomy and previously stated wishes should be respected. Persuading the patient to undergo further evaluation, especially when he has explicitly declined, would not align with his preferences and could cause unnecessary distress. Option B: Explain to the daughter that no significant treatment will result from further testing and recommend having a home health nurse - Partially Correct: This option acknowledges the patient's wishes and the limited utility of further testing. However, it does not fully address the daughter's concerns about potential abandonment and the need for comprehensive support. Option C: Obtain consultation with an oncologist to assess the patient's need for further testing - Incorrect: This option goes against the patient's expressed wishes to avoid further treatment and testing. It also does not address the daughter's concerns about abandonment and the need for supportive care. Option D: Reassure the daughter and recommend hospice care consultation - Correct: This is the most appropriate next step. Hospice care focuses on providing comfort and support to patients with a terminal illness, aligning with the patient's preference for comfort care. It also addresses the daughter's concerns by ensuring that the patient will receive comprehensive and compassionate care, including pain management and emotional support for both the patient and the family. Option E: Reassure the daughter and recommend transfer of the patient to an assisted living facility - Incorrect: While an assisted living facility can provide some level of care, it may not be equipped to manage the complex medical needs of a patient with advanced cancer and severe pain. Hospice care is more appropriate for patients with terminal illnesses who require specialized palliative care. In summary, the most appropriate next step is to reassure the daughter and recommend a hospice care consultation, which aligns with the patient's wishes and provides the necessary support for both the patient and the family.",0.0068,0.0248,0.1907,0.0654,0.0423,0.0654,0.0654,0.4577,0.5981,0.6887
"A 23-year-old man comes to the office because of a 7-day history of fever, crampy abdominal pain, and diarrhea. He says the abdominal pain worsens with oral intake. He has been having 8 to 10 episodes of diarrhea daily. He has not traveled recently and has had no sick contacts. Medical history is unremarkable and he takes no medications. He does not smoke cigarettes, drink alcoholic beverages, or use illicit drugs. He is not sexually active. Vital signs are temperature 38.3°C (101.0°F), pulse 118/min, respirations 18/min, and blood pressure 108/58 mm Hg. Bowel sounds are hyperactive. The abdomen is diffusely tender to palpation; no masses are palpated. Neither the liver edge nor the spleen can be palpated. Digital rectal examination shows grossly bloody stool. A stool culture is obtained, and empiric pharmacotherapy is initiated. Which of the following microorganisms is the most likely cause of this patient's condition?",Which of the following microorganisms is the most likely cause of this patient's condition?,"
A. Campylobacter jejuni 
B. Candida albicans 
C. Enterovirus 
D. Giardia lamblia
",A,A,True,"The patient's symptoms, including fever, crampy abdominal pain, and bloody diarrhea, are highly suggestive of an infectious gastroenteritis. The presence of bloody diarrhea (dysentery) and the absence of recent travel or sick contacts narrows down the potential causes. Let's evaluate each option: A. Campylobacter jejuni: - Correct: Campylobacter jejuni is a common cause of bacterial gastroenteritis, often presenting with fever, crampy abdominal pain, and bloody diarrhea. The symptoms typically develop 2-5 days after exposure and can last for several days to a week. The patient's symptoms and the presence of bloody stool are consistent with Campylobacter infection. B. Candida albicans: - Incorrect: Candida albicans is a yeast that can cause infections, but it typically affects mucous membranes and skin, leading to conditions like thrush or vaginal yeast infections. It is not a common cause of gastroenteritis or bloody diarrhea. C. Enterovirus: - Incorrect: Enteroviruses can cause a variety of infections, including gastroenteritis, but they typically present with non-bloody diarrhea, fever, and sometimes respiratory symptoms. Bloody diarrhea is not a common feature of enterovirus infections. D. Giardia lamblia: - Incorrect: Giardia lamblia is a protozoan parasite that can cause giardiasis, characterized by watery, greasy diarrhea, bloating, and abdominal cramps. While it can cause significant gastrointestinal distress, it does not typically cause bloody diarrhea. The absence of recent travel or exposure to contaminated water also makes Giardia less likely in this case. Given the clinical presentation and the typical features of Campylobacter jejuni infection, it is the most likely cause of the patient's condition.",0.0101,0.0365,0.2593,0.0892,0.0599,0.0818,0.0818,0.4703,0.5812,0.7048
"A 23-year-old man comes to the office because of a 7-day history of fever, crampy abdominal pain, and diarrhea. He says the abdominal pain worsens with oral intake. He has been having 8 to 10 episodes of diarrhea daily. He has not traveled recently and has had no sick contacts. Medical history is unremarkable and he takes no medications. He does not smoke cigarettes, drink alcoholic beverages, or use illicit drugs. He is not sexually active. Vital signs are temperature 38.3°C (101.0°F), pulse 118/min, respirations 18/min, and blood pressure 108/58 mm Hg. Bowel sounds are hyperactive. The abdomen is diffusely tender to palpation; no masses are palpated. Neither the liver edge nor the spleen can be palpated. Digital rectal examination shows grossly bloody stool. A stool culture is obtained, and empiric pharmacotherapy is initiated. Results of the stool culture show growth of Campylobacter jejuni. The patient returns to the office 3 weeks later. He reports total resolution of his fever and gastrointestinal symptoms after completion of prescribed ciprofloxacin therapy, but he has had pain and swelling of his left knee during the past 3 days. The pain worsens with weight bearing. He rates the pain as a 6 on a 10-point scale. Vital signs are temperature 37.1°C (98.8°F), pulse 78/min, respirations 16/min, and blood pressure 112/58 mm Hg. Physical examination discloses erythema and warmth of the left knee with marked synovitis. Direct palpation and flexion of the knee elicit pain. Which of the following is the most appropriate diagnostic study to determine the cause of this patient's symptoms?",Which of the following is the most appropriate diagnostic study to determine the cause of this patient's symptoms?,"
A. Blood cultures 
B. CD4+ T-lymphocyte count 
C. Human leukocyte antigen-B27 assay 
D. Serum rheumatoid factor assay 
E. Stool culture
",C,C,True,"The patient's history and physical examination suggest a reactive arthritis (ReA) following a gastrointestinal infection with Campylobacter jejuni. Reactive arthritis is an inflammatory condition that can occur after an infection in another part of the body, such as the gastrointestinal tract. It typically affects the joints, eyes, and sometimes the skin and genitourinary tract. The most common triggers are infections with certain bacteria, including Campylobacter, Salmonella, Shigella, and Yersinia. Option C: Human leukocyte antigen-B27 assay - Correct: HLA-B27 is a genetic marker that is strongly associated with reactive arthritis and other spondyloarthropathies. While not all patients with reactive arthritis are HLA-B27 positive, the presence of this marker can support the diagnosis, especially in the context of a recent gastrointestinal infection and the development of arthritis. Option A: Blood cultures - Incorrect: Blood cultures are used to identify systemic infections or bacteremia. In this case, the patient has already been treated for the gastrointestinal infection, and the current symptoms are localized to the knee, suggesting a reactive process rather than an ongoing systemic infection. Option B: CD4+ T-lymphocyte count - Incorrect: CD4+ T-lymphocyte count is typically used to monitor the immune status of patients with HIV/AIDS. There is no indication of HIV or immunodeficiency in this patient's history, and the symptoms are more consistent with reactive arthritis. Option D: Serum rheumatoid factor assay - Incorrect: Rheumatoid factor (RF) is a marker for rheumatoid arthritis (RA), an autoimmune condition. While RA can cause joint inflammation, it is typically a chronic, symmetrical polyarthritis and is not associated with a recent gastrointestinal infection. The patient's symptoms and history are more consistent with reactive arthritis, which is usually negative for RF. Option E: Stool culture - Incorrect: A stool culture has already been performed and identified Campylobacter jejuni as the causative agent of the initial gastrointestinal infection. The current symptoms are related to the reactive arthritis, not a new gastrointestinal infection. In summary, the most appropriate diagnostic study to determine the cause of the patient's knee pain and swelling is the HLA-B27 assay, as it can help confirm the diagnosis of reactive arthritis in the context of a recent Campylobacter infection.",0.0171,0.0413,0.2695,0.0997,0.0792,0.0787,0.0787,0.4885,0.5662,0.6955
"A 46-year-old woman, gravida 1, para 1, comes to the office because of a 2-week history of black discharge from her right nipple. The patient had mammography and ultrasonography of the breasts 2 months ago for evaluation of increased glandularity, palpated in the upper outer quadrant of the right breast, noted at her most recent annual examination. The studies showed likely benign findings with recommended follow-up in 6 months. Medical history is otherwise unremarkable and she takes no medications. BMI is 30 kg/m2 . Vital signs are normal. Palpation of the right breast discloses glandularity in the upper outer quadrant but no other masses. There is scant, black discharge from the right nipple. Which of the following is the most appropriate next step in diagnosis?",Which of the following is the most appropriate next step in diagnosis?,"
A. Ductography 
B. Excisional biopsy of glandular tissue 
C. Repeat mammography 
D. Repeat ultrasonography of the right breast 
E. No further workup is indicated
",A,A,True,"The patient presents with a 2-week history of black discharge from her right nipple, which is an unusual and concerning symptom. Nipple discharge, especially if it is unilateral and non-bloody but pigmented (black in this case), can be a sign of an underlying breast condition, including benign and malignant processes. Given the patient's history and the specific nature of the discharge, the most appropriate next step in diagnosis is ductography. A. Ductography: - Correct: Ductography, also known as galactography, is a specialized imaging technique that involves injecting a contrast medium into the affected duct to visualize the ductal system. This can help identify the source of the discharge, such as an intraductal papilloma or other ductal abnormalities. It is particularly useful in cases of unilateral, spontaneous, and pigmented nipple discharge, as it can provide detailed images of the ductal system and help guide further management. B. Excisional biopsy of glandular tissue: - Incorrect: While an excisional biopsy might be necessary if a specific mass or lesion is identified, it is not the first step in evaluating nipple discharge. Ductography should be performed first to identify the source of the discharge and guide the need for a biopsy. C. Repeat mammography: - Incorrect: The patient had a mammogram 2 months ago, which showed likely benign findings. Repeating the mammography without new clinical indications or changes in the breast examination is not the most appropriate next step. Mammography is less sensitive in detecting intraductal lesions and is not the best modality for evaluating nipple discharge. D. Repeat ultrasonography of the right breast: - Incorrect: Ultrasonography is useful for evaluating breast masses and differentiating between cystic and solid lesions. However, it is not the best initial test for evaluating nipple discharge, especially when the discharge is pigmented and unilateral. Ductography is more specific for this purpose. E. No further workup is indicated: - Incorrect: Given the nature of the black discharge, which is an unusual and potentially concerning symptom, further evaluation is warranted. Dismissing the symptom without further investigation could lead to a missed diagnosis of a significant underlying condition. In summary, ductography is the most appropriate next step in diagnosing the cause of the black nipple discharge in this patient.",0.0119,0.0237,0.1777,0.0582,0.0426,0.0582,0.0582,0.4432,0.5858,0.7109
"A physician is conducting a retrospective review of a trial involving the use of Drug X in patients with a specific disease. It is known that Drug X is associated with an increased probability of cancer in patients who use the drug. A total of 600 individuals with a specific disease were included in the trial. Of the participants, 200 individuals received Drug X and 400 individuals did not receive it. One hundred individuals who received Drug X died of a particular type of cancer and 100 individuals who did not receive the drug died of the same type of cancer. Based on these data, which of the following is the relative risk of death from this type of cancer in individuals who take Drug X as compared with individuals who do not take Drug X?","Based on these data, which of the following is the relative risk of death from this type of cancer in individuals who take Drug X as compared with individuals who do not take Drug X?","
A. Individuals who take Drug X have an equal risk of dying from this type of cancer 
B. Individuals who take Drug X have four times the risk of dying from this type of cancer 
C. Individuals who take Drug X have three times the risk of dying from this type of cancer 
D. Individuals who take Drug X have two times the risk of dying from this type of cancer 
E. The risk for dying cannot be determined from the data
",D,D,True,"To determine the relative risk (RR) of death from this type of cancer in individuals who take Drug X compared to those who do not, we need to calculate the risk of death in each group and then find the ratio of these risks. 1. Calculate the risk of death in the Drug X group: - Number of individuals who received Drug X: 200 - Number of individuals who died of cancer in the Drug X group: 100 - Risk of death in the Drug X group = (Number of deaths in Drug X group) / (Total number in Drug X group) = 100 / 200 = 0.5 or 50% 2. Calculate the risk of death in the non-Drug X group: - Number of individuals who did not receive Drug X: 400 - Number of individuals who died of cancer in the non-Drug X group: 100 - Risk of death in the non-Drug X group = (Number of deaths in non-Drug X group) / (Total number in non-Drug X group) = 100 / 400 = 0.25 or 25% 3. Calculate the relative risk (RR): - Relative Risk (RR) = (Risk of death in Drug X group) / (Risk of death in non-Drug X group) = 0.5 / 0.25 = 2 Therefore, the relative risk of death from this type of cancer in individuals who take Drug X is 2 times the risk in individuals who do not take Drug X. Option Analysis: - A. Individuals who take Drug X have an equal risk of dying from this type of cancer: This is incorrect because the calculated relative risk is 2, not 1. - B. Individuals who take Drug X have four times the risk of dying from this type of cancer: This is incorrect because the calculated relative risk is 2, not 4. - C. Individuals who take Drug X have three times the risk of dying from this type of cancer: This is incorrect because the calculated relative risk is 2, not 3. - D. Individuals who take Drug X have two times the risk of dying from this type of cancer: This is correct because the calculated relative risk is 2. - E. The risk for dying cannot be determined from the data: This is incorrect because the data provided is sufficient to calculate the relative risk. Thus, the correct answer is D.",0.038,0.0667,0.3352,0.1404,0.1022,0.1259,0.1259,0.5039,0.5713,0.7235
"A 23-year-old woman is brought to the emergency department by her friend because of headache, vomiting, and diarrhea that developed rapidly 6 hours ago. She also has had associated fever, chills, generalized muscle pain, and diffuse rash. The patient previously was healthy and has had no known exposure to anyone who has been ill. Medical history is unremarkable and her only medication is an oral contraceptive. She is currently menstruating. She does not smoke cigarettes or use illicit drugs. She drinks one to two alcoholic beverages weekly. She is disoriented to person, place, and time. Vital signs are temperature 39.2°C (102.6°F), pulse 114/min, respirations 26/min, and blood pressure 82/44 mm Hg. Pulse oximetry on oxygen at 2 L/min via nasal cannula shows an oxygen saturation of 90%. Examination of the skin shows diffuse macular erythema. Lungs are clear to auscultation. Cardiac examination discloses normal heart sounds and no murmur. Bowel sounds are hypoactive. Results of laboratory studies are shown: Serum Blood ALT: 164 U/L Hemoglobin: 16.4 g/dL AST: 130 U/L WBC 14,300/mm³ with left shift Urea nitrogen: 57 mg/dL Platelet count 52,000/mm3 Creatinine 2.2 mg/dL Can you provide me a diagnosis for this case? Given your diagnosis, a response to which of the following choices below is the most likely cause of this patient's condition?","Given your diagnosis, a response to which of the following choices below is the most likely cause of this patient's condition?","
A. Bacterial endotoxin 
B. Bacterial exotoxin 
C. Immunoglobulin E antibody 
D. Immunoglobulin G antibody 
E. Viral capsid 
F. Viral coat
",B,A,False,"The patient's presentation is consistent with a severe systemic infection, likely sepsis, which is a life-threatening condition that arises when the body's response to an infection injures its own tissues and organs. The clinical features that support this diagnosis include: 1. Rapid onset of symptoms: Headache, vomiting, diarrhea, fever, chills, and generalized muscle pain. 2. Hemodynamic instability: Hypotension (blood pressure 82/44 mm Hg) and tachycardia (pulse 114/min). 3. Altered mental status: Disorientation to person, place, and time. 4. Diffuse rash: Macular erythema, which can be a sign of a systemic inflammatory response. 5. Hypoxia: Oxygen saturation of 90% on 2 L/min of oxygen. 6. Laboratory findings: - Elevated liver enzymes (ALT 164 U/L, AST 130 U/L) suggest liver involvement. - Elevated white blood cell count (WBC 14,300/mm³ with left shift) indicates an active infection. - Elevated urea nitrogen (57 mg/dL) and creatinine (2.2 mg/dL) suggest renal impairment. - Thrombocytopenia (platelet count 52,000/mm³) is a common finding in sepsis and can indicate disseminated intravascular coagulation (DIC). Given the rapid onset of symptoms, the presence of a diffuse rash, and the systemic inflammatory response, the most likely cause is a bacterial infection, particularly one that releases endotoxins. Bacterial endotoxins are lipopolysaccharides (LPS) found in the outer membrane of Gram-negative bacteria. When these bacteria are present in the bloodstream, the endotoxins can trigger a severe inflammatory response, leading to sepsis and septic shock. Why other options are incorrect: - B. Bacterial exotoxin: While bacterial exotoxins can cause severe illness, they are typically associated with specific conditions like toxic shock syndrome (TSS) or botulism. The clinical presentation here is more consistent with a systemic inflammatory response to endotoxins rather than a specific exotoxin. - C. Immunoglobulin E (IgE) antibody: IgE is primarily involved in allergic reactions and parasitic infections. The patient's symptoms are not consistent with an allergic reaction or parasitic infection. - D. Immunoglobulin G (IgG) antibody: IgG is the most common type of antibody and is involved in many immune responses, but it is not typically associated with the rapid onset of systemic symptoms seen in this case. - E. Viral capsid: Viral infections can cause systemic symptoms, but the rapid onset, hypotension, and diffuse rash are more characteristic of a bacterial infection. Viral infections typically have a more gradual onset and are less likely to cause such severe hemodynamic instability. - F. Viral coat: Similar to the viral capsid, the viral coat is not typically associated with the rapid and severe systemic symptoms seen in this patient. Therefore, the most likely cause of this patient's condition is a bacterial endotoxin, leading to a severe systemic inflammatory response and sepsis.",0.0091,0.0326,0.2382,0.0768,0.0428,0.0682,0.0682,0.4206,0.526,0.6594
"A 68-year-old man comes to the office because of a 4-week history of increasing stiffness in his shoulders and upper arms. He is an avid golfer and has been unable to play in the morning because of the stiffness. He says that the stiffness is somewhat improved in the afternoon. He also has felt fatigued and sometimes ""headachy and feverish."" Medical history is significant for arthritis in his knees treated with acetaminophen, which has not relieved his shoulder and arm pain, and hyperlipidemia treated with pravastatin. He is a retired radiologist. Vital signs are temperature 37.7°C (99.8°F), pulse 76/min, respirations 18/min, and blood pressure 145/80 mm Hg. There is no tenderness in the shoulder girdle, and range of motion is normal bilaterally. The remainder of the physical examination discloses no abnormalities. Results of additional laboratorystudies are shown: Serum Blood Creatine kinase 88 U/L Hematocrit 36% Hemoglobin 12.0 g/dL WBC 8600/mm3 ESR 88 mm/h Which of the following is the most significant risk factor for the development of this patient's condition?",0 g/dL WBC 8600/mm3 ESR 88 mm/h Which of the following is the most significant risk factor for the development of this patient's condition?,"
A. Age 
B. Gender 
C. History of osteoarthritis 
D. Previous occupation 
E. Use of pravastatin
",A,A,True,"The patient's symptoms, including stiffness in the shoulders and upper arms, fatigue, and systemic symptoms such as headaches and fever, along with the elevated erythrocyte sedimentation rate (ESR), suggest a diagnosis of polymyalgia rheumatica (PMR). PMR is an inflammatory disorder that primarily affects older adults, typically those over 50 years of age, with the highest incidence in individuals over 70. The stiffness is often worse in the morning and improves later in the day, which is consistent with the patient's description. Option A: Age - Correct: Age is the most significant risk factor for PMR. The condition is rare in individuals under 50 and becomes more common with increasing age. The patient is 68 years old, which is well within the typical age range for PMR. Option B: Gender - Incorrect: While PMR is more common in women than in men, gender is not the most significant risk factor. The patient's age is a more critical factor in the development of PMR. Option C: History of osteoarthritis - Incorrect: Osteoarthritis is a degenerative joint disease that can cause pain and stiffness, but it is not a significant risk factor for PMR. The patient's history of arthritis in his knees is likely unrelated to his current symptoms, which are more characteristic of an inflammatory condition like PMR. Option D: Previous occupation - Incorrect: The patient's previous occupation as a radiologist is not a risk factor for PMR. There is no known association between occupation and the development of PMR. Option E: Use of pravastatin - Incorrect: While pravastatin can cause muscle-related side effects, such as myopathy, the symptoms described by the patient are more consistent with PMR. The elevated ESR and the pattern of stiffness and fatigue are more indicative of an inflammatory condition rather than a side effect of pravastatin. In summary, the patient's age is the most significant risk factor for the development of polymyalgia rheumatica, making Option A the correct answer.",0.0192,0.0408,0.2522,0.0963,0.057,0.0907,0.0907,0.4584,0.5351,0.6168
"A 16-month-old girl is brought to the emergency department by emergency medical technicians because of a generalized tonic-clonic seizure that began 25 minutes ago and has continued despite administration of 0.5 mg/kg rectal diazepam 10 minutes ago. The patient was at home at the time of the seizure. In the emergency department, she is given an additional 0.5 mg/kg dose of diazepam intravenously and the convulsion terminates. Within 2 minutes, her oxygen saturation drops to 75% and she appears cyanotic. Respirations are 10/min and shallow. She receives bag-valve-mask ventilation, followed by intubation and mechanical ventilation. Medical history is unremarkable. She takes no medications. Temperature is 39.1°C (102.5°F). Which of the following is the most likely underlying cause of the patient's respiratory insufficiency?",Which of the following is the most likely underlying cause of the patient's respiratory insufficiency?,"
A. Airway occlusion 
B. Encephalitis 
C. Medication-induced suppression of central respiratory drive 
D. Meningitis 
E. Ongoing nonconvulsive seizure activity
",C,C,True,"The patient is a 16-month-old girl who experienced a prolonged generalized tonic-clonic seizure, which is a form of status epilepticus. She was initially treated with rectal diazepam, and when the seizure continued, she received an additional dose of diazepam intravenously. The seizure then terminated, but shortly after, she developed significant respiratory insufficiency, with a drop in oxygen saturation to 75% and shallow, slow respirations (10/min). Option C: Medication-induced suppression of central respiratory drive - Correct: Benzodiazepines, such as diazepam, are central nervous system (CNS) depressants. They can cause respiratory depression, especially when given in high doses or when the patient is already in a compromised state. The patient received two doses of diazepam, which can cumulatively lead to significant respiratory depression. This is the most likely cause of her respiratory insufficiency in this context. Option A: Airway occlusion - Incorrect: While airway occlusion can cause respiratory insufficiency, the scenario does not provide any evidence of an obstructed airway. The patient's respiratory insufficiency developed after the seizure was terminated and is more consistent with a central cause rather than an obstructive one. Option B: Encephalitis - Incorrect: Encephalitis can cause seizures and respiratory insufficiency, but it typically presents with other signs and symptoms such as fever, altered mental status, and focal neurological deficits. The patient's history does not suggest a viral or bacterial infection causing encephalitis, and the rapid onset of respiratory insufficiency after the seizure is more consistent with a medication effect. Option D: Meningitis - Incorrect: Meningitis can also cause seizures and respiratory insufficiency, but it usually presents with a more gradual onset of symptoms, including fever, neck stiffness, and altered mental status. The patient's history does not suggest a systemic infection, and the rapid onset of respiratory insufficiency after the seizure is more consistent with a medication effect. Option E: Ongoing nonconvulsive seizure activity - Incorrect: Nonconvulsive seizures can cause altered mental status and respiratory insufficiency, but the patient's seizure had terminated after the second dose of diazepam. The rapid onset of respiratory insufficiency is more consistent with a medication effect rather than ongoing seizure activity. In summary, the most likely cause of the patient's respiratory insufficiency is medication-induced suppression of the central respiratory drive due to the cumulative effect of the diazepam doses.",0.0093,0.0276,0.2048,0.0704,0.0505,0.0704,0.0704,0.4709,0.6177,0.7876
"A 32-year-old woman comes to the emergency department because of a 3-day history of fatigue and postural light- headedness. She also reports nausea with one episode of vomiting this morning and adds that her stools and urine have been darker than usual lately. Medical history is significant for stage III-B Hodgkin lymphoma. She started the first cycle of chemotherapy 8 days ago. Additional medications include ferrous gluconate, hydrocodone, and prochlorperazine. She is currently receiving 0.9% saline at 75 mL/hr. Vital signs today are temperature 37.5°C (99.5°F), pulse 76/min supine and 80/min standing, respirations 16/min, and blood pressure 125/65 mm Hg supine and 120/60 mm Hg standing. Pulse oximetry on room air shows an oxygen saturation of 94%. Lungs are clear to auscultation. Cardiac examination discloses a soft systolic murmur at the left upper sternal border. There is no hepatosplenomegaly or tenderness on abdominal examination. Rectal examination discloses no masses. Stool is black and test for occult blood is negative. Results of laboratory studies are shown: Blood Urine Hematocrit 24% Specific gravity 1.032 (N=1.010–1.025) WBC 2400/mm3 Bilirubin Negative Platelet count 78,000/mm3 RBC Negative Which of the following is the most likely explanation for the patient's current condition?","025) WBC 2400/mm3 Bilirubin Negative Platelet count 78,000/mm3 RBC Negative Which of the following is the most likely explanation for the patient's current condition?","
A. Adverse effect of medications 
B. Bone marrow metastases 
C. Gastrointestinal blood loss 
D. Hemodilution 
E. Hemolytic anemia
",A,C,False,"The patient's presentation and laboratory findings suggest gastrointestinal blood loss as the most likely explanation for her current condition. Here's a detailed analysis of why this is the most plausible option and why the others are less likely: 1. Gastrointestinal Blood Loss (C): - Clinical Presentation: The patient reports fatigue, postural light-headedness, and dark stools, which are classic signs of gastrointestinal (GI) bleeding. The dark stools (melena) indicate upper GI bleeding, which can be a serious complication in patients undergoing chemotherapy. - Laboratory Findings: The hematocrit is low (24%), indicating anemia. The platelet count is also low (78,000/mm³), which can be a result of chemotherapy, but the significant drop in hematocrit suggests active blood loss. The urine is negative for RBCs, which rules out hematuria as a source of blood loss. - Vital Signs: The patient has a mild postural hypotension (blood pressure drop from 125/65 mm Hg supine to 120/60 mm Hg standing), which is consistent with volume depletion from blood loss. 2. Adverse Effect of Medications (A): - Consideration: Medications like hydrocodone and prochlorperazine can cause nausea and vomiting, but they are less likely to cause significant anemia or dark stools. Ferrous gluconate can cause dark stools, but it does not typically cause the degree of anemia seen here. - Conclusion: While medication side effects can contribute to some symptoms, they do not fully explain the anemia and dark stools. 3. Bone Marrow Metastases (B): - Consideration: Bone marrow metastases can cause anemia and thrombocytopenia, but they are less likely to cause dark stools and postural hypotension. The patient's history of Hodgkin lymphoma does not strongly suggest bone marrow involvement, especially given the recent chemotherapy. - Conclusion: This is a less likely explanation for the current symptoms. 4. Hemodilution (D): - Consideration: Hemodilution can occur with fluid overload, but the patient is receiving a moderate rate of 0.9% saline (75 mL/hr), which is unlikely to cause significant hemodilution. Additionally, hemodilution would not explain the dark stools or postural hypotension. - Conclusion: Hemodilution is not a likely cause of the patient's symptoms. 5. Hemolytic Anemia (E): - Consideration: Hemolytic anemia can cause anemia and dark urine, but the patient's urine is negative for bilirubin, which is typically elevated in hemolytic anemia. Additionally, hemolytic anemia would not explain the dark stools. - Conclusion: Hemolytic anemia is less likely given the negative bilirubin in the urine and the presence of dark stools. In summary, the most likely explanation for the patient's current condition is gastrointestinal blood loss, which is supported by the clinical presentation, laboratory findings, and the patient's recent chemotherapy history.",0.0114,0.0321,0.2401,0.0909,0.0565,0.0823,0.0823,0.4721,0.5131,0.6009
"A male neonate, who was born at 36 weeks' gestation 2 hours ago in the labor and delivery unit of the hospital, now shows signs of respiratory difficulty. The mother, an 18-year-old primigravid woman, smoked one pack of cigarettes daily throughout her pregnancy. She received prenatal care during most of the pregnancy. One episode of chlamydial cervicitis was detected during the last trimester and treated with azithromycin. The neonate was born via cesarean delivery due to fetal heart rate decelerations. The amniotic fluid was stained with light particulate meconium. Apgar scores were 9 and 9 at 1 and 5 minutes, respectively. The patient is 50 cm (20 in; 50th percentile) long and weighs 3005 g (6 lb 10 oz; 50th percentile); head circumference is 35 cm (14 in; 50th percentile). The infant's vital signs now are temperature 36.6°C (97.8°F), pulse 150/min, and respirations 70/min. Pulse oximetry on room air shows an oxygen saturation of 95%. Physical examination discloses mild subcostal and intercostal retractions. Chest x-ray shows prominent pulmonary vascular markings and fluid in the intralobar fissures. Which of the following diagnoses is most likely and explain your rationale on each choice?",Which of the following diagnoses is most likely and explain your rationale on each choice?,"
A. Chlamydial pneumonia 
B. Group B streptococcal sepsis 
C. Meconium aspiration syndrome 
D. Respiratory distress syndrome 
E. Transient tachypnea of newborn
",E,C,False,"The clinical presentation and the chest x-ray findings in this neonate are most consistent with Meconium Aspiration Syndrome (MAS). Here’s a detailed explanation of why each option is correct or incorrect: A. Chlamydial pneumonia: - Incorrect: Chlamydial pneumonia typically presents later in the neonatal period, usually between 2 to 12 weeks of age. It is characterized by a chronic, afebrile, and gradually worsening respiratory illness with a characteristic staccato cough. The neonate in this case is only 2 hours old, and the rapid onset of respiratory distress is not typical of chlamydial pneumonia. Additionally, the chest x-ray findings in chlamydial pneumonia are usually more subtle and do not show prominent pulmonary vascular markings or fluid in the intralobar fissures. B. Group B streptococcal sepsis: - Incorrect: Group B streptococcal (GBS) sepsis can present with respiratory distress, but it is usually associated with other signs of systemic infection such as fever, hypotension, and poor feeding. The neonate in this case has a normal temperature and no other signs of sepsis. Moreover, the chest x-ray findings in GBS sepsis are typically more diffuse and can include interstitial infiltrates, pleural effusions, and focal consolidations, which are not described in this case. C. Meconium aspiration syndrome: - Correct: Meconium aspiration syndrome (MAS) is a condition that occurs when a fetus passes meconium into the amniotic fluid and then aspirates it during or around the time of delivery. The presence of light particulate meconium in the amniotic fluid and the rapid onset of respiratory distress in this neonate are strong indicators of MAS. The chest x-ray findings of prominent pulmonary vascular markings and fluid in the intralobar fissures are characteristic of MAS, which can lead to pulmonary hypertension, hypoxemia, and respiratory distress. The mild subcostal and intercostal retractions and tachypnea (respirations 70/min) are also consistent with the clinical presentation of MAS. D. Respiratory distress syndrome: - Incorrect: Respiratory distress syndrome (RDS) is more common in preterm infants, especially those born before 34 weeks' gestation. This neonate was born at 36 weeks, which is near term, and the chest x-ray findings in RDS typically show a ground-glass appearance with air bronchograms, which are not described in this case. Additionally, the presence of meconium in the amniotic fluid and the specific chest x-ray findings are more indicative of MAS. E. Transient tachypnea of the newborn: - Incorrect: Transient tachypnea of the newborn (TTN) is a common condition in term and near-term infants, characterized by tachypnea and mild respiratory distress that typically resolves within 24 to 72 hours. The chest x-ray in TTN usually shows hyperinflation and perihilar streaking, but not the prominent pulmonary vascular markings and fluid in the intralobar fissures seen in this case. The presence of meconium in the amniotic fluid and the more severe respiratory distress are more consistent with MAS. In conclusion, the clinical presentation, chest x-ray findings, and the presence of meconium in the amniotic fluid strongly suggest that the most likely diagnosis is Meconium Aspiration Syndrome (MAS).",0.0,0.0122,0.0819,0.0309,0.0078,0.0232,0.0232,0.3393,0.5155,0.5602
"A 26-year-old woman comes to the office 1 day after she passed bloody mucus with her stool. She noticed mild abdominal cramping and some constipation preceding the episode; she has not had diarrhea or melanotic stools. She has not had any exposure to unusual or poorly kept food or to any known infectious agents. She says she has been under considerable stress because she is anticipating the defense phase of her PhD thesis soon. Her only medication is acetaminophen for occasional headaches. Her father had colon cancer and died at age 48 years from metastatic disease. She recalls being told that an aunt died of an unknown abdominal tumor. The patient's temperature is 37.6°C (99.6°F), pulse is 90/min, respirations are 18/min, and blood pressure is 110/74 mm Hg. Abdomen is mildly distended, nontympanitic, and tender to palpation only in the right lower quadrant. There is no rebound tenderness or guarding. Pelvic examination shows no masses or mucosal lesions. Rectal examination elicits pain and bloody mucus. Which of the following is the most appropriate diagnostic study?",Which of the following is the most appropriate diagnostic study?,"
A. Colonoscopy 
B. Esophagogastroduodenoscopy 
C. Lower gastrointestinal barium study 
D. Ultrasonography of the appendix 
E. Upper gastrointestinal barium study with small-bowel follow-through
",A,A,True,"The patient's presentation of bloody mucus in the stool, mild abdominal cramping, and constipation, along with a family history of colon cancer, raises significant concern for a possible colorectal pathology. The right lower quadrant tenderness and rectal examination findings further suggest a possible source in the colon, particularly in the cecum or ascending colon, which could be related to conditions such as inflammatory bowel disease (IBD), diverticulitis, or colorectal cancer. Option A: Colonoscopy - Correct: Colonoscopy is the most appropriate diagnostic study in this case. It allows for direct visualization of the entire colon and rectum, enabling the identification of mucosal abnormalities, polyps, or tumors. Biopsies can be taken during the procedure to confirm the diagnosis, and therapeutic interventions can be performed if necessary (e.g., polypectomy). Given the patient's family history of colon cancer, a colonoscopy is essential for early detection and management. Option B: Esophagogastroduodenoscopy (EGD) - Incorrect: EGD is used to visualize the upper gastrointestinal tract, including the esophagus, stomach, and duodenum. The patient's symptoms and physical findings are more consistent with a lower gastrointestinal source, making EGD less relevant in this context. Option C: Lower gastrointestinal barium study - Incorrect: A barium enema can be used to evaluate the colon, but it is less sensitive and specific compared to colonoscopy. It does not allow for direct visualization or biopsy, which are crucial for diagnosing and characterizing the underlying pathology. Option D: Ultrasonography of the appendix - Incorrect: While ultrasonography can be useful in diagnosing appendicitis, the patient's symptoms and physical findings are not specific to appendicitis. The presence of bloody mucus and a family history of colon cancer make a more comprehensive evaluation of the colon necessary. Option E: Upper gastrointestinal barium study with small-bowel follow-through - Incorrect: This study is used to evaluate the upper gastrointestinal tract and small bowel. Given the patient's symptoms and physical findings, which are more consistent with a colonic source, this study is not the most appropriate choice. In summary, a colonoscopy is the most appropriate diagnostic study to evaluate the patient's symptoms and family history, providing the necessary information for accurate diagnosis and management.",0.0073,0.0194,0.1609,0.0489,0.0328,0.0489,0.0489,0.4129,0.5659,0.6646
"A 15-year-old girl is brought to the office by her parents because of a 2-month history of progressively worsening gait disturbance. She has fallen several times, once striking her head and causing a brief loss of consciousness. Her parents state that she has had behavioral changes during this time. Medical history is remarkable for asthma treated with a corticosteroid inhaler as needed. Family history is remarkable for multiple sclerosis in a maternal aunt, parkinsonism in her paternal grandfather, and cancer in several paternal relatives, including a grandmother who died from a hemangioblastoma. Vital signs are normal. The patient is awake and alert, but she avoids eye contact and will not answer questions. Auscultation of the lungs discloses expiratory wheezing. Cardiac and abdominal examinations disclose no abnormalities. She has mild bilateral papilledema. Her stance and gait are wide-based, and she is unable to perform a tandem walk. Toxicology screening of the urine is positive for marijuana and cocaine metabolites. Which of the following is the most likely initial working diagnosis?",Which of the following is the most likely initial working diagnosis?,"
A. Cerebellar tumor 
B. Drug-related ataxia 
C. Epidural hematoma 
D. Juvenile-onset parkinsonism 
E. Multiple sclerosis
",A,A,True,"The patient's presentation includes a 2-month history of progressively worsening gait disturbance, falls, and behavioral changes. These symptoms, combined with the physical examination findings of mild bilateral papilledema and a wide-based, ataxic gait, suggest a space-occupying lesion in the cerebellum. Papilledema is a sign of increased intracranial pressure, which can be caused by a tumor. The cerebellum is a common site for tumors, especially in children and adolescents, and cerebellar tumors can lead to ataxia, which is a loss of coordination and unsteady gait. - A. Cerebellar tumor: This is the most likely diagnosis given the patient's symptoms and physical findings. The progressive nature of the symptoms, the presence of papilledema, and the ataxic gait are all consistent with a cerebellar mass lesion. The family history of hemangioblastoma in a grandmother also raises the possibility of a hereditary condition like von Hippel-Lindau disease, which can predispose to cerebellar hemangioblastomas. - B. Drug-related ataxia: While the patient has a positive toxicology screen for marijuana and cocaine, the chronic and progressive nature of her symptoms, along with the physical findings of papilledema and ataxia, are not typical of acute drug intoxication. Drug-related ataxia is usually more acute and reversible once the substance is cleared from the system. - C. Epidural hematoma: This condition is typically acute and follows a traumatic event, such as a head injury. The patient did have a fall with a brief loss of consciousness, but the symptoms have been progressively worsening over 2 months, which is not consistent with an acute epidural hematoma. Additionally, epidural hematomas do not typically cause chronic ataxia or papilledema. - D. Juvenile-onset parkinsonism: This condition is characterized by symptoms similar to Parkinson's disease, such as bradykinesia, rigidity, and tremor. The patient's symptoms of ataxia and wide-based gait are not typical of parkinsonism. Additionally, the family history of parkinsonism in a paternal grandfather does not strongly suggest a genetic link to the patient's symptoms. - E. Multiple sclerosis (MS): While MS can present with ataxia and other neurological symptoms, it is less likely in a 15-year-old patient, especially with the presence of papilledema. MS typically presents with more variable and relapsing-remitting symptoms, and the chronic, progressive nature of the patient's symptoms is more suggestive of a structural lesion like a tumor. Given the clinical presentation and the physical examination findings, a cerebellar tumor is the most likely initial working diagnosis, and further imaging studies such as an MRI of the brain should be performed to confirm the diagnosis.",0.0084,0.0189,0.1647,0.0458,0.0322,0.0458,0.0458,0.3962,0.5485,0.6381
"A 70-year-old man is brought to the emergency department by his son because of a 2-day history of right upper quadrant abdominal pain, chills, and confusion. He has vomited twice during this time despite decreased food intake. The patient has hypertension controlled with hydrochlorothiazide. Medical and surgical history is otherwise unremarkable. Vital signs are temperature 40.2°C (104.4°F), pulse 110/min, respirations 18/min, and blood pressure 100/60 mm Hg. The patient appears seriously ill without evidence of jaundice. Abdominal examination discloses tenderness to palpation over the liver without guarding. Results of laboratory studies are shown: Serum: Amylase 350 U/L Bilirubin total 2.1 mg/dL Blood: WBC 16,500/mm3 with prominent immature forms Neutrophils, segmented 42% total Neutrophils, bands 25% Serum urea nitrogen and creatinine concentrations are within the reference ranges, as are results of liver function tests. Ultrasonography of the abdomen shows multiple stones in the gallbladder and a common bile duct measuring 9 mm in diameter. Intravenous fluids and a broad-spectrum antibiotic are administered. Which of the following is the most likely diagnosis?",Which of the following is the most likely diagnosis?,"
A. Acute cholecystitis 
B. Acute pancreatitis 
C. Cholangitis 
D. Hepatitis 
E. Liver abscess
",C,C,True,"The patient's presentation, including right upper quadrant abdominal pain, fever, chills, and confusion, along with the laboratory findings and imaging results, strongly suggest a diagnosis of cholangitis. Here’s a detailed analysis of each option: C. Cholangitis: - Correct: Cholangitis is an infection of the bile ducts, often caused by obstruction (such as from gallstones) leading to bile stasis and bacterial overgrowth. The patient's symptoms of fever, chills, and right upper quadrant pain, along with the presence of multiple gallstones and a dilated common bile duct on ultrasonography, are highly indicative of cholangitis. The elevated white blood cell count with a left shift (increased immature neutrophils) further supports an active infection. The confusion can be attributed to sepsis, which is a common complication of cholangitis. A. Acute cholecystitis: - Incorrect: While acute cholecystitis (inflammation of the gallbladder) can present with right upper quadrant pain, fever, and vomiting, it typically does not cause the systemic signs of sepsis seen in this patient, such as high fever and confusion. Additionally, the presence of a dilated common bile duct on ultrasonography is more suggestive of a bile duct obstruction, which is more characteristic of cholangitis. B. Acute pancreatitis: - Incorrect: Acute pancreatitis can cause severe abdominal pain, nausea, and vomiting, but it typically presents with more specific laboratory findings, such as significantly elevated serum amylase and lipase levels. The patient's amylase level is elevated but not to the degree typically seen in acute pancreatitis. Moreover, the presence of a dilated common bile duct and systemic signs of infection are more consistent with cholangitis. D. Hepatitis: - Incorrect: Hepatitis (inflammation of the liver) can cause right upper quadrant pain and jaundice, but the patient does not have jaundice, and the liver function tests are within normal limits. Additionally, the systemic signs of infection and the presence of gallstones and a dilated common bile duct are not typical of hepatitis. E. Liver abscess: - Incorrect: A liver abscess can cause fever, right upper quadrant pain, and systemic signs of infection, but it is less likely given the presence of gallstones and a dilated common bile duct. Liver abscesses are usually associated with more localized findings on imaging, such as a fluid collection within the liver, which is not mentioned in this case. In summary, the combination of the patient's symptoms, laboratory findings, and imaging results most strongly supports a diagnosis of cholangitis.",0.0,0.0149,0.0801,0.0395,0.005,0.0346,0.0346,0.3489,0.5297,0.6013
"A 70-year-old woman comes to the office because of worsening tremor of her hands. The tremor has been present for most of her life and initially was mild and would occur only when she was tired or stressed. During the past month the shaking has become more noticeable and frequent. She is now embarrassed to eat with other people because of how obvious the tremor has become. The patient has been taking fluoxetine for the past 3 weeks to help her to cope with the death of her husband 2 months ago. Medical history is also remarkable for essential hypertension controlled with lisinopril and hyperlipidemia controlled with atorvastatin. Her only other medication is occasional ibuprofen for joint pain. She used to drink one to two alcoholic beverages monthly but now drinks one glass of wine daily because, she says, it reduces her tremor. She is 168 cm (5 ft 6 in) tall and weighs 70 kg (155 lb); BMI is 25 kg/m2. Vital signs are temperature 36.4°C (97.6°F), pulse 80/min, respirations 18/min, and blood pressure 130/85 mm Hg. Physical examination shows a moderate tremor of both hands that is not present at rest. Complete blood count, serum chemistry profile, and serum thyroid function tests are ordered and results are pending. Which of the following is the most likely cause of the patient's worsening tremor?",Which of the following is the most likely cause of the patient's worsening tremor?,"
A. Adverse effect of fluoxetine therapy 
B. Bereavement reaction 
C. Early Parkinson disease 
D. Increase in alcohol consumption 
E. Mini-strokes
",A,A,True,"The patient's history and clinical presentation suggest that the most likely cause of her worsening tremor is an adverse effect of fluoxetine therapy. Here's a detailed explanation of why each option is correct or incorrect: A. Adverse effect of fluoxetine therapy: - Correct: Fluoxetine, a selective serotonin reuptake inhibitor (SSRI), can cause or exacerbate tremors as a side effect. The patient started taking fluoxetine 3 weeks ago, and the tremor has worsened in the past month, which aligns with the timing of the medication. SSRIs can increase serotonin levels, which can lead to tremors, especially in individuals who are already predisposed to them. B. Bereavement reaction: - Incorrect: While the death of her husband and the subsequent bereavement could contribute to stress and potentially exacerbate an existing tremor, it is not the most likely primary cause of the worsening tremor. The patient has a long history of a mild tremor, and the recent worsening is more likely related to a new factor, such as medication. C. Early Parkinson disease: - Incorrect: Parkinson's disease typically presents with a resting tremor, which is not present in this patient. The tremor in Parkinson's disease is usually more pronounced at rest and decreases with voluntary movement. The patient's tremor is not present at rest and is more noticeable with movement, which is more consistent with essential tremor or medication-induced tremor. D. Increase in alcohol consumption: - Incorrect: While the patient has increased her alcohol consumption, alcohol can actually reduce tremors in the short term. However, chronic alcohol use can lead to a rebound effect where tremors worsen when the alcohol wears off. The patient's tremor has become more frequent and noticeable, which is more consistent with an adverse effect of medication rather than a direct effect of increased alcohol consumption. E. Mini-strokes: - Incorrect: Mini-strokes (transient ischemic attacks or TIAs) typically present with focal neurological deficits, such as weakness, numbness, or speech difficulties, rather than a tremor. The patient's tremor is bilateral and not associated with other neurological symptoms, making mini-strokes an unlikely cause. Given the patient's history and the timing of the worsening tremor, the most likely cause is the adverse effect of fluoxetine therapy. It would be prudent to consider adjusting the fluoxetine dose or switching to an alternative medication if the tremor continues to be problematic.",0.0046,0.0272,0.1895,0.0688,0.0494,0.0688,0.0688,0.4855,0.6133,0.7376
"A 70-year-old woman comes to the office because of a 1-month history of gradually worsening shortness of breath. Medical history is significant for hypertension and hyperlipidemia. Routine medications are atorvastatin and lisinopril. The patient appears to be in respiratory distress. Vital signs are temperature 36.7°C (98.0°F), pulse 122/min and irregularly irregular, respirations 28/min, and blood pressure 144/88 mm Hg. Pulse oximetry on room air shows an oxygen saturation of 90%. Pulmonary examination discloses dullness to percussion three-quarters of the way up on the left. Results of laboratory studies are shown: Serum Blood Urea nitrogen 29 mg/dL Hematocrit 38% Creatinine 1.0 mg/dL Hemoglobin 12.9 g/dL Na+ 142 mEq/L WBC 7800/mm3 K+ 4.1 mEq/L Cl− 99 mEq/L HCO3 − 24 mEq/L Glucose 102 mg/dL ECG shows atrial fibrillation with a rapid ventricular response. Chest x-ray shows a large left pleural effusion. Which of the following is the most appropriate next step in evaluation?",Which of the following is the most appropriate next step in evaluation?,"
A. Bone marrow biopsy 
B. Pericardiocentesis 
C. Pleurodesis 
D. Thoracentesis 
E. Video-assisted thoracoscopy
",D,D,True,"The patient presents with a 1-month history of gradually worsening shortness of breath, respiratory distress, and a large left pleural effusion as seen on chest x-ray. The presence of a pleural effusion, especially one that is causing significant respiratory symptoms, warrants further evaluation to determine the cause and to provide symptomatic relief. Option D: Thoracentesis - Correct: Thoracentesis is the most appropriate next step in this scenario. It involves the removal of fluid from the pleural space using a needle. This procedure can both provide diagnostic information (by analyzing the pleural fluid) and therapeutic relief (by reducing the volume of fluid and improving respiratory function). Given the patient's symptoms and the presence of a large pleural effusion, thoracentesis is indicated to alleviate her respiratory distress and to determine the nature of the effusion (e.g., whether it is transudative or exudative, and to rule out infection, malignancy, or other causes). Option A: Bone marrow biopsy - Incorrect: A bone marrow biopsy is typically performed to evaluate hematologic disorders, such as leukemia, lymphoma, or myelodysplastic syndromes. While the patient has a slightly low hemoglobin and hematocrit, there is no indication of a hematologic disorder that would necessitate a bone marrow biopsy. The primary concern here is the pleural effusion and respiratory distress. Option B: Pericardiocentesis - Incorrect: Pericardiocentesis is a procedure to remove fluid from the pericardial space. The patient's symptoms and examination findings do not suggest pericardial effusion or tamponade. The chest x-ray specifically shows a pleural effusion, not a pericardial effusion. Option C: Pleurodesis - Incorrect: Pleurodesis is a procedure used to prevent the recurrence of pleural effusions, typically by causing the pleural surfaces to adhere to each other. This is a more definitive treatment that is usually considered after a diagnosis has been made and the effusion has been drained. It is not the first step in the evaluation of a new pleural effusion. Option E: Video-assisted thoracoscopy - Incorrect: Video-assisted thoracoscopy (VATS) is a more invasive procedure that involves inserting a thoracoscope into the pleural space to visualize and treat pleural disease. While it can be useful for diagnosing and managing complex pleural effusions, it is not the initial step in the evaluation. Thoracentesis is a less invasive and more appropriate first step to obtain fluid for analysis and to provide immediate relief. In summary, thoracentesis is the most appropriate next step in the evaluation of this patient with a large pleural effusion and respiratory distress.",0.0086,0.0214,0.1649,0.0473,0.0333,0.0473,0.0473,0.4146,0.5655,0.6903
"A 67-year-old man, who has been recovering in the hospital following surgical repair of a contained ruptured abdominal aortic aneurysm 10 days ago, suddenly develops severe abdominal pain. He does not have chest pain or shortness of breath. The patient's postoperative course had been uncomplicated until 4 days ago, when he developed a low-grade fever. He has been unable to tolerate a full liquid diet during the past 4 days. Medical history is remarkable for hypertension, hypercholesterolemia, and a myocardial infarction 6 years ago. Regular medications include metoprolol, lovastatin, and an 81-mg aspirin daily. He has smoked one pack of cigarettes daily for the past 40 years, and he typically drinks three to five beers daily. Vital signs now are temperature 38.1°C (100.6°F), pulse 68/min and regular, respirations 16/min, and blood pressure 150/90 mm Hg. Physical examination shows bilateral cataracts. Auscultation of the chest discloses diffuse mild wheezes and a grade 1/6 soft systolic ejection murmur at the cardiac apex. Palpation of the abdomen discloses mild to moderate mid and right upper quadrant abdominal tenderness. There is no guarding, rebound, or palpable mass. Rectal examination shows no abnormalities. Peripheral pulses are normal. Neurologic examination discloses no abnormalities. Serum electrolyte concentrations are within the reference ranges. Leukocyte count is 15,800/mm³ with mild left shift. Urinalysis shows no abnormalities. ECG shows an old inferior myocardial infarction. Chest x-ray shows scarring at the left and right cardiac bases; no masses or infiltrates are present. Which of the following is the most appropriate additional diagnostic study?",Which of the following is the most appropriate additional diagnostic study?,"
A. Arteriography of the abdomen 
B. Blood cultures 
C. MRI of the abdomen 
D. Ultrasonography of the abdomen 
E. No additional studies are needed
",D,D,True,"The patient's presentation of sudden severe abdominal pain, a history of a recent surgical repair of a contained ruptured abdominal aortic aneurysm, and the presence of a low-grade fever and abdominal tenderness, particularly in the mid and right upper quadrant, suggests a potential complication related to the abdominal aortic aneurysm or other intra-abdominal pathology. Given the context, the most appropriate initial diagnostic study is ultrasonography of the abdomen. Option D: Ultrasonography of the abdomen - Correct: Ultrasonography is a non-invasive, readily available, and cost-effective imaging modality that can quickly assess the abdominal aorta for signs of re-rupture, pseudoaneurysm, or other complications such as hematoma or infection. It can also evaluate the liver, gallbladder, and other abdominal organs for potential sources of pain, such as cholecystitis or hepatitis, which could be contributing to the patient's symptoms. Option A: Arteriography of the abdomen - Incorrect: While arteriography is a more detailed and specific imaging technique, it is invasive and typically reserved for cases where a more definitive diagnosis is needed, such as in the setting of suspected active bleeding or when endovascular intervention is being considered. Given the patient's recent surgery and the need for a quick, non-invasive initial assessment, arteriography is not the first-line diagnostic study. Option B: Blood cultures - Incorrect: Blood cultures are useful in diagnosing systemic infections, such as sepsis, but they do not provide immediate information about the source of the abdominal pain. While the patient has a low-grade fever, which could suggest an infection, blood cultures are not the most appropriate initial study to identify the cause of the abdominal pain. Option C: MRI of the abdomen - Incorrect: MRI is a highly detailed imaging modality that can provide excellent soft tissue contrast, but it is more time-consuming and expensive compared to ultrasonography. It is also less readily available in many clinical settings. For an acute presentation of abdominal pain, especially in a patient with a recent surgical history, ultrasonography is a more appropriate initial study. Option E: No additional studies are needed - Incorrect: Given the patient's history and current symptoms, it is essential to perform additional diagnostic studies to identify the cause of the abdominal pain and rule out serious complications. Failing to do so could delay necessary treatment and potentially worsen the patient's condition. In summary, ultrasonography of the abdomen is the most appropriate initial diagnostic study to evaluate the patient's sudden severe abdominal pain, given the recent surgical history and other clinical findings.",0.0022,0.0195,0.1387,0.0463,0.0279,0.0463,0.0463,0.416,0.5827,0.6913
"A 31-year-old woman, gravida 3, para 2, who is at 32 weeks' gestation, is admitted to the hospital because of a 1-week history of progressive dyspnea and wheezing. She says her heart is ""racing"" and she is coughing up a small amount of blood-streaked sputum. Medical history is significant for hypothyroidism, for which she takes levothyroxine. An intravenous catheter is placed. Vital signs are temperature 36.9°C (98.4°F), pulse 132/min, respirations 32/min, and blood pressure 135/78 mm Hg. Pulse oximetry on 100% oxygen via nasal cannula shows an oxygen saturation of 92%. Auscultation of the lungs discloses decreased breath sounds at the bases with expiratory crackles bilaterally. Cardiac examination discloses an irregularly irregular rhythm, an indistinct point of maximal impulse, and a loud S1. A grade 3/6, low-pitched, diastolic, rumbling murmur is audible at the apex; a distinct snapping sound precedes the murmur. Fetal heart rate is 144/min. Which of the following is the most likely cause of the findings in this patient?",Which of the following is the most likely cause of the findings in this patient?,"
A. Atrial septal defect with development of pulmonary hypertension 
B. Chronic mitral regurgitation secondary to rheumatic heart disease 
C. Coarctation of the aorta 
D. Congenital aortic stenosis 
E. Mitral stenosis complicated by atrial fibrillation
",E,E,True,"The patient's presentation, including progressive dyspnea, wheezing, a ""racing"" heart, and hemoptysis, along with the physical examination findings, strongly suggest a cardiac cause. The key findings that point to mitral stenosis complicated by atrral fibrillation are: 1. Irregularly Irregular Rhythm: This is a classic sign of atrial fibrillation (AF), which is often associated with mitral stenosis. In AF, the atria do not contract effectively, leading to an irregular and often rapid heart rate. 2. Loud S1 and Diastolic Murmur: The presence of a loud S1 and a low-pitched, diastolic, rumbling murmur at the apex, preceded by a distinct snapping sound (opening snap), is characteristic of mitral stenosis. The opening snap is heard as the mitral valve leaflets snap open, and the diastolic murmur is due to the turbulent flow of blood through the narrowed mitral valve orifice. 3. Hemoptysis: This can occur in mitral stenosis due to pulmonary congestion and increased pulmonary capillary pressure, which can lead to the rupture of small pulmonary vessels. 4. Pulmonary Findings: Decreased breath sounds at the bases with expiratory crackles bilaterally suggest pulmonary edema, which is a common complication of mitral stenosis due to increased left atrial pressure and subsequent pulmonary venous hypertension. 5. Hypertension and Tachycardia: The patient's elevated blood pressure and tachycardia are consistent with the hemodynamic stress of mitral stenosis and atrial fibrillation. Let's consider why the other options are less likely: - A. Atrial Septal Defect (ASD) with Development of Pulmonary Hypertension: While ASD can lead to pulmonary hypertension over time, it typically presents with a continuous murmur and does not usually cause the specific diastolic murmur and opening snap heard in this patient. Additionally, ASD is less likely to cause the severe symptoms and hemoptysis seen here. - B. Chronic Mitral Regurgitation Secondary to Rheumatic Heart Disease: Chronic mitral regurgitation would present with a holosystolic murmur at the apex, not a diastolic murmur. The patient's symptoms and physical findings are more consistent with mitral stenosis. - C. Coarctation of the Aorta: This condition typically presents with a systolic murmur and a blood pressure difference between the upper and lower extremities. The patient's findings do not suggest a coarctation of the aorta. - D. Congenital Aortic Stenosis: Aortic stenosis would present with a systolic ejection murmur, not a diastolic murmur. The patient's symptoms and physical findings are not consistent with aortic stenosis. Therefore, the most likely cause of the patient's findings is mitral stenosis complicated by atrial fibrillation.",0.0064,0.0274,0.2054,0.0656,0.0376,0.0515,0.0515,0.3989,0.5266,0.7118
"A 70-year-old man is admitted to the hospital through the emergency department because of a 12-hour history of severe nausea and four episodes of vomiting of undigested food. During the past week, he has had worsening nausea, heartburn following meals, and early satiety. Medical history is significant for type 2 diabetes mellitus diagnosed 20 years ago, hyperlipidemia, and hypertension. Medications are intermediate-acting insulin twice daily and insulin lispro before meals. He also takes enalapril and atorvastatin. On admission, the patient appears uncomfortable. Vital signs are temperature 36.2°C (97.1°F), pulse 102/min, respirations 16/min, and blood pressure 105/78 mm Hg. Pulse oximetry on room air shows an oxygen saturation of 98%. Physical examination discloses mild epigastric tenderness to palpation. The remainder of the examination discloses no abnormalities. Results of laboratory studies ordered in the emergency department are shown: Serum Blood ALT 23 U/L AST 26 U/L Alkaline phosphatase 85 U/L Amylase 104 U/L Urea nitrogen 42 mg/dL Creatinine 1.32 mg/dL Hemoglobin A1c 8.2% X-rays of the chest and abdomen disclose no abnormalities. Which of the following will best explain the patient's condition?",Which of the following will best explain the patient's condition?,"
A. Accumulation of calcium carbonate and hemoglobin breakdown products in the bile ducts 
B. Decreased gastric myoelectrical activity 
C. Decreased gastric pH 
D. Increased cholecystokinin activity
",B,B,True,"The patient's symptoms, including severe nausea, vomiting of undigested food, heartburn, and early satiety, along with his medical history of type 2 diabetes mellitus, suggest a diagnosis of gastroparesis. Gastroparesis is a condition characterized by delayed gastric emptying in the absence of mechanical obstruction. It is often associated with diabetes, particularly in patients with long-standing diabetes, as is the case with this 70-year-old man who has had type 2 diabetes for 20 years. Option B: Decreased gastric myoelectrical activity is the correct answer because gastroparesis is primarily due to a disturbance in the normal electrical activity of the stomach, which regulates the contractions that move food through the digestive tract. In diabetic gastroparesis, the autonomic neuropathy that results from chronic hyperglycemia can lead to decreased gastric myoelectrical activity, causing the symptoms of delayed gastric emptying, nausea, vomiting, and early satiety. Option A: Accumulation of calcium carbonate and hemoglobin breakdown products in the bile ducts is incorrect. This scenario does not fit the clinical presentation of the patient. The accumulation of such substances in the bile ducts would more likely lead to symptoms related to biliary obstruction, such as jaundice, dark urine, and light-colored stools, which are not present in this case. Option C: Decreased gastric pH is incorrect. A decreased gastric pH would indicate increased acidity, which is typically associated with conditions like peptic ulcer disease or Zollinger-Ellison syndrome. The patient's symptoms of heartburn and early satiety are more consistent with delayed gastric emptying rather than increased acid production. Option D: Increased cholecystokinin activity is incorrect. Cholecystokinin (CCK) is a hormone that stimulates the release of digestive enzymes from the pancreas and the contraction of the gallbladder. Increased CCK activity would typically cause symptoms related to increased gallbladder contraction and pancreatic enzyme release, such as abdominal pain, but it would not explain the delayed gastric emptying and vomiting of undigested food seen in this patient. In summary, the patient's symptoms and medical history strongly suggest gastroparesis, which is best explained by decreased gastric myoelectrical activity.",0.0,0.0184,0.1518,0.0508,0.0227,0.0395,0.0395,0.4192,0.55,0.6478
"A 70-year-old woman comes to the office for an annual health maintenance examination. She describes a 1-year history of slowly progressive fatigue, diffuse muscle aches, and generalized pain. Medical history is significant for osteoporosis diagnosed 5 years ago. Medications include alendronate and calcium supplementation. Vital signs are normal. Physical examination is unremarkable for her age, with no point tenderness on palpation. Results of complete blood count, serum electrolyte and thyroid-stimulating hormone concentrations, liver function tests, and erythrocyte sedimentation rate are all within the reference ranges. Screening mammography and colonoscopy done 1 year ago disclosed no abnormalities. Which of the following is the most appropriate next step in evaluation?",Which of the following is the most appropriate next step in evaluation?,"
A. DEXA scan 
B. Electromyography and nerve conduction studies 
C. MRI of the cervical spine 
D. Serum antinuclear antibody assay 
E. Serum 25-hydroxyvitamin D assay 
F. No additional evaluation is indicated
",E,E,True,"The patient is a 70-year-old woman with a 1-year history of slowly progressive fatigue, diffuse muscle aches, and generalized pain. Given her age and symptoms, it is important to consider common conditions that can present with these symptoms, especially in the context of her medical history, which includes osteoporosis. Option E: Serum 25-hydroxyvitamin D assay - Correct: Vitamin D deficiency is a common and often underdiagnosed condition, especially in older adults. It can lead to symptoms such as fatigue, muscle aches, and generalized pain. Given her osteoporosis, which is often associated with low vitamin D levels, checking her serum 25-hydroxyvitamin D level is a logical next step. This test can help determine if her symptoms are related to vitamin D deficiency and guide appropriate supplementation if needed. Option A: DEXA scan - Incorrect: While a DEXA scan is useful for monitoring bone density, especially in patients with osteoporosis, it is not the most appropriate next step for evaluating her current symptoms of fatigue and muscle aches. Her osteoporosis is already being managed with alendronate and calcium supplementation, and the DEXA scan would not provide information about her current symptoms. Option B: Electromyography and nerve conduction studies - Incorrect: These tests are typically used to evaluate neuromuscular disorders, such as peripheral neuropathy or myopathies. Given the unremarkable physical examination and normal laboratory results, there is no strong indication for these invasive and specialized tests at this stage. Option C: MRI of the cervical spine - Incorrect: An MRI of the cervical spine is indicated for evaluating conditions such as cervical spondylosis or spinal cord compression, which can cause neck pain, arm pain, or neurological symptoms. However, the patient's symptoms are diffuse and not localized to the cervical spine, and there are no specific neurological findings to suggest this as the primary cause. Option D: Serum antinuclear antibody assay - Incorrect: While autoimmune conditions can present with fatigue and muscle aches, the patient's normal laboratory results, including normal erythrocyte sedimentation rate (ESR), and the absence of specific signs or symptoms of autoimmune disease (such as joint swelling, rash, or specific organ involvement) make this test less likely to be useful at this stage. Option F: No additional evaluation is indicated - Incorrect: Given the persistence and progression of her symptoms over a year, it is appropriate to pursue further evaluation to identify a potential underlying cause. Dismissing her symptoms without further investigation could lead to missed diagnoses and inadequate management. In summary, the most appropriate next step is to check her serum 25-hydroxyvitamin D level to evaluate for vitamin D deficiency, which is a common and treatable condition that can explain her symptoms.",0.0039,0.0196,0.1649,0.0484,0.0221,0.0396,0.0396,0.4104,0.5502,0.5961
"A 22-year-old man comes to the emergency department because of a 4‐day history of cough productive of green sputum as well as fever, chills, and rigors. He also has had a 3‐day history of progressive shortness of breath; he now has shortness of breath at rest. He was evaluated in an urgent care center 1 day ago and was prescribed azithromycin, but his symptoms have worsened. He is using accessory muscles of respiration. He is diaphoretic and is able to give only one- to two-word answers to questions. Vital signs are temperature 39.1°C (102.3°F), pulse 138/min, respirations 40/min, and blood pressure 103/56 mm Hg. Pulse oximetry on room air shows an oxygen saturation of 80%, and 100% oxygen is administered via nonrebreather face mask. Skin is mottled and there is cyanosis of the fingers and toes. Pupils measure 4 mm in diameter and are reactive to light. Mucous membranes are dry. Auscultation of the lungs discloses bilateral crackles. The remainder of the physical examination discloses no abnormalities. Laboratory studies are ordered; results of arterial blood gas analysis on 100% oxygen via nonrebreather face mask are shown: PO2: 50 mm Hg PCO2: 44 mm Hg pH: 7.34 Oxygen saturation: 85% Chest x-ray shows bilateral infiltrates with a normal cardiac silhouette and no effusions. Which of the following is the most likely underlying cause of this patient's condition?",Which of the following is the most likely underlying cause of this patient's condition?,"
A. Abnormalities of diffusion of oxygen 
B. Hypoventilation 
C. Obstructive lung disease 
D. Ventilation-perfusion mismatch and shunt
",D,D,True,"The patient's presentation and laboratory findings strongly suggest acute respiratory distress syndrome (ARDS), which is characterized by bilateral pulmonary infiltrates, hypoxemia, and respiratory failure. The key features in this case include: 1. Clinical Presentation: The patient has a high fever, chills, rigors, and productive cough with green sputum, indicating a possible bacterial infection. The progressive shortness of breath, use of accessory muscles, and cyanosis suggest severe respiratory distress. The patient's vital signs (high fever, tachycardia, tachypnea, and hypotension) and low oxygen saturation (80% on room air, improving to 85% on 100% oxygen) indicate a critical condition. 2. Arterial Blood Gas (ABG) Analysis: The ABG on 100% oxygen shows a PO2 of 50 mm Hg, which is very low despite the high oxygen concentration, indicating severe hypoxemia. The PCO2 is 44 mm Hg, which is slightly elevated but not significantly so, and the pH is 7.34, indicating a respiratory acidosis. The oxygen saturation of 85% on 100% oxygen is also very low, further confirming the severity of the hypoxemia. 3. Chest X-ray: The chest x-ray shows bilateral infiltrates, which are consistent with ARDS. The normal cardiac silhouette and absence of effusions suggest that the infiltrates are not due to heart failure or pleural effusions. Given these findings, the most likely underlying cause of the patient's condition is a ventilation-perfusion (V/Q) mismatch and shunt. Here's why each option is correct or incorrect: - A. Abnormalities of diffusion of oxygen: While diffusion abnormalities can cause hypoxemia, they typically do not result in such severe hypoxemia, especially when the patient is on 100% oxygen. The PO2 of 50 mm Hg on 100% oxygen is more consistent with a V/Q mismatch or shunt. - B. Hypoventilation: Hypoventilation can cause hypercapnia (elevated PCO2) and respiratory acidosis, but the PCO2 in this case is only slightly elevated (44 mm Hg), and the primary issue is severe hypoxemia. Hypoventilation alone is unlikely to explain the degree of hypoxemia seen here. - C. Obstructive lung disease: Obstructive lung diseases like asthma or chronic obstructive pulmonary disease (COPD) can cause hypoxemia, but they typically present with wheezing, hyperinflation, and a history of chronic respiratory symptoms. The patient's presentation with bilateral infiltrates and severe hypoxemia is more consistent with ARDS. - D. Ventilation-perfusion mismatch and shunt: This is the most likely cause. In ARDS, there is a significant V/Q mismatch and intrapulmonary shunting. The alveolar-capillary membrane is damaged, leading to areas of the lung where ventilation and perfusion are not matched. This results in hypoxemia that is difficult to correct even with high concentrations of oxygen, as seen in this patient. Therefore, the correct answer is D. Ventilation-perfusion mismatch and shunt.",0.0074,0.0222,0.1646,0.0601,0.0431,0.0558,0.0558,0.4256,0.5497,0.673
"A 33-year-old male physician reports for a shift in the emergency department. A nurse alerts you that he noticed a faint odor of alcohol near the physician. When approached, the physician appears tired and more disheveled than usual. There is an odor of alcohol on his breath. He is a skilled and talented physician with no known history of substance or alcohol use disorder. He is married with three children, and his wife is pregnant with twins. The physician was recently hired and has had no actions on his license by any state medical board. Which of the following is the most appropriate next step?",Which of the following is the most appropriate next step?,"
A. Ask the physician if he is sober, and if he says yes, allow him to complete his shift 
B. Explain to the physician that you suspect he is intoxicated and ask him to submit to a blood sample to check his blood alcohol concentration 
C. Relieve the physician of duty and alert the hospital's patient safety officer 
D. Tell the physician that you can cover the remainder of the shift alone, so that he can sleep in his office 
E. Tell the physician you detect alcohol on his breath, and he needs to go home and should not return until he is sober
",C,C,True,"In a healthcare setting, patient safety is paramount. When a physician is suspected of being under the influence of alcohol, it is crucial to act in a way that ensures the safety of patients and the integrity of the medical practice. Here's a detailed analysis of each option: A. Ask the physician if he is sober, and if he says yes, allow him to complete his shift: - Incorrect: This option is inappropriate because it relies on the physician's self-assessment, which may be unreliable if he is indeed intoxicated. Allowing an impaired physician to continue working poses a significant risk to patient safety. B. Explain to the physician that you suspect he is intoxicated and ask him to submit to a blood sample to check his blood alcohol concentration: - Incorrect: While this option involves a more objective assessment, it may not be the most immediate or appropriate step. The primary concern is the immediate safety of patients, and the physician should be relieved of duty first. Additionally, the legal and ethical implications of mandatory blood testing need to be considered. C. Relieve the physician of duty and alert the hospital's patient safety officer: - Correct: This is the most appropriate step. It ensures that the physician is not in a position to make medical decisions that could harm patients. Notifying the patient safety officer allows for a formal and structured response to the situation, including potential further investigation and support for the physician. D. Tell the physician that you can cover the remainder of the shift alone, so that he can sleep in his office: - Incorrect: This option is inappropriate because it does not address the underlying issue and may not ensure the physician's sobriety before his next shift. It also fails to involve the necessary hospital authorities to handle the situation properly. E. Tell the physician you detect alcohol on his breath, and he needs to go home and should not return until he is sober: - Incorrect: While this option addresses the immediate need for the physician to leave, it does not involve the necessary hospital authorities to ensure a proper and structured response. It may also leave the physician without the support and resources needed to address any potential issues. Option C is the best choice because it prioritizes patient safety, involves the appropriate hospital authorities, and sets the stage for a structured and supportive response to the situation.",0.0022,0.0178,0.0911,0.0435,0.0194,0.0386,0.0386,0.4314,0.5465,0.6185
"A 60-year-old man comes to the office because of a 1-year history of progressive left groin pain. The pain is worse with exercise and is relieved with rest. He says the pain is beginning to affect his ability to carry out his daily activities. He says, ""It even hurts when I'm turning over in bed."" He does not recall any trauma to the area. He also has had generalized mild stiffness of his joints during the past 3 years. He takes atorvastatin for hyperlipidemia and lisinopril for hypertension. Medical history is otherwise unremarkable. He does not smoke cigarettes. He drinks one alcoholic cocktail daily. He is 178 cm (5 ft 10 in) tall and weighs 68 kg (150 lb); BMI is 22 kg/m². Vital signs are temperature 37.4°C (99.3°F), pulse 82/min, respirations 18/min, and blood pressure 120/78 mm Hg. The patient walks with a slight limp and has difficulty changing position. Abduction of the left hip elicits pain. Physical examination of the patient's other joints discloses no abnormalities. Which of the following is the most appropriate imaging study at this time?",Which of the following is the most appropriate imaging study at this time?,"
A. CT scan of the hips 
B. MRI of the hips 
C. Radionuclide bone scan 
D. Plain x-ray of the left hip 
E. Skeletal survey
",D,D,True,"The patient's presentation of progressive left groin pain, which is worse with exercise and relieved with rest, along with difficulty in daily activities and pain during specific movements like abduction, suggests a possible hip joint pathology. Given the patient's age and the chronic nature of the symptoms, conditions such as osteoarthritis, avascular necrosis, or a stress fracture should be considered. Option D: Plain x-ray of the left hip - Correct: A plain x-ray is the most appropriate initial imaging study for evaluating hip pain. It can help identify common conditions such as osteoarthritis, avascular necrosis, and fractures. X-rays are cost-effective, widely available, and can provide immediate diagnostic information. If the x-ray is normal but clinical suspicion remains high, further imaging can be considered. Option A: CT scan of the hips - Incorrect: While a CT scan can provide detailed images of bone and soft tissue, it is not typically the first-line imaging modality for hip pain. CT scans are more useful for detailed bone assessment, especially in cases where there is a need to evaluate complex fractures or bone tumors. Given the initial presentation, a plain x-ray is more appropriate. Option B: MRI of the hips - Incorrect: MRI is highly sensitive and can provide detailed images of both bone and soft tissue, making it useful for diagnosing conditions like avascular necrosis, early osteoarthritis, and soft tissue injuries. However, MRI is more expensive and less readily available than x-rays. It is generally used as a follow-up if the x-ray is inconclusive or if there is a high clinical suspicion of a condition that x-rays might not detect. Option C: Radionuclide bone scan - Incorrect: A bone scan can be useful for detecting areas of increased bone turnover, such as in stress fractures or early avascular necrosis. However, it is not typically the first-line imaging study for hip pain. It is more often used when other imaging modalities are inconclusive or when there is a need to evaluate multiple areas of the skeleton. Option E: Skeletal survey - Incorrect: A skeletal survey involves multiple x-rays of the entire skeleton and is typically used to evaluate systemic conditions like multiple myeloma or widespread metastatic disease. Given the localized nature of the patient's symptoms, a skeletal survey is not indicated. In summary, a plain x-ray of the left hip is the most appropriate initial imaging study to evaluate the patient's symptoms and guide further management.",0.0022,0.0177,0.1278,0.0421,0.0235,0.0421,0.0421,0.4119,0.581,0.6679
A 2-stage screening program for ovarian cancer is being designed. Which of the following sets of sensitivity and specificity is most likely preferred for Stage 1 and Stage 2 of the program?,Which of the following sets of sensitivity and specificity is most likely preferred for Stage 1 and Stage 2 of the program?,"
A. Stage 1: High Sensitivity, Low Specificity; Stage 2: High Sensitivity, Low Specificity 
B. Stage 1: High Sensitivity, Low Specificity; Stage 2: Low Sensitivity, High Specificity 
C. Stage 1: Low Sensitivity, High Specificity; Stage 2: High Sensitivity, Low Specificity 
D. Stage 1: Low Sensitivity, High Specificity; Stage 2: Low Sensitivity, Low Specificity
",B,B,True,"In a two-stage screening program for a condition like ovarian cancer, the goal is to balance the detection of the disease (sensitivity) with the accuracy of the diagnosis (specificity) in a way that minimizes both false negatives and false positives, while also considering the practical and economic implications of the screening process. - Option A: Stage 1: High Sensitivity, Low Specificity; Stage 2: High Sensitivity, Low Specificity - Stage 1: High sensitivity is good because it ensures that most people with the disease are identified, but low specificity means many healthy individuals will be incorrectly flagged as having the disease. - Stage 2: High sensitivity again is good for ensuring that those who have the disease are not missed, but low specificity means that the number of false positives will remain high, leading to unnecessary further testing and anxiety for patients. - Overall: This option is not ideal because it would result in a high number of false positives, which is inefficient and can cause unnecessary stress and additional healthcare costs. - Option B: Stage 1: High Sensitivity, Low Specificity; Stage 2: Low Sensitivity, High Specificity - Stage 1: High sensitivity is crucial in the first stage to ensure that as many cases of ovarian cancer as possible are identified, even if it means a higher number of false positives. - Stage 2: Low sensitivity is acceptable in the second stage because the goal is to confirm the diagnosis with high specificity, ensuring that only those who truly have the disease are identified. This reduces the number of false positives from the first stage. - Overall: This option is the most balanced and practical approach. It ensures that most cases are caught in the first stage and then accurately confirmed in the second stage, minimizing the number of false positives and unnecessary follow-up. - Option C: Stage 1: Low Sensitivity, High Specificity; Stage 2: High Sensitivity, Low Specificity - Stage 1: Low sensitivity means that many cases of ovarian cancer will be missed in the first stage, which is unacceptable in a screening program. - Stage 2: High sensitivity in the second stage is good for ensuring that those who have the disease are not missed, but low specificity means that the number of false positives will be high. - Overall: This option is not ideal because it would miss too many cases in the first stage, leading to a high risk of false negatives. - Option D: Stage 1: Low Sensitivity, High Specificity; Stage 2: Low Sensitivity, Low Specificity - Stage 1: Low sensitivity means that many cases of ovarian cancer will be missed, which is unacceptable. - Stage 2: Low sensitivity and low specificity mean that the second stage would neither effectively confirm the disease nor rule it out, leading to a high number of false negatives and false positives. - Overall: This option is the least effective and would result in both missed cases and unnecessary follow-up for healthy individuals. Therefore, the best answer is B, as it provides a balanced approach to screening that maximizes the detection of ovarian cancer while minimizing the number of false positives.",0.0,0.0287,0.125,0.0679,0.0189,0.0604,0.0604,0.3796,0.5708,0.6022
"A 35-year-old woman comes to the office for follow-up of chronic pelvic pain. The patient has had deep pelvic pain since undergoing total abdominal hysterectomy and radiation therapy for treatment of cervical cancer 5 years ago. She reports constant, severe aching pain; she rates the pain at its maximum as a 10 on a 10‐point scale. The pain worsens during intercourse. All subsequent cancer follow-up has been negative. Medical history otherwise is unremarkable. The patient has taken oxycodone for her pain for 3 years, but she now reports that the oxycodone only partially relieves her pain. She requests either an increased dose of oxycodone or a change in her prescription to controlled-release morphine, which was recently given to her by a friend. She has smoked one pack of cigarettes daily for the past 15 years. She does not drink alcoholic beverages. BMI is 18 kg/m². She appears lethargic. She is oriented to person, place, and time but speaks slowly with slurred speech. Vital signs are normal. Examination of the skin shows no abnormalities. Pupils are pinpoint and react sluggishly. Which of the following is the most appropriate next step in management?",Which of the following is the most appropriate next step in management?,"
A. Inform the patient that she must find a new physician 
B. Maintain the dose of oxycodone and add naproxen 
C. Order a urine toxicology screening 
D. Report the patient's unauthorized drug use to the police 
E. Switch oxycodone to sustained-release morphine
",C,C,True,"The patient presents with a history of chronic pelvic pain, which has been managed with oxycodone for the past three years. She now requests an increase in her oxycodone dose or a switch to sustained-release morphine, which she has obtained from a friend. This situation raises concerns about potential opioid misuse or addiction, which is a significant issue in pain management. - Option A: Inform the patient that she must find a new physician - Incorrect: Dismissing the patient without addressing her pain and potential substance use issues is not an appropriate or ethical response. It could lead to the patient seeking care from less reputable sources, potentially worsening her condition and increasing the risk of harm. - Option B: Maintain the dose of oxycodone and add naproxen - Incorrect: While adding an NSAID like naproxen might help manage pain, it does not address the potential issue of opioid misuse. It is important to first rule out substance use disorders before making any changes to her pain management regimen. - Option C: Order a urine toxicology screening - Correct: This is the most appropriate next step. A urine toxicology screening can help determine if the patient is using the prescribed medications as directed and if she has used any other substances, including the sustained-release morphine she obtained from a friend. This information is crucial for making informed decisions about her pain management and addressing any potential substance use issues. - Option D: Report the patient's unauthorized drug use to the police - Incorrect: Reporting the patient to the police is not a medical or ethical response. It could damage the patient-physician relationship and may prevent the patient from seeking necessary medical care. Instead, the focus should be on addressing the patient's health and well-being through appropriate medical intervention. - Option E: Switch oxycodone to sustained-release morphine - Incorrect: Switching to a different opioid without first confirming the patient's medication use and addressing any potential substance use issues is not advisable. It could exacerbate the problem and lead to further complications. In summary, ordering a urine toxicology screening is the most appropriate next step to ensure the patient's safety and to guide the management of her chronic pain and potential substance use issues.",0.0074,0.0246,0.1797,0.0574,0.0262,0.0574,0.0574,0.4349,0.5683,0.6768
"A 35-year-old woman comes to the office for follow-up of chronic pelvic pain. The patient has had deep pelvic pain since undergoing total abdominal hysterectomy and radiation therapy for treatment of cervical cancer 5 years ago. She reports constant, severe aching pain; she rates the pain at its maximum as a 10 on a 10‐point scale. The pain worsens during intercourse. All subsequent cancer follow-up has been negative. Medical history otherwise is unremarkable. The patient has taken oxycodone for her pain for 3 years, but she now reports that the oxycodone only partially relieves her pain. She requests either an increased dose of oxycodone or a change in her prescription to controlled-release morphine, which was recently given to her by a friend. She has smoked one pack of cigarettes daily for the past 15 years. She does not drink alcoholic beverages. BMI is 18 kg/m2. She appears lethargic. She is oriented to person, place, and time but speaks slowly with slurred speech. Vital signs are normal. Examination of the skin shows no abnormalities. Pupils are pinpoint and react sluggishly. Urine toxicology screening is positive for diazepam, methadone, and oxycodone. The patient returns to the office 1 week later to discuss these results. Which of the following is the most appropriate opening remark?",Which of the following is the most appropriate opening remark?,"
A. ""I am concerned that you are abusing pain medicine. I would like for you to consider a substance use disorder treatment program."" 
B. ""I cannot be your physician any longer because of your drug use disorder. I'm going to give you 30 days to find a new physician."" 
C. ""I would like to know where you have been getting the methadone and diazepam that you are taking."" 
D. ""The test showed that you take other drugs that I have not prescribed to you. I must report this to the police.""
",A,C,False,"In this scenario, the patient has a complex medical history, including chronic pain and a history of cancer treatment, and the recent urine toxicology screening has revealed the presence of substances (methadone and diazepam) that were not prescribed by the current physician. The most appropriate approach is to engage the patient in a non-judgmental and supportive conversation to understand the full context of her medication use and to address her pain management needs effectively. Option A: ""I am concerned that you are abusing pain medicine. I would like for you to consider a substance use disorder treatment program."" - This approach is too confrontational and may alienate the patient. It assumes substance abuse without a thorough discussion and assessment, which is not appropriate in the initial conversation. It may also discourage the patient from being open about her medication use in the future. Option B: ""I cannot be your physician any longer because of your drug use disorder. I'm going to give you 30 days to find a new physician."" - This response is inappropriate and potentially harmful. It does not address the patient's needs and may leave her without necessary medical care. It also fails to provide an opportunity for the patient to explain the situation and to explore alternative treatment options. Option C: ""I would like to know where you have been getting the methadone and diazepam that you are taking."" - This is the most appropriate opening remark. It shows a willingness to understand the patient's situation and to engage in a dialogue. It allows the physician to gather more information about the patient's medication use, which is crucial for making informed decisions about her care. It also opens the door for discussing the risks and benefits of the medications and exploring safer alternatives. Option D: ""The test showed that you take other drugs that I have not prescribed to you. I must report this to the police."" - This response is inappropriate and potentially illegal. It may cause the patient to feel threatened and may prevent her from being honest about her medication use. It also does not address the patient's medical needs and may lead to a breakdown in the physician-patient relationship. In summary, Option C is the most appropriate because it promotes a supportive and non-judgmental environment, which is essential for effective patient care and management of chronic pain.",0.0069,0.0182,0.1523,0.044,0.0295,0.044,0.044,0.4265,0.5638,0.7567
"A 24-year-old woman, gravida 1, para 1, comes to the office because she and her husband have been trying to conceive for the past year without success. She gave birth to her first child at age 18 years by cesarean delivery following fetal distress. She then developed postpartum endometritis that resolved with intravenous antibiotic therapy. She used an intrauterine device (IUD) for 1 year following her first pregnancy but had the device removed because of intermenstrual bleeding. Medical history is also remarkable for chlamydial cervicitis treated with antibiotic therapy as an outpatient at age 21 years, and recurrent bacterial vaginosis that had been treated with metronidazole therapy during her pregnancy and on two other occasions. Vital signs today are within normal limits. Breast and pelvic examinations disclose no abnormalities. Hysterosalpingography shows bilateral hydrosalpinx. Which of the following factors in this patient's history most increased her risk for development of her condition?",Which of the following factors in this patient's history most increased her risk for development of her condition?,"
A. Bacterial vaginosis 
B. Cesarean delivery 
C. Chlamydial cervicitis 
D. Postpartum endometritis 
E. Use of an IUD
",C,C,True,"Chlamydial cervicitis, caused by the bacterium Chlamydia trachomatis, is a significant risk factor for the development of hydrosalpinx, which is the condition identified in the patient through hysterosalpingography. Chlamydia is a common sexually transmitted infection that can lead to serious complications if left untreated, including pelvic inflammatory disease (PID), which can cause scarring and blockage of the fallopian tubes, leading to hydrosalpinx. This condition can significantly impair fertility by preventing the egg from meeting the sperm. - A. Bacterial vaginosis: While bacterial vaginosis can cause discomfort and increase the risk of other infections, it is not a direct cause of hydrosalpinx. It is more commonly associated with changes in the vaginal flora and can increase the risk of preterm labor and other obstetric complications, but it is not the primary factor in the development of tubal damage. - B. Cesarean delivery: Cesarean delivery can increase the risk of postpartum infections, such as endometritis, but it is not a direct cause of hydrosalpinx. The risk of tubal damage from a cesarean delivery is generally lower compared to the risk from sexually transmitted infections like chlamydia. - C. Chlamydial cervicitis: This is the correct answer. Chlamydia can ascend from the cervix to the upper genital tract, causing inflammation and scarring in the fallopian tubes, which can lead to hydrosalpinx. The patient's history of chlamydial cervicitis at age 21, if not adequately treated or if the infection recurred, could have led to the development of hydrosalpinx. - D. Postpartum endometritis: Postpartum endometritis can cause significant inflammation and infection in the uterus, but it is less likely to directly cause hydrosalpinx. While it can contribute to overall reproductive tract health issues, the primary risk for hydrosalpinx in this case is more likely related to the chlamydial infection. - E. Use of an IUD: The use of an IUD can sometimes be associated with an increased risk of pelvic infections, particularly in the first few weeks after insertion. However, the patient's IUD was removed due to intermenstrual bleeding, and there is no indication that it led to a significant infection that could have caused hydrosalpinx. The risk of IUD-related complications is generally low, and it is not the primary factor in this patient's condition. In summary, the patient's history of chlamydial cervicitis is the most significant factor in the development of her bilateral hydrosalpinx, as it can directly cause tubal damage and obstruction.",0.0,0.0312,0.233,0.0767,0.0386,0.0624,0.0624,0.441,0.571,0.6521
"Patient Information Age: 62 years Gender: M, self-identified Ethnicity: white, self-identified Site of Care: office History Reason for Visit/Chief Concern: ""My legs hurt when I walk, and it's getting worse."" History of Present Illness: 3-month history of worsening leg pain, pain exacerbated by walking; peak intensity after 1 block, pain resolves completely with rest, pain rated 4/10 at worst Past Medical History: hypertension, mild angina, type 2 diabetes mellitus Medications: lisinopril, metoprolol, furosemide, glyburide, lovastatin Allergies: no known drug allergies Psychosocial History: has smoked one-half pack of cigarettes daily for 44 years Physical Examination Temp 36.0°C (96.8°F) Pulse 72/min Resp 14/min BP 140/90 mmHg O2Sat - Height 164 cm (5 ft 5 in) Weight 90 kg (198 lb) BMI 33 kg/m² Appearance: no acute distress HEENT: funduscopic shows grade 2/4 arteriovenous nicking Neck: no jugular venous distention Pulmonary: clear to auscultation; mildly diminished lung sounds Cardiac: no bruits; distant heart sounds Abdominal: obese; no tenderness, guarding, masses, bruits, or hepatosplenomegaly Extremities: no joint erythema, edema, or warmth; no hair on toes; no femoral bruits; dorsalis pedis, radial, and femoral pulses intact Neurologic: sensation to vibration intact Question: Which of the following is the most appropriate diagnostic study?","8°F) Pulse 72/min Resp 14/min BP 140/90 mmHg O2Sat - Height 164 cm (5 ft 5 in) Weight 90 kg (198 lb) BMI 33 kg/m² Appearance: no acute distress HEENT: funduscopic shows grade 2/4 arteriovenous nicking Neck: no jugular venous distention Pulmonary: clear to auscultation; mildly diminished lung sounds Cardiac: no bruits; distant heart sounds Abdominal: obese; no tenderness, guarding, masses, bruits, or hepatosplenomegaly Extremities: no joint erythema, edema, or warmth; no hair on toes; no femoral bruits; dorsalis pedis, radial, and femoral pulses intact Neurologic: sensation to vibration intact Question: Which of the following is the most appropriate diagnostic study?","
A. Ankle brachial index 
B. Arteriography 
C. ECG 
D. Echocardiography 
E. MUGA scan
",A,A,True,"The patient's history and physical examination suggest a diagnosis of peripheral artery disease (PAD), which is characterized by leg pain (claudication) that occurs with activity and is relieved by rest. The pain is typically described as a cramping sensation in the calf, thigh, or buttocks and is a result of reduced blood flow to the muscles during exercise. Option A: Ankle brachial index (ABI) - Correct: The ABI is a non-invasive test that compares the blood pressure in the ankles to the blood pressure in the arms. A lower ABI (typically <0.9) indicates the presence of PAD. This test is the first-line diagnostic tool for suspected PAD because it is simple, cost-effective, and highly accurate in diagnosing the condition. Option B: Arteriography - Incorrect: Arteriography is an invasive imaging test that involves injecting a contrast dye into the arteries to visualize blood flow. While it can provide detailed information about the location and extent of arterial blockages, it is generally reserved for patients who are candidates for intervention (e.g., angioplasty or stenting) or when non-invasive tests are inconclusive. It is not the first-line diagnostic test for PAD. Option C: ECG (Electrocardiogram) - Incorrect: An ECG is used to assess the electrical activity of the heart and can help diagnose conditions such as arrhythmias, myocardial infarction, and ischemia. While the patient has a history of mild angina, the chief concern is leg pain, which is more likely related to PAD. An ECG would not be the most appropriate initial test for diagnosing PAD. Option D: Echocardiography - Incorrect: Echocardiography is an imaging test that uses ultrasound to evaluate the structure and function of the heart. It is useful for diagnosing conditions such as valvular heart disease, cardiomyopathy, and heart failure. However, it is not relevant to the diagnosis of PAD, which is a vascular condition affecting the lower extremities. Option E: MUGA scan (Multiple Gated Acquisition Scan) - Incorrect: A MUGA scan is a nuclear imaging test that assesses the function of the heart, particularly the ejection fraction. It is used to evaluate the heart's pumping ability and can be useful in patients with known or suspected heart failure. However, it is not relevant to the diagnosis of PAD, which is a condition affecting the peripheral arteries. In summary, the most appropriate diagnostic study for this patient with suspected PAD is the ankle brachial index (ABI).",0.0044,0.0844,0.1622,0.0713,0.0239,0.0594,0.0594,0.4791,0.4706,0.5115
"In determining the usefulness of a D-dimer assay in ruling out pulmonary embolism as a diagnosis in a 27-year-old woman with pleuritic chest pain and nonproductive cough, a recent study in the medical literature is reviewed. The study evaluates the use of D-dimer assay in 1500 patients (705 female and 795 male) ranging in age from 19 years to 57 years (mean age is 36 years), whose examining physicians had a low clinical suspicion that the patients had pulmonary embolism. All patients in the study underwent a D-dimer assay, followed by CT angiography of the chest to confirm or exclude the diagnosis of pulmonary embolism. Study results are shown: D-Dimer Positive and CT Angiography Positive: 88 D-Dimer Negative and CT Angiography Positive: 0 D-Dimer Positive and CT Angiography Negative: 312 D-Dimer Negative and CT Angiography Negative: 1100 Total CT Angiography Positive: 88 Total CT Angiography Negative: 1412 Total D-Dimer Positive: 400 Total D-Dimer Negative: 1100 Which of the following is the most appropriate conclusion about this data in regard to patients with low clinical suspicion for pulmonary embolism?",Study results are shown: D-Dimer Positive and CT Angiography Positive: 88 D-Dimer Negative and CT Angiography Positive: 0 D-Dimer Positive and CT Angiography Negative: 312 D-Dimer Negative and CT Angiography Negative: 1100 Total CT Angiography Positive: 88 Total CT Angiography Negative: 1412 Total D-Dimer Positive: 400 Total D-Dimer Negative: 1100 Which of the following is the most appropriate conclusion about this data in regard to patients with low clinical suspicion for pulmonary embolism?,"
A. D-Dimer assay results should be used to determine the need for ordering CT angiography for patients suspected of having a pulmonary embolism 
B. False-negative D-dimer assay results are common in patients with confirmed pulmonary embolism 
C. False-positive D-dimer assay results are rarely encountered 
D. A negative D-dimer assay has a high negative predictive value for excluding the diagnosis of pulmonary embolism 
E. A positive D-Dimer assay has a high positive predictive value for diagnosing pulmonary embolism
",D,D,True,"To determine the most appropriate conclusion from the data provided, we need to analyze the sensitivity, specificity, positive predictive value (PPV), and negative predictive value (NPV) of the D-dimer assay in the context of diagnosing pulmonary embolism (PE). 1. Sensitivity (True Positive Rate): This measures the proportion of actual positives that are correctly identified by the test. - Sensitivity = (True Positives) / (True Positives + False Negatives) - Sensitivity = 88 / (88 + 0) = 100% 2. Specificity (True Negative Rate): This measures the proportion of actual negatives that are correctly identified by the test. - Specificity = (True Negatives) / (True Negatives + False Positives) - Specificity = 1100 / (1100 + 312) = 78.07% 3. Positive Predictive Value (PPV): This measures the probability that subjects with a positive test result truly have the disease. - PPV = (True Positives) / (True Positives + False Positives) - PPV = 88 / (88 + 312) = 22.05% 4. Negative Predictive Value (NPV): This measures the probability that subjects with a negative test result truly do not have the disease. - NPV = (True Negatives) / (True Negatives + False Negatives) - NPV = 1100 / (1100 + 0) = 100% Now, let's evaluate each option: A. D-Dimer assay results should be used to determine the need for ordering CT angiography for patients suspected of having a pulmonary embolism: - This is a general statement and does not directly address the specific findings of the study. While the D-dimer assay can be useful, the study's data specifically highlights its role in patients with low clinical suspicion. B. False-negative D-dimer assay results are common in patients with confirmed pulmonary embolism: - This is incorrect. The study shows that there were no false-negative results (0 out of 88 confirmed PEs had a negative D-dimer). C. False-positive D-dimer assay results are rarely encountered: - This is incorrect. The study shows that false-positive results are relatively common, with 312 out of 400 positive D-dimer results being false positives. D. A negative D-dimer assay has a high negative predictive value for excluding the diagnosis of pulmonary embolism: - This is correct. The NPV is 100%, meaning that if the D-dimer is negative, the patient can be confidently ruled out for PE, especially in a low-suspicion setting. E. A positive D-Dimer assay has a high positive predictive value for diagnosing pulmonary embolism: - This is incorrect. The PPV is only 22.05%, which is relatively low, indicating that a positive D-dimer does not strongly confirm the presence of PE. Therefore, the most appropriate conclusion based on the data is that a negative D-dimer assay has a high negative predictive value for excluding the diagnosis of pulmonary embolism, especially in patients with low clinical suspicion.",0.0055,0.0814,0.3241,0.2239,0.0659,0.1467,0.1467,0.5285,0.4516,0.5245
"A 45-year-old man is admitted to the hospital because of a 6-hour history of bilateral vision loss. He is otherwise asymptomatic. He has no history of serious illness and takes no medications. Vital signs are within normal limits. Physical examination findings are consistent with psychogenic blindness. A medical student on the patient's treatment team suggests to the attending physician that they administer a placebo 0.9% saline injection to the patient but tell the patient it is a new medication that will ""confirm a diagnosis of blindness by temporarily recovering your vision."" Which of the following best describes the appropriateness of the medical student's suggestion?",""" Which of the following best describes the appropriateness of the medical student's suggestion?","
A. It is appropriate because it can prove that the patient is not blind 
B. It is appropriate because the medical student's intent is to help the patient 
C. It is inappropriate because it is invasive and could be painful 
D. It is inappropriate because the physician would not be stating the truth 
E. It is inappropriate without the approval of the hospital ethics committee
",D,D,True,"The medical student's suggestion to administer a placebo 0.9% saline injection while misleading the patient about its nature and purpose is ethically inappropriate. Here's a detailed analysis of each option: A. It is appropriate because it can prove that the patient is not blind. - This option is incorrect. While the placebo might reveal that the patient's vision loss is psychogenic, the ethical implications of deceiving the patient outweigh the potential diagnostic benefit. Additionally, there are other, more ethical methods to assess psychogenic vision loss, such as psychological evaluation and supportive communication. B. It is appropriate because the medical student's intent is to help the patient. - This option is incorrect. Although the medical student's intent may be to help the patient, the means of achieving this goal are ethically problematic. Intentions do not justify unethical actions, especially when they involve deception and a breach of trust between the patient and the healthcare provider. C. It is inappropriate because it is invasive and could be painful. - This option is incorrect. While the injection itself is minimally invasive and generally not painful, this is not the primary ethical concern. The main issue is the deception involved in the administration of the placebo. D. It is inappropriate because the physician would not be stating the truth. - This option is correct. The primary ethical concern is the violation of the principle of informed consent and the trust between the patient and the healthcare provider. Deception in medical practice is generally considered unethical because it undermines the patient's autonomy and can erode trust in the healthcare system. E. It is inappropriate without the approval of the hospital ethics committee. - This option is incorrect. While it is true that complex ethical issues should be discussed with an ethics committee, the fundamental problem here is the act of deception itself, which is inherently unethical. Seeking approval from an ethics committee does not make the act of deceiving the patient ethically acceptable. In summary, the correct answer is D because the primary ethical issue is the physician's failure to be truthful with the patient, which is a fundamental breach of medical ethics.",0.0,0.0201,0.1099,0.0533,0.0322,0.0427,0.0427,0.4468,0.5796,0.6399
"A 5-week-old infant is brought to the office by his mother for an initial well-child visit. He was born at 37 weeks' gestation via cesarean delivery because of chorioamnionitis. The infant had fetal distress that was documented by fetal monitoring during labor. The mother became jaundiced in the immediate postpartum period and was found to have hepatitis C (HCV) and HIV infection. She is unaware of her hepatitis B (HBV) status but knows that her son received the hepatitis B vaccination on the second day of life. The infant's weight today is 3912 g (8 lb 10 oz); physical examination shows no abnormalities. The mother wants to know what chance her child has of having contracted HIV or HCV infection from her. The risk for vertical transmission of HIV is approximately 20%. The mother is advised and appropriate management is planned for the infant regarding HIV. To determine the risk of HCV transmission, a recently published study of risk factors for perinatal transmission of HCV in 155 mothers coinfected with HIV and HCV is reviewed. Results of the study are shown: Association of Gestational and Infant Factors With Mother-to-Infant HCV Transmission 155 Mothers with HIV and HCV Infection Factor: Gestational Age <37 weeks - HCV Transmission 8.4%, RR 1.0, 95% CI - Factor: Gestational Age ≥37 weeks - HCV Transmission 8.3%, RR 0.99, 95% CI 0.32 to 3.06, p Value 0.99 Factor: No Cesarean Delivery - HCV Transmission 6.0%, RR 1.0, 95% CI - Factor: With Cesarean Delivery - HCV Transmission 13.3%, RR 2.21, 95% CI 0.69 to 7.06, p Value0.24 Factor: No Chorioamnionitis - HCV Transmission 7.0%, RR 1.0, 95% CI - Factor: With Chorioamnionitis - HCV Transmission 33.3%, RR 4.77, 95% CI 0.86 to 26.3, p Value 0.21 Factor: Did not use Fetal Electrode - HCV Transmission 7.0%, RR 1.0, 95% CI — Factor: Used of Fetal Electrode - HCV Transmission 3.3%, RR 0.66, 95% CI 0.09 to 4.89, p Value 0.99 Factor: Infant Not HIV-infected - HCV Transmission 5.4%, RR 1.0 95% CI — Factor: Infant HIV-infected - HCV Transmission 17.1%, RR 3.19, 95% CI 1.14 to 8.93, p Value 0.04 RR=relative risk; CI=confidence interval Based on these data, which of the following is the most appropriate conclusion regarding the five potential risk factors for transmission of HCV?","04 RR=relative risk; CI=confidence interval Based on these data, which of the following is the most appropriate conclusion regarding the five potential risk factors for transmission of HCV?","
A. All factors appeared to have an effect on HCV transmission 
B. Fetal electrode monitoring was protective against HCV 
C. Infant HIV infection was the only significantly associated factor 
D. Maternal chorioamnionitis was the most significantly associated factor 
E. No factor was significantly associated
",C,C,True,"- Option A: All factors appeared to have an effect on HCV transmission - This is incorrect. The data provided show that only one factor, infant HIV infection, had a statistically significant association with HCV transmission. The p-value for infant HIV infection is 0.04, which is below the conventional threshold of 0.05 for statistical significance. The other factors, including gestational age, cesarean delivery, chorioamnionitis, and fetal electrode use, did not have statistically significant p-values (all p-values > 0.05). - Option B: Fetal electrode monitoring was protective against HCV - This is incorrect. The relative risk (RR) for HCV transmission in infants who had fetal electrode monitoring is 0.66, with a 95% confidence interval (CI) of 0.09 to 4.89. The p-value is 0.99, which is not statistically significant. Therefore, there is no evidence to suggest that fetal electrode monitoring is protective against HCV transmission. - Option C: Infant HIV infection was the only significantly associated factor - This is correct. The relative risk (RR) for HCV transmission in infants who are HIV-infected is 3.19, with a 95% confidence interval (CI) of 1.14 to 8.93. The p-value is 0.04, which is statistically significant. This indicates that infant HIV infection is a significant risk factor for HCV transmission. - Option D: Maternal chorioamnionitis was the most significantly associated factor - This is incorrect. While the relative risk (RR) for HCV transmission in infants whose mothers had chorioamnionitis is 4.77, the 95% confidence interval (CI) is 0.86 to 26.3, and the p-value is 0.21, which is not statistically significant. Therefore, maternal chorioamnionitis is not a significantly associated factor. - Option E: No factor was significantly associated - This is incorrect. As mentioned, infant HIV infection is the only factor that showed a statistically significant association with HCV transmission (p-value = 0.04). In conclusion, the correct answer is C, as infant HIV infection is the only factor that was significantly associated with HCV transmission in the provided data.",0.0,0.0623,0.1721,0.126,0.022,0.0877,0.0877,0.4276,0.5783,0.6309
"A 45-year-old man comes to the community health center because of a 1-week history of fever, chills, sweating, mild shortness of breath, and nonproductive cough. Medical history is remarkable for AIDS and pneumonia 3 years ago that required hospitalization. Today, he says that he lost his job 6 months ago and cannot afford to buy his antiretroviral medications. Vital signs are temperature 38.6°C (101.5°F), pulse 82/min, respirations 20/min, and blood pressure 116/72 mmHg. Pulse oximetry on room air shows an oxygen saturation of 97%. The health center is very busy with several patients waiting to be evaluated. Which of the following is the most appropriate next step?",Which of the following is the most appropriate next step?,"
A. Arrange a direct admission to the hospital for this patient 
B. Continue with obtaining a thorough history and examining this patient 
C. Place masks on the patient and yourself and then continue to evaluate him 
D. Send this patient for chest x-rays, and while they are being obtained examine the next patient
",C,C,True,"In this scenario, the patient presents with a history of AIDS, a recent history of pneumonia, and current symptoms that suggest a possible respiratory infection, including fever, chills, sweating, mild shortness of breath, and a nonproductive cough. Given the patient's immunocompromised status due to AIDS and the potential for a serious respiratory infection, it is crucial to take appropriate precautions to prevent the spread of any infectious agents, especially in a busy community health center. Option A: Arrange a direct admission to the hospital for this patient - This option is not the most appropriate first step. While the patient's symptoms and history are concerning, and hospitalization might eventually be necessary, the immediate next step should be to ensure the safety of the patient and others in the clinic. Arranging hospital admission without initial evaluation and infection control measures could lead to unnecessary exposure to other patients and staff. Option B: Continue with obtaining a thorough history and examining this patient - This option is partially correct but lacks the necessary infection control measures. Continuing with the history and examination is important, but it should be done with appropriate precautions to prevent the spread of any potential infectious agents. Option C: Place masks on the patient and yourself and then continue to evaluate him - This is the most appropriate next step. Placing masks on both the patient and the healthcare provider is a crucial infection control measure, especially in a setting where there are other patients waiting. This action helps to reduce the risk of airborne transmission of respiratory pathogens. After ensuring proper infection control, the healthcare provider can then proceed with a thorough history and physical examination to determine the severity of the patient's condition and the need for further interventions, including possible hospitalization. Option D: Send this patient for chest x-rays, and while they are being obtained examine the next patient - This option is not ideal. Sending the patient for chest x-rays without first implementing infection control measures could expose other patients and staff in the radiology department to potential pathogens. Additionally, the healthcare provider should not move on to the next patient without first ensuring that the current patient is being managed safely and appropriately. In summary, the most appropriate next step is to place masks on the patient and the healthcare provider to prevent the spread of infection, followed by a thorough evaluation of the patient's condition.",0.0068,0.0181,0.1407,0.0386,0.0291,0.0386,0.0386,0.4303,0.55,0.6323
"A 45-year-old man comes to the office for a follow-up examination 2 days after he was seen in the emergency department for a generalized tonic-clonic seizure. He was prescribed chlordiazepoxide upon being discharged but did not fill the prescription. The patient says that this was his third seizure in the past 2 years; prior to that he had no history of seizures. Medical history is also remarkable for a 10-year history of daily ingestion of two six-packs of beer. He has not had any alcoholic beverages for the past 5 days. He takes no medications. The patient says that his seizures usually occur after he abstains from alcohol for a period of time. Vital signs are normal. Physical examination shows scattered spider angiomata on his chest and abdomen. Liver is enlarged, smooth, and nontender. CT scan of the head with contrast done in the emergency department 2 days ago showed no abnormalities. Which of the following is the most appropriate next step?",Which of the following is the most appropriate next step?,"
A. Lumbar puncture for examination of cerebrospinal fluid 
B. MRI of the brain 
C. Repeat CT scan of the head in 1 week 
D. Sleep-deprived electroencephalography 
E. No further evaluation is necessary
",E,D,False,"The patient's history of chronic alcohol use, recent abstinence, and a pattern of seizures occurring after periods of alcohol withdrawal strongly suggests alcohol withdrawal seizures. However, given that this is his third seizure in the past two years and that he has a history of chronic alcohol use, it is important to rule out other potential causes of seizures, such as epilepsy or other neurological conditions. Option A: Lumbar puncture for examination of cerebrospinal fluid - Incorrect: A lumbar puncture is typically indicated if there is suspicion of central nervous system infection, subarachnoid hemorrhage, or other conditions that might be detected in the cerebrospinal fluid. Given the patient's history and the absence of signs of infection or hemorrhage, a lumbar puncture is not the most appropriate next step. Option B: MRI of the brain - Incorrect: While an MRI can provide more detailed images of the brain and might be useful in detecting structural abnormalities, it is not the first-line test in this scenario. The patient has already had a normal CT scan, and the history and physical examination do not suggest a specific structural lesion that would require an MRI. Option C: Repeat CT scan of the head in 1 week - Incorrect: A repeat CT scan is not necessary at this point. The initial CT scan was normal, and there is no indication of a new or evolving lesion that would require another scan in a week. This would be more appropriate if there were new symptoms or if the initial scan was inconclusive. Option D: Sleep-deprived electroencephalography (EEG) - Correct: A sleep-deprived EEG is a useful diagnostic tool in patients with suspected epilepsy or to evaluate the electrical activity of the brain in the context of seizures. It can help differentiate between different types of seizures and can be particularly useful in patients with a history of alcohol use, as it can detect subclinical seizure activity or interictal abnormalities. Given the patient's history of multiple seizures and the need to rule out epilepsy, a sleep-deprived EEG is the most appropriate next step. Option E: No further evaluation is necessary - Incorrect: While the patient's history strongly suggests alcohol withdrawal seizures, it is important to rule out other potential causes, especially given the recurrence of seizures. No further evaluation is not appropriate without additional testing to confirm the diagnosis and rule out other conditions. In summary, a sleep-deprived EEG is the most appropriate next step to evaluate the patient's seizure activity and to rule out other potential causes of seizures.",0.0065,0.0172,0.1347,0.0366,0.0276,0.0366,0.0366,0.4083,0.5413,0.6354
"A case-control study is conducted to assess risk factors predicting inpatient mortality among geriatric patients with community-acquired pneumonia. Results of the study include the odds ratios shown below, which were calculated from a multivariable logistic regression equation: Predictor Variables: Hypotension (systolic blood pressure ≤100 mm Hg) - Odds Ratio: 3.32, 95% CI (1.65 to 5.11) Hypoxemia (PO2 ≤ 50 mm Hg) - Odds Ratio: 2.43, 95% CI (1.55 to 3.32) Lung infiltrate present on chest x-ray at time of admission - Odds Ratio: 1.35, 95% CI (0.76 to 2.24) When the other covariates are controlled, which of the following is the most appropriate conclusion regarding these data?","24) When the other covariates are controlled, which of the following is the most appropriate conclusion regarding these data?","
A. The risk for inpatient mortality is greater for patients with hypotension than for those without hypotension 
B. The risk for inpatient mortality is increased more by hypoxemia than by hypotension 
C. The risk for inpatient mortality is increased when there is a pulmonary infiltrate present on chest x-ray at the time of admission 
D. The risk for inpatient mortality is significantly affected by all of these predictor variables
",A,A,True,"A. The risk for inpatient mortality is greater for patients with hypotension than for those without hypotension. - This is the correct answer. The odds ratio for hypotension is 3.32, with a 95% confidence interval (CI) of 1.65 to 5.11. This indicates that patients with hypotension (systolic blood pressure ≤100 mm Hg) have a 3.32 times higher odds of inpatient mortality compared to those without hypotension, and this association is statistically significant (since the CI does not include 1). B. The risk for inpatient mortality is increased more by hypoxemia than by hypotension. - This is incorrect. While hypoxemia (PO2 ≤ 50 mm Hg) is associated with an increased risk of inpatient mortality (odds ratio of 2.43, 95% CI 1.55 to 3.32), the increase in risk is not as high as that associated with hypotension. The odds ratio for hypotension (3.32) is higher than that for hypoxemia (2.43), indicating that hypotension has a stronger association with inpatient mortality. C. The risk for inpatient mortality is increased when there is a pulmonary infiltrate present on chest x-ray at the time of admission. - This is incorrect. The odds ratio for the presence of a lung infiltrate on chest x-ray at admission is 1.35, with a 95% CI of 0.76 to 2.24. Since the CI includes 1, this association is not statistically significant, meaning that the presence of a lung infiltrate does not significantly increase the risk of inpatient mortality. D. The risk for inpatient mortality is significantly affected by all of these predictor variables. - This is incorrect. While hypotension and hypoxemia are significantly associated with inpatient mortality (as their CIs do not include 1), the presence of a lung infiltrate on chest x-ray is not significantly associated with inpatient mortality (as its CI includes 1). Therefore, not all predictor variables significantly affect the risk of inpatient mortality. In summary, the most appropriate conclusion based on the provided data is that the risk for inpatient mortality is greater for patients with hypotension than for those without hypotension.",0.0026,0.0334,0.1819,0.0712,0.022,0.0548,0.0548,0.3962,0.5268,0.625
"A 38-year-old man comes to the office because of a 2-month history of intermittent episodes of hot flushes, chest discomfort, and excessive sweating, with associated panic. The episodes have been increasing in frequency and now are occurring daily. The patient says there is no specific precipitating cause of the episodes, but he has noticed that the episodes occur most frequently in the afternoon. He does not have any new stressors in his life. Medical history is significant for hypertension and type 2 diabetes mellitus. Medications are lisinopril and metformin. Family history is significant for hyperparathyroidism in an aunt and the death of an uncle from medullary thyroid cancer. The patient's BMI is 33 kg/m². Vital signs are temperature 36.9°C (98.4°F), pulse 74/min, respirations 18/min, and blood pressure 138/92 mm Hg. Physical examination discloses no abnormalities. Results of serum laboratory studies are shown: Calcium 9.8 mg/dL Urea nitrogen 15 mg/dL Creatinine 1.0 mg/dL Na+ 140 mEq/L K+ 3.8 mEq/L Cl− 102 mEq/L HCO3 −28 mEq/L ECG shows no abnormalities. Which of the following is the most appropriate diagnostic study at this time?",Which of the following is the most appropriate diagnostic study at this time?,"
A. Plasma renin activity 
B. Serum aldosterone concentration 
C. Serum free metanephrine concentration 
D. Serum parathyroid hormone concentration 
E. No study is indicated
",C,C,True,"The patient's symptoms of hot flushes, chest discomfort, excessive sweating, and associated panic, especially in the context of a family history of hyperparathyroidism and medullary thyroid cancer, raise the possibility of a pheochromocytoma, a rare tumor that arises from the adrenal medulla and can secrete catecholamines, leading to episodic hypertension and symptoms similar to those described. - Option C (Serum free metanephrine concentration): This is the most appropriate diagnostic test in this scenario. Elevated levels of free metanephrines in the blood are highly specific for pheochromocytoma and can help confirm the diagnosis. Given the patient's symptoms and family history, this test is crucial to rule out or confirm the presence of a pheochromocytoma. - Option A (Plasma renin activity): This test is typically used to evaluate the renin-angiotensin-aldosterone system, which is more relevant in the context of primary aldosteronism or other causes of hypertension. While the patient has hypertension, the symptoms and family history point more strongly towards a pheochromocytoma. - Option B (Serum aldosterone concentration): This test is also used to evaluate the renin-angiotensin-aldosterone system, particularly in the context of primary aldosteronism, which can cause hypertension and hypokalemia. However, the patient's symptoms and family history do not suggest primary aldosteronism as the primary cause. - Option D (Serum parathyroid hormone concentration): This test is used to evaluate parathyroid function and is relevant in the context of hyperparathyroidism. While the patient has a family history of hyperparathyroidism, the symptoms described are more consistent with a pheochromocytoma. Additionally, the serum calcium level is within the normal range, which reduces the likelihood of hyperparathyroidism being the cause of the symptoms. - Option E (No study is indicated): This is incorrect because the patient's symptoms and family history suggest a need for further investigation to rule out a potentially serious condition like pheochromocytoma. Therefore, the most appropriate diagnostic study at this time is the serum free metanephrine concentration.",0.0168,0.0306,0.2523,0.0725,0.0547,0.0725,0.0725,0.4413,0.5786,0.7487
"A 19-year-old woman is referred to the office by her counselor for evaluation of possible depression. The counselor describes the patient as polite, conscientious, cooperative, open to therapy, and always present and on time for her weekly sessions. The patient's relationship with her high school boyfriend ended 6 months ago. She had dated him through high school, and he had ""looked out for her as a friend"" since the 6th grade. She says, ""I feel helpless and don't know what to do without him."" She admits that she often cannot make decisions, such as whether to go to college. She says, ""I always mess things up."" She is still sad and often tearful about her ex-boyfriend, but she has not had alterations in her sleep habits, appetite, weight, or energy level. She has not had any thoughts about death. Medical history is unremarkable and she takes no medications. BMI is 24 kg/m². Vital signs are normal and physical examination discloses no abnormalities. Which of the following is the most appropriate initial response to this patient's self-deprecating description?",Which of the following is the most appropriate initial response to this patient's self-deprecating description?,"
A. ""College is full of many great once-in-a-lifetime opportunities. You should go."" 
B. ""Everyone makes mistakes. In your case, though, that doesn't mean you always mess things up."" 
C. ""If you find yourself needing some guidance, call me."" 
D. ""You're overreacting. You just need to give it a little more time.""
",B,B,True,"Option B, ""Everyone makes mistakes. In your case, though, that doesn't mean you always mess things up,"" is the most appropriate initial response to the patient's self-deprecating description. This response acknowledges the patient's feelings and provides a gentle challenge to her negative self-perception, which is a common feature in individuals with depressive symptoms. It also avoids dismissing her feelings or making assumptions about her future decisions, which can be validating and supportive. Option A, ""College is full of many great once-in-a-lifetime opportunities. You should go,"" is not the best initial response because it jumps to a specific recommendation without addressing the patient's underlying emotional state and self-deprecating thoughts. While college might be a good option, the patient's current emotional state and indecision need to be addressed first. Option C, ""If you find yourself needing some guidance, call me,"" is a supportive statement but does not directly address the patient's immediate self-deprecating thoughts. It is a good follow-up statement but not the best initial response. Option D, ""You're overreacting. You just need to give it a little more time,"" is inappropriate because it dismisses the patient's feelings and suggests that her emotional response is exaggerated. This can be invalidating and may make the patient feel misunderstood or unsupported, which is counterproductive in a therapeutic setting. In summary, Option B is the most appropriate initial response as it validates the patient's feelings while gently challenging her negative self-perception, which is crucial in the context of potential depression.",0.0143,0.0424,0.2837,0.1143,0.0719,0.0857,0.0857,0.5113,0.5981,0.7044
"A 35-year-old man comes to the office because of 1-week history of mid low back pain that radiates down his right leg. The pain began after the patient lifted a heavy box onto his truck. He rates his current pain as an 8 on a 10-point scale. He has been unable to find a comfortable position and has been sleeping in a recliner. Medical history is unremarkable and he takes no medications. He has smoked one pack of cigarettes daily for the past 25 years, and he drinks a six-pack of beer on Friday and Saturday nights. BMI is 27 kg/m². He appears uncomfortable and stands during the physical examination. Vital signs are normal. Straight-leg raise test is positive on the right, with loss of right ankle reflex. The remainder of the physical examination discloses no abnormalities. Which of the following is the most likely explanation for this patient’s symptoms?",Which of the following is the most likely explanation for this patient’s symptoms?,"
A. Displacement of the nucleus pulposus 
B. Hypertrophy of the facet joints 
C. Osteophyte formation 
D. Spondylolisthesis 
E. Thickening of ligamentum flavum
",A,A,True,"The patient's symptoms, particularly the mid low back pain radiating down the right leg, the positive straight-leg raise test, and the loss of the right ankle reflex, are highly suggestive of a herniated lumbar disc, which is often due to the displacement of the nucleus pulposus. Here's a detailed explanation of why this is the most likely diagnosis and why the other options are less likely: A. Displacement of the nucleus pulposus (Correct Answer): - Symptoms: The displacement of the nucleus pulposus (herniated disc) can compress the spinal nerve roots, leading to radicular pain that radiates down the leg. The positive straight-leg raise test and the loss of the right ankle reflex (S1 nerve root) are classic signs of a herniated disc at the L5-S1 level. - Mechanism: Lifting a heavy box can cause increased intradiscal pressure, leading to a herniation of the nucleus pulposus through a weakened annulus fibrosus. B. Hypertrophy of the facet joints (Incorrect): - Symptoms: Facet joint hypertrophy can cause mechanical back pain, but it typically does not cause radicular symptoms or a positive straight-leg raise test. The pain is usually localized to the back and may worsen with extension. - Mechanism: Facet joint hypertrophy is more common in older patients and is often associated with degenerative changes in the spine. C. Osteophyte formation (Incorrect): - Symptoms: Osteophytes (bone spurs) can cause spinal stenosis and radicular symptoms, but they are more likely to cause chronic, gradual onset of symptoms rather than an acute onset after a specific event like lifting a heavy box. - Mechanism: Osteophytes are bony outgrowths that can narrow the spinal canal or foramina, but they typically develop over time and are more common in older patients with degenerative disc disease. D. Spondylolisthesis (Incorrect): - Symptoms: Spondylolisthesis, where one vertebra slips forward over another, can cause back pain and radicular symptoms, but it is usually associated with a history of trauma or degenerative changes. The pain is often worse with activity and relieved by rest. - Mechanism: Spondylolisthesis can be congenital or acquired and is more likely to cause chronic symptoms rather than an acute onset after a specific event. E. Thickening of ligamentum flavum (Incorrect): - Symptoms: Thickening of the ligamentum flavum can contribute to spinal stenosis, leading to back pain and radicular symptoms, but it is typically a chronic condition that develops over time. It is less likely to cause an acute onset of symptoms after a specific event. - Mechanism: The ligamentum flavum is a ligament that connects the laminae of the vertebrae and can thicken due to degenerative changes, leading to spinal stenosis. In summary, the patient's acute onset of mid low back pain radiating down the right leg, positive straight-leg raise test, and loss of the right ankle reflex are most consistent with a herniated lumbar disc (displacement of the nucleus pulposus).",0.0018,0.0163,0.0868,0.0494,0.0248,0.037,0.037,0.3925,0.5461,0.5911
"A 71-year-old woman is brought to the emergency department by her daughter for evaluation of her mental status. The daughter says, ""I visited mom today for the first time in 6 months; her memory has worsened, her bills are unpaid, and her house is unusually messy."" The patient says, ""I'm perfectly healthy."" Medical history is significant for hypertension diagnosed more than 25 years ago, and two small strokes occurring 3 years and 7 months ago. The daughter gives you three empty medicine bottles from her mother's home: metoprolol, hydrochlorothiazide, and aspirin. The patient is 165 cm (5 ft 5 in) tall and weighs 59 kg (130 lb); BMI is 22 kg/m². Vital signs are temperature 36.4°C (97.6°F), pulse 76/min, respirations 16/min, and blood pressure 196/112 mm Hg. Pulse oximetry on room air shows an oxygen saturation of 93%. Muscle strength in her left hand is 1/5. Strength in the right extremities is 4/5. The patient is oriented only to self; she does not know the day of the week or today's date. She recalls 0 of 3 words at 5 minutes, and she is unable to name 2 objects, correctly draw interlocking pentagons, or count backwards by serial sevens. Complete blood count, renal function studies, liver function studies, and urinalysis are all within the reference ranges. ECG shows no abnormalities. Which of the following is the most likely underlying cause of the patient's symptoms?",Which of the following is the most likely underlying cause of the patient's symptoms?,"
A. Alzheimer disease 
B. Amyotrophic lateral sclerosis 
C. Cortical basal ganglionic degeneration 
D. Neurosyphilis 
E. Vascular dementia
",E,E,True,"The patient's history and clinical presentation strongly suggest vascular dementia as the underlying cause of her symptoms. Here's a detailed analysis of why this is the most likely diagnosis and why the other options are less likely: 1. Vascular Dementia (E): - History of Hypertension and Strokes: The patient has a long history of hypertension and has experienced two small strokes in the past. Hypertension is a significant risk factor for vascular dementia, and the occurrence of multiple strokes can lead to cognitive decline and physical impairments. - Cognitive and Physical Symptoms: The patient exhibits cognitive decline (memory loss, disorientation, inability to recall words, and perform complex tasks) and physical symptoms (left hand muscle weakness). These symptoms are consistent with the effects of cerebrovascular disease, which can cause both cognitive and motor deficits. - Blood Pressure: The patient's high blood pressure (196/112 mm Hg) further supports the diagnosis of vascular dementia, as uncontrolled hypertension can lead to further cerebrovascular damage. 2. Alzheimer's Disease (A): - Less Likely: While Alzheimer's disease can cause similar cognitive symptoms, the presence of a history of strokes and hypertension makes vascular dementia more likely. Alzheimer's disease typically presents with a more gradual and insidious onset of cognitive decline, without a clear history of cerebrovascular events. 3. Amyotrophic Lateral Sclerosis (B): - Less Likely: ALS primarily affects motor neurons, leading to progressive muscle weakness and atrophy. While the patient has muscle weakness in her left hand, the cognitive symptoms and history of strokes do not align with the typical presentation of ALS. 4. Cortical Basal Ganglionic Degeneration (C): - Less Likely: This is a rare neurodegenerative disorder that typically presents with asymmetric parkinsonism, apraxia, and alien limb phenomenon. The patient's symptoms, particularly the cognitive decline and history of strokes, do not fit the typical profile of cortical basal ganglionic degeneration. 5. Neurosyphilis (D): - Less Likely: Neurosyphilis can cause cognitive and motor symptoms, but it is less common and would typically present with a history of syphilis infection. The patient's history and clinical presentation do not suggest a recent or past syphilis infection. In conclusion, the patient's history of hypertension, multiple strokes, cognitive decline, and physical symptoms strongly support the diagnosis of vascular dementia.",0.0023,0.0274,0.1511,0.0725,0.0417,0.0622,0.0622,0.4517,0.5539,0.7077
"A 45-year-old woman with a history of seizure disorder comes to the office because she has had seizures daily for the past 3 weeks, despite adhering to her medication regimen. Medical history is also significant for borderline hypertension for the past year and alcohol use disorder. She admits that she has been drinking two beers daily since she lost her job 3 weeks ago. Medications include phenobarbital. Family history is significant for type 2 diabetes mellitus and hypertension in both parents and in all of her grandparents, heart disease in her sister, and death of her paternal grandfather of complications from alcohol use disorder. The patient smoked one pack of cigarettes daily for 20 years but quit smoking 1 year ago. Since losing her job, the patient has been earning money by driving her neighbors' children to school and driving another neighbor to hospital appointments. BMI is 22 kg/m². Vital signs are temperature 37.1°C (98.8°F), pulse 80/min, respirations 16/min, and blood pressure 138/86 mm Hg. Physical examination discloses no abnormalities. Serum phenobarbital concentration is obtained and results are pending. Which of the following is the priority in management at today's visit?",Which of the following is the priority in management at today's visit?,"
A. Discussing a new treatment regimen for the patient's seizure disorders 
B. Evaluating the patient for depressive disorder 
C. Evaluating the patient's ability/desire to stop drinking alcoholic beverages 
D. Instructing the patient to stop driving
",D,C,False,"C. Evaluating the patient's ability/desire to stop drinking alcoholic beverages: This is the priority in management at today's visit. The patient has a history of alcohol use disorder and has been drinking two beers daily since losing her job 3 weeks ago, which coincides with the onset of her daily seizures. Alcohol can lower the seizure threshold and interact with anticonvulsant medications, potentially reducing their effectiveness. Therefore, addressing the alcohol use is crucial to managing her seizures and overall health. A. Discussing a new treatment regimen for the patient's seizure disorders: While this is an important consideration, it is secondary to addressing the alcohol use. The patient is already on phenobarbital, and the serum phenobarbital concentration is pending. Adjusting the medication or adding a new one without addressing the alcohol use may not effectively control the seizures and could lead to further complications. B. Evaluating the patient for depressive disorder: Depression is a significant concern, especially given the recent job loss and increased alcohol use. However, the immediate priority is to address the alcohol use, as it is a more immediate and modifiable risk factor for the patient's current health issues, including the increased frequency of seizures. D. Instructing the patient to stop driving: While this is a valid concern, especially given the risk of seizures while driving, it is not the primary focus at this visit. The patient's current activities of driving children to school and a neighbor to hospital appointments are important for her financial stability and social engagement. Addressing the alcohol use and ensuring her seizures are under control should be the first steps before making a decision about driving. If the seizures continue or if the alcohol use is not addressed, then restricting driving may become necessary.",0.0155,0.0307,0.1741,0.0774,0.0519,0.0645,0.0645,0.4612,0.5487,0.6863
"A randomized controlled trial is conducted to assess the effectiveness of a new combination-drug antihypertensive therapy (Drug X) compared with a standard antihypertensive single-drug therapy. Study participants include 140 women (70%) and 60 men (30%) ages 30 to 60 years, with baseline blood pressure measurements of 150/95 mm Hg or higher. The investigators defined antihypertensive therapy as effective if the treatment resulted in a blood pressure measurement below 140/90 mm Hg. When designing the study, the investigators set the probability of wrongly finding that Drug X is more effective than the standard therapy as 1%; they set the probability of wrongly finding that the effectiveness of the two drugs is the same as 10%. Which of the following is the most accurate estimate of the statistical power in this study?",Which of the following is the most accurate estimate of the statistical power in this study?,"
A. 1% 
B. 10% 
C. 40% 
D. 90% 
E. 99%
",D,D,True,"In the context of hypothesis testing, the statistical power of a study is the probability of correctly rejecting the null hypothesis when it is false. In other words, it is the probability of detecting an effect if there is one. The power of a study is typically set to be high, often 80% or 90%, to ensure that the study has a good chance of finding a true effect. The two probabilities mentioned in the problem are: 1. The probability of wrongly finding that Drug X is more effective than the standard therapy (Type I error, α) is set to 1%. This is the significance level of the test. 2. The probability of wrongly finding that the effectiveness of the two drugs is the same (Type II error, β) is set to 10%. The power of the study is calculated as 1 - β, where β is the probability of a Type II error. Given that β is 10%, the power of the study is: \[ \text{Power} = 1 - \beta = 1 - 0.10 = 0.90 \] Thus, the power of the study is 90%. Let's evaluate each option: - A. 1%: This is the significance level (α), not the power of the study. - B. 10%: This is the probability of a Type II error (β), not the power of the study. - C. 40%: This is not a typical value for power and does not match the calculation based on the given β. - D. 90%: This is the correct power of the study, calculated as 1 - β. - E. 99%: This is not a typical value for power and does not match the calculation based on the given β. Therefore, the correct answer is D. 90%.",0.0,0.0277,0.1179,0.0767,0.0351,0.0697,0.0697,0.4208,0.5674,0.6502
"Essepro™ (lesystolol) Reduces Blood Pressure Significantly No significant interactions with commonly used medications were observed. No significant interactions with hydrochlorthiazide, furosemide, losartan orlisinopril. No significant interactions with digoxin, warfarin or simvastatin. Drugs that inhibit CYP2C9 can increase plasma levels of Essepro. Patients on Essepro who are also treated with drugs that inhibit or induce this enzyme shhould be monitored closely, and dosage of Essepro may need to be adjusted based on blood pressure response. Important Safety Information Patients treated with Essepro should be advised against sudden discontinuation of therapy. When discontinuing therapy, dosage should be gradually tapered over 2 weeks. Essepro is contraindicated i patients with bradycardia, heart block greater than first degree, cardiogenic shock, decompensated cardiac failure, severe hepatic impairment, and in patients who are hypersensitive to any component of this product. Essepro should be used with caution in patients with peripheral vascular disease, renal impairment or thyrotoxicoses. Caution should be used in diabetics, as beta blockers may mask some manifestations of hypoglycemia. In general, patients with bronchospastic disease should not receive beta blockers. A 65-year-old woman comes to the office for blood pressure medication management. Medical history is significant for poorly controlled hypertension, psoriasis, and psoriatic arthritis previously treated with methotrexate. Additional medical history is significant for alcohol use disorder and elevated liver function tests. Medications include enalapril, spironolactone, and topical corticosteroids. Vital signs are normal except for a blood pressure of 160/104 mm Hg. Physical examination discloses thick, scaly plaques on the scalp, buttocks, and upper and lower extremities. There are several spider angiomata on the chest and abdomen. The abdomen is distended and a fluid wave is noted. She has 2+ lower extremity edema. The patient says she would like to try a new drug called Essepro to treat her hypertension because she can get a 3-month supply of the medication for free. 66. Which of the following is the most appropriate response to the patient's request for the medication?",Which of the following is the most appropriate response to the patient's request for the medication?,"
A. Essepro should be prescribed because she can get it for free 
B. Essepro should not be prescribed because it can worsen her psoriasis 
C. Essepro should not be prescribed because it is similar to her other medications 
D. Essepro should not be prescribed because the patient has severe liver disease 
E. Essepro should only be used for hypertensive emergencies
",D,D,True,"D. Essepro should not be prescribed because the patient has severe liver disease. - This is the correct answer. Essepro (lesystolol) is contraindicated in patients with severe hepatic impairment. The patient's history of alcohol use disorder and elevated liver function tests suggests that she may have significant liver damage, which could be exacerbated by the use of Essepro. Additionally, the presence of spider angiomata and ascites (fluid wave noted on examination) are clinical signs of liver disease, further supporting the contraindication. A. Essepro should be prescribed because she can get it for free. - This is incorrect. The cost of the medication should not be the primary factor in deciding whether to prescribe it. The patient's medical condition and the safety of the medication must be the primary considerations. B. Essepro should not be prescribed because it can worsen her psoriasis. - This is incorrect. While beta-blockers can potentially exacerbate psoriasis, this is not a contraindication for their use. The more significant concern in this case is the patient's liver disease. C. Essepro should not be prescribed because it is similar to her other medications. - This is incorrect. Essepro (lesystolol) is a beta-blocker, which is a different class of medication from the ACE inhibitor (enalapril) and the mineralocorticoid receptor antagonist (spironolactone) that the patient is already taking. There is no significant interaction between Essepro and these medications that would preclude its use. E. Essepro should only be used for hypertensive emergencies. - This is incorrect. Essepro is not indicated for hypertensive emergencies. It is a medication used for the long-term management of hypertension. Hypertensive emergencies require immediate and more aggressive treatment, often with intravenous medications. In summary, the most appropriate response to the patient's request for Essepro is to not prescribe it due to her severe liver disease, which is a contraindication for the use of this medication.",0.017,0.0394,0.2959,0.0976,0.0798,0.0976,0.0976,0.4637,0.5785,0.6615
"A 19-year-old woman comes to her university's health center because of a 1-week history of nasal stuffiness, occasional clear rhinorrhea, and a mild sore throat. Two days ago, she began to feel hot, but she has not taken her temperature. Medical history is unremarkable and her only medication is an oral contraceptive. She has no history of allergies. She does not smoke cigarettes. BMI is 22 kg/m². Vital signs are temperature 38.1°C (100.6°F), pulse 88/min, respirations 16/min, and blood pressure 116/74 mm Hg. Physical examination discloses tenderness over the left maxillary sinus without purulent drainage. There is clear fluid behind the left tympanic membrane, enlarged tonsils bilaterally, and pain with tapping of the left upper incisors. The left frontal sinus does not transilluminate. Cardiopulmonary examination discloses no abnormalities. Which of the following is the most likely underlying mechanism of this patient's sinusitis?",Which of the following is the most likely underlying mechanism of this patient's sinusitis?,"
A. Eustachian tube dysfunction 
B. Mucosal edema 
C. Nasal polyps 
D. Oral contraceptive use 
E. Tonsillar hyperplasia
",B,B,True,"The patient's symptoms, including nasal stuffiness, clear rhinorrhea, mild sore throat, and fever, along with the physical examination findings of tenderness over the left maxillary sinus, clear fluid behind the left tympanic membrane, enlarged tonsils, and pain with tapping of the left upper incisors, suggest an acute sinusitis, likely involving the maxillary and possibly the frontal sinuses. - Mucosal edema (B): This is the most likely underlying mechanism of the patient's sinusitis. Acute sinusitis often results from viral upper respiratory infections, which can cause inflammation and edema of the mucosa lining the nasal passages and sinuses. This edema can obstruct the sinus ostia, leading to poor drainage, stasis of secretions, and a favorable environment for bacterial growth, which can result in secondary bacterial sinusitis. The patient's symptoms and physical findings are consistent with this mechanism. - Eustachian tube dysfunction (A): While the patient has clear fluid behind the left tympanic membrane, which could suggest Eustachian tube dysfunction, this is more commonly associated with otitis media rather than sinusitis. The primary issue here is the sinus symptoms, which are more indicative of mucosal edema affecting the sinuses. - Nasal polyps (C): Nasal polyps can cause chronic sinusitis by obstructing the sinus ostia, but they are typically associated with chronic symptoms and a history of recurrent sinus infections. The patient's symptoms are acute and have only been present for a week, making nasal polyps less likely. - Oral contraceptive use (D): Oral contraceptives are not typically associated with an increased risk of sinusitis. While hormonal changes can affect mucosal tissues, they are not a primary cause of acute sinusitis in this context. - Tonsillar hyperplasia (E): Enlarged tonsils can contribute to upper airway obstruction and may be associated with recurrent throat infections, but they are not a direct cause of sinusitis. The patient's enlarged tonsils are more likely a result of the current infection rather than a cause of the sinusitis. Therefore, the most likely underlying mechanism of this patient's sinusitis is mucosal edema, which can lead to obstruction of the sinus ostia and subsequent infection.",0.0178,0.0302,0.2446,0.0778,0.0615,0.0778,0.0778,0.4845,0.6216,0.7768
"A 40-year-old woman comes to the office because of a 2-month history of fatigue, and generalized aching and weakness of the proximal muscles of all four extremities. The patient initially noticed the weakness only while she was getting in and out of her car, but during the past 2 weeks, the weakness has progressed, so that she now has difficulty combing her hair. Since the symptoms began, she also has had aching of the joints in her hands that has responded partially to ibuprofen. She was adopted and family history is unknown. She has two teenaged children who are well. She appears uncomfortable. She is 170 cm (5 ft 7 in) tall and weighs 68 kg (150 lb); BMI is 24 kg/m². Vital signs are temperature 37.7°C (99.8°F), pulse 90/min, respirations 20/min, and blood pressure 110/70 mm Hg. The patient is alert and fully oriented. Physical examination discloses cracking of the skin of both hands that involves the tips and lateral sides of several fingers. The muscles of the upper arms and legs are somewhat tender to pressure. Results of serum laboratory studies show a creatine kinase concentration of 600 U/L and a lactate dehydrogenase concentration of 800 U/L. Results of complete blood count are within the reference ranges. Which of the following is the most likely diagnosis?",Which of the following is the most likely diagnosis?,"
A. Fibromyalgia 
B. Myasthenia gravis 
C. Polymyositis 
D. Scleroderma
",C,C,True,"The patient's presentation, including the 2-month history of fatigue, generalized aching, and weakness of the proximal muscles of all four extremities, along with the recent progression of symptoms, suggests a systemic inflammatory condition affecting the muscles. The physical examination findings, such as the cracking of the skin of both hands and the tenderness of the muscles of the upper arms and legs, further support this. The elevated creatine kinase (CK) and lactate dehydrogenase (LDH) levels are indicative of muscle damage, which is a key feature of polymyositis. - A. Fibromyalgia: This condition is characterized by widespread musculoskeletal pain and tenderness, but it typically does not cause muscle weakness or elevated CK levels. The patient's muscle weakness and elevated CK levels make fibromyalgia less likely. - B. Myasthenia gravis: This is an autoimmune disorder that causes weakness and rapid fatigue of the voluntary muscles, particularly those controlling eye and eyelid movement, facial expression, and swallowing. However, myasthenia gravis does not typically cause muscle tenderness or elevated CK levels. The patient's symptoms and laboratory findings are more consistent with a myopathic process rather than a neuromuscular junction disorder. - C. Polymyositis: This is an inflammatory myopathy characterized by proximal muscle weakness, muscle tenderness, and elevated muscle enzymes (CK and LDH). The patient's symptoms, physical examination findings, and laboratory results are highly suggestive of polymyositis. The cracking of the skin on the hands, known as Gottron's papules, is a characteristic finding in dermatomyositis, a related condition, but can also be seen in polymyositis. - D. Scleroderma: This is a connective tissue disease characterized by skin thickening, Raynaud's phenomenon, and internal organ involvement. While scleroderma can cause muscle weakness and elevated CK levels, the primary symptoms and signs in this patient, particularly the muscle tenderness and the pattern of muscle weakness, are more consistent with polymyositis. Given the clinical presentation and laboratory findings, polymyositis is the most likely diagnosis. Further diagnostic workup, including electromyography (EMG) and muscle biopsy, would be necessary to confirm the diagnosis.",0.0051,0.0178,0.1209,0.0466,0.0293,0.0466,0.0466,0.399,0.5458,0.66
"A new diagnostic test for HIV infection is developed. The new serum biomarker concentration is measured in 711 men and women, ages 25 to 65 years. Of these individuals, 336 were previously determined to have HIV and 375 do not have HIV. Stratified results of the new serum biomarker test are shown: Serum Biomarker Concentration >100 U/mL Positive for HIV 120 Negative for HIV 10 Serum Biomarker Concentration 76–100 U/mL Positive for HIV 100 Negative for HIV 130 Serum Biomarker Concentration 51–75 U/mL Positive for HIV 75 Negative for HIV 75 Serum Biomarker Concentration 26–50 U/mL Positive for HIV 30 Negative for HIV 60 Serum Biomarker Concentration 0–25 U/mL Positive for HIV 11 Negative for HIV 200 Total Number of Positive for HIV = 336 Total Number of Negative for HIV = 375 Which of the following is the likelihood ratio that is associated with a serum biomarker concentration greater than 100 U/mL?",Stratified results of the new serum biomarker test are shown: Serum Biomarker Concentration >100 U/mL Positive for HIV 120 Negative for HIV 10 Serum Biomarker Concentration 76–100 U/mL Positive for HIV 100 Negative for HIV 130 Serum Biomarker Concentration 51–75 U/mL Positive for HIV 75 Negative for HIV 75 Serum Biomarker Concentration 26–50 U/mL Positive for HIV 30 Negative for HIV 60 Serum Biomarker Concentration 0–25 U/mL Positive for HIV 11 Negative for HIV 200 Total Number of Positive for HIV = 336 Total Number of Negative for HIV = 375 Which of the following is the likelihood ratio that is associated with a serum biomarker concentration greater than 100 U/mL?,"
A. 2 
B. 8 
C. 13 
D. 25 
E. 33
",C,C,True,"The likelihood ratio (LR) is a measure used in diagnostic testing to assess the probability of a positive or negative test result given the presence or absence of a disease. It is calculated as the ratio of the probability of a positive test result in individuals with the disease to the probability of a positive test result in individuals without the disease. For a serum biomarker concentration greater than 100 U/mL, the likelihood ratio is calculated as follows: 1. Sensitivity (True Positive Rate) for >100 U/mL: - Number of true positives (HIV positive with biomarker >100 U/mL) = 120 - Total number of HIV positive individuals = 336 - Sensitivity = 120 / 336 = 0.3571 2. False Positive Rate for >100 U/mL: - Number of false positives (HIV negative with biomarker >100 U/mL) = 10 - Total number of HIV negative individuals = 375 - False Positive Rate = 10 / 375 = 0.0267 3. Likelihood Ratio (LR) for >100 U/mL: - LR = Sensitivity / (1 - Specificity) - Specificity = 1 - False Positive Rate = 1 - 0.0267 = 0.9733 - LR = 0.3571 / (1 - 0.9733) = 0.3571 / 0.0267 ≈ 13.37 Therefore, the likelihood ratio associated with a serum biomarker concentration greater than 100 U/mL is approximately 13.37, which rounds to 13. Why each option is correct or incorrect: - A. 2: This is incorrect because the calculated LR is much higher than 2. - B. 8: This is incorrect because the calculated LR is higher than 8. - C. 13: This is the correct answer as it closely matches the calculated LR of 13.37. - D. 25: This is incorrect because the calculated LR is lower than 25. - E. 33: This is incorrect because the calculated LR is lower than 33.",0.0306,0.1823,0.3264,0.3459,0.136,0.2356,0.2356,0.556,0.4345,0.5236
"A 40-year-old man comes to the office for a preemployment physical examination. The patient has been generally healthy. Medical history is unremarkable and he takes no routine medications. Vital signs are normal. Physical examination shows a palpable nodule in the right lobe of the thyroid gland. Serum thyroid-stimulating hormone concentration is within the reference range. Ultrasonography of the thyroid gland confirms a solid, 1-cm nodule. Which of the following is the most appropriate next step in evaluation?",Which of the following is the most appropriate next step in evaluation?,"
A. CT scan of the neck 
B. Fine-needle aspiration of the nodule 
C. Radionuclide thyroid scan 
D. Thyroidectomy 
E. Observation only
",B,B,True,"When a patient presents with a thyroid nodule, the primary concern is to determine whether the nodule is benign or malignant. The approach to evaluation is guided by the size of the nodule, the patient's risk factors, and the results of initial tests. A. CT scan of the neck: This is not the first-line investigation for a thyroid nodule. A CT scan can provide detailed images of the neck and help in assessing the extent of the nodule, but it does not provide information about the cellular characteristics of the nodule, which is crucial for determining the risk of malignancy. B. Fine-needle aspiration (FNA) of the nodule: This is the most appropriate next step in the evaluation of a thyroid nodule. FNA is a minimally invasive procedure that allows for the collection of cells from the nodule, which can then be examined under a microscope to determine if the nodule is benign or malignant. It is particularly useful for nodules that are 1 cm or larger, as these have a higher risk of being malignant. C. Radionuclide thyroid scan: This test can help determine the function of the thyroid nodule (whether it is ""hot,"" ""warm,"" or ""cold""). However, it is not as useful as FNA in determining the risk of malignancy. A ""cold"" nodule has a higher risk of being malignant, but a ""hot"" nodule is almost always benign. Since the patient's TSH is within the reference range, the nodule is likely non-functioning, and a radionuclide scan would not provide additional useful information. D. Thyroidectomy: This is a surgical option and is not appropriate as an initial step. Surgery is typically considered after a definitive diagnosis of malignancy or if the nodule is causing significant symptoms or complications. Performing a thyroidectomy without a clear indication could lead to unnecessary surgical risks and complications. E. Observation only: While observation might be considered for very small nodules or those with a very low risk of malignancy, a 1-cm nodule in a 40-year-old man warrants further investigation. Observation alone without a biopsy could miss an opportunity to diagnose and treat a potentially malignant nodule early. Therefore, the most appropriate next step is to perform a fine-needle aspiration of the nodule to determine its nature and guide further management.",0.0093,0.023,0.1737,0.0556,0.0355,0.0556,0.0556,0.4457,0.5615,0.6595
"A 35-year-old man was admitted to the hospital 3 days ago because of pneumonia, but he has shown no clinical improvement despite ceftriaxone and azithromycin therapy. Upon admission, the patient exhibited blood-streaked sputum and chest x-ray showed hilar adenopathy. Medical history is otherwise unremarkable. The patient is a construction worker and he returned home 1 week ago from the southwest United States, where he had been temporarily employed. He does not smoke cigarettes. BMI is 20 kg/m². Vital signs today are temperature 38.5°C (101.3°F), pulse 106/min, respirations 22/min, and blood pressure 110/70 mm Hg. Pulse oximetry on room air shows an oxygen saturation of 95%. PPD skin test is nonreactive. Acid-fast smears of three sputum samples were all negative. Complete blood count at the time of admission showed a normal leukocyte count with 15% eosinophils. Results of blood culture have been negative since admission. Which of the following is most likely to provide a diagnosis?",Which of the following is most likely to provide a diagnosis?,"
A. Bacterial culture of sputum 
B. CT scan of the chest 
C. Fungal culture of the blood 
D. Serologic study for Coccidioides immitis 
E. Sputum cytologic study 
F. Urine assay for Legionella antigen
",D,D,True,"The patient's history and clinical presentation strongly suggest coccidioidomycosis, also known as Valley fever, which is endemic in the southwestern United States. The patient's recent travel to this region, the presence of hilar adenopathy on chest x-ray, and the lack of response to standard antibiotic therapy are all indicative of this fungal infection. - D. Serologic study for Coccidioides immitis: This is the most appropriate test to confirm the diagnosis of coccidioidomycosis. Serologic tests, such as the complement fixation test or enzyme immunoassay, can detect antibodies to Coccidioides immitis and are highly sensitive and specific for diagnosing this infection. - A. Bacterial culture of sputum: While this is a standard test for bacterial pneumonia, the patient has already been treated with appropriate antibiotics (ceftriaxone and azithromycin) without improvement, and the acid-fast smears are negative, suggesting that a bacterial cause is less likely. - B. CT scan of the chest: A CT scan can provide more detailed imaging of the lungs and hilar lymph nodes, but it is not a diagnostic test for coccidioidomycosis. It may be useful for further evaluation if the serologic test is positive or if there are atypical findings. - C. Fungal culture of the blood: Blood cultures are generally not useful for diagnosing coccidioidomycosis, as the infection is primarily localized to the lungs and hilar lymph nodes. Blood cultures are more useful for systemic fungal infections. - E. Sputum cytologic study: This test is used to look for malignant cells or other cellular abnormalities in the sputum. It is not specific for diagnosing coccidioidomycosis and would not be the first-line test in this scenario. - F. Urine assay for Legionella antigen: Legionella is a possible cause of pneumonia, but the patient's travel history and the presence of hilar adenopathy make coccidioidomycosis more likely. Additionally, the patient has not shown typical signs of Legionella infection, such as a higher fever or gastrointestinal symptoms. Given the patient's clinical presentation and travel history, a serologic study for Coccidioides immitis is the most appropriate next step to confirm the diagnosis.",0.0,0.0235,0.1125,0.0568,0.0057,0.0511,0.0511,0.4065,0.5632,0.6145
"A 25-year-old man is brought to the office by his parents. The patient has Down syndrome and mild intellectual developmental disorder. He is their only child, and they are concerned that his current lifestyle is increasing his risk for coronary artery disease and stroke. The patient has a systolic murmur and also underwent surgical repair of an atrial septal defect at 1 year of age. He has smoked one pack of cigarettes daily for 5 years. He lives in a group home and works about 25 hours each week in a fast-food restaurant. He has a few friends and is romantically involved with a woman from his church group. The patient is 157 cm (5 ft 2 in) tall and weighs 91 kg (200 lb); BMI is 36 kg/m². Vital signs are normal. A grade 2/6 systolic murmur is heard best at the apex. The parents would like him to stop smoking and follow a healthier diet, and they feel the only way to monitor and control his behavior is for him to move back into their home. They request your assistance in obtaining legal guardianship of their son. Which of the following is the most appropriate initial recommendation?",Which of the following is the most appropriate initial recommendation?,"
A. Advise the parents not to influence their son's decision in this matter 
B. Arrange for evaluation of their son's competency 
C. Enroll their son in a smoking cessation program 
D. Initiate a family meeting to discuss the parents' concerns with their son 
E. Obtain legal advice regarding guardianship
",D,D,True,"D. Initiate a family meeting to discuss the parents' concerns with their son: This is the most appropriate initial recommendation because it involves the patient in the decision-making process and respects his autonomy. It provides an opportunity for the parents to express their concerns, for the patient to share his perspective, and for the healthcare provider to offer guidance and support. This approach can help build a collaborative plan that addresses the health concerns while respecting the patient's rights and preferences. A. Advise the parents not to influence their son's decision in this matter: While it is important to respect the patient's autonomy, completely advising the parents not to influence their son might not be practical or helpful. The parents are concerned about their son's health and well-being, and a more constructive approach would be to involve them in a supportive and collaborative manner. B. Arrange for evaluation of their son's competency: While this might be necessary if there are significant concerns about the patient's ability to make informed decisions, it is not the first step. The patient has mild intellectual developmental disorder, but this does not automatically mean he lacks the capacity to make decisions about his lifestyle and health. A family meeting can help assess the situation and determine if a formal competency evaluation is needed. C. Enroll their son in a smoking cessation program: This is a good recommendation, but it should not be the initial step. Before enrolling the patient in a program, it is important to understand his willingness to participate and to address the underlying reasons for his smoking. A family meeting can help gather this information and ensure that the patient is on board with the plan. E. Obtain legal advice regarding guardianship: Seeking legal advice about guardianship is a significant step that should be considered only after other, less restrictive options have been explored. Guardianship can significantly impact the patient's autonomy and should be a last resort. A family meeting can help determine if this step is necessary and if there are other ways to support the patient's health and well-being.",0.0079,0.0209,0.1199,0.0432,0.0272,0.0378,0.0378,0.4532,0.5339,0.6107
"A 45-year-old woman comes to the office because of a 3-day history of nasal congestion, headache, sore throat, and general malaise. She has developed a cough during the past 24 hours that is mildly productive of clear sputum. Except for occasional seasonal allergies, she has no previous history of medical problems. She takes no medications on a regular basis but during the past 3 days she has been taking an over-the-counter oral cold medication. She follows a strict low-fat vegetarian diet and she drinks three to four glasses of wine per week. She jogs 3 miles a day when she is not sick. Vital signs today are temperature 37.5°C (99.5°F), pulse 90/min, and blood pressure 140/94 mm Hg. Height is 170 cm (5 ft 7 in); weight is 54 kg (120 lb); BMI is 19 kg/m². On physical examination she appears slightly anxious. Nasal mucosa is erythematous and swollen, and sinuses are nontender. Posterior pharynx is also erythematous but there are no exudates. Lungs are clear on auscultation and cardiac examination is normal. Repeat blood pressure measurement at the end of the examination is 142/96 mm Hg in the left arm and 138/94 mm Hg in the right arm. Which of the following is the most likely cause of her elevated blood pressure?",Which of the following is the most likely cause of her elevated blood pressure?,"
A. Acute viral illness 
B. Chronic sinusitis 
C. Essential hypertension 
D. Her alcohol intake 
E. Over-the-counter cold medication
",E,E,True,"The patient presents with symptoms of an acute viral illness, including nasal congestion, headache, sore throat, and general malaise, which have been present for 3 days. She has also developed a cough that is mildly productive of clear sputum. Her vital signs show a slightly elevated temperature, tachycardia, and elevated blood pressure. The physical examination reveals erythematous and swollen nasal mucosa and a similarly affected posterior pharynx, but no signs of chronic sinusitis or significant respiratory or cardiac issues. A. Acute viral illness: While the patient's symptoms are consistent with an acute viral illness, this condition typically does not cause a significant and sustained increase in blood pressure. The slight elevation in temperature and tachycardia are more likely related to the viral infection, but the blood pressure elevation is not primarily due to the viral illness itself. B. Chronic sinusitis: The patient's symptoms and physical examination do not suggest chronic sinusitis. The nasal mucosa is erythematous and swollen, but the sinuses are nontender, and there are no signs of chronic inflammation or infection. Chronic sinusitis is unlikely to be the cause of her elevated blood pressure. C. Essential hypertension: Essential hypertension is a common condition characterized by persistently elevated blood pressure without an identifiable secondary cause. However, the patient has no history of hypertension, and her blood pressure is only mildly elevated during this acute illness. The transient nature of the blood pressure elevation suggests that it is more likely related to a temporary factor rather than a chronic condition. D. Her alcohol intake: The patient reports drinking three to four glasses of wine per week, which is a moderate alcohol intake and is not likely to cause a significant and acute increase in blood pressure. Chronic heavy alcohol use can contribute to hypertension, but this patient's intake is within a range that is generally considered safe and is unlikely to be the cause of her elevated blood pressure. E. Over-the-counter cold medication: Many over-the-counter cold medications contain decongestants such as pseudoephedrine or phenylephrine, which can cause vasoconstriction and lead to an increase in blood pressure. These medications can have a significant impact on blood pressure, especially in individuals who are sensitive to their effects or who have underlying cardiovascular conditions. Given the patient's recent use of an over-the-counter cold medication and the timing of her elevated blood pressure, this is the most likely cause of her transient hypertension. In conclusion, the most likely cause of the patient's elevated blood pressure is the use of over-the-counter cold medication, which can contain ingredients that temporarily raise blood pressure.",0.0148,0.0252,0.198,0.0573,0.0442,0.0573,0.0573,0.4538,0.5823,0.7421
"A 41-year-old woman comes to the emergency department because of a 3-day history of fever and a 2-day history of worsening flank pain with frequent and painful urination. She describes the pain as constant and says it worsens when she coughs or lies on her right side. She rates the pain as a 5 on a 10-point scale; ibuprofen has provided moderate relief of her pain. She also reports intermittent nausea but has not had vomiting or change in bowel habits. Medical history is significant for several uncomplicated urinary tract infections, most recently 8 months ago. Each infection resolved with antibiotic therapy. She currently takes no medications aside from her recent use of ibuprofen. She is sexually active with one male partner and uses condoms regularly. Vital signs are temperature 39.4°C (103.0°F), pulse 76/min, respirations 20/min, and blood pressure 128/74 mm Hg. Auscultation of the chest discloses normal S1 and S2. Abdomen is soft with normal bowel sounds. There is guarding on the right lateral side and tenderness to compression over the right costophrenic angle. Results of laboratory studies are shown: Serum: Urea nitrogen 18 mg/dL Creatinine 0.9 mg/dL Blood: Hemoglobin 12.8 g/dL WBC 20,000/mm3 Neutrophils, segmented 80% Lymphocytes 15% Eosinophils 2% Monocytes 3% Urine: Specific gravity 1.015 (N=1.003–1.029) Protein Negative Occult blood Negative Leukocyte esterase Positive WBC Too numerous to count Casts Occasional Urine and blood cultures are obtained and sent for analysis. Antibiotic therapy is initiated. Which of the following is the most appropriate next step?",Which of the following is the most appropriate next step?,"
A. Cystoscopy 
B. Echocardiography 
C. MRI of the abdomen 
D. Renal ultrasonography 
E. No additional study is indicated
",E,D,False,"The patient's presentation is consistent with acute pyelonephritis, an infection of the kidney, which is a common complication of urinary tract infections (UTIs). The symptoms of fever, flank pain, and dysuria, along with the physical examination findings of tenderness over the right costophrenic angle and guarding on the right lateral side, strongly suggest an upper urinary tract infection affecting the kidney. Why D (Renal ultrasonography) is the correct answer: - Renal ultrasonography is a non-invasive imaging study that can help assess the structure of the kidneys and identify any abnormalities such as hydronephrosis, kidney stones, or abscesses. In the context of suspected pyelonephritis, it is important to rule out any structural abnormalities that might be contributing to the infection or complicating its treatment. Why the other options are incorrect: - A (Cystoscopy): Cystoscopy is an invasive procedure that involves visualizing the bladder and urethra. While it can be useful in diagnosing conditions like bladder cancer or structural abnormalities of the bladder, it is not typically indicated in the initial evaluation of a patient with suspected pyelonephritis. The primary concern here is the kidney, not the bladder. - B (Echocardiography): Echocardiography is used to evaluate the structure and function of the heart. It is not relevant in the context of a urinary tract infection or pyelonephritis unless there is a specific concern about endocarditis, which is not suggested by the patient's history or examination. - C (MRI of the abdomen): MRI is a more detailed and expensive imaging modality that is not typically the first-line imaging study for suspected pyelonephritis. While it can provide detailed information about soft tissues, it is usually reserved for cases where more detailed imaging is required, such as in the evaluation of complex renal masses or when other imaging modalities are inconclusive. - E (No additional study is indicated): Given the patient's symptoms and the potential for complications such as abscess formation or structural abnormalities, it is prudent to perform an imaging study to rule out these conditions. Therefore, no additional study is not the appropriate next step. In summary, renal ultrasonography is the most appropriate next step to evaluate the patient's kidneys and rule out any structural abnormalities that might be contributing to her symptoms or complicating her treatment.",0.0071,0.0189,0.1575,0.0468,0.0313,0.0468,0.0468,0.4194,0.5302,0.6543
"A 41-year-old woman is brought to the emergency department by her husband because of nausea and dizziness that began suddenly 4 hours ago. She says she feels like the room is spinning. She has not vomited. She recalls receiving a blow to the left side of her neck 1 week ago when her dog jumped on her, but she has had no ill effects from that incident. Medical history is unremarkable. She takes no medications. Vital signs are normal. Physical examination shows mild ptosis of the left eyelid. The right pupil measures 4 mm in diameter and the left pupil measures 2 mm in diameter. Both pupils are reactive to light. Ocular motility is full. Nystagmus is present in both eyes on left lateral gaze. Left corneal reflex is diminished. Sensation to pinprick and cold is reduced over the left side of the face, right side of the chest, abdomen, and right upper and lower extremities. Which of the following pathophysiologic processes most accurately explains this patient's left-sided ptosis and decreased pupil size?",Which of the following pathophysiologic processes most accurately explains this patient's left-sided ptosis and decreased pupil size?,"
A. Parasympathetic overactivity 
B. Parasympathetic underactivity 
C. Postsynaptic neuromuscular junction defect 
D. Presynaptic neuromuscular junction defect 
E. Sympathetic overactivity 
F. Sympathetic underactivity
",F,F,True,"The patient's presentation, particularly the left-sided ptosis (drooping of the upper eyelid) and miosis (constriction of the pupil) on the left side, is indicative of Horner's syndrome. Horner's syndrome results from a disruption of the sympathetic nervous system pathway, which innervates the eye and surrounding structures. The sympathetic pathway is responsible for dilating the pupil and elevating the eyelid, among other functions. When this pathway is disrupted, it leads to the characteristic triad of symptoms: ptosis, miosis, and anhidrosis (lack of sweating) on the affected side. In this case, the patient does not exhibit anhidrosis, but the presence of ptosis and miosis is sufficient to diagnose Horner's syndrome. Let's evaluate each option: A. Parasympathetic overactivity - This is incorrect. Parasympathetic overactivity would lead to miosis (constriction of the pupil) and increased lacrimation (tear production), but it would not cause ptosis. Moreover, the parasympathetic system is not responsible for the regulation of eyelid position. B. Parasympathetic underactivity - This is incorrect. Parasympathetic underactivity would lead to mydriasis (dilation of the pupil) and decreased lacrimation, which is the opposite of what is observed in this patient. C. Postsynaptic neuromuscular junction defect - This is incorrect. A defect at the postsynaptic neuromuscular junction would affect the muscles innervated by the affected nerve, leading to generalized muscle weakness or paralysis, but it would not specifically cause the combination of ptosis and miosis seen in Horner's syndrome. D. Presynaptic neuromuscular junction defect - This is incorrect. Similar to option C, a presynaptic neuromuscular junction defect would affect the muscles innervated by the affected nerve, leading to generalized muscle weakness or paralysis, but it would not specifically cause the combination of ptosis and miosis seen in Horner's syndrome. E. Sympathetic overactivity - This is incorrect. Sympathetic overactivity would lead to mydriasis (dilation of the pupil) and elevation of the eyelid, which is the opposite of what is observed in this patient. F. Sympathetic underactivity - This is correct. Sympathetic underactivity, or a disruption of the sympathetic pathway, leads to the symptoms of Horner's syndrome, including ptosis and miosis, which are present in this patient. The other symptoms, such as nystagmus and sensory deficits, suggest that the lesion causing Horner's syndrome may be located in the brainstem or upper cervical spinal cord, where the sympathetic pathway and other cranial nerve pathways are closely associated. The history of a blow to the neck could be a potential cause for this lesion, although further investigation, such as imaging studies, would be necessary to confirm the exact location and nature of the lesion.",0.0,0.0183,0.1106,0.0538,0.0315,0.0448,0.0448,0.4384,0.578,0.6447
"A 34-year-old woman comes to the office because of a 3- to 4-week history of swelling of her legs and a 9-kg (20-lb) weight gain. Medical history is significant for sickle cell trait and mild anemia. She has been taking 800 mg of ibuprofen three times daily for Achilles tendinitis diagnosed 1 month ago. She has smoked five cigarettes daily for the past 15 years, and she drinks one to five beers on weekends. She experimented with cocaine briefly 16 years ago, but she has never used intravenous drugs. She has been in a monogamous sexual relationship for the past 12 years. Today, vital signs are temperature 37.2°C (99.0°F), pulse 88/min, respirations 16/min, and blood pressure 145/95 mm Hg. Physical examination discloses periorbital edema but no jugular venous distention. Lungs are clear to auscultation. Cardiac examination discloses an S1 and S2 without murmurs or gallops. Abdominal examination discloses bulging flanks and shifting dullness to percussion. Examination of the lower extremities shows pitting edema from the mid thigh to the ankles bilaterally. Results of which of the following studies are most likely to be abnormal in this patient?",Results of which of the following studies are most likely to be abnormal in this patient?,"
A. Echocardiography 
B. HIV antibody study 
C. Serum B-type natriuretic peptide concentration 
D. Toxicology screening of the urine 
E. Urine protein concentration
",E,E,True,"The patient's presentation of bilateral pitting edema, periorbital edema, and a significant weight gain, along with the finding of bulging flanks and shifting dullness (indicative of ascites), suggests a condition affecting fluid balance, such as nephrotic syndrome. Nephrotic syndrome is characterized by significant proteinuria (high levels of protein in the urine), hypoalbuminemia (low serum albumin), hyperlipidemia, and edema. The presence of these symptoms, particularly the significant proteinuria, is the most likely abnormality in this patient. - E. Urine protein concentration: This is the correct answer. In nephrotic syndrome, the glomeruli (the filtering units of the kidney) become damaged, leading to an increased permeability to proteins, especially albumin. This results in proteinuria, which is a hallmark of nephrotic syndrome. The patient's symptoms strongly suggest this condition, making a high urine protein concentration the most likely abnormal finding. - A. Echocardiography: This test is used to evaluate heart structure and function. While the patient has hypertension, there is no specific indication of heart failure or structural heart disease in the history or physical examination. The absence of jugular venous distention, murmurs, or gallops on cardiac examination also makes heart failure less likely. Therefore, echocardiography is less likely to show significant abnormalities in this case. - B. HIV antibody study: The patient's history of monogamous sexual relationship and no history of intravenous drug use or other high-risk behaviors makes HIV infection less likely. While HIV can cause nephrotic syndrome, the clinical presentation and risk factors in this case do not strongly suggest HIV as the underlying cause. - C. Serum B-type natriuretic peptide (BNP) concentration: BNP is a hormone released by the heart in response to increased wall stress, such as in heart failure. The patient's normal cardiac examination and the absence of signs of heart failure (e.g., jugular venous distention, pulmonary edema) make heart failure less likely. Therefore, BNP levels are less likely to be elevated in this patient. - D. Toxicology screening of the urine: The patient's history of brief cocaine use 16 years ago and current smoking and alcohol use does not suggest recent substance abuse that would explain her symptoms. While chronic alcohol use can cause liver disease, the primary presentation of nephrotic syndrome with significant edema and proteinuria is more consistent with a renal cause. Therefore, a toxicology screen is less likely to show significant abnormalities. In summary, the most likely abnormality in this patient is a high urine protein concentration, consistent with nephrotic syndrome.",0.0,0.0271,0.1859,0.0657,0.0283,0.0516,0.0516,0.4113,0.576,0.6958
"A 54-year-old woman comes to the office because she has had intermittent shooting pain over her right cheek and jaw during the past 3 weeks. Each episode of pain lasts for 1 second or less. The pain is often triggered by cold air, chewing, tactile stimulation, and brushing her teeth. She has had no trauma to the face or head. Medical history is remarkable for tension headaches, obesity, and gastric bypass surgery. She is 165 cm (5 ft 5 in) tall and weighs 62 kg (137 lb); BMI is 23 kg/m². Vital signs are normal. The patient cannot tolerate touch over the right side of the face. There is no facial weakness or loss of sensation. The remainder of the physical examination shows no abnormalities. CT scan of the head with and without contrast shows no abnormalities. Which of the following is the most appropriate pharmacotherapy at this time?",Which of the following is the most appropriate pharmacotherapy at this time?,"
A. Carbamazepine 
B. Lamotrigine 
C. Levetiracetam 
D. Topiramate 
E. Zonisamide
",A,A,True,"The patient's symptoms are highly suggestive of trigeminal neuralgia, a condition characterized by sudden, severe, brief, and stabbing pain in the distribution of the trigeminal nerve, which can be triggered by light touch, chewing, or exposure to cold air. The pain is typically unilateral and affects the maxillary (V2) and mandibular (V3) divisions of the trigeminal nerve, which align with the patient's symptoms of pain over the right cheek and jaw. A. Carbamazepine: - Correct: Carbamazepine is the first-line treatment for trigeminal neuralgia. It is effective in reducing the frequency and intensity of pain episodes by stabilizing the hyperexcitability of the nerve fibers. The mechanism of action involves blocking sodium channels, which helps to reduce the propagation of pain signals. B. Lamotrigine: - Incorrect: While lamotrigine can be used in the treatment of neuropathic pain, it is generally considered a second-line option after carbamazepine. It is less effective and has a slower onset of action compared to carbamazepine. C. Levetiracetam: - Incorrect: Levetiracetam is primarily used for the treatment of epilepsy and is not a first-line or even a second-line option for trigeminal neuralgia. It has limited evidence for use in neuropathic pain. D. Topiramate: - Incorrect: Topiramate is another anticonvulsant that is used for the treatment of epilepsy and migraine prophylaxis. It is not a first-line treatment for trigeminal neuralgia and has limited evidence for use in this condition. E. Zonisamide: - Incorrect: Zonisamide is an anticonvulsant used primarily for the treatment of epilepsy. It is not a first-line or even a second-line option for trigeminal neuralgia and has limited evidence for use in neuropathic pain. Given the patient's symptoms and the typical presentation of trigeminal neuralgia, carbamazepine is the most appropriate pharmacotherapy at this time.",0.0152,0.0302,0.2593,0.0724,0.053,0.0724,0.0724,0.4669,0.5617,0.7183
"A 25-year-old man, who was admitted to the hospital 5 hours ago because of nausea, light-headedness, and muscle aches that began after he completed a marathon, now reports worsening pain in his right leg. On admission, the patient reported only mild muscle aching, but he now rates the pain in his right lower extremity as a 9 on a 10-point scale. Laboratory studies on admission were notable for a serum creatine kinase concentration of 10,000 U/L and a serum creatinine concentration of 1.7 mg/dL. Since admission the patient has received 5 L of 0.9% saline and his nausea and light-headedness have resolved. He is alert and fully oriented. Vital signs are temperature 36.9°C (98.5°F), pulse 88/min, respirations 16/min, and blood pressure 126/82 mmHg. Pulse oximetry on room air shows an oxygen saturation of 97%. Cardiopulmonary and abdominal examinations disclose no abnormalities. Passive flexion of the toes elicits pain over the anterior portion of the right lower extremity below the knee. Distal pulses are present in the lower extremities bilaterally. The remainder of the physical examination discloses no abnormalities. Results of laboratory studies obtained 1 hour ago are shown: Serum: Urea nitrogen 12 mg/dL Creatinine 1.2 mg/dL Na+ 140 mEq/L K+ 4.0 mEq/L Cl− 100 mEq/L HCO3 −24 mEq/L Blood: Hemoglobin 14.0 g/dL WBC 14,000/mm3 Neutrophils, segmented 60% Which of the following is the most appropriate next step in management?","0 g/dL WBC 14,000/mm3 Neutrophils, segmented 60% Which of the following is the most appropriate next step in management?","
A. Application of ice to the right lower extremity 
B. Cyclobenzaprine therapy 
C. Measurement of lower extremity compartment pressures 
D. MRI of the right lower extremity 
E. Nonsteroidal anti-inflammatory drug therapy
",C,C,True,"The patient's presentation and clinical course suggest a diagnosis of rhabdomyolysis, which is a condition characterized by the breakdown of muscle tissue, leading to the release of muscle contents into the bloodstream. This can cause a variety of symptoms, including muscle pain, weakness, and dark urine, and can lead to complications such as acute kidney injury and compartment syndrome. ### Key Points from the Case: 1. History and Symptoms: - The patient is a 25-year-old man who completed a marathon. - He initially presented with nausea, light-headedness, and mild muscle aches. - The pain in his right leg has worsened significantly, now rated as a 9 on a 10-point scale. - Passive flexion of the toes elicits pain over the anterior portion of the right lower extremity below the knee. 2. Laboratory Findings: - Elevated serum creatine kinase (CK) concentration of 10,000 U/L, which is a marker of muscle breakdown. - Elevated serum creatinine concentration of 1.7 mg/dL on admission, which has decreased to 1.2 mg/dL, indicating some improvement in kidney function with hydration. 3. Clinical Examination: - Distal pulses are present, but there is significant pain with passive movement of the toes, suggesting increased pressure in the muscle compartments. ### Analysis of Options: - A. Application of ice to the right lower extremity: - Incorrect. While ice can help reduce pain and swelling, it does not address the underlying issue of compartment syndrome, which requires more immediate and specific intervention. - B. Cyclobenzaprine therapy: - Incorrect. Cyclobenzaprine is a muscle relaxant that can help with muscle spasms and pain, but it does not address the potential compartment syndrome, which is a surgical emergency. - C. Measurement of lower extremity compartment pressures: - Correct. Compartment syndrome is a serious complication of rhabdomyolysis, characterized by increased pressure within a muscle compartment, leading to reduced blood flow and potential muscle and nerve damage. Measuring compartment pressures is the most appropriate next step to diagnose and manage this condition. If pressures are elevated, surgical intervention (fasciotomy) may be necessary to relieve the pressure and prevent further damage. - D. MRI of the right lower extremity: - Incorrect. While an MRI can provide detailed images of the soft tissues, it is not the most immediate or appropriate test in this acute setting. Compartment pressures need to be measured to guide urgent management decisions. - E. Nonsteroidal anti-inflammatory drug (NSAID) therapy: - Incorrect. NSAIDs can help with pain and inflammation, but they do not address the potential compartment syndrome. In fact, NSAIDs can potentially worsen renal function in a patient with rhabdomyolysis and acute kidney injury. ### Conclusion: The most appropriate next step in management is to measure the lower extremity compartment pressures to rule out or confirm compartment syndrome, which is a critical and time-sensitive condition that requires immediate attention.",0.009,0.0252,0.155,0.0541,0.0334,0.0499,0.0499,0.4511,0.5228,0.6152
"A 9-year-old boy is brought to the office by his parents to establish care after recently moving to the area. The patient has not been evaluated by a physician in 4 years. He has been generally healthy. Medical history is significant for pneumonia at age 3 years. He takes no medications. He is at the 25th percentile for height, weight, and BMI. Vital signs are temperature 37.0°C (98.6°F), pulse 82/min, respirations 20/min, and blood pressure 112/74 mm Hg. Cardiac examination discloses a grade 3/6 systolic murmur audible along the left sternal border at the third and fourth intercostal spaces. Femoral pulses are weak and brachial pulses are strong; there is a radiofemoral delay. Chest x-ray discloses mild cardiomegaly with left ventricular prominence. ECG shows left ventricular hypertrophy. This patient is at greatest risk for which of the following complications?",This patient is at greatest risk for which of the following complications?,"
A. Atrial fibrillation 
B. Cor pulmonale 
C. Systemic hypertension 
D. Tricuspid valve regurgitation
",C,C,True,"The clinical presentation of this 9-year-old boy, including the physical examination findings and diagnostic test results, suggests that he may have coarctation of the aorta, a congenital heart defect characterized by a narrowing of the aorta, typically in the area just beyond the left subclavian artery. This condition can lead to a discrepancy in blood pressure between the upper and lower extremities, as seen in this patient, with weak femoral pulses and a radiofemoral delay. The systolic murmur heard along the left sternal border, mild cardiomegaly, and left ventricular hypertrophy on ECG are also consistent with this diagnosis. A. Atrial fibrillation: This is not the most likely complication in a patient with coarctation of the aorta. Atrial fibrillation is more commonly associated with conditions such as mitral valve disease, hypertension, and coronary artery disease, which are less likely in a young, otherwise healthy child. B. Cor pulmonale: This condition, characterized by right-sided heart failure due to lung disease, is not a typical complication of coarctation of the aorta. Coarctation primarily affects the left side of the heart and the systemic circulation, not the pulmonary circulation. C. Systemic hypertension: This is the correct answer. Coarctation of the aorta can lead to systemic hypertension, particularly in the upper body, due to the obstruction of blood flow in the aorta. The high blood pressure in the upper body is a result of the heart working harder to pump blood through the narrowed aorta, which can lead to left ventricular hypertrophy, as seen in this patient. D. Tricuspid valve regurgitation: This is not a typical complication of coarctation of the aorta. Tricuspid valve regurgitation is more commonly associated with conditions affecting the right side of the heart, such as right ventricular dilation or pulmonary hypertension, which are not characteristic of coarctation of the aorta.",0.0,0.0175,0.1172,0.0381,0.0128,0.0381,0.0381,0.4217,0.5452,0.5848
"A 25-year-old woman comes to the office because of a 2-day history of right lower quadrant abdominal pain and vaginal spotting. She describes the abdominal pain as cramping and rates it as a 4 on a 10-point scale. Medical history is unremarkable and the patient takes no medications. Menses are typically irregular but she thinks her last menstrual period was approximately 5 weeks ago. She is sexually active with one male partner and they use condoms occasionally. Vital signs are temperature 37.2°C (99.0°F), pulse 90/min, respirations 16/min, and blood pressure 110/65 mm Hg. Abdominal examination discloses tenderness to palpation of the right lower quadrant. Pelvic examination discloses dark blood in the vaginal vault. Hematocrit is 36%. Urine pregnancy test is positive. Pelvic ultrasonography shows a thickened endometrial lining and no adnexal masses. Which of the following is the most appropriate next step in management?",Which of the following is the most appropriate next step in management?,"
A. Admission to the hospital for observation 
B. Diagnostic laparoscopy 
C. Dilatation and curettage 
D. Follow-up pelvic ultrasonography in 1 week 
E. Serial serum β-hCG concentrations
",E,E,True,"The patient presents with right lower quadrant abdominal pain, vaginal spotting, a positive urine pregnancy test, and a pelvic ultrasonography that shows a thickened endometrial lining but no adnexal masses. These findings raise the suspicion of an ectopic pregnancy, which is a serious and potentially life-threatening condition. Option E: Serial serum β-hCG concentrations - Correct: Serial serum β-hCG measurements are essential in the evaluation of a suspected ectopic pregnancy. The β-hCG levels can help determine the viability of the pregnancy and the likelihood of an ectopic pregnancy. In a normal intrauterine pregnancy, β-hCG levels typically double every 48-72 hours. If the β-hCG levels do not rise as expected or if they plateau or decline, this can indicate an ectopic pregnancy or a non-viable intrauterine pregnancy. Serial measurements can guide further management, including the need for more invasive diagnostic procedures or surgical intervention. Option A: Admission to the hospital for observation - Incorrect: While hospital admission may be necessary if the patient's condition worsens or if there is evidence of hemodynamic instability, it is not the first step in management. Serial β-hCG measurements and further diagnostic evaluation should be performed first to confirm the diagnosis and guide the need for hospitalization. Option B: Diagnostic laparoscopy - Incorrect: Diagnostic laparoscopy is a more invasive procedure and is typically reserved for cases where there is a high suspicion of ectopic pregnancy and the patient is hemodynamically unstable or if non-invasive diagnostic methods are inconclusive. Serial β-hCG measurements and further imaging should be performed first to confirm the diagnosis before proceeding to laparoscopy. Option C: Dilatation and curettage (D&C) - Incorrect: D&C is not appropriate in this scenario. It is typically used to manage incomplete miscarriages or to obtain tissue for histopathological examination. In a patient with a positive pregnancy test and symptoms suggestive of ectopic pregnancy, D&C could miss the ectopic pregnancy and delay appropriate treatment, potentially leading to serious complications. Option D: Follow-up pelvic ultrasonography in 1 week - Incorrect: Waiting a week for a follow-up ultrasonography is too long given the patient's symptoms and the potential for an ectopic pregnancy. Immediate action is necessary to confirm the diagnosis and initiate appropriate management. Serial β-hCG measurements can provide more immediate and actionable information. In summary, the most appropriate next step in management is to perform serial serum β-hCG concentrations to evaluate the viability of the pregnancy and to guide further diagnostic and therapeutic decisions.",0.0089,0.0222,0.1903,0.0524,0.0335,0.0524,0.0524,0.4226,0.5561,0.6565
"A 32-year-old woman, gravida 4, para 4, comes to the office 1 week after an uncomplicated vaginal delivery of a 3020-g (6-lb 11-oz) term female newborn. She has been breast-feeding her daughter since birth. The patient says that she cries frequently for no reason, is irritable, and is worried about her infant's long-term health. The patient reports having no appetite. She says that her husband and mother say that she is depressed and think she is anorexic. She has not had auditory hallucinations, confusion, or disorientation. She denies suicidal or homicidal ideation. She has a history of postpartum psychosis following the birth of her first child; she had no similar symptoms after the births of her second and third children. Which of the following factors in this patient's history most strongly indicates a poor prognosis?",Which of the following factors in this patient's history most strongly indicates a poor prognosis?,"
A. Anorexia 
B. Depressed mood 
C. History of psychosis 
D. Multiparity
",C,C,True,"The patient's history of postpartum psychosis following the birth of her first child is the most significant factor indicating a poor prognosis in this scenario. Postpartum psychosis is a severe psychiatric disorder that can recur in subsequent pregnancies, and its presence in a patient's history is a strong predictor of future episodes. This condition is more severe and has a higher risk of complications, including the potential for harm to the mother or the infant, compared to postpartum depression or other mood disorders. - A. Anorexia: While anorexia (loss of appetite) can be a symptom of depression and can contribute to poor physical health, it is not as strong an indicator of a poor prognosis as a history of psychosis. Anorexia is a common symptom in various mental health conditions and does not necessarily predict the severity or course of the illness. - B. Depressed mood: Depressed mood is a significant symptom and can indicate postpartum depression, which is a serious condition. However, it is a common symptom and does not carry the same level of risk as a history of psychosis. Postpartum depression, while serious, is generally more manageable and has a better prognosis with appropriate treatment. - C. History of psychosis: A history of postpartum psychosis is the strongest predictor of a poor prognosis. Postpartum psychosis is a rare but severe condition that can lead to rapid deterioration in mental health, including delusions, hallucinations, and a risk of harm to the mother or the infant. The recurrence of psychosis in subsequent pregnancies is a significant concern and requires close monitoring and early intervention. - D. Multiparity: Multiparity (having given birth multiple times) is a demographic factor and does not directly indicate a poor prognosis. While multiparous women may have different experiences and challenges, the number of previous pregnancies is not as predictive of severe mental health issues as a history of psychosis. Given the patient's history of postpartum psychosis, it is crucial to monitor her closely for signs of recurrence and to provide appropriate psychiatric care, including medication and therapy, to prevent a severe episode.",0.0,0.0284,0.2063,0.0718,0.0333,0.0552,0.0552,0.4628,0.5798,0.7106
"A 47-year-old man comes to the office to establish care. He recently moved to the area and has not been evaluated by a physician for more than 3 years. He reports a 1-year history of bilateral knee pain that worsens after prolonged standing, but he otherwise has felt well. Medical history is unremarkable and his only medication is acetaminophen as needed for his knee pain. Family history is significant for hypothyroidism in his mother and myocardial infarction in a paternal uncle at age 55 years. The patient drinks five to six beers weekly and does not smoke cigarettes. BMI is 32 kg/m² . Vital signs are temperature 36.1°C (97.0°F), pulse 78/min, respirations 12/min, and blood pressure 138/89 mm Hg. The patient is not in distress. Physical examination discloses no abnormalities. Results of fasting serum lipid studies obtained in preparation for today's visit are shown: Cholesterol Total 264 mg/dL HDL 54 mg/dL LDL 170 mg/dL Triglycerides 200 mg/dL Which of the following is the most appropriate next step in management regarding the patient's laboratory study results?",Results of fasting serum lipid studies obtained in preparation for today's visit are shown: Cholesterol Total 264 mg/dL HDL 54 mg/dL LDL 170 mg/dL Triglycerides 200 mg/dL Which of the following is the most appropriate next step in management regarding the patient's laboratory study results?,"
A. Prescribe atorvastatin 
B. Prescribe cholestyramine 
C. Recommend diet and low-impact exercise 
D. Refer the patient to a cardiologist 
E. Repeat fasting laboratory studies in 1 month
",C,C,True,"The patient's lipid profile shows elevated total cholesterol (264 mg/dL), LDL cholesterol (170 mg/dL), and triglycerides (200 mg/dL), with a normal HDL cholesterol (54 mg/dL). These values indicate dyslipidemia, which is a risk factor for cardiovascular disease. However, the patient does not have a history of cardiovascular disease, and his only risk factors are a family history of myocardial infarction and a BMI of 32 kg/m², which is considered obese. Option A: Prescribe atorvastatin - Incorrect: Atorvastatin is a statin medication used to lower cholesterol levels, particularly LDL cholesterol. While the patient's LDL is elevated, the decision to start statin therapy should be based on a comprehensive risk assessment, including the patient's age, sex, family history, and other risk factors. The current guidelines from the American College of Cardiology (ACC) and the American Heart Association (AHA) recommend lifestyle modifications as the first step for primary prevention in patients with a 10-year atherosclerotic cardiovascular disease (ASCVD) risk of less than 7.5%. Given the patient's relatively low risk profile, starting a statin immediately may not be necessary. Option B: Prescribe cholestyramine - Incorrect: Cholestyramine is a bile acid sequestrant used to lower cholesterol levels, particularly LDL cholesterol. It is generally used in combination with statins or in patients who cannot tolerate statins. Given the patient's relatively low risk profile and the absence of contraindications to statins, cholestyramine is not the first-line treatment. Option C: Recommend diet and low-impact exercise - Correct: Lifestyle modifications, including a heart-healthy diet and regular physical activity, are the cornerstone of managing dyslipidemia and reducing cardiovascular risk. The patient's BMI of 32 kg/m² indicates obesity, which is a modifiable risk factor. Low-impact exercise, such as walking or swimming, can help improve knee pain and reduce cardiovascular risk. A diet low in saturated fats and trans fats, and rich in fruits, vegetables, and whole grains, can help lower cholesterol levels. This approach is appropriate for primary prevention in patients with a moderate risk profile. Option D: Refer the patient to a cardiologist - Incorrect: Referral to a cardiologist is typically reserved for patients with established cardiovascular disease, a high 10-year ASCVD risk, or those who require specialized management. The patient's current risk profile does not warrant an immediate referral to a cardiologist. However, if the patient's risk factors do not improve with lifestyle modifications, a referral may be considered. Option E: Repeat fasting laboratory studies in 1 month - Incorrect: While it is reasonable to monitor lipid levels, repeating the tests in one month is not the most appropriate next step. The patient's lipid profile is consistent, and immediate retesting is not necessary. Instead, the focus should be on implementing lifestyle changes and reassessing the patient's lipid levels after a few months to evaluate the effectiveness of these interventions. In summary, the most appropriate next step is to recommend diet and low-impact exercise to address the patient's dyslipidemia and reduce cardiovascular risk.",0.0104,0.0674,0.2778,0.1444,0.058,0.0939,0.0939,0.5021,0.5329,0.7091
"A 37-year-old man comes to the emergency department because he has felt nauseated and light-headed for the past hour. Medical history is significant for esophageal varices secondary to alcohol-related cirrhosis and ascites treated with spironolactone. He drinks eight to ten alcoholic beverages daily. While you are obtaining additional history, the patient vomits a large volume of bright red blood and becomes difficult to arouse. Vital signs are temperature 36.0°C (96.8°F), pulse 110/min, respirations 12/min, and blood pressure 90/50 mm Hg. Following initiation of intravenous fluids, which of the following is the most appropriate immediate management?","Following initiation of intravenous fluids, which of the following is the most appropriate immediate management?","
A. Arrange for transjugular intrahepatic portal vein shunting 
B. Begin intravenous vasopressin therapy 
C. Do endotracheal intubation 
D. Do upper endoscopy 
E. Insert an esophageal tube for balloon tamponade
",C,D,False,"In a patient with a history of esophageal varices and alcohol-related cirrhosis who presents with hematemesis (vomiting blood) and signs of hypovolemic shock (tachycardia, hypotension), the immediate concern is a variceal bleed, which is a life-threatening condition. The most appropriate immediate management is to perform an upper endoscopy (esophagogastroduodenoscopy, EGD) to confirm the source of bleeding and to provide endoscopic therapy if necessary. Option D: Do upper endoscopy - Correct: Upper endoscopy is the gold standard for diagnosing and managing acute variceal bleeding. It allows for direct visualization of the esophagus, stomach, and duodenum, and can be used to apply hemostatic measures such as band ligation or sclerotherapy to control the bleeding. This is crucial for stabilizing the patient and preventing further blood loss. Option A: Arrange for transjugular intrahepatic portal vein shunting (TIPS) - Incorrect: TIPS is a procedure that can be used to reduce portal hypertension and prevent rebleeding in patients with varices, but it is not the first-line treatment for an acute variceal bleed. TIPS is typically considered if endoscopic therapy fails or if the patient is a poor candidate for endoscopic intervention. Option B: Begin intravenous vasopressin therapy - Incorrect: Vasopressin can be used as a temporizing measure to reduce portal pressure and control bleeding, but it is not the definitive treatment. It is often used in conjunction with endoscopic therapy. However, in the immediate management of a patient with active bleeding, endoscopy is more critical to confirm the source and apply direct hemostatic measures. Option C: Do endotracheal intubation - Incorrect: Endotracheal intubation is necessary if the patient is not adequately protecting their airway or if they are at risk of aspiration due to vomiting blood. However, it is not the primary management step for controlling the bleeding. Intubation should be performed if the patient's airway is compromised, but it does not address the source of the bleeding. Option E: Insert an esophageal tube for balloon tamponade - Incorrect: Balloon tamponade (using a Sengstaken-Blakemore tube) can be used as a temporary measure to control bleeding when endoscopic therapy is not immediately available or has failed. However, it is not the first-line treatment and can cause complications such as esophageal perforation or aspiration. Endoscopy is the preferred method for definitive management. In summary, the most appropriate immediate management for this patient is to perform an upper endoscopy to diagnose and treat the source of the bleeding.",0.0045,0.0265,0.175,0.0529,0.029,0.0481,0.0481,0.4406,0.592,0.6645
"A 25-year-old man was admitted to the hospital yesterday with a massive hemothorax sustained as a result of a stab wound. Left lateral thoracotomy was done because more than 2 L of blood returned following chest tube placement. The thoracotomy disclosed a bleeding intercostal vessel that was repaired by suture ligation. Vital signs now are temperature 36.0°C (96.8°F), pulse 100/min, respirations 18/min, and blood pressure 120/78 mm Hg. Pulse oximetry on 5 L/min of oxygen via nasal cannula shows an oxygen saturation of 95%. Physical examination discloses a well-approximated staple line at the incision site and mild erythema. Decreased respiratory excursion is noted on the left side. The chest tube is draining a small amount of serosanguineous fluid; no air leak is noted. Which of the following is the most appropriate next step in management? Why not the other choices?",Why not the other choices?,"
A. Administration of broad-spectrum antibiotics 
B. Initiation of tube feedings 
C. Pain reduction 
D. Physical therapy 
E. Psychological evaluation for post-traumatic stress disorder
",C,C,True,"In the management of a patient who has undergone a thoracotomy for a massive hemothorax, pain control is a critical aspect of postoperative care. Effective pain management is essential for several reasons: - Pain Reduction (C): Pain can significantly impair a patient's ability to breathe deeply, cough, and clear secretions, which are all crucial for preventing postoperative complications such as atelectasis and pneumonia. By ensuring adequate pain control, the patient is more likely to engage in these activities, which can improve respiratory function and reduce the risk of complications. Why not the other choices? - Administration of broad-spectrum antibiotics (A): While infection is a concern after any surgical procedure, the patient's current vital signs and physical examination do not suggest an active infection. The mild erythema at the incision site is not necessarily indicative of infection, especially in the early postoperative period. Broad-spectrum antibiotics should be reserved for cases where there is clear evidence of infection, such as fever, significant erythema, purulent discharge, or systemic signs of infection. - Initiation of tube feedings (B): Nutritional support is important, but it is not the most immediate concern in this patient. The patient's vital signs are stable, and there is no indication of malnutrition or significant metabolic stress that would necessitate immediate tube feedings. Pain control and respiratory function are more pressing issues. - Physical therapy (D): Physical therapy is beneficial for postoperative recovery, particularly in promoting mobility and preventing complications like deep vein thrombosis (DVT). However, the patient's ability to participate in physical therapy is contingent on adequate pain control. Therefore, pain reduction should be addressed first to ensure the patient can engage in physical therapy effectively. - Psychological evaluation for post-traumatic stress disorder (E): While psychological support is important, especially after a traumatic event like a stab wound, it is not the most immediate concern in the postoperative period. The patient's physical recovery and stabilization should be the primary focus. Psychological evaluation can be considered once the patient is more stable and pain is well-managed. In summary, the most appropriate next step in management is to ensure the patient has adequate pain control to facilitate better respiratory function and reduce the risk of postoperative complications.",0.0072,0.0143,0.1067,0.0267,0.0215,0.0267,0.0267,0.3989,0.4866,1.0
"A 45-year-old man returns to the office for ongoing treatment of tuberculous pericarditis. Pericardiocentesis 9 weeks ago showed a serosanguineous effusion; culture of the effusion was positive for Mycobacterium tuberculosis, and therapy with isoniazid, rifampin, and ethambutol was initiated. During the past 2 weeks, he has had increasing shortness of breath on minimal exertion, cough, pain in the right upper quadrant, and swelling of the lower extremities. BMI is 26 kg/m² . Vital signs today are temperature 37.0°C (98.6°F), pulse 100/min, respirations 22/min, and blood pressure 105/65 mm Hg. Physical examination discloses 10 cm of jugular venous distention. Lungs are clear to auscultation and percussion. Cardiac examination discloses distant but normal heart sounds. The liver is tender and is palpated 3 cm below the right costal margin. There is 2+ to 3+ pitting edema from the knees distally. HIV antibody test is negative. ECG shows nonspecific ST-T changes. Chest x-ray today is unchanged from the x-ray obtained at the time of diagnosis, which showed resolution of apical and perihilar infiltrates and a normal-sized heart. Which of the following is the most appropriate next step in management?",Which of the following is the most appropriate next step in management?,"
A. Add furosemide therapy and reevaluate in 4 weeks 
B. Add prednisone therapy 
C. Add streptomycin and cycloserine therapy 
D. Order bronchoscopy for brushings and cytology 
E. Order echocardiography
",E,E,True,"The patient has a history of tuberculous pericarditis, which was confirmed by a positive culture for Mycobacterium tuberculosis from a pericardiocentesis 9 weeks ago. He is currently on antituberculous therapy (isoniazid, rifampin, and ethambutol). However, he has developed new symptoms over the past 2 weeks, including increasing shortness of breath on minimal exertion, cough, right upper quadrant pain, and swelling of the lower extremities. These symptoms, along with the physical examination findings of jugular venous distention, distant heart sounds, hepatomegaly, and pitting edema, suggest the possibility of constrictive pericarditis or cardiac tamponade. Option A: Add furosemide therapy and reevaluate in 4 weeks - Incorrect: While diuretics like furosemide can help manage fluid retention, they do not address the underlying cause of the symptoms. In the context of suspected constrictive pericarditis or cardiac tamponade, diuretics alone are not sufficient and may worsen the condition by reducing preload and potentially leading to hypotension. Option B: Add prednisone therapy - Incorrect: Prednisone is a corticosteroid that can be used in the treatment of pericarditis, particularly in cases of recurrent or refractory pericarditis. However, in the context of tuberculous pericarditis, the use of corticosteroids is controversial and generally not recommended as a first-line treatment. Moreover, the patient's symptoms suggest a more severe condition that requires immediate diagnostic evaluation. Option C: Add streptomycin and cycloserine therapy - Incorrect: The patient is already on a standard regimen for tuberculous pericarditis (isoniazid, rifampin, and ethambutol). Adding streptomycin and cycloserine is not indicated unless there is evidence of drug resistance, which is not suggested by the clinical scenario. The new symptoms are more likely related to the mechanical effects of pericardial disease rather than inadequate antimicrobial therapy. Option D: Order bronchoscopy for brushings and cytology - Incorrect: Bronchoscopy is typically used to evaluate respiratory symptoms, particularly in the context of suspected lung cancer or other pulmonary diseases. The patient's symptoms and physical examination findings are more consistent with a cardiac condition, and bronchoscopy would not provide useful information in this case. Option E: Order echocardiography - Correct: Echocardiography is the most appropriate next step in management. It can help diagnose constrictive pericarditis or cardiac tamponade, which are both potential complications of tuberculous pericarditis. Echocardiography can assess pericardial thickness, pericardial effusion, and the presence of constrictive physiology, such as diastolic septal bounce, early diastolic filling, and respiratory variation in ventricular filling. This information is crucial for guiding further management, which may include pericardiectomy or other interventions. In summary, echocardiography is the most appropriate next step to evaluate the patient's symptoms and guide further management.",0.0103,0.0204,0.1552,0.0505,0.0369,0.0505,0.0505,0.4069,0.5459,0.6963
"A 40-year-old woman, gravida 2 para 2, comes to the office because of bulging veins in her legs that have slowly become more visible since she first noticed them 2 years ago. She says they seem to worsen when she stands for long periods of time, but she reports no associated pain. She is concerned that this problem may be life-threatening. Medical history is otherwise unremarkable and she takes no medications. Both of her pregnancies resulted in uncomplicated vaginal deliveries at 40 weeks' gestation. BMI is 23 kg/m². Vital signs are normal. Physical examination discloses compressible veins in both lower extremities below the knees that are worse on the left. The remainder of the examination discloses no abnormalities. Which of the following is the most appropriate next step?",Which of the following is the most appropriate next step?,"
A. Compression stockings 
B. Surgical ligation of the largest veins 
C. Venography 
D. Venous duplex ultrasonography 
E. Warfarin therapy
",A,D,False,"The patient presents with a history of visible, bulging veins in her legs, which have worsened over time, especially with prolonged standing. This clinical presentation is highly suggestive of varicose veins, a common condition characterized by dilated, tortuous veins, typically in the lower extremities. Varicose veins are often asymptomatic but can cause discomfort, heaviness, or aching, particularly after prolonged standing. The absence of pain and the patient's otherwise unremarkable medical history, along with a normal BMI, further support this diagnosis. Option D: Venous duplex ultrasonography - Correct: Venous duplex ultrasonography is the most appropriate next step in the evaluation of varicose veins. This non-invasive imaging technique provides detailed information about the venous anatomy and blood flow, helping to identify the presence of reflux (backward flow of blood) and any underlying venous insufficiency. It can also rule out deep vein thrombosis (DVT), which is important to exclude, especially in a patient with visible veins and a history of prolonged standing. Option A: Compression stockings - Incorrect: While compression stockings are a common and effective treatment for managing symptoms and preventing the progression of varicose veins, they are not the first step in the diagnostic process. They are typically recommended after a diagnosis has been confirmed and the extent of the condition is known. Option B: Surgical ligation of the largest veins - Incorrect: Surgical ligation is a treatment option for varicose veins, but it is not appropriate as the first step. It is usually considered after a thorough evaluation and when conservative measures, such as compression stockings and lifestyle changes, have been ineffective. Additionally, surgical intervention is typically reserved for more severe cases or when there are complications. Option C: Venography - Incorrect: Venography is an invasive imaging technique that involves injecting a contrast agent into the veins to visualize the venous system. While it can provide detailed information, it is generally reserved for more complex cases or when other non-invasive methods are inconclusive. Venous duplex ultrasonography is the preferred initial imaging modality due to its non-invasive nature and high diagnostic accuracy. Option E: Warfarin therapy - Incorrect: Warfarin is an anticoagulant used to prevent and treat blood clots, particularly in conditions like deep vein thrombosis (DVT) and pulmonary embolism. There is no indication for anticoagulation in this patient, as she has no signs or symptoms of DVT or other thromboembolic disorders. Warfarin would not be appropriate for the management of varicose veins. In summary, venous duplex ultrasonography is the most appropriate next step to confirm the diagnosis of varicose veins, assess the extent of the condition, and rule out any underlying venous insufficiency or DVT.",0.0061,0.0162,0.1392,0.0405,0.0271,0.0405,0.0405,0.3949,0.5253,0.6096
"A 39-year-old woman, gravida 2, para 2, comes to the community-based health center because of a 6-month history of a copious, foul-smelling vaginal discharge. She also reports spotting that began 6 months ago and has progressed to heavy bleeding during the past 3 weeks. Medical history is significant for an abnormal Pap smear in her 20s; her most recent Pap smear was done 12 years ago during her second pregnancy, and she recalls the results as being normal. She takes no medications. The patient was married for 16 years; her husband died 4 years ago and had undergone vasectomy after the birth of their last child. The patient has not had any new sexual partners since her husband's death. BMI is 32 kg/m². Vital signs are temperature 37.2°C (99.0°F), pulse 90/min, respirations 14/min, and blood pressure 155/96 mm Hg. Speculum examination discloses normal vaginal mucosa. The cervix is friable with a 1-cm exophytic mass lateral to the cervical os at the nine o'clock position. Which of the following is the most critical factor in formulating a management plan for this patient?",Which of the following is the most critical factor in formulating a management plan for this patient?,"
A. Future fertility plans 
B. Hypertension 
C. Obesity 
D. Patient age 
E. Stage of disease
",E,E,True,"In the context of the patient's presentation, which includes a 6-month history of copious, foul-smelling vaginal discharge, spotting, and heavy bleeding, along with the finding of a friable cervix and a 1-cm exophytic mass, the most critical factor in formulating a management plan is the stage of disease. This is because the stage of cervical cancer (if the mass is indeed cancerous) will significantly influence the treatment options, prognosis, and overall management strategy. - A. Future fertility plans: While important in younger women or those who have not completed their families, this patient is 39 years old, has completed her family, and has not had new sexual partners since her husband's death. Therefore, future fertility is less of a concern in this case and does not take precedence over the immediate need to assess and treat a potential malignancy. - B. Hypertension: Although the patient has a blood pressure of 155/96 mm Hg, which is considered stage 1 hypertension, this is a chronic condition that can be managed independently of the cervical mass. It is important to control hypertension, but it is not the most critical factor in the immediate management of a potential cervical cancer. - C. Obesity: The patient's BMI of 32 kg/m² indicates obesity, which can be a risk factor for various health issues, including certain cancers. However, like hypertension, obesity is a chronic condition that, while important, does not take precedence over the immediate need to evaluate and manage a potential cervical malignancy. - D. Patient age: While age can influence the risk of certain diseases, including cervical cancer, the patient's age of 39 is not the most critical factor in this scenario. The presence of a cervical mass and the symptoms she is experiencing are more immediate concerns that require urgent evaluation. - E. Stage of disease: The stage of cervical cancer is the most critical factor because it will determine the appropriate treatment approach. Early-stage cervical cancer may be treated with surgery (e.g., cone biopsy, hysterectomy), while more advanced stages may require a combination of surgery, radiation, and chemotherapy. Accurate staging is essential for tailoring the treatment plan to the patient's specific condition and for providing an accurate prognosis. Therefore, the most critical factor in formulating a management plan for this patient is the stage of disease.",0.0223,0.0333,0.2753,0.0786,0.0642,0.0786,0.0786,0.4777,0.593,0.8116
"A 28-year-old man comes to the office for an annual health maintenance examination. He says he has been generally healthy. Three months ago he began walking three times weekly for at least 30 minutes, and he has eliminated salt from his diet after a blood pressure measurement at a local pharmacy was 160/96 mm Hg. Medical history is unremarkable and he takes no medications. Family history is remarkable for hyperlipidemia, hypertension, type 2 diabetes mellitus, and coronary artery disease. The patient is 188 cm (6 ft 2 in) tall and weighs 135 kg (298 lb); BMI is 38 kg/m². Vital signs are temperature 36.8°C (98.2°F), pulse 102/min, respirations 18/min, and blood pressure 156/98 mm Hg. The abdomen is protuberant with no masses. The remainder of the physical examination discloses no abnormalities. Results of fasting laboratory studies are shown: Serum Cholesterol Total - 202 mg/dL HDL - 33 mg/dL LDL - 137 mg/dL Triglycerides - 158 mg/dL Glucose - 104 mg/dL Blood Hematocrit - 46% Hemoglobin - 15.6 g/dL WBC - 9800/mm³ Pharmacotherapy should be directed toward which of the following?",6 g/dL WBC - 9800/mm³ Pharmacotherapy should be directed toward which of the following?,"
A. Aiding with metabolism of glucose 
B. Decreasing pulse rate 
C. Decreasing serum LDL-cholesterol concentration 
D. Lowering blood pressure 
E. Suppressing appetite
",D,D,True,"The patient's primary concern, as indicated by the history and physical examination, is hypertension, with a blood pressure of 156/98 mm Hg, which is above the normal range. Hypertension is a significant risk factor for cardiovascular disease, especially in the context of the patient's family history of hyperlipidemia, hypertension, type 2 diabetes mellitus, and coronary artery disease. Therefore, the most immediate and critical pharmacotherapy should be directed toward lowering blood pressure to reduce the risk of cardiovascular events. A. Aiding with metabolism of glucose: While the patient's fasting glucose level of 104 mg/dL is slightly elevated, indicating prediabetes, this is not the most pressing issue at this time. Managing blood pressure is more urgent, and glucose metabolism can be addressed through lifestyle changes and monitoring. B. Decreasing pulse rate: The patient's pulse rate of 102/min is slightly elevated, but this is often a secondary concern to blood pressure control. Addressing hypertension will often have a beneficial effect on heart rate as well. C. Decreasing serum LDL-cholesterol concentration: The patient's LDL cholesterol level of 137 mg/dL is elevated, and given the family history of hyperlipidemia and cardiovascular disease, this is a significant concern. However, the immediate priority is to control blood pressure, as uncontrolled hypertension poses a more immediate risk to the patient's health. D. Lowering blood pressure: This is the correct answer. The patient's blood pressure is consistently elevated, and given the family history and other risk factors, it is crucial to initiate antihypertensive therapy to reduce the risk of cardiovascular complications. E. Suppressing appetite: While the patient's BMI of 38 kg/m² indicates obesity, which is a significant risk factor for various health issues, including hypertension, the immediate pharmacotherapy should focus on lowering blood pressure. Weight management can be addressed through lifestyle modifications and, if necessary, additional pharmacotherapy after blood pressure is under control.",0.0028,0.0277,0.1192,0.0601,0.0302,0.048,0.048,0.454,0.5293,0.5917
"A 22-year-old man comes to the office for evaluation 3 days after his girlfriend was diagnosed with trichomoniasis vaginalis. The patient has not had urethral discharge, dysuria, testicular pain, or genital skin lesions. He has been monogamous with his girlfriend and has been dating her for the past 6 months. He previously had one sexual partner at age 20 years. The patient has not consistently used condoms. He has never had any sexually transmitted diseases. Medical history is unremarkable and he takes no medications. Vital signs are normal. Genitourinary examination discloses no lesions or urethral discharge. Testes are symmetrical without tenderness or masses. There are shotty inguinal lymph nodes. In addition to recommending condom use, which of the following is the most appropriate next step?","In addition to recommending condom use, which of the following is the most appropriate next step?","
A. Obtain a urethral swab for potassium hydroxide preparation 
B. Order urinalysis and urine culture 
C. Prescribe ceftriaxone and doxycycline therapy 
D. Prescribe metronidazole therapy 
E. Reassure the patient that no treatment is necessary
",D,D,True,"Trichomoniasis is a common sexually transmitted infection (STI) caused by the protozoan parasite Trichomonas vaginalis. It is primarily transmitted through sexual contact, and both men and women can be infected. In men, trichomoniasis often presents with no symptoms, but it can cause urethral discharge, dysuria, and other genitourinary symptoms. However, the absence of symptoms does not rule out the infection, especially in a monogamous relationship where one partner has been diagnosed with the infection. Option D: Prescribe metronidazole therapy - Correct: Metronidazole is the first-line treatment for trichomoniasis. It is effective in both men and women and is typically administered as a single dose (2 g orally) or a 7-day course (500 mg orally twice daily). Given that the patient's girlfriend has been diagnosed with trichomoniasis and they have been monogamous, it is highly likely that the patient is also infected, even if he is asymptomatic. Treating both partners is essential to prevent reinfection and to control the spread of the infection. Option A: Obtain a urethral swab for potassium hydroxide preparation - Incorrect: Potassium hydroxide (KOH) preparation is typically used to identify fungal elements, such as yeast, in clinical specimens. It is not the appropriate test for diagnosing trichomoniasis. The standard diagnostic methods for trichomoniasis include nucleic acid amplification tests (NAATs), culture, and wet mount microscopy of urethral or urine specimens. Option B: Order urinalysis and urine culture - Incorrect: While a urinalysis and urine culture can help identify other urinary tract infections, they are not specific for trichomoniasis. Urinalysis might show pyuria (white blood cells in the urine) in some cases of trichomoniasis, but it is not a definitive diagnostic test. Urine culture is not typically used for diagnosing trichomoniasis. Option C: Prescribe ceftriaxone and doxycycline therapy - Incorrect: Ceftriaxone and doxycycline are antibiotics used to treat other STIs, such as gonorrhea and chlamydia, respectively. They are not effective against trichomoniasis. Given the patient's history and the diagnosis of trichomoniasis in his girlfriend, these antibiotics would not be appropriate. Option E: Reassure the patient that no treatment is necessary - Incorrect: Even though the patient is asymptomatic, he should be treated for trichomoniasis to prevent reinfection of his girlfriend and to avoid potential complications. Untreated trichomoniasis can lead to urethritis, prostatitis, and other genitourinary issues in men, and it can increase the risk of HIV transmission. In summary, the most appropriate next step is to prescribe metronidazole therapy to treat the patient for trichomoniasis, given his exposure to the infection and the high likelihood of asymptomatic carriage.",0.0041,0.0226,0.1547,0.0461,0.0278,0.0461,0.0461,0.4045,0.5324,0.6164
"A 25-year-old man comes to the office because he has had a ""coating"" on his tongue during the past 2 weeks and has had an unintentional 4.5-kg (10-lb) weight loss during the past 6 months. He has not had oral pain or difficulty swallowing. Medical history is unremarkable and he takes no medications. He has smoked one pack of cigarettes daily for the past 5 years and he drinks two to three beers weekly. He is sexually active with two male partners and does not consistently use condoms. BMI is 25kg/m². Vital signs are temperature 37.1°C (98.8°F), pulse 83/min, respirations 16/min, and blood pressure 114/74 mm Hg. Oral examination shows a white plaque on the lateral aspect of the tongue bilaterally; an attempt to scrape the lesion from the tongue is unsuccessful. Anterior and posterior cervical lymph nodes are enlarged bilaterally but are mobile and not tender to palpation. The remainder of the physical examination discloses no abnormalities. A rapid HIV test is positive. Results of other laboratory studies are shown: Blood CD4+ T-lymphocyte count - 128/mm³ Hematocrit - 36% Hemoglobin - 12.0 g/dL WBC - 1400/mm³ Neutrophils, segmented - 79% Eosinophils - 3% Lymphocytes - 11% Monocytes - 7% Platelet count - 124,000/mm³ Which is of the following is the most appropriate clinical intervention at this time?","0 g/dL WBC - 1400/mm³ Neutrophils, segmented - 79% Eosinophils - 3% Lymphocytes - 11% Monocytes - 7% Platelet count - 124,000/mm³ Which is of the following is the most appropriate clinical intervention at this time?","
A. Antiretroviral therapy 
B. Liquid nitrogen therapy applied to the tongue lesions 
C. Micafungin therapy 
D. Surgical excision of the tongue lesions 
E. Systemic chemotherapy with liposomal doxorubicin
",A,A,True,"The patient's presentation, including the white plaque on the tongue that does not scrape off, the significant weight loss, and the positive rapid HIV test with a low CD4+ T-lymphocyte count, strongly suggests a diagnosis of HIV infection with an opportunistic infection, likely oral candidiasis (thrush). The CD4+ T-lymphocyte count of 128/mm³ is below the threshold of 200/mm³, which is a criterion for an AIDS diagnosis, indicating that the patient has progressed to AIDS. Option A: Antiretroviral therapy - Correct: Antiretroviral therapy (ART) is the cornerstone of treatment for HIV infection. It helps to suppress viral replication, increase CD4+ T-lymphocyte counts, and reduce the risk of opportunistic infections. Given the patient's low CD4+ count and the presence of an opportunistic infection (oral candidiasis), starting ART is the most appropriate and urgent intervention. Option B: Liquid nitrogen therapy applied to the tongue lesions - Incorrect: Liquid nitrogen therapy is used for the treatment of certain skin conditions, such as warts or precancerous lesions. It is not appropriate for treating oral candidiasis, which is a fungal infection. The primary treatment for oral candidiasis is antifungal therapy, not cryotherapy. Option C: Micafungin therapy - Incorrect: Micafungin is an antifungal medication used to treat systemic fungal infections, such as invasive candidiasis. While oral candidiasis can be treated with antifungal medications, micafungin is typically reserved for more severe or systemic fungal infections. For oral candidiasis, topical antifungal agents like nystatin or fluconazole are more commonly used. However, the primary issue here is the underlying HIV infection, which requires ART. Option D: Surgical excision of the tongue lesions - Incorrect: Surgical excision is not appropriate for treating oral candidiasis. The lesions are caused by a fungal infection and can be effectively managed with antifungal medications. Surgery would be unnecessary and could lead to complications such as pain, bleeding, and difficulty eating or speaking. Option E: Systemic chemotherapy with liposomal doxorubicin - Incorrect: Liposomal doxorubicin is a chemotherapy agent used to treat certain types of cancer, such as Kaposi's sarcoma. While Kaposi's sarcoma is an AIDS-defining illness, the patient's presentation does not suggest the presence of this condition. The primary issue is the HIV infection and the opportunistic infection (oral candidiasis), which require antiretroviral therapy and antifungal treatment, respectively. In summary, the most appropriate clinical intervention at this time is to start the patient on antiretroviral therapy to manage the HIV infection and prevent further immunosuppression and opportunistic infections.",0.0128,0.0487,0.2028,0.0724,0.05,0.0679,0.0679,0.4456,0.4772,0.5699
A 24-year-old recent college graduate comes to the office because of a 3-year history of increased frequency of urination and occasional incontinence whenever she travels. She says the urinary symptoms typically begin a few days before she is going to fly and they stop the day after she arrives at her destination. She says she is anxious about flying. She reports having had similar but milder symptoms prior to examinations before graduating. Medical history is otherwise unremarkable. Her only medication is an oral contraceptive. Vital signs are normal. Physical examination discloses no abnormalities. Urinalysis and urine culture are normal. Which of the following is the most appropriate next step?,Which of the following is the most appropriate next step?,"
A. Recommend behavioral therapy 
B. Recommend psychoanalytic psychotherapy 
C. Recommend that the patient avoid any stressful activities that cause the problem 
D. Review the patient's sexual history 
E. Reassure the patient that her symptoms will resolve in time
",A,A,True,"The patient's symptoms of increased frequency of urination and occasional incontinence are clearly linked to specific stressors, such as flying and examinations. This pattern suggests a psychogenic cause, particularly given the absence of physical abnormalities and normal urinalysis and urine culture results. Behavioral therapy is an appropriate next step because it can help the patient manage her anxiety and the associated urinary symptoms. - Option A: Recommend behavioral therapy - This is the most appropriate choice. Behavioral therapy, including techniques like relaxation training, biofeedback, and cognitive-behavioral therapy (CBT), can be very effective in managing stress-related urinary symptoms. These therapies aim to reduce the patient's anxiety and improve her coping mechanisms, which can directly alleviate the urinary symptoms. - Option B: Recommend psychoanalytic psychotherapy - While psychoanalytic psychotherapy can be beneficial for deep-seated psychological issues, it is generally more time-consuming and less focused on symptom management compared to behavioral therapy. For a condition that is clearly stress-related and has a more immediate impact on the patient's quality of life, a more targeted and practical approach like behavioral therapy is more suitable. - Option C: Recommend that the patient avoid any stressful activities that cause the problem - This is not a practical or effective solution. Avoiding stressful activities is not always possible and can lead to a significant reduction in the patient's quality of life. Moreover, it does not address the underlying anxiety and does not help the patient develop coping strategies. - Option D: Review the patient's sexual history - While a thorough medical history is important, the patient's symptoms are not indicative of a sexual health issue. The symptoms are clearly linked to stress and anxiety, and there is no evidence to suggest that a sexual history review would be relevant or helpful in this case. - Option E: Reassure the patient that her symptoms will resolve in time - While reassurance is an important part of the management, it is not sufficient on its own. The patient needs a more active approach to manage her anxiety and symptoms. Reassurance should be combined with a concrete plan, such as behavioral therapy, to address the underlying issues. In conclusion, recommending behavioral therapy is the most appropriate next step for this patient, as it directly addresses the stress-related nature of her symptoms and provides a practical and effective way to manage them.",0.007,0.0185,0.1543,0.0447,0.0299,0.0447,0.0447,0.4277,0.5454,0.6313
"A 22-year-old woman comes to the emergency department because of a 5-day history of sore throat and fever. During the past 3 days, she also has noticed a change in her voice and has had increased pain with swallowing. She has been taking acetaminophen since her symptoms began. Medical history is unremarkable and she takes no routine medications. Vital signs are temperature 40.0°C (104.0°F), pulse 130/min, respirations 18/min, and blood pressure 102/66 mm Hg. Pulse oximetry on room air shows an oxygen saturation of 97%. Examination of the oropharynx shows erythema, edema, and anterior displacement of the right side of the soft palate. The uvula is deviated to the left. There is a white exudate on the right tonsil. Trismus is noted. Palpation of the neck discloses enlarged, tender, mobile anterior cervical lymph nodes. In addition to antibiotic therapy, which of the following is the most appropriate management?","In addition to antibiotic therapy, which of the following is the most appropriate management?","
A. Incision and drainage 
B. Intravenous methylprednisolone therapy 
C. Oral nystatin therapy 
D. Salt water gargle 
E. Tonsillectomy
",A,A,True,"The clinical presentation of this 22-year-old woman, including high fever, sore throat, difficulty swallowing, change in voice, and the physical findings of erythema, edema, anterior displacement of the soft palate, deviated uvula, white exudate on the tonsil, and trismus, strongly suggests a peritonsillar abscess (quinsy). This is a complication of acute tonsillitis where pus forms in the peritonsillar space, leading to the symptoms and signs described. Option A: Incision and drainage - Correct: This is the most appropriate management for a peritonsillar abscess. Incision and drainage are necessary to relieve the pressure, reduce pain, and prevent further complications such as airway obstruction or spread of infection. It also allows for the collection of pus for culture and sensitivity testing, which can guide antibiotic therapy. Option B: Intravenous methylprednisolone therapy - Incorrect: While corticosteroids can be used to reduce inflammation and swelling, they are not the primary treatment for a peritonsillar abscess. They may be considered as an adjunct to drainage and antibiotics, but they do not address the underlying abscess. Option C: Oral nystatin therapy - Incorrect: Nystatin is an antifungal medication used to treat fungal infections. The clinical presentation and physical findings are indicative of a bacterial infection, not a fungal one. Therefore, nystatin is not appropriate in this case. Option D: Salt water gargle - Incorrect: Salt water gargles can provide symptomatic relief for sore throat and mild pharyngitis, but they are not sufficient to treat a peritonsillar abscess. They do not address the abscess or the underlying infection. Option E: Tonsillectomy - Incorrect: Tonsillectomy is a surgical procedure to remove the tonsils and is typically considered for recurrent tonsillitis or chronic tonsillar disease. While it may be considered in the long-term management of recurrent peritonsillar abscesses, it is not the immediate treatment of choice for an acute abscess. Immediate management should focus on incision and drainage to address the current infection and prevent complications. In summary, the most appropriate management for this patient with a peritonsillar abscess is incision and drainage, followed by appropriate antibiotic therapy and supportive care.",0.0051,0.0329,0.1786,0.0678,0.0341,0.0621,0.0621,0.4547,0.5782,0.655
"A 26-year-old man, who is admitted to the hospital to undergo cholecystectomy, bleeds excessively during the procedure and then develops a large wound hematoma. Medical history discloses that he has always tended to bruise excessively with trauma. His wounds oozed blood for 3 days following a dental extraction, which was his only previous surgical procedure. He says that his maternal grandfather and uncle were ""bleeders."" Initial coagulation studies show a normal platelet count, bleeding time, and prothrombin time. The partial thromboplastin time is moderately prolonged. Which of the following is the most appropriate statement to this patient and his wife regarding their children?",Which of the following is the most appropriate statement to this patient and his wife regarding their children?,"
A. There is no evidence of a familial coagulation defect 
B. Half of their daughters will have a clinically evident coagulation disorder 
C. The sons of their daughters will be at risk for a clinically evident coagulation disorder 
D. Their sons will be at risk for a clinically evident coagulation disorder 
E. Their sons and daughters will be at risk for a significant coagulation disorder
",C,C,True,"The patient's history and the results of his coagulation studies suggest that he has hemophilia, a genetic disorder that affects the body's ability to form blood clots. Hemophilia is typically an X-linked recessive disorder, which means the gene responsible for the condition is located on the X chromosome. - Option A: There is no evidence of a familial coagulation defect - Incorrect: The patient's history of excessive bleeding, family history of ""bleeders"" (maternal grandfather and uncle), and the prolonged partial thromboplastin time (PTT) strongly suggest a familial coagulation defect, specifically hemophilia. - Option B: Half of their daughters will have a clinically evident coagulation disorder - Incorrect: In X-linked recessive disorders, females (XX) who inherit one affected X chromosome from their father and one normal X chromosome from their mother are typically carriers. They do not usually exhibit the full clinical symptoms of the disorder but can pass the affected gene to their children. Therefore, half of their daughters will be carriers, not clinically affected. - Option C: The sons of their daughters will be at risk for a clinically evident coagulation disorder - Correct: If a daughter is a carrier (X^H X^h), she has a 50% chance of passing the affected X chromosome (X^h) to her son. If the son receives the affected X chromosome, he will have hemophilia because males have only one X chromosome (X^h Y). Therefore, the sons of their daughters are at risk for a clinically evident coagulation disorder. - Option D: Their sons will be at risk for a clinically evident coagulation disorder - Incorrect: The patient (X^h Y) will pass his Y chromosome to his sons, who will receive an X chromosome from their mother. Since the mother is not a carrier (assuming she is not a carrier, which is likely given the family history), the sons will not inherit the affected gene and will not be at risk for hemophilia. - Option E: Their sons and daughters will be at risk for a significant coagulation disorder - Incorrect: As explained, the sons will not be at risk for hemophilia because they will receive the Y chromosome from their father. The daughters will be carriers but not typically clinically affected. Therefore, the most appropriate statement to the patient and his wife is that the sons of their daughters will be at risk for a clinically evident coagulation disorder.",0.0065,0.0302,0.234,0.0726,0.0438,0.0678,0.0678,0.403,0.5401,0.7233
"A 29-year-old woman, gravida 3, para 3, comes to the office because of a 1-year history of recurrent low back pain. Rest and analgesics typically resolve the pain within 2 weeks. However, the pain recurs every 2 to 3 months. Medical history is remarkable for gestational diabetes during her pregnancies. She takes no medications except for an oral contraceptive. She walks 3 miles daily for exercise and works as a sales representative for a computer software company. She is 165 cm (5 ft 5 in) tall and weighs 100 kg (220 lb); BMI is 37 kg/m². Vital signs are normal, and physical examination discloses no abnormalities. Which of the following is the most appropriate next step?",Which of the following is the most appropriate next step?,"
A. Administer an epidural injection of methylprednisolone 
B. Order MRI of the lumbosacral spine 
C. Order x-rays of the lumbosacral spine 
D. Recommend beginning a weight loss program 
E. Recommend decreasing physical activity
",D,D,True,"The patient is a 29-year-old woman with a history of recurrent low back pain, a BMI of 37 kg/m², and a history of gestational diabetes. Her pain resolves with rest and analgesics but recurs every 2 to 3 months. Given her medical history and physical examination, the most appropriate next step is to recommend beginning a weight loss program. Option D: Recommend beginning a weight loss program - Correct: Obesity is a significant risk factor for low back pain. A BMI of 37 kg/m² indicates obesity, which can place additional stress on the spine and contribute to chronic low back pain. Weight loss can help reduce the mechanical load on the spine and potentially alleviate symptoms. Additionally, weight loss can have other health benefits, such as reducing the risk of type 2 diabetes, which is a concern given her history of gestational diabetes. Option A: Administer an epidural injection of methylprednisolone - Incorrect: Epidural steroid injections are typically used for more severe or specific conditions, such as radiculopathy or herniated discs, where there is evidence of nerve root compression. The patient's pain is recurrent but manageable with rest and analgesics, and there is no indication of nerve root involvement or severe pathology. Therefore, an epidural injection is not the most appropriate first step. Option B: Order MRI of the lumbosacral spine - Incorrect: MRI is a valuable diagnostic tool for identifying specific spinal pathologies, such as disc herniation, spinal stenosis, or tumors. However, in the absence of red flags (such as severe pain, neurological deficits, or significant functional impairment), an MRI is not typically indicated for chronic low back pain. The patient's symptoms are manageable and do not suggest a serious underlying condition that would require immediate imaging. Option C: Order x-rays of the lumbosacral spine - Incorrect: X-rays are useful for detecting bony abnormalities, such as fractures or degenerative changes, but they are not as sensitive as MRI for soft tissue or disc-related issues. Given the patient's history and the absence of red flags, x-rays are not the most appropriate initial step. They are generally reserved for patients with specific indications, such as trauma or suspected bony pathology. Option E: Recommend decreasing physical activity - Incorrect: While rest can help alleviate acute episodes of low back pain, long-term reduction in physical activity can lead to deconditioning and potentially worsen symptoms. Regular, moderate exercise, such as walking, is generally beneficial for maintaining spinal health and reducing the risk of recurrent low back pain. Therefore, decreasing physical activity is not the best approach for this patient. In summary, the most appropriate next step is to recommend a weight loss program, as it addresses the underlying risk factor of obesity and has the potential to improve both her low back pain and overall health.",0.0038,0.0151,0.1326,0.0376,0.021,0.0376,0.0376,0.3935,0.5407,0.6705
"A 46-year-old woman comes to the office because of a 4-month history of irregular vaginal bleeding that occurs every 2 weeks and lasts 3 to 5 days. Until 5 months ago when she missed a period, her periods had occurred at regular 30-day intervals and lasted for 5 days. She has not had vaginal pain or discharge, headache, dizziness, chest pain, or shortness of breath. Medical history is unremarkable. She takes no medications. Vital signs are temperature 37.0°C (98.6°F), pulse 80/min, respirations 16/min, and blood pressure 120/60 mm Hg. Pelvic examination discloses normal external female genitalia. There is a small amount of blood in the cervical os. Uterus is 10 cm, mobile, anteverted, nontender, and irregular in shape. Adnexa are without masses or tenderness. Hemoglobin concentration is 10.2 g/dL. Which of the following is the most appropriate next step in evaluation?",Which of the following is the most appropriate next step in evaluation?,"
A. Determination of serum thyroid-stimulating hormone and prolactin concentrations 
B. CT scan of the pelvis 
C. Endometrial biopsy 
D. Hysteroscopy with dilatation and curettage 
E. Trial of hormone replacement therapy
",C,C,True,"The patient is a 46-year-old woman with a 4-month history of irregular vaginal bleeding, which is a significant concern, especially given her age and the change in her menstrual pattern. The most likely cause of her symptoms is endometrial pathology, such as endometrial hyperplasia or endometrial cancer, which are more common in perimenopausal and postmenopausal women. Option C: Endometrial biopsy is the most appropriate next step in evaluation because it can directly assess the endometrial tissue for any abnormal cellular changes, including hyperplasia or cancer. This is particularly important in women over 35 years of age with abnormal uterine bleeding, as the risk of endometrial cancer increases with age. Option A: Determination of serum thyroid-stimulating hormone and prolactin concentrations is not the first step in this case. While thyroid disorders and hyperprolactinemia can cause menstrual irregularities, the patient's symptoms and physical examination do not suggest these conditions. Additionally, the presence of an enlarged, irregular uterus is more indicative of a gynecological issue rather than an endocrine disorder. Option B: CT scan of the pelvis is not the initial step in evaluating abnormal uterine bleeding. While imaging can be useful, it is typically reserved for cases where there is a need to assess for structural abnormalities or if the biopsy results are inconclusive or suggest further investigation. Option D: Hysteroscopy with dilatation and curettage (D&C) is a more invasive procedure that can be considered if the endometrial biopsy is inconclusive or if there is a need for a more comprehensive evaluation of the uterine cavity. However, an endometrial biopsy is a less invasive and more appropriate first step. Option E: Trial of hormone replacement therapy is not appropriate in this case. Hormone therapy can be used to manage symptoms in menopausal women, but it is not a diagnostic tool and should not be used without first ruling out serious underlying conditions, such as endometrial pathology. In summary, an endometrial biopsy is the most appropriate next step to evaluate the cause of the patient's irregular vaginal bleeding and to rule out endometrial pathology.",0.0132,0.0262,0.1905,0.0611,0.0447,0.0556,0.0556,0.4475,0.5711,0.6404
"A 36-year-old woman is referred to the office for evaluation of a fasting serum total cholesterol concentration of 249 mg/dL. She has a family history of early coronary artery disease (CAD) and her father died suddenly at age 46 years of myocardial infarction. She tells you that she has never had chest pain. She is not currently sexually active and has no children. The patient works as an advertising executive. She claims that her high-stress lifestyle makes it impossible for her to eat regular meals or to follow a special diet, and she usually eats fast food. She exercises two or three times a week for about 20 minutes on a treadmill. She has smoked one pack of cigarettes daily for the past 20 years. Her only medication is acetaminophen for tension headaches. She is 165 cm (5 ft 5 in) tall and weighs 76 kg (167 lb); BMI is 28 kg/m². Vital signs today are normal. Physical examination discloses no abnormalities except for mild obesity. Institution of which of the following is the most essential step in the prevention of CAD in this patient?",Institution of which of the following is the most essential step in the prevention of CAD in this patient?,"
A. Biofeedback-based stress reduction program 
B. More rigorous and consistent exercise program 
C. Smoking cessation program 
D. Strict low-calorie diet 
E. Strict low-fat diet
",C,C,True,"In the context of preventing coronary artery disease (CAD) in this patient, the most essential step is smoking cessation. Here's a detailed explanation of why each option is correct or incorrect: - C. Smoking cessation program (Correct Answer): Smoking is a major risk factor for CAD. It increases the risk of atherosclerosis, reduces HDL (good) cholesterol, and promotes thrombosis and inflammation. Given that the patient has smoked one pack of cigarettes daily for the past 20 years, quitting smoking is the single most effective intervention to reduce her risk of CAD. Studies have shown that smoking cessation can reduce the risk of CAD by 50% within one year and continue to decrease over time. - A. Biofeedback-based stress reduction program (Incorrect): While stress management is important for overall health and can contribute to better lifestyle choices, it is not the most critical step in preventing CAD in this patient. Stress reduction can help improve blood pressure and reduce the risk of other cardiovascular issues, but it does not have as direct an impact on CAD risk as smoking cessation. - B. More rigorous and consistent exercise program (Incorrect): Regular physical activity is beneficial for cardiovascular health and can help manage weight, improve cholesterol levels, and reduce blood pressure. However, the patient already exercises two to three times a week, which is a good start. While increasing the frequency and intensity of exercise could further reduce her CAD risk, it is not the most essential step compared to smoking cessation. - D. Strict low-calorie diet (Incorrect): A low-calorie diet can help with weight loss and improve metabolic health, which is important given her BMI of 28 kg/m². However, the primary concern in this case is the immediate and significant risk reduction associated with smoking cessation. While dietary changes are important, they are secondary to quitting smoking in terms of immediate impact on CAD risk. - E. Strict low-fat diet (Incorrect): A low-fat diet can help manage cholesterol levels and reduce the risk of CAD, but it is not the most critical step for this patient. The patient's total cholesterol is 249 mg/dL, which is elevated, but the most significant risk factor is her smoking habit. While dietary changes are important, they are not as impactful as smoking cessation in reducing CAD risk. In summary, while all the options can contribute to better cardiovascular health, smoking cessation is the most essential step for this patient to reduce her risk of CAD.",0.0063,0.0336,0.2118,0.0741,0.0465,0.0694,0.0694,0.4669,0.5971,0.7352
"A 57-year-old man was admitted to the intensive care unit from the emergency department 3 hours ago for treatment of an acute exacerbation of chronic obstructive pulmonary disease. He was brought to the emergency department by ambulance following a 2-hour history of severe shortness of breath and non-productive cough. Chest x-ray obtained on arrival showed significant air-trapping but no infiltrate. The patient was intubated in the emergency department, but now his ventilator pressure alarm is sounding and his blood pressure is dropping. Medical history is otherwise unremarkable. Medications include ipratropium and prednisone. He has smoked 11⁄2 packs of cigarettes daily for about 40 years. Vital signs are temperature 37.7°C (99.9°F), pulse 106/min, respirations 12/min on intermittent mandatory ventilation, and blood pressure 72/46 mm Hg. Pulse oximetry on 40% FIO₂ shows an oxygen saturation of 91%. He appears obtunded and is poorly responsive. Physical examination shows jugular venous distention in the supine position; trachea is midline. Auscultation of the lungs discloses decreased breath sounds bilaterally with inspiratory and expiratory wheezing and a prolonged expiratory phase. Examination of the upper extremities shows 2+ digital clubbing bilaterally. There is no cyanosis or edema. Which of the following is the most appropriate management?",Which of the following is the most appropriate management?,"
A. Adjustment of the ventilator settings 
B. Insertion of bilateral chest tubes 
C. Intravenous dopamine 
D. Intravenous low-molecular-weight heparin 
E. 1-L bolus of intravenous 0.9% saline 
F. Needle decompression
",A,F,False,"The patient's presentation, including the ventilator pressure alarm, dropping blood pressure, and physical examination findings, suggests a high likelihood of a tension pneumothorax. Tension pneumothorax is a life-threatening condition where air accumulates in the pleural space under pressure, leading to progressive compression of the lung and mediastinal shift, which can result in hemodynamic compromise and respiratory failure. - F. Needle decompression: This is the most appropriate immediate management for a suspected tension pneumothorax. Needle decompression involves inserting a large-bore needle into the second intercostal space at the midclavicular line on the affected side to release the trapped air and relieve the pressure. This is a rapid and potentially life-saving intervention that should be performed immediately to stabilize the patient. - A. Adjustment of the ventilator settings: While adjusting ventilator settings might be necessary, it is not the first step in managing a suspected tension pneumothorax. Adjusting settings without addressing the underlying cause could worsen the patient's condition. - B. Insertion of bilateral chest tubes: Inserting chest tubes is a definitive treatment for pneumothorax, but it is not the immediate step in a tension pneumothorax. Needle decompression should be performed first to stabilize the patient, followed by chest tube insertion. - C. Intravenous dopamine: Dopamine is used to support blood pressure in cases of shock, but it does not address the underlying cause of the tension pneumothorax. It can be considered after the tension pneumothorax is decompressed. - D. Intravenous low-molecular-weight heparin: This is used for anticoagulation, typically in the management of deep vein thrombosis or pulmonary embolism. It is not indicated in the management of a tension pneumothorax. - E. 1-L bolus of intravenous 0.9% saline: Fluid resuscitation can help support blood pressure, but it does not address the underlying cause of the tension pneumothorax. It can be considered after the tension pneumothorax is decompressed. In summary, the immediate and most appropriate management for this patient is needle decompression to relieve the tension pneumothorax and stabilize the patient's condition.",0.0027,0.0188,0.15,0.0468,0.0294,0.0468,0.0468,0.3754,0.5091,0.6091
"A 32-year-old woman comes to the office because of a 2-week history of burning rectal pain and bleeding. She says, ""The pain is like being burned with a hot poker."" The pain is at its worst when she has a bowel movement and for approximately 20 minutes after defecation. She rates the pain at its worst as an 8 on a 10-point scale. She has noticed small amounts of bright red blood on the toilet paper when wiping, as well as drops of blood on her underwear. Medical history is unremarkable and she takes no medications. BMI is 28 kg/m². Vital signs are normal. Abdominal examination discloses no abnormalities. The patient has pain during rectal examination. Anoscopy shows a small tear in the anal mucosa. Test of the stool for occult blood is positive. Which of the following is the most appropriate next step in management?",Which of the following is the most appropriate next step in management?,"
A. Colonoscopy 
B. Excision and drainage 
C. Internal banding 
D. Oral docusate 
E. Sclerotherapy
",D,D,True,"The patient's symptoms of burning rectal pain, bleeding, and the presence of a small tear in the anal mucosa on anoscopy are indicative of an anal fissure. Anal fissures are linear tears in the anal canal that can cause significant pain, especially during and after bowel movements, and can lead to bleeding. The management of anal fissures typically starts with conservative measures before considering more invasive options. Option D: Oral docusate is the most appropriate next step in management. Docusate is a stool softener that helps to reduce the strain during bowel movements, which can alleviate pain and promote healing of the fissure. It is a first-line treatment for acute anal fissures and is generally well-tolerated. Option A: Colonoscopy is not the most appropriate next step. While a colonoscopy can be useful to rule out other causes of rectal bleeding, such as colorectal cancer or inflammatory bowel disease, it is not typically indicated for an acute anal fissure, especially in a young patient with no significant medical history and normal abdominal examination. Option B: Excision and drainage is not appropriate for an anal fissure. This procedure is more commonly used for abscesses or other conditions involving collections of pus. An anal fissure does not require surgical drainage. Option C: Internal banding is a procedure used to treat hemorrhoids, not anal fissures. It involves placing a small rubber band around the base of a hemorrhoid to cut off its blood supply, causing it to fall off. This is not relevant to the management of an anal fissure. Option E: Sclerotherapy is also used for hemorrhoids, not anal fissures. It involves injecting a sclerosing agent into the hemorrhoid to cause it to shrink. This is not an appropriate treatment for an anal fissure. In summary, the most appropriate next step in management for this patient with an acute anal fissure is to start with oral docusate to soften the stool and reduce pain, while also providing symptomatic relief and promoting healing. If conservative measures fail, further evaluation and more invasive treatments may be considered.",0.0133,0.0263,0.217,0.0616,0.0451,0.0616,0.0616,0.4311,0.5698,0.7211
"A 16-year-old girl is brought to the office by her mother because she is concerned that she may have contracted meningitis from her soccer teammate, who was diagnosed with meningococcal meningitis and admitted to the hospital yesterday. The patient's soccer team traveled to a neighboring state to participate in a tournament 1 week ago and she shared a hotel room with the girl who was hospitalized. The patient feels well but is concerned she may have ""caught the same bug."" Medical history is remarkable for asthma. Medications include inhaled albuterol. Vital signs are temperature 37.2°C (98.9°F), pulse 64/min, respirations 16/min, and blood pressure 107/58 mm Hg. Physical examination shows no abnormalities. Which of the following is the most appropriate intervention for this patient at this time?",Which of the following is the most appropriate intervention for this patient at this time?,"
A. Administer the meningococcal vaccine 
B. Prescribe doxycycline 
C. Prescribe penicillin 
D. Prescribe rifampin 
E. Assure the patient that no anti-infective prophylaxis is necessary
",D,D,True,"In the scenario provided, the 16-year-old girl has been exposed to a teammate who has been diagnosed with meningococcal meningitis. Meningococcal meningitis is caused by the bacterium Neisseria meningitidis, which can be transmitted through respiratory and throat secretions from infected individuals. Given that the patient shared a hotel room with the infected teammate, she is considered a close contact and is at increased risk of contracting the disease. Option A: Administer the meningococcal vaccine - Incorrect: While the meningococcal vaccine is effective in preventing meningococcal disease, it is not the most appropriate intervention in this immediate situation. The vaccine takes time to become effective, and it is not a form of post-exposure prophylaxis. It is generally recommended for individuals who have not been vaccinated and are at risk of exposure, but it is not the first-line treatment for someone who has already been exposed. Option B: Prescribe doxycycline - Incorrect: Doxycycline is an antibiotic that can be used for post-exposure prophylaxis in meningococcal disease, but it is not the preferred choice for this age group. Doxycycline is generally used in adults and is not recommended for children under 8 years old due to the risk of tooth discoloration. For a 16-year-old, rifampin is the preferred antibiotic for post-exposure prophylaxis. Option C: Prescribe penicillin - Incorrect: Penicillin is not the recommended antibiotic for post-exposure prophylaxis in meningococcal disease. Penicillin is typically used for treating active infections, but for prophylaxis, rifampin is the preferred choice due to its effectiveness and safety profile in this context. Option D: Prescribe rifampin - Correct: Rifampin is the most appropriate intervention for this patient. It is the recommended antibiotic for post-exposure prophylaxis in close contacts of individuals with meningococcal meningitis. Rifampin is effective in reducing the risk of developing the disease after exposure and is safe for use in adolescents. The typical regimen for rifampin prophylaxis is 600 mg orally twice a day for 2 days. Option E: Assure the patient that no anti-infective prophylaxis is necessary - Incorrect: Given the patient's close contact with an individual diagnosed with meningococcal meningitis, it is not appropriate to assure her that no anti-infective prophylaxis is necessary. Meningococcal meningitis can be severe and life-threatening, and prophylaxis is recommended to prevent the disease in close contacts. In summary, the most appropriate intervention for this patient is to prescribe rifampin for post-exposure prophylaxis to reduce the risk of developing meningococcal meningitis.",0.0113,0.0292,0.1727,0.0659,0.0331,0.0565,0.0565,0.4218,0.5649,0.6637
"A 27-year-old nulligravid woman comes to the office because of a 1-month history of daily vaginal bleeding associated with lower abdominal pain and, more recently, shortness of breath. Three days ago, she also developed aching pain of her sternum, which she rates as a 10 on a 10-point scale. During the 6 months prior to her current symptoms, the patient's menstrual periods occurred regularly but were heavy in flow. Her current bleeding has required changing her sanitary pad every 2 hours. Medical history is significant for sickle cell anemia. Medications include hydroxyurea (500 mg daily). The patient appears younger than her stated age. She is 162 cm (5 ft 4 in) tall and weighs 54 kg (120 lb); BMI is 21 kg/m². Vital signs are temperature 37.7°C (99.8°F), pulse 99/min, respirations 19/min, and blood pressure 129/79 mm Hg. Auscultation of the chest discloses coarse breath sounds in both lung bases and a grade 2/6 systolic murmur heard best at the second left intercostal space. Results of laboratory studies are shown: Blood Hematocrit - 18.0% Hemoglobin - 5.7 g/dL RBC - 3.8 million/mm³ WBC - 3000/mm³ Reticulocyte count - <0.4% of red cells Which of the following is the most appropriate management of this patient's sternal pain?",4% of red cells Which of the following is the most appropriate management of this patient's sternal pain?,"
A. Exchange transfusion 
B. Increased dose of hydroxyurea 
C. Initiation of erythropoietin therapy 
D. Iron supplementation 
E. Transfusion of packed red blood cells
",E,A,False,"The patient presents with a history of sickle cell anemia, a chronic hemolytic anemia characterized by abnormal hemoglobin (HbS) that causes red blood cells to become rigid and sickle-shaped under low oxygen conditions. This can lead to vaso-occlusive crises, which are painful episodes due to the blockage of small blood vessels by sickled cells. The patient's symptoms, including daily vaginal bleeding, lower abdominal pain, shortness of breath, and severe sternal pain, are concerning for a vaso-occlusive crisis, possibly complicated by acute chest syndrome, a common and serious complication of sickle cell disease. ### Analysis of Options: A. Exchange transfusion: - Correct: Exchange transfusion is the most appropriate management for this patient's sternal pain and overall condition. It involves removing a significant portion of the patient's blood and replacing it with normal red blood cells, which can rapidly reduce the percentage of sickle cells in circulation. This is particularly important in acute chest syndrome, where the goal is to improve oxygenation and reduce the risk of further complications. Exchange transfusion can also help manage the severe anemia (hemoglobin 5.7 g/dL) and reduce the risk of further vaso-occlusion. B. Increased dose of hydroxyurea: - Incorrect: While hydroxyurea is a mainstay in the management of sickle cell anemia, it works by increasing the production of fetal hemoglobin, which can help prevent sickling. However, it is not an immediate treatment for acute vaso-occlusive crises or severe anemia. Increasing the dose of hydroxyurea would not provide the rapid relief needed for the patient's current symptoms. C. Initiation of erythropoietin therapy: - Incorrect: Erythropoietin (EPO) is a hormone that stimulates red blood cell production. While it can be useful in managing chronic anemia, it is not appropriate for the acute management of a vaso-occlusive crisis or severe anemia. EPO would not provide the immediate relief needed for the patient's symptoms. D. Iron supplementation: - Incorrect: Iron supplementation is generally used to treat iron deficiency anemia. However, the patient's anemia is due to sickle cell disease, not iron deficiency. Additionally, iron supplementation can be harmful in patients with sickle cell anemia, as it can exacerbate oxidative stress and worsen the disease. E. Transfusion of packed red blood cells: - Incorrect: While a simple transfusion of packed red blood cells can help manage anemia, it is not as effective as an exchange transfusion in reducing the percentage of sickle cells in circulation. Exchange transfusion is preferred in this case because it can more effectively manage the acute complications of sickle cell disease, such as vaso-occlusive crises and acute chest syndrome. In summary, the most appropriate management for this patient's sternal pain and overall condition is an exchange transfusion, which can rapidly reduce the percentage of sickle cells and improve oxygenation, thereby providing immediate relief and reducing the risk of further complications.",0.0057,0.0282,0.2121,0.0691,0.0449,0.0691,0.0691,0.4296,0.5833,0.6817
"A 67-year-old man with Parkinson disease is admitted to the hospital for treatment of pneumonia. The patient's daughter, who is visiting the patient, says he has had increased lethargy for the past day and decreased ambulation during the past 6 months. She also says that there are times during the day when his tremors increase in severity, although he continues to care for himself at home. Medical history is also remarkable for hypertension. Medications include hydrochlorothiazide, atenolol, levodopa, and carbidopa. He is 168 cm (5 ft 6 in) tall and weighs 78 kg (172 lb); BMI is 28 kg/m². Vital signs are temperature 38.9°C (102.0°F), pulse 60/min supine and 68/min standing, respirations 22/min, and blood pressure 100/60 mm Hg supine and 80/50 mm Hg standing. The patient appears ill and older than his stated age. He is fully oriented but lethargic. Auscultation of the chest discloses rhonchi in the right mid lung field. Abdominal examination discloses no abnormalities. Neurologic examination discloses masked facies, bradykinesia, and cogwheel rigidity; gait was not assessed on admission. Chest x-ray shows a right lower lobe infiltrate. ECG shows no abnormalities. Appropriate intravenous antibiotic therapy is initiated. Prior to discharge, which of the following is the most appropriate step?","Prior to discharge, which of the following is the most appropriate step?","
A. Obtain CT scan of the chest 
B. Obtain a swallowing evaluation 
C. Place a percutaneous endoscopic gastrostomy (PEG) tube 
D. Prescribe fludrocortisone 
E. Prescribe prophylactic levofloxacin
",B,B,True,"The patient is a 67-year-old man with Parkinson's disease who has been admitted for pneumonia. He has a history of increased lethargy, decreased ambulation, and fluctuating tremor severity. His current presentation includes signs of dehydration (orthostatic hypotension) and a right lower lobe infiltrate on chest x-ray, which is consistent with his pneumonia diagnosis. Given his Parkinson's disease, it is crucial to consider the potential for dysphagia, which can lead to aspiration pneumonia, a common and serious complication in patients with Parkinson's disease. Option A: Obtain CT scan of the chest - Incorrect: While a CT scan can provide more detailed imaging of the lungs, it is not the most appropriate next step in this scenario. The chest x-ray has already identified a right lower lobe infiltrate, and the patient is being treated with appropriate antibiotics. A CT scan is not necessary unless there are specific clinical indications, such as a poor response to treatment or suspicion of complications like abscess or empyema. Option B: Obtain a swallowing evaluation - Correct: This is the most appropriate step. Parkinson's disease can affect the muscles involved in swallowing, leading to dysphagia. Dysphagia increases the risk of aspiration pneumonia, which the patient has already experienced. A swallowing evaluation can help identify any swallowing difficulties and guide interventions to prevent future episodes of aspiration. This is particularly important given the patient's recent pneumonia and the potential for recurrent infections. Option C: Place a percutaneous endoscopic gastrostomy (PEG) tube - Incorrect: Placing a PEG tube is a more invasive intervention and is typically considered if the patient has severe dysphagia that cannot be managed with other methods, or if there is a need for long-term enteral nutrition. While dysphagia is a concern, a swallowing evaluation should be performed first to determine the extent of the problem and whether a PEG tube is necessary. Option D: Prescribe fludrocortisone - Incorrect: Fludrocortisone is a mineralocorticoid that can help with orthostatic hypotension by increasing blood volume. However, the patient's orthostatic hypotension is more likely related to dehydration from his illness and possibly the use of diuretics (hydrochlorothiazide). Addressing the underlying dehydration and reassessing the need for diuretics would be more appropriate. Fludrocortisone is not a first-line treatment for this condition. Option E: Prescribe prophylactic levofloxacin - Incorrect: Prophylactic antibiotics are generally not recommended for patients with pneumonia unless there is a specific indication, such as a high risk of recurrent infections or a known exposure to a resistant pathogen. The patient is already receiving appropriate intravenous antibiotic therapy for his current pneumonia. Prophylactic antibiotics can increase the risk of antibiotic resistance and are not indicated in this scenario. In summary, obtaining a swallowing evaluation is the most appropriate step to ensure the patient's safety and to prevent future complications related to dysphagia and aspiration.",0.0039,0.0192,0.1223,0.0371,0.0207,0.0371,0.0371,0.4051,0.5489,0.6263
"A 47-year-old man is admitted to the hospital through the emergency department because of the sudden onset of palpitations, left-sided chest pain, light-headedness, and shortness of breath that began while he was watching television 2 hours ago. Medical history is remarkable for paroxysmal atrial fibrillation. The patient is 180 cm (5 ft 11 in) tall and weighs 82 kg (180 lb); BMI is 25 kg/m². ECG obtained in the emergency department showed atrial fibrillation with narrow QRS complex. Pulse was 146/min. Physical examination was remarkable for rapid heart rate. The patient was given oxygen via nasal cannula and intravenous metoprolol 5 mg every 5 minutes for a total of 15 mg. His pulse slowed to 90/min. Two hours after admission, he is pain free but his pulse is now 160/min. Blood pressure is 122/78 mm Hg. In order to decrease the patient's pulse, which of the following should be administered intravenously?","In order to decrease the patient's pulse, which of the following should be administered intravenously?","
A. Adenosine 
B. Digoxin 
C. Enalapril 
D. Lidocaine 
E. Metoprolol
",E,E,True,"The patient is experiencing rapid atrial fibrillation, which is a common arrhythmia characterized by an irregular and often rapid heart rate. The primary goal in managing this condition is to control the heart rate and prevent complications such as heart failure or stroke. The patient has already been given metoprolol, a beta-blocker, which initially helped to reduce the heart rate. However, the heart rate has increased again, indicating that additional rate control is necessary. Option E: Metoprolol - Correct: Metoprolol is a beta-blocker that is effective in controlling the heart rate in atrial fibrillation. It works by blocking the effects of epinephrine on the heart, thereby reducing the heart rate and decreasing myocardial oxygen demand. Since the patient has already responded to metoprolol, it is reasonable to continue this medication to achieve better rate control. Option A: Adenosine - Incorrect: Adenosine is used to terminate paroxysmal supraventricular tachycardia (PSVT), which is a different type of arrhythmia characterized by a regular and rapid heart rate. In atrial fibrillation, the heart rate is irregular, and adenosine is not effective in controlling the rate or rhythm. Option B: Digoxin - Incorrect: Digoxin is a medication that can be used to control the heart rate in atrial fibrillation, but it is generally not the first-line treatment in an acute setting. Digoxin works by increasing the force of cardiac contractions and slowing the conduction through the atrioventricular (AV) node. However, it takes longer to achieve its effect compared to beta-blockers and is less effective in controlling the heart rate in the acute setting, especially in patients with a rapid heart rate. Option C: Enalapril - Incorrect: Enalapril is an angiotensin-converting enzyme (ACE) inhibitor used primarily to treat hypertension and heart failure. It does not have a direct effect on heart rate control in atrial fibrillation and is not appropriate for the acute management of a rapid heart rate. Option D: Lidocaine - Incorrect: Lidocaine is an antiarrhythmic medication used to treat ventricular arrhythmias, such as ventricular tachycardia and ventricular fibrillation. It is not effective in controlling the heart rate in atrial fibrillation and is not indicated in this clinical scenario. Given the patient's history and the current situation, continuing metoprolol is the most appropriate choice to control the heart rate and manage the symptoms of atrial fibrillation.",0.0,0.0209,0.133,0.0451,0.0101,0.0401,0.0401,0.4405,0.5909,0.6539
"A 23-year-old man comes to the clinic to establish care after moving to the area for his first job since graduating from college. He has felt well. Medical history is remarkable for Hodgkin lymphoma diagnosed 10 years ago, which was treated with radiation therapy and a chemotherapy regimen of vinblastine, doxorubicin, methotrexate, and prednisone. BMI is 20 kg/m². Vital signs are within normal limits. The patient appears well. Physical examination discloses no abnormalities. Which of the following screening studies is most appropriate to include in this patient's annual examinations?",Which of the following screening studies is most appropriate to include in this patient's annual examinations?,"
A. Bone marrow aspiration and complete blood count 
B. CT scan of the chest, abdomen, and pelvis 
C. Echocardiography 
D. Fine-needle aspiration biopsy of the thyroid gland 
E. Nerve conduction studies
",C,C,True,"This patient has a history of Hodgkin lymphoma treated with radiation therapy and chemotherapy, including doxorubicin. The long-term effects of these treatments are important to consider, especially as the patient transitions into adulthood and regular follow-up care. Option C: Echocardiography - Correct: Doxorubicin is known to have cardiotoxic effects, which can lead to chronic heart failure or cardiomyopathy. The risk of these complications increases with higher cumulative doses of doxorubicin and is further exacerbated by radiation therapy to the chest, which can also cause cardiac damage. Therefore, regular echocardiography is recommended to monitor cardiac function and detect any early signs of cardiotoxicity. Option A: Bone marrow aspiration and complete blood count - Incorrect: While a complete blood count (CBC) is a routine part of follow-up care for patients with a history of cancer, bone marrow aspiration is not typically required for routine monitoring in a patient who has been in remission for 10 years. A CBC can be included in the annual examination to monitor for any hematological abnormalities, but bone marrow aspiration is more invasive and is generally reserved for specific clinical indications, such as unexplained cytopenias or suspicion of disease recurrence. Option B: CT scan of the chest, abdomen, and pelvis - Incorrect: While imaging studies can be useful for monitoring for recurrence of Hodgkin lymphoma, they are not typically performed annually in a patient who has been in remission for 10 years and is asymptomatic. The decision to perform imaging should be based on clinical symptoms, physical examination findings, and other risk factors. Overuse of imaging can lead to unnecessary radiation exposure and potential false positives, which can result in additional testing and anxiety. Option D: Fine-needle aspiration biopsy of the thyroid gland - Incorrect: Radiation therapy to the neck or chest can increase the risk of thyroid dysfunction and thyroid cancer. However, a fine-needle aspiration biopsy is an invasive procedure that is typically performed only if a thyroid nodule is detected on physical examination or imaging. Routine screening for thyroid nodules in asymptomatic patients is not recommended. Instead, a thyroid function test (TFT) might be more appropriate to monitor for thyroid dysfunction. Option E: Nerve conduction studies - Incorrect: While some chemotherapy agents, such as vinblastine, can cause peripheral neuropathy, nerve conduction studies are not typically included in routine follow-up for a patient with a history of Hodgkin lymphoma who is asymptomatic. If the patient reports symptoms of neuropathy, such as numbness, tingling, or weakness, then nerve conduction studies might be considered. However, in the absence of symptoms, this test is not necessary. In summary, the most appropriate screening study to include in this patient's annual examinations is echocardiography to monitor for potential cardiotoxic effects of doxorubicin and radiation therapy.",0.0079,0.0273,0.2262,0.0677,0.0425,0.0677,0.0677,0.4487,0.5978,0.7217
"A 5-year-old boy returns to the office with his mother to discuss results of studies done to evaluate his behavior of eating dirt. The patient sits quietly while his mother answers questions about his health. She says her son seems healthy, although he does not seem to be as active as other children his age. He has said his head hurts three or four times during the past 2 weeks. He has not had fever, sweats, or chills. She says he has a good appetite but has had a habit of eating sand and dirt since age 3 years. She says, ""I don't know where he gets that habit. I used to eat dirt, but I stopped years ago. I try to stop him from eating dirt, but I'm not around much since I work two jobs."" The patient takes no medications. Vaccinations are up-to-date. Height, weight, and BMI are at the 50th percentile. Vital signs are normal. Physical examination discloses no abnormalities except for symmetrical nontender cervical adenopathy. Results of laboratory studies, including serum zinc, lead, and iron concentrations, are within the reference ranges. Serologic testing confirms toxoplasmosis. In addition to prescribing pyrimethamine and sulfadiazine therapy, which of the following is the most appropriate next step in management?","In addition to prescribing pyrimethamine and sulfadiazine therapy, which of the following is the most appropriate next step in management?","
A. Prescribe fluoxetine 
B. Prescribe methylphenidate 
C. Prescribe risperidone 
D. Refer the patient to a child psychiatrist 
E. Refer the patient to a dietician
",D,D,True,"The patient, a 5-year-old boy, has been diagnosed with toxoplasmosis, which is a parasitic infection that can cause a variety of symptoms, including behavioral changes and neurological issues. The presence of pica (the habit of eating non-food items like dirt) and the recent complaints of headaches, along with the mother's observation that the child is less active than peers, suggest that the child's behavior and health may be significantly impacted by the infection. 1. Prescribe pyrimethamine and sulfadiazine therapy: This is the correct initial treatment for toxoplasmosis, as these medications are effective in treating the infection. However, the question asks for the next step in management after this treatment has been prescribed. 2. Prescribe fluoxetine (Option A): Fluoxetine is an antidepressant used to treat conditions like depression and anxiety. While the child's behavior and symptoms might be concerning, there is no indication of depression or anxiety that would warrant the use of an antidepressant at this stage. Therefore, this option is not appropriate. 3. Prescribe methylphenidate (Option B): Methylphenidate is a stimulant used to treat attention deficit hyperactivity disorder (ADHD). The child's reduced activity level and pica do not align with the typical symptoms of ADHD, which usually include hyperactivity and impulsivity. Thus, this option is not suitable. 4. Prescribe risperidone (Option C): Risperidone is an antipsychotic medication used to treat conditions like schizophrenia and bipolar disorder. There is no evidence of psychotic symptoms or severe behavioral disturbances that would necessitate the use of an antipsychotic. This option is not appropriate. 5. Refer the patient to a child psychiatrist (Option D): This is the most appropriate next step. A child psychiatrist can provide a comprehensive evaluation of the child's behavioral and emotional health, considering the impact of the toxoplasmosis infection and the pica behavior. The psychiatrist can also monitor the child's response to the antiparasitic treatment and address any underlying psychological or developmental issues that may be contributing to the child's symptoms. 6. Refer the patient to a dietician (Option E): While a dietician can provide valuable advice on nutrition and help address the pica behavior, the primary concern here is the neurological and behavioral impact of the toxoplasmosis infection. A child psychiatrist is better equipped to manage the complex interplay of medical and psychological factors in this case. In summary, the most appropriate next step is to refer the patient to a child psychiatrist to ensure a comprehensive and integrated approach to his care.",0.0108,0.0385,0.2221,0.0782,0.0508,0.0644,0.0644,0.5364,0.5564,0.7015
"A 55-year-old woman is brought to the office by her husband because of increasingly severe pain in her mid back for the past week. She says the pain is especially severe with walking. Her husband says she has been favoring her right leg for the past 3 days. Ibuprofen no longer controls the pain. She enjoys gardening but had to discontinue it 1 week ago because of the pain. She has not had bowel or bladder dysfunction. She underwent a right mastectomy 3 years ago for carcinoma and has been taking tamoxifen since that time. She is 173 cm (5 ft 8 in) tall and weighs 66 kg (145 lb); BMI is 22 kg/m². Vital signs are temperature 38.0°C (100.4°F), pulse 90/min, respirations 15/min, and blood pressure 118/72 mm Hg. Strength is 3/5 in all muscle groups of the right lower extremity and 5/5 in the left lower extremity. Achilles and patellar reflexes are hyperactive on the right and normal on the left. Sensation to pinprick and temperature is decreased in the left lower extremity to the level of the inguinal ligament. Sensation to vibration is decreased in the right lower extremity. Reflexes and sensation are otherwise intact. Rectal sphincter tone is normal. Which of the following is the most appropriate next step?",Which of the following is the most appropriate next step?,"
A. Acetaminophen-oxycodone therapy and referral for physical therapy 
B. Admission to the hospital for pain control 
C. Electromyography and nerve conduction studies 
D. MRI of the thoracic spine 
E. Technetium 99m scan
",D,D,True,"The patient's history and physical examination suggest a possible spinal cord or nerve root compression, particularly in the thoracic region. The key points that support this are: 1. Mid-back pain with walking and favoring the right leg: This suggests a mechanical or neurological issue affecting the spine, possibly a herniated disc or spinal stenosis. 2. History of breast cancer and tamoxifen use: This increases the risk of metastatic disease to the spine, which can cause spinal cord compression. 3. Fever (38.0°C/100.4°F): This could indicate an infectious process, such as spinal osteomyelitis or an epidural abscess, which can also cause spinal cord compression. 4. Neurological findings: - 3/5 strength in the right lower extremity: Indicates possible nerve root or spinal cord involvement. - Hyperactive reflexes on the right and normal on the left: Suggests an upper motor neuron lesion, which is often seen in spinal cord compression. - Decreased sensation to pinprick and temperature in the left lower extremity to the level of the inguinal ligament: Indicates a possible spinal cord lesion at the thoracic level. - Decreased sensation to vibration in the right lower extremity: Further supports a spinal cord or nerve root issue. Given these findings, the most appropriate next step is to perform an MRI of the thoracic spine to evaluate for spinal cord compression, metastatic disease, or other structural abnormalities. Option A: Acetaminophen-oxycodone therapy and referral for physical therapy - This is not the best initial step because the patient's symptoms and neurological findings suggest a more serious underlying condition that needs to be diagnosed before initiating pain management and physical therapy. Option B: Admission to the hospital for pain control - While the patient is in pain, the primary concern is the potential for a serious neurological condition. Hospital admission might be necessary, but the first step should be to diagnose the cause of the symptoms. Option C: Electromyography and nerve conduction studies - These tests are useful for evaluating peripheral nerve disorders but are not the first-line investigation for suspected spinal cord or nerve root compression. Option D: MRI of the thoracic spine - This is the most appropriate next step to diagnose the underlying cause of the patient's symptoms, including spinal cord compression, metastatic disease, or other structural abnormalities. Option E: Technetium 99m scan - This is a bone scan that can help identify areas of increased bone turnover, such as in metastatic disease or infection, but it is not as specific or detailed as an MRI for evaluating the spinal cord and nerve roots.",0.0063,0.0168,0.1443,0.0415,0.0278,0.0415,0.0415,0.4053,0.5219,0.6003
"A 7-year-old boy with sickle cell disease is brought to the office by his father because of fever and bone pain. The father says that his son was discharged 5 days ago after a 3-day hospitalization for the same symptoms. The patient had been admitted with a diagnosis of vaso-occlusive crisis with bone infarct, with resolution of symptoms after treatment with intravenous fluids, narcotics, and antibiotic therapy for 3 days. Blood cultures were negative. The patient's back pain and fever recurred 2 days ago and seem more severe than prior to the hospitalization. His medical chart shows that he had one other uncomplicated hospital admission at age 4 years for a vaso-occlusive crisis with lower extremity bone pain. Vital signs today are temperature 39.2°C (102.5°F), pulse 110/min, respirations 24/min, and blood pressure 115/60 mm Hg. The patient is uncomfortable but does not appear toxic. Cardiac examination discloses a grade 2/6 systolic ejection murmur at the left lower sternal border. Spleen is not palpated. There is considerable tenderness over the L1–L3 region of the back without fluctuation. There is diffuse pain in both thighs without localization, but range of motion is normal. Which of the following studies is most likely to establish the diagnosis at this time?",Which of the following studies is most likely to establish the diagnosis at this time?,"
A. Blood culture 
B. CT scan of the spine 
C. MRI of the lumbar spine 
D. Ultrasonography of the spine 
E. X-ray of the spine
",C,C,True,"In a 7-year-old boy with sickle cell disease presenting with recurrent fever and bone pain, especially in the context of a recent hospitalization for a vaso-occlusive crisis (VOC) with bone infarct, it is crucial to determine the cause of the recurrence and to rule out complications such as osteomyelitis or a new infarct. Option A: Blood culture - Incorrect: While blood cultures are important to rule out systemic infection, they are not the most specific or sensitive test for diagnosing bone pain in this context. Blood cultures are more useful if there is a suspicion of bacteremia or sepsis, but they do not provide information about the specific location or nature of the bone pain. Option B: CT scan of the spine - Incorrect: A CT scan can provide detailed images of the bone and soft tissues, but it is less sensitive than MRI for detecting early bone marrow changes, such as those seen in bone infarcts or osteomyelitis. CT scans are more useful for evaluating bone density and structure, but they may not show early or subtle changes in bone marrow. Option C: MRI of the lumbar spine - Correct: MRI is the most sensitive and specific imaging modality for evaluating bone marrow changes, including infarcts and osteomyelitis. It can detect early changes in bone marrow that may not be visible on other imaging studies. Given the patient's history of a recent vaso-occlusive crisis and the recurrence of symptoms, an MRI of the lumbar spine is the best choice to evaluate the cause of the back pain and to rule out complications such as a new infarct or osteomyelitis. Option D: Ultrasonography of the spine - Incorrect: Ultrasonography is not typically used for evaluating the spine, especially in the context of bone pain. It is more useful for evaluating soft tissues and organs, but it does not provide detailed images of bone or bone marrow. Option E: X-ray of the spine - Incorrect: X-rays are useful for evaluating bone structure and can show changes in bone density, but they are not sensitive for detecting early bone marrow changes. X-rays may show late-stage changes such as bone infarcts or osteomyelitis, but they are less likely to show early or subtle changes that are critical for diagnosis in this case. In summary, an MRI of the lumbar spine is the most appropriate study to establish the diagnosis in this patient with sickle cell disease and recurrent bone pain, as it can provide detailed information about bone marrow changes and help differentiate between a new infarct and other complications.",0.0021,0.0235,0.1547,0.0493,0.0225,0.0448,0.0448,0.3916,0.5765,0.6164
"A 7-year-old boy with sickle cell disease is brought to the office by his father because of fever and bone pain. The father says that his son was discharged 5 days ago after a 3-day hospitalization for the same symptoms. The patient had been admitted with a diagnosis of vaso-occlusive crisis with bone infarct, with resolution of symptoms after treatment with intravenous fluids, narcotics, and antibiotic therapy for 3 days. Blood cultures were negative. The patient's back pain and fever recurred 2 days ago and seem more severe than prior to the hospitalization. His medical chart shows that he had one other uncomplicated hospital admission at age 4 years for a vaso-occlusive crisis with lower extremity bone pain. Vital signs today are temperature 39.2°C (102.5°F), pulse 110/min, respirations 24/min, and blood pressure 115/60 mm Hg. The patient is uncomfortable but does not appear toxic. Cardiac examination discloses a grade 2/6 systolic ejection murmur at the left lower sternal border. Spleen is not palpated. There is considerable tenderness over the L1–L3 region of the back without fluctuation. There is diffuse pain in both thighs without localization, but range of motion is normal. MRI of the spine confirms the diagnosis. Which of the following is the most appropriate initial intravenous pharmacotherapy?",Which of the following is the most appropriate initial intravenous pharmacotherapy?,"
A. Ceftriaxone 
B. Cephalothin and clarithromycin 
C. Clindamycin and gentamicin 
D. Nafcillin 
E. Vancomycin and cefotaxime
",E,C,False,"In a 7-year-old boy with sickle cell disease presenting with recurrent fever and bone pain, the clinical scenario suggests a possible complication of sickle cell disease, such as a vaso-occlusive crisis or an infection, particularly osteomyelitis. Given the history of a recent hospitalization for a vaso-occlusive crisis and the recurrence of symptoms, the possibility of an infection, especially osteomyelitis, should be strongly considered. ### Why Option C (Clindamycin and gentamicin) is Correct: - Clindamycin: This antibiotic is effective against Gram-positive bacteria, including Staphylococcus aureus, which is a common cause of osteomyelitis in children, especially those with sickle cell disease. Clindamycin also has good tissue penetration and is effective in bone infections. - Gentamicin: This aminoglycoside is effective against Gram-negative bacteria, providing broad-spectrum coverage. It is often used in combination with clindamycin to cover both Gram-positive and Gram-negative organisms, which is particularly important in immunocompromised patients or those with underlying conditions like sickle cell disease. ### Why Other Options are Incorrect: - A. Ceftriaxone: While ceftriaxone is a broad-spectrum antibiotic that covers both Gram-positive and Gram-negative bacteria, it may not be as effective as clindamycin in covering Staphylococcus aureus, which is a common cause of osteomyelitis. Additionally, ceftriaxone alone may not provide adequate coverage for all potential pathogens in this setting. - B. Cephalothin and clarithromycin: Cephalothin is a first-generation cephalosporin that primarily covers Gram-positive bacteria but has limited activity against Gram-negative bacteria. Clarithromycin is a macrolide that is effective against some Gram-positive bacteria and atypical pathogens but is not typically used for bone infections. This combination does not provide the broad-spectrum coverage needed for a suspected osteomyelitis. - D. Nafcillin: Nafcillin is a penicillin derivative that is effective against Gram-positive bacteria, including Staphylococcus aureus. However, it does not cover Gram-negative bacteria, which are also important to consider in this patient. Therefore, it is not as comprehensive as the combination of clindamycin and gentamicin. - E. Vancomycin and cefotaxime: Vancomycin is a glycopeptide antibiotic that is effective against Gram-positive bacteria, including methicillin-resistant Staphylococcus aureus (MRSA). Cefotaxime is a third-generation cephalosporin that covers Gram-negative bacteria. While this combination provides broad-spectrum coverage, it is generally reserved for more severe or resistant infections. In this case, clindamycin and gentamicin are more appropriate initial therapy due to their effectiveness and lower risk of side effects. Given the clinical presentation and the need for broad-spectrum coverage, clindamycin and gentamicin are the most appropriate initial intravenous pharmacotherapy for this patient.",0.0065,0.0193,0.1779,0.0464,0.0233,0.0464,0.0464,0.3963,0.5676,0.7002
"A 24-year-old man comes to the emergency department because of right lower quadrant abdominal pain and nausea that began suddenly 6 hours ago. He rates the pain as a 6 on a 10-point scale and asks for pain medication. Medical history is unremarkable. He takes only a multivitamin. Vital signs on arrival are temperature 38.7°C (101.6°F), pulse 105/min, respirations 16/min, and blood pressure 110/85 mm Hg. Physical examination discloses exquisite tenderness in the right lower quadrant of the abdomen. The remainder of the examination discloses no abnormalities. The surgical consultant cannot evaluate the patient for 2 hours. Which of the following is the most appropriate next step?",Which of the following is the most appropriate next step?,"
A. Administer acetaminophen 
B. Administer gabapentin 
C. Administer lorazepam 
D. Administer morphine 
E. Explain to the patient that analgesics would interfere with the surgical examination
",D,D,True,"In the scenario described, the patient presents with symptoms highly suggestive of acute appendicitis, a condition that requires prompt evaluation and potential surgical intervention. The management of pain in such a patient is a critical aspect of care, and the choice of analgesic is important to ensure the patient's comfort without compromising the diagnostic process. - Option A: Administer acetaminophen - While acetaminophen is a common analgesic and can be used to manage mild to moderate pain, it is not the most effective choice for severe pain, such as that experienced by this patient. Additionally, acetaminophen does not have the anti-inflammatory properties that might be beneficial in a condition like appendicitis. - Option B: Administer gabapentin - Gabapentin is primarily used for neuropathic pain and is not effective for acute, severe abdominal pain. It would not be an appropriate choice in this scenario. - Option C: Administer lorazepam - Lorazepam is a benzodiazepine used for anxiety and as a sedative. It does not have analgesic properties and would not address the patient's pain. Additionally, it could potentially mask symptoms or alter the patient's mental status, complicating the assessment. - Option D: Administer morphine - Morphine is a potent opioid analgesic that is effective for severe pain. It is commonly used in emergency settings to manage pain while awaiting further diagnostic and therapeutic interventions. The concern that opioids might mask the signs of peritonitis or other surgical emergencies has been largely debunked by modern studies, which show that adequate pain control does not interfere with the ability to diagnose appendicitis or other surgical conditions. Therefore, morphine is the most appropriate choice for this patient. - Option E: Explain to the patient that analgesics would interfere with the surgical examination - This is a common misconception. Adequate pain control does not interfere with the ability to diagnose appendicitis or other surgical conditions. Withholding pain medication can lead to unnecessary patient suffering and does not provide any diagnostic benefit. Therefore, this option is incorrect. In conclusion, the most appropriate next step is to administer morphine to manage the patient's severe pain while awaiting further evaluation by the surgical consultant.",0.0077,0.0204,0.1674,0.0499,0.0279,0.0443,0.0443,0.4432,0.5399,0.6681
"A 74-year-old man who had a stroke 2 years ago is admitted to the hospital from the nursing care facility because of a 4-day history of reduced urinary output, and worsening abdominal pain, nausea, and lethargy. The stroke had resulted in right-sided hemiparesis and difficulties with speech and swallowing. Medical history is also significant for hypertension. The patient has been hospitalized twice during the past 3 months for pneumonias that did not respond to oral antibiotic therapy in the nursing facility. He underwent bladder catheterization during each of the recent hospitalizations for a total of 6 days to monitor urine output. The catheter was removed prior to each discharge. Bladder catheterization attempts during the past several days in response to his current symptoms have been unsuccessful. Now on admission, the patient appears agitated and confused. Vital signs are temperature 36.9°C (98.4°F), pulse 110/min, respirations 24/min, and blood pressure 160/100 mm Hg. Physical examination discloses jugular venous distention, 8 cm at 45 degrees. Lungs are clear to auscultation. Auscultation of the heart discloses regular tachycardia with no gallops. There is fullness and tenderness to palpation of the low central abdomen but no rebound or guarding. Examination of the extremities shows 1+ pedal edema bilaterally. The prostate is normal in size and has no palpable nodules or tenderness. Results of laboratory studies are shown: Serum Urea nitrogen - 73 mg/dL Creatinine - 4.2 mg/dL Calcium - 8.6 mg/dL Na⁺ - 134 mEq/L K⁺ - 5.6 mEq/L Cl⁻ - 100 mEq/L HCO3⁻ - 20 mEq/L Mg2⁺ - 2.0 mEq/L Glucose - 126 mg/dL Phosphorus - 4.8 mEq/L Blood Hematocrit - 32% Hemoglobin - 10.6 g/dL WBC - 8200/mm³ Platelet count - 359,000/mm³ Ultrasonography shows distention of the bladder and bilateral hydronephrosis. ECG shows sinus tachycardia. Which of the following is the most appropriate next step?",Which of the following is the most appropriate next step?,"
A. Administration of bethanechol 
B. Administration of prazosin 
C. Hemodialysis 
D. Placement of a suprapubic catheter 
E. Ultrafiltration
",D,D,True,"The patient presents with a history of reduced urinary output, abdominal pain, and signs of uremia (elevated serum urea nitrogen and creatinine levels, lethargy, and agitation). The physical examination and ultrasonography findings (distention of the bladder and bilateral hydronephrosis) suggest an obstructive uropathy, which is a condition where the flow of urine is blocked, leading to the accumulation of urine in the kidneys and bladder. This can cause acute kidney injury (AKI) and, if left untreated, can lead to more severe complications, including renal failure. Option A: Administration of bethanechol - Incorrect: Bethanechol is a cholinergic agent that can stimulate the bladder to contract and promote urination. However, in the context of obstructive uropathy, the issue is not a lack of bladder contraction but rather a physical obstruction. Administering bethanechol could potentially worsen the patient's condition by causing the bladder to contract against an obstruction, leading to increased pressure and further damage to the kidneys. Option B: Administration of prazosin - Incorrect: Prazosin is an alpha-adrenergic antagonist that is often used to treat hypertension and benign prostatic hyperplasia (BPH). While it can help relax the smooth muscle of the bladder neck and prostate, it is not the primary treatment for obstructive uropathy. In this case, the obstruction is likely due to a mechanical issue (e.g., a stone, tumor, or stricture) that requires a more direct intervention to relieve the obstruction. Option C: Hemodialysis - Incorrect: Hemodialysis is a treatment for acute or chronic kidney failure and can help manage uremia and electrolyte imbalances. However, it does not address the underlying cause of the obstruction. While hemodialysis might be necessary if the patient's renal function does not improve after the obstruction is relieved, it is not the first step in managing this condition. Option D: Placement of a suprapubic catheter - Correct: A suprapubic catheter is a catheter that is inserted through the abdomen directly into the bladder. This is the most appropriate next step because it can bypass the obstruction and allow for the drainage of urine, thereby relieving the pressure on the kidneys and preventing further damage. This intervention is less invasive than surgical options and can be performed relatively quickly in a hospital setting. Option E: Ultrafiltration - Incorrect: Ultrafiltration is a process used to remove excess fluid from the body, often in the context of heart failure or fluid overload. While the patient does have some signs of fluid overload (jugular venous distention, pedal edema), the primary issue is the obstructive uropathy. Ultrafiltration does not address the underlying obstruction and is not the appropriate first step in this case. In summary, the most appropriate next step is to place a suprapubic catheter to relieve the obstruction and prevent further renal damage.",0.0058,0.0153,0.1336,0.0389,0.026,0.0389,0.0389,0.3885,0.5254,0.6512
"A 47-year-old man comes to the emergency department because of a 3-day history of increasing pain, tenderness, and swelling near the fingernail of his right index finger. He rates the pain as an 8 on a 10-point scale. He has not had fever or chills, and he has not sustained any trauma to the finger. Medical history is unremarkable and the patient takes no medications. He appears generally well and is not in distress. Vital signs are temperature 37.1°C (98.8°F), pulse 72/min, respirations 14/min, and blood pressure 120/80 mm Hg. Physical examination of the right hand discloses swelling, erythema, warmth, and tenderness of the periungual region of the right index finger. There is a mildly fluctuant area near the nail edge. The remainder of the physical examination discloses no abnormalities. Which of the following is the most appropriate next step in management?",Which of the following is the most appropriate next step in management?,"
A. Incision and drainage 
B. Oral cefazolin therapy 
C. Topical neomycin therapy 
D. Warm-water soaks
",A,A,True,"The patient's presentation is consistent with a paronychia, which is an infection of the periungual (around the nail) tissue. The symptoms of pain, tenderness, swelling, erythema, and warmth, along with the presence of a fluctuant area, suggest that an abscess has formed. In such cases, the most appropriate and effective initial management is incision and drainage to relieve the pressure and remove the purulent material, which can help alleviate symptoms and prevent the spread of infection. - Option A: Incision and drainage - This is the correct choice. It is the standard treatment for an abscess, including those associated with paronychia. It provides immediate relief of symptoms and helps to prevent complications such as the spread of infection or the formation of a more extensive abscess. - Option B: Oral cefazolin therapy - While antibiotics can be useful in treating infections, they are not the first-line treatment for an abscess. Antibiotics are generally used in conjunction with incision and drainage, especially if there is a concern for systemic infection or if the patient has risk factors for more severe infection. However, in the absence of systemic signs of infection (such as fever, chills, or significant systemic symptoms), incision and drainage alone is often sufficient. - Option C: Topical neomycin therapy - Topical antibiotics are not effective for treating an abscess. They may be used for superficial skin infections, but they do not penetrate deep enough to treat an abscess. Additionally, the presence of a fluctuant area suggests that the infection has progressed to a point where topical treatment alone would be inadequate. - Option D: Warm-water soaks - Warm-water soaks can be helpful in the early stages of a paronychia to reduce inflammation and promote drainage. However, once an abscess has formed, warm-water soaks alone are not sufficient to treat the infection. They can be used as an adjunct to incision and drainage but should not be the primary treatment. In summary, incision and drainage is the most appropriate next step in management for this patient with a paronychia and a fluctuant abscess.",0.013,0.0258,0.2286,0.0625,0.0457,0.0625,0.0625,0.4167,0.5504,0.6638
"A 12-year-old girl with type 1 diabetes mellitus is brought to the emergency department by her parents because of a 2-day history of nausea, vomiting, and decreased oral intake. Medications are insulin glargine and insulin aspart. She decreased her insulin dose at the onset of symptoms but her condition has since worsened and she now is unable to consume solids or liquids without subsequent vomiting. She reports feeling dizzy on standing. Medical history is otherwise unremarkable. She is at the 50th percentile for height, weight, and BMI. Vital signs are temperature 37.8°C (100.1°F), pulse 118/min, respirations 27/min, and blood pressure 85/47 mm Hg. Pulse oximetry on room air shows an oxygen saturation of 99%. Physical examination discloses dry mucous membranes, delayed capillary refill time, and poor skin turgor. Palpation of the abdomen discloses diffuse tenderness with no rebound or guarding. The remainder of the physical examination discloses no abnormalities. Results of laboratory studies obtained on arrival are shown: Serum Urea nitrogen - 28 mg/dL Creatinine - 1.2 mg/dL Na⁺ - 126 mEq/L K⁺ - 4.3 mEq/L Cl⁻ - 95 mEq/L HCO3⁻ - 9 mEq/L Glucose - 563 mg/dL Arterial blood gas values on room air HCO3⁻ 10 mEq/L Partial Pressure of Oxygen - 98 mm Hg Partial Pressure of Carbon Dioxide - 22 mm Hg pH - 7.20 Boluses of intravenous 0.9% saline are administered and an infusion of insulin is initiated. Three hours later the patient becomes somnolent and develops a headache. She has had one episode of emesis and one episode of incontinence. Her urine output has been 30 mL/h. Results of follow-up serum laboratory studies are shown: Urea nitrogen - 24 mg/dL Creatinine - 1.1 mg/dL Na⁺ - 127 mEq/L K⁺ - 3.7 mEq/L Cl⁻ - 98 mEq/L HCO3⁻ - 11 mEq/L Glucose - 287 mg/dL Which of the following is the most appropriate intravenous pharmacotherapy?",7 mEq/L Cl⁻ - 98 mEq/L HCO3⁻ - 11 mEq/L Glucose - 287 mg/dL Which of the following is the most appropriate intravenous pharmacotherapy?,"
A. Bicarbonate 
B. Dexamethasone 
C. 50% Dextrose 
D. Furosemide 
E. Mannitol
",E,C,False,"The patient presents with symptoms and laboratory findings consistent with diabetic ketoacidosis (DKA), a serious complication of diabetes mellitus, particularly type 1 diabetes. The key findings include hyperglycemia (glucose 563 mg/dL), metabolic acidosis (pH 7.20, HCO3⁻ 9 mEq/L), and electrolyte imbalances (low bicarbonate, low sodium, and low chloride). The patient also shows signs of dehydration (dry mucous membranes, delayed capillary refill, poor skin turgor) and hypotension, which are common in DKA due to fluid loss from polyuria and vomiting. Initial management of DKA includes fluid resuscitation with isotonic saline to correct dehydration and improve perfusion, followed by insulin therapy to lower blood glucose and reverse ketosis. The patient has already received these interventions, and her glucose level has decreased from 563 mg/dL to 287 mg/dL, which is a positive response to treatment. However, the patient has now developed new symptoms of somnolence, headache, and incontinence, which are concerning for cerebral edema, a rare but serious complication of DKA, especially in children. Cerebral edema can occur during the treatment of DKA, particularly if the correction of hyperglycemia is too rapid, leading to a rapid shift of fluids and electrolytes, which can cause brain swelling. Given the patient's new symptoms and the risk of cerebral edema, the most appropriate next step is to administer 50% dextrose (option C) to prevent further rapid decline in blood glucose, which can exacerbate cerebral edema. Dextrose will help stabilize the glucose level and reduce the risk of further neurological deterioration. - Option A (Bicarbonate): Bicarbonate is generally not recommended for routine use in DKA unless the pH is <7.0 or there is severe hyperkalemia. In this case, the pH is 7.20, which is not critically low, and the potassium level is within a normal range. Administering bicarbonate can also worsen cerebral edema by increasing the osmotic gradient. - Option B (Dexamethasone): Dexamethasone is a corticosteroid used to reduce inflammation and swelling, but it is not indicated for the management of DKA or suspected cerebral edema. It can also have adverse effects on glucose control. - Option D (Furosemide): Furosemide is a diuretic used to reduce fluid overload, but it is contraindicated in a patient with DKA who is already dehydrated and at risk of cerebral edema. Diuresis can worsen dehydration and electrolyte imbalances. - Option E (Mannitol): Mannitol is an osmotic diuretic that can be used to reduce intracranial pressure in cases of cerebral edema. However, it is not the first-line treatment in this scenario. Administering 50% dextrose to stabilize glucose levels is a more immediate and appropriate step. Therefore, the most appropriate intravenous pharmacotherapy in this situation is 50% dextrose to prevent further rapid decline in blood glucose and reduce the risk of cerebral edema.",0.0056,0.0391,0.1823,0.0708,0.0335,0.0708,0.0708,0.4551,0.495,0.6165
"A 54-year-old woman, gravida 2, para 2, comes to the office because of a 4-month history of hot flushes that awaken her from sleep on most nights. She also reports increased irritability during this time. She has not had fever, shortness of breath, or cough. She says her appetite has been good and her weight has been stable. Medical history is remarkable for hysterectomy done 5 years ago for symptomatic leiomyomata uteri. The patient takes calcium and vitamin D supplements. She has never smoked cigarettes. She drinks one glass of wine 1 night weekly. She is 165 cm (5 ft 5 in) tall and weighs 48 kg (106 lb); BMI is 18 kg/m². Vital signs are temperature 37.0°C (98.6°F), pulse 66/min, respirations 12/min, and blood pressure 108/64 mm Hg. Physical examination discloses no abnormalities. Screening PPD skin test shows 15 mm of induration. Chest x-ray shows densities consistent with granulomata. Which of the following pharmacotherapies is most likely to alleviate this patient's symptoms?",Which of the following pharmacotherapies is most likely to alleviate this patient's symptoms?,"
A. Clonidine 
B. Conjugated estrogen 
C. Fluoxetine 
D. Isoniazid and rifampin 
E. Raloxifene
",B,B,True,"The patient is a 54-year-old woman with a history of hysterectomy and is experiencing hot flushes and irritability, which are classic symptoms of menopause. The symptoms are likely due to the decrease in estrogen levels following menopause, which can be exacerbated by the absence of the uterus (hysterectomy) and potentially the ovaries (if a bilateral salpingo-oophorectomy was performed). Option B: Conjugated estrogen is the most appropriate choice for alleviating her symptoms. Estrogen therapy is the most effective treatment for vasomotor symptoms such as hot flushes and night sweats, and it can also help with mood symptoms like irritability. Since the patient has had a hysterectomy, she can take estrogen alone without the need for a progestin, which is typically required in women with an intact uterus to protect against endometrial hyperplasia. Option A: Clonidine is an antihypertensive medication that can be used off-label to treat hot flushes, but it is generally less effective than estrogen and can have side effects such as dry mouth, dizziness, and sedation. It is typically considered a second-line treatment when estrogen is contraindicated or not tolerated. Option C: Fluoxetine is an SSRI (selective serotonin reuptake inhibitor) that can be used to treat hot flushes, especially in women who cannot take estrogen due to contraindications. However, it is not the first-line treatment and is generally used when estrogen is not an option. Additionally, it can have side effects such as nausea, insomnia, and sexual dysfunction. Option D: Isoniazid and rifampin are antibiotics used to treat tuberculosis. The patient's PPD skin test showing 15 mm of induration and chest x-ray findings consistent with granulomata suggest a possible latent tuberculosis infection. However, these findings are not directly related to her menopausal symptoms, and treating a latent TB infection would not alleviate her hot flushes or irritability. If the patient is diagnosed with latent TB, she would need appropriate antitubercular therapy, but this is not the primary issue at hand. Option E: Raloxifene is a selective estrogen receptor modulator (SERM) that is used primarily to prevent and treat osteoporosis in postmenopausal women. While it can have some beneficial effects on bone density, it is not as effective as estrogen for treating vasomotor symptoms and is not typically used for this purpose. In summary, conjugated estrogen is the most appropriate pharmacotherapy to alleviate the patient's menopausal symptoms, given her history and current clinical presentation.",0.0,0.0247,0.1648,0.0624,0.0145,0.0576,0.0576,0.4666,0.5752,0.7
"A 55-year-old woman, gravida 1, para 1, comes to the office because she is concerned that she has continued to have regular menses while her friends of the same age have gone through menopause. She reports having her usual premenstrual breast tenderness and menstrual cramping. She has not had change in flow, intermenstrual spotting, hot flushes, or night sweats. Medical history is unremarkable. She takes no medications. She does not smoke cigarettes. She drinks one glass of wine each evening. Her last menstrual period occurred 3 weeks ago. Screening mammogram obtained 1 year ago and all previous Pap smears, including her most recent Pap smear 2 years ago, have shown no abnormalities. Her 50-year-old sister also has not gone through menopause. The patient does not exercise. She is 157 cm (5 ft 2 in) tall and weighs 80 kg (176 lb); BMI is 32 kg/m². Vital signs are normal. Physical examination discloses adiposity of the abdomen. Pelvic examination discloses pink and rugose vaginal walls and a small uterus. The remainder of the physical examination discloses no abnormalities. Which of the following is the most appropriate next step to address the patient's continued menstruation?",Which of the following is the most appropriate next step to address the patient's continued menstruation?,"
A. Order fine-needle biopsy of the endometrium 
B. Order pelvic ultrasonography 
C. Order serum estradiol and follicle-stimulating hormone concentrations 
D. Provide reassurance that she is simply still premenopausal 
E. Recommend losing weight to help facilitate the onset of menopause 
F. Recommend monthly leuprolide acetate injections for a 3-month duration 
G. Refer the patient to an endocrinologist
",D,C,False,"The patient is a 55-year-old woman who is concerned about her continued regular menstrual cycles while her peers have gone through menopause. Her medical history and physical examination do not reveal any significant abnormalities, and her family history suggests that her sister, who is 50 years old, has also not gone through menopause. This information suggests that the patient's continued menstruation might be within the normal range, but it is important to rule out any underlying conditions that could be affecting her menstrual cycle. Option A: Order fine-needle biopsy of the endometrium - Incorrect: A fine-needle biopsy of the endometrium is typically used to evaluate abnormal uterine bleeding or to rule out endometrial cancer. The patient does not have any symptoms of abnormal bleeding or other concerning signs that would warrant this invasive procedure at this stage. Option B: Order pelvic ultrasonography - Incorrect: While pelvic ultrasonography can be useful in evaluating the uterus and ovaries, it is not the first-line test in this scenario. The patient's symptoms and examination do not suggest any specific abnormalities that would require immediate imaging. It is more appropriate to start with hormonal testing to understand the patient's ovarian function and hormonal status. Option C: Order serum estradiol and follicle-stimulating hormone concentrations - Correct: Measuring serum estradiol and follicle-stimulating hormone (FSH) levels is the most appropriate next step. These hormones are key indicators of ovarian function and can help determine whether the patient is still in the premenopausal phase or if she is transitioning into perimenopause or menopause. Elevated FSH levels and low estradiol levels are typically seen in menopause, while fluctuating levels can indicate perimenopause. This test will provide valuable information to guide further management. Option D: Provide reassurance that she is simply still premenopausal - Incorrect: While it is possible that the patient is still premenopausal, it is important to rule out other potential causes of continued menstruation, especially given her age and family history. Providing reassurance without further investigation would be premature and could miss an underlying condition. Option E: Recommend losing weight to help facilitate the onset of menopause - Incorrect: While weight loss can have many health benefits, there is no direct evidence that losing weight will facilitate the onset of menopause. The patient's continued menstruation is more likely related to her hormonal status, which should be evaluated with appropriate tests. Option F: Recommend monthly leuprolide acetate injections for a 3-month duration - Incorrect: Leuprolide acetate is a gonadotropin-releasing hormone (GnRH) agonist that suppresses ovarian function and is used to treat conditions such as endometriosis or uterine fibroids. It is not appropriate to use this medication to induce menopause in a patient who is still having regular menstrual cycles and no other indications for its use. Option G: Refer the patient to an endocrinologist - Incorrect: Referral to an endocrinologist is not necessary at this stage. The patient's symptoms and examination do not suggest a complex endocrine disorder that would require specialist evaluation. Hormonal testing is a more appropriate first step to guide further management. In summary, the most appropriate next step is to order serum estradiol and FSH levels to assess the patient's hormonal status and determine whether she is still premenopausal, transitioning into perimenopause, or if there are other underlying issues that need to be addressed.",0.0066,0.0215,0.1983,0.0523,0.0385,0.0488,0.0488,0.4235,0.5949,0.6948
"A 25-year-old man comes to the emergency department because he developed chest pain and shortness of breath 1 hour ago, shortly after snorting cocaine for the first time. He rates the chest pain as a 7 on a 10-point scale and notes that the pain is radiating down his left arm. Medical history is unremarkable and the patient takes no medications or any other illicit drugs. He is 178 cm (5 ft 10 in) tall and weighs 70 kg (154 lb); BMI is 22 kg/m². The patient is diaphoretic. Vital signs are temperature 37.5°C (99.5°F), pulse 110/min, respirations 16/min, and blood pressure 200/100 mm Hg. Pulse oximetry on room air shows an oxygen saturation of 95%. Pupils are equal, round, and reactive to light and accommodation. Lungs are clear to auscultation and percussion. Auscultation of the heart discloses an audible S1 and S2. There is no edema, cyanosis, or clubbing of the digits. The patient is fully oriented. He is treated with supplemental oxygen, a 325-mg aspirin tablet, and intravenous nitroglycerin and lorazepam. Despite therapy, he continues to have chest pain and shortness of breath. ECG shows sinus tachycardia with no ST-segment or T-wave abnormalities. Which of the following is the most appropriate additional pharmacotherapy to initiate at this time?",Which of the following is the most appropriate additional pharmacotherapy to initiate at this time?,"
A. Carvedilol 
B. Furosemide 
C. Metoprolol 
D. Phentolamine 
E. Streptokinase
",D,D,True,"The patient presents with symptoms of acute cocaine-induced chest pain and hypertension, which are common complications of cocaine use. Cocaine can cause vasoconstriction, leading to increased blood pressure and reduced blood flow to the heart, which can result in chest pain and myocardial ischemia. The patient's symptoms, including chest pain radiating to the left arm, diaphoresis, and hypertension, are consistent with these effects. Option D: Phentolamine is the most appropriate additional pharmacotherapy in this scenario. Phentolamine is a non-selective alpha-adrenergic receptor antagonist that can effectively reverse the vasoconstriction caused by cocaine, thereby reducing blood pressure and improving blood flow to the heart. This can help alleviate chest pain and shortness of breath. Option A: Carvedilol is a non-selective beta-blocker with alpha-blocking properties. While it can be useful in managing hypertension and reducing heart rate, it is not the first-line treatment for cocaine-induced chest pain and hypertension. Beta-blockers can potentially exacerbate cocaine-induced vasoconstriction by unopposed alpha-adrenergic receptor stimulation, which can worsen hypertension and chest pain. Option B: Furosemide is a loop diuretic used to manage fluid overload and reduce blood pressure by increasing urine output. While it can be useful in managing hypertension, it does not address the vasoconstriction and myocardial ischemia caused by cocaine. It is not the most appropriate choice in this acute setting. Option C: Metoprolol is a selective beta-1 adrenergic receptor antagonist. Similar to carvedilol, it can reduce heart rate and blood pressure but can also exacerbate cocaine-induced vasoconstriction. Therefore, it is not the best choice for this patient. Option E: Streptokinase is a thrombolytic agent used to dissolve blood clots in the coronary arteries, typically in the setting of an acute myocardial infarction (MI). While the patient's symptoms are concerning for possible MI, the ECG does not show ST-segment or T-wave abnormalities, which are typical findings in an MI. Additionally, streptokinase is not indicated for the management of cocaine-induced chest pain and hypertension. In summary, Phentolamine is the most appropriate additional pharmacotherapy to initiate in this patient due to its ability to reverse cocaine-induced vasoconstriction and manage the associated hypertension and chest pain.",0.0129,0.0281,0.187,0.063,0.0369,0.063,0.063,0.4377,0.5732,0.7437
"A 70-year-old man, who was admitted to the hospital 3 days ago for treatment of pneumonia, has now developed diarrhea and severe lower abdominal cramping. The patient has passed watery and yellow stools every 2 hours for the past 12 hours. Since admission, the patient has been treated with intravenous levofloxacin therapy and albuterol/ipratropium nebulizers every 4 hours, with only mild improvement of his respiratory symptoms. Medical history is also significant for hypertension, type 2 diabetes mellitus, and hyperlipidemia. Routine medications include rosiglitazone, amlodipine, and atorvastatin. He has smoked one pack of cigarettes daily for the past 50 years. BMI is 20 kg/m2. Vital signs are temperature 36.7°C (98.0°F), pulse 102/min, respirations 16/min, and blood pressure 100/50 mm Hg. Pulse oximetry on room air shows an oxygen saturation of 93%. Physical examination discloses dry mucous membranes and cracked lips. Lungs are clear to auscultation bilaterally. Cardiac examination discloses a tachycardic but regular rhythm. Abdomen is diffusely tender to palpation with no distention, rebound, or guarding. Test of the stool for occult blood is negative. Results of serum laboratory studies are shown: Urea nitrogen - 30 mg/dL Creatinine - 1.5 mg/dL Calcium - 8.2 mg/dL Na⁺ - 150 mEq/L K⁺ - 3.7 mEq/L Cl⁻ - 115 mEq/L HCO3⁻ - 22 mEq/L Glucose - 120 mg/dL Stool culture is obtained. Intravenous infusion of which of the following substances is the most appropriate next step?",Intravenous infusion of which of the following substances is the most appropriate next step?,"
A. Bicarbonate 
B. Calcium gluconate 
C. 5% Dextrose in water 
D. 0.9% Saline
",D,D,True,"The patient presents with signs of dehydration (dry mucous membranes, cracked lips) and a significant electrolyte imbalance, particularly hypernatremia (Na⁺ 150 mEq/L) and hyperchloremia (Cl⁻ 115 mEq/L). The patient's history of diarrhea and frequent watery stools suggests a significant loss of fluids and electrolytes, which is contributing to the dehydration and electrolyte imbalances. Option D: 0.9% Saline is the most appropriate choice because: - Rehydration: It is an isotonic solution that can effectively replace fluid losses and help correct dehydration. - Electrolyte Balance: It contains sodium and chloride in concentrations similar to those in the body, which can help correct the hypernatremia and hyperchloremia without causing a rapid shift in electrolyte levels that could be harmful. Option A: Bicarbonate is incorrect because: - Not Indicated: The patient's bicarbonate level (HCO3⁻ 22 mEq/L) is within the normal range, and there is no evidence of metabolic acidosis that would require bicarbonate therapy. - Risk of Overcorrection: Administering bicarbonate could lead to metabolic alkalosis, which is not indicated in this case. Option B: Calcium gluconate is incorrect because: - Not Indicated: The patient's calcium level (8.2 mg/dL) is within the normal range, and there is no clinical indication for calcium supplementation. - Irrelevant to Dehydration: Calcium gluconate would not address the patient's dehydration or electrolyte imbalances. Option C: 5% Dextrose in water is incorrect because: - Hypotonic Solution: It is a hypotonic solution that can lead to a rapid shift of water into cells, potentially causing cerebral edema, especially in a patient with hypernatremia. - Inadequate Electrolyte Replacement: It does not provide the necessary electrolytes (sodium and chloride) to correct the patient's imbalances. In summary, 0.9% saline is the most appropriate choice for rehydrating the patient and correcting the electrolyte imbalances, particularly the hypernatremia and hyperchloremia.",0.0028,0.0226,0.1202,0.0514,0.0194,0.0514,0.0514,0.4161,0.5261,0.5837
"A 3-week-old male infant is brought to the office by his mother because of a 2-day history of white lesions in the mouth. The infant was born at term via uncomplicated spontaneous vaginal delivery; he has been breast-feeding well and is urinating and having bowel movements normally. At birth, he weighed 3289 g (7 lb 4 oz; 30th percentile). Today, he weighs 3629 kg (8 lb; 25th percentile). He appears adequately hydrated. Vital signs are normal. Physical examination discloses white patches on the tongue and buccal mucosa that do not come off when gently scraped with a tongue blade. Which of the following is the most appropriate pharmacotherapy?",Which of the following is the most appropriate pharmacotherapy?,"
A. Acyclovir 
B. Fluconazole 
C. Nystatin 
D. Valacyclovir 
E. No pharmacotherapy is necessary
",C,C,True,"The clinical presentation of a 3-week-old male infant with white lesions in the mouth that do not come off when gently scraped is highly suggestive of oral thrush, a common fungal infection caused by Candida species, particularly Candida albicans. Oral thrush is a frequent condition in infants, often due to their immature immune systems and the presence of Candida in the mother's birth canal or on the skin. Option C: Nystatin is the most appropriate pharmacotherapy for this condition. Nystatin is an antifungal medication that is effective against Candida and is commonly used to treat oral thrush in infants. It is administered as a suspension that is swished in the mouth and then swallowed or applied directly to the affected areas with a swab. Nystatin is safe for use in infants and has minimal systemic absorption, making it a preferred choice for this age group. Option A: Acyclovir is an antiviral medication used to treat viral infections, particularly those caused by herpes simplex virus (HSV) and varicella-zoster virus (VZV). Since the clinical presentation is consistent with a fungal infection (oral thrush) rather than a viral infection, acyclovir is not the appropriate treatment. Option B: Fluconazole is an antifungal medication that is effective against Candida and other fungal infections. However, it is typically reserved for more severe or refractory cases of oral thrush, or when systemic treatment is necessary. In a mild case like this, where the infant is otherwise healthy and the infection is localized to the mouth, nystatin is the preferred first-line treatment due to its safety and ease of use in infants. Option D: Valacyclovir is another antiviral medication, similar to acyclovir, used to treat viral infections. As with acyclovir, it is not appropriate for treating a fungal infection like oral thrush. Option E: No pharmacotherapy is necessary is incorrect because the presence of white lesions in the mouth that do not come off when scraped is indicative of an active infection. While mild cases of oral thrush may resolve on their own, treatment with nystatin is generally recommended to prevent the spread of the infection and to alleviate symptoms more quickly. In summary, the most appropriate pharmacotherapy for this 3-week-old infant with oral thrush is nystatin.",0.0049,0.0169,0.1494,0.0364,0.0261,0.0364,0.0364,0.4202,0.5722,0.7335
"A 55-year-old man is brought to the emergency department by his wife because he told her he did not want to live anymore. During the past 6 weeks, he has experienced fatigue, loss of interest in usual activities, a 7-kg (15-lb) weight loss, and insomnia. He has no history of serious medical or psychiatric illness. Vital signs are temperature 37.0°C (98.6°F), pulse 80/min, respirations 16/min, and blood pressure 140/82 mm Hg. Physical examination discloses no abnormalities. Beck Depression Inventory score is 35 (severely depressed). He says he feels guilty that his investments have not done well and that he has ruined his family finances. He reports he hears voices at night telling him he has sinned. In addition to olanzapine, which of the following is the best treatment option for this patient?","In addition to olanzapine, which of the following is the best treatment option for this patient?","
A. Divalproex 
B. Fluoxetine 
C. Lamotrigine 
D. Lithium carbonate 
E. No other therapy is necessary
",B,B,True,"The patient presents with symptoms of severe major depressive disorder (MDD) with psychotic features, as evidenced by his auditory hallucinations (hearing voices telling him he has sinned) and feelings of guilt and worthlessness. The Beck Depression Inventory score of 35 indicates severe depression, and the presence of suicidal ideation is a critical concern. Option B: Fluoxetine - Correct: Fluoxetine is a selective serotonin reuptake inhibitor (SSRI) that is effective in treating major depressive disorder, including cases with psychotic features. It is often used in combination with an antipsychotic like olanzapine to address both the depressive and psychotic symptoms. This combination is supported by clinical guidelines and has been shown to be effective in improving both mood and psychotic symptoms. Option A: Divalproex - Incorrect: Divalproex (valproate) is primarily used for the treatment of bipolar disorder, particularly for manic episodes, and as a mood stabilizer. While it can be used in bipolar depression, it is not the first-line treatment for unipolar major depressive disorder, especially when psychotic features are present. Option C: Lamotrigine - Incorrect: Lamotrigine is primarily used as a mood stabilizer in bipolar disorder, particularly for the prevention of depressive episodes. It is not typically used as a first-line treatment for major depressive disorder, especially when psychotic features are present. Option D: Lithium carbonate - Incorrect: Lithium carbonate is a mood stabilizer primarily used in the treatment of bipolar disorder, particularly for manic episodes and as a maintenance treatment to prevent mood episodes. It is not typically used as a first-line treatment for unipolar major depressive disorder, especially when psychotic features are present. Option E: No other therapy is necessary - Incorrect: Given the severity of the patient's symptoms, including suicidal ideation and psychotic features, additional therapy is necessary. Monotherapy with olanzapine alone may not be sufficient to address the depressive symptoms, and the combination of an SSRI like fluoxetine with olanzapine is a well-supported treatment approach. In summary, the best treatment option for this patient, in addition to olanzapine, is fluoxetine (Option B) due to its effectiveness in treating both the depressive and psychotic symptoms of major depressive disorder.",0.0125,0.0373,0.2235,0.0763,0.0548,0.0654,0.0654,0.4803,0.5785,0.7489
"A 78-year-old man, who underwent coronary angiography with stent placement 8 years ago, comes to the office for a routine health maintenance examination. The patient reports no new symptoms except for shortness of breath and fatigue during exercise that began 3 months ago when he tried to increase the distance of his daily walk from 1 mile to 3 miles. He has not had orthopnea, paroxysmal nocturnal dyspnea, or chest pain. Additional medical history is significant for hypertension, coronary artery disease, dyslipidemia, and polymyalgia rheumatica. The patient also has a heart murmur that was discovered at an armed forces screening physical examination at age 18 years, but it did not prevent him from serving in the military. Medications are metoprolol, atorvastatin, lisinopril, omeprazole, and a low dose of prednisone every other day. The patient is active and manages a small farm. BMI is 26 kg/m². Vital signs are temperature 37.0°C (98.6°F), pulse 60/min, respirations 18/min, and blood pressure 124/61 mm Hg. Cardiac examination discloses a normal S1, pronounced S2, and a grade 2/6 late systolic murmur heard at the right upper parasternal border. Pulses are normal in contour. Results of laboratory studies are within the reference ranges. ECG shows no abnormalities. Which of the following is the most appropriate next step in management?",Which of the following is the most appropriate next step in management?,"
A. Decrease the dose of metoprolol 
B. Increase the dose of prednisone 
C. Obtain serum vitamin D concentration 
D. Order a transthoracic echocardiography
",D,D,True,"The patient is a 78-year-old man with a history of coronary artery disease, hypertension, dyslipidemia, and polymyalgia rheumatica. He has recently developed shortness of breath and fatigue during exercise, which are concerning symptoms that could indicate a variety of cardiac conditions, including heart failure, valvular heart disease, or progression of his coronary artery disease. Option A: Decrease the dose of metoprolol - Incorrect: Metoprolol is a beta-blocker that is commonly used to manage symptoms of coronary artery disease and heart failure. Reducing the dose of metoprolol could potentially worsen his symptoms, especially if they are related to his underlying heart disease. There is no evidence from the history or examination that suggests the current dose of metoprolol is causing his symptoms. Option B: Increase the dose of prednisone - Incorrect: The patient is taking a low dose of prednisone every other day for polymyalgia rheumatica. While polymyalgia rheumatica can cause fatigue, the symptoms of shortness of breath and exercise intolerance are more likely to be related to a cardiac issue. Increasing the dose of prednisone is not indicated without further evidence of active inflammation or disease flare. Option C: Obtain serum vitamin D concentration - Incorrect: While vitamin D deficiency can cause muscle weakness and fatigue, it is not the most likely cause of the patient's symptoms given his history and the presence of a heart murmur. Additionally, the patient is active and manages a small farm, which suggests he is likely to have some sun exposure. Checking vitamin D levels is not the most appropriate next step in this case. Option D: Order a transthoracic echocardiography - Correct: The patient has a history of coronary artery disease and a known heart murmur. The new onset of shortness of breath and fatigue during exercise, along with the presence of a late systolic murmur heard at the right upper parasternal border, suggests the possibility of valvular heart disease, such as aortic stenosis or regurgitation. A transthoracic echocardiography is the most appropriate next step to evaluate the structure and function of the heart, including the valves, and to determine if there are any changes that could explain his symptoms. This test will provide valuable information to guide further management and treatment decisions. In summary, the most appropriate next step in management is to order a transthoracic echocardiography to evaluate the patient's cardiac function and valvular status.",0.0115,0.0228,0.1948,0.0541,0.0395,0.0541,0.0541,0.4291,0.5626,0.6808
"A 28-year-old man comes to the office because he would like to quit smoking cigarettes. He says, ""I cannot go more than a day without cigarettes because I get so anxious and irritable. I even wake up at night to smoke."" The patient began smoking cigarettes at age 12 years; he was smoking two packs of cigarettes daily by age 17 years, and he has not curtailed his use since that time. He does not drink alcoholic beverages or use illicit drugs. Medical history is remarkable for childhood febrile seizures. He takes no medications. Vital signs are normal. The patient is interested in using a nicotine patch and bupropion therapy because he says his friend found the treatments to be helpful. In combining these two therapies, this patient is at greatest risk for which of the following?","In combining these two therapies, this patient is at greatest risk for which of the following?","
A. Cold intolerance 
B. Hypertension 
C. Polyuria 
D. Renal insufficiency 
E. The patient is at no increased risk
",E,B,False,"When combining nicotine replacement therapy (NRT) such as the nicotine patch with bupropion, the patient is at an increased risk for hypertension. Here's a detailed explanation of why this is the correct answer and why the other options are incorrect: B. Hypertension: - Nicotine is a stimulant that can cause an increase in heart rate and blood pressure. When used in the form of a nicotine patch, it provides a steady dose of nicotine throughout the day, which can maintain these effects. - Bupropion is an antidepressant that is also used to aid in smoking cessation. It can also have stimulant-like effects, potentially increasing heart rate and blood pressure. - Combination Therapy: When both nicotine and bupropion are used together, the additive effects on the cardiovascular system can lead to a higher risk of hypertension. This is particularly important to monitor in patients who already have risk factors for cardiovascular disease. A. Cold Intolerance: - Cold intolerance is not a known side effect of either nicotine replacement therapy or bupropion. Cold intolerance is more commonly associated with conditions like hypothyroidism or Raynaud's disease. C. Polyuria: - Polyuria (increased urine production) is not a typical side effect of nicotine or bupropion. It is more commonly associated with conditions like diabetes or excessive fluid intake. D. Renal Insufficiency: - Renal insufficiency (reduced kidney function) is not a known side effect of nicotine replacement therapy or bupropion. While bupropion is primarily metabolized by the liver, it does not typically cause renal issues. E. The patient is at no increased risk: - This option is incorrect because the combination of nicotine replacement therapy and bupropion does increase the risk of certain side effects, particularly hypertension, as explained above. In summary, the patient is at the greatest risk for hypertension when combining nicotine patch and bupropion therapy. It is important for the healthcare provider to monitor the patient's blood pressure and overall cardiovascular health during this treatment.",0.0,0.0384,0.1785,0.0776,0.024,0.0597,0.0597,0.4648,0.5579,0.7229
"A 25-year-old woman comes to the office because of a 24-hour history of right-sided facial weakness. Two days ago she developed mild aching behind the right ear, which resolved spontaneously. This morning, however, the entire right side of her face was drooping and she was unable to close her right eye. When she tried to drink coffee this morning, the liquid ran out the right side of her mouth. She has been otherwise healthy and she takes no medications. Vital signs are normal. Examination of the ears and oral mucosa shows no abnormalities. Cranial nerve examination shows moderate weakness of the right orbicularis oculi and oris, frontalis, buccinator, and platysma muscles. Sound is perceived as louder in the right ear. The remainder of the neurologic examination shows no abnormalities. Which of the following is the most accurate statement regarding this patient's prognosis for neurologic recovery?",Which of the following is the most accurate statement regarding this patient's prognosis for neurologic recovery?,"
A. Prognosis cannot be determined without results of cerebral angiography 
B. Prognosis cannot be determined without results of MRI of the brain and cerebrospinal fluid analysis 
C. She has an 80% chance of complete recovery within the next 12 months without treatment 
D. With oral corticosteroid therapy she has a 20% chance of complete recovery within the next 12 months 
E. It is unlikely that the patient will achieve functional recovery from this condition regardless of therapy
",C,C,True,"The patient's presentation is consistent with Bell's palsy, a form of facial paralysis resulting from damage or trauma to the facial nerve (cranial nerve VII). The key features of Bell's palsy include sudden onset of unilateral facial weakness, inability to close the eye, drooping of the mouth, and sometimes a preceding viral illness or ear pain, as seen in this case. Option A: Prognosis cannot be determined without results of cerebral angiography - Incorrect: Cerebral angiography is not typically required for the diagnosis or prognosis of Bell's palsy. This test is more relevant for conditions involving blood vessel abnormalities, such as aneurysms or arteriovenous malformations, which are not typical in Bell's palsy. Option B: Prognosis cannot be determined without results of MRI of the brain and cerebrospinal fluid analysis - Incorrect: While MRI and CSF analysis can be useful in ruling out other causes of facial paralysis (such as tumors, infections, or multiple sclerosis), they are not necessary for the diagnosis of Bell's palsy. The prognosis of Bell's palsy is generally favorable, and these tests are not required to predict recovery. Option C: She has an 80% chance of complete recovery within the next 12 months without treatment - Correct: The prognosis for Bell's palsy is generally good, with about 70-80% of patients achieving complete recovery within 3-6 months, and up to 90% within 12 months. This recovery rate is even higher in patients who do not have complete paralysis at the onset. The patient in this case has moderate weakness, which suggests a good prognosis for recovery. Option D: With oral corticosteroid therapy she has a 20% chance of complete recovery within the next 12 months - Incorrect: Oral corticosteroids can improve the recovery rate in Bell's palsy, but the statement that the chance of complete recovery is only 20% with corticosteroids is incorrect. Studies have shown that corticosteroids can increase the likelihood of complete recovery, but the baseline recovery rate is already high (70-80% without treatment), and corticosteroids can further improve this rate. Option E: It is unlikely that the patient will achieve functional recovery from this condition regardless of therapy - Incorrect: This statement is overly pessimistic. As mentioned, the majority of patients with Bell's palsy achieve functional recovery, and the prognosis is generally favorable. While some patients may have residual symptoms, complete recovery is common, especially with appropriate management. In summary, the most accurate statement regarding the patient's prognosis is that she has an 80% chance of complete recovery within the next 12 months without treatment.",0.0041,0.0267,0.2046,0.0673,0.036,0.0583,0.0583,0.4568,0.5951,0.7202
"A 20-year-old woman comes to the office because of a 2-day history of nasal congestion, runny nose, and nonproductive cough that has made it difficult for her to sleep. She has not had fever. Her brother with whom she resides also has similar symptoms. The patient's medical history is significant for mild persistent asthma for which she takes inhaled fluticasone- salmeterol twice daily and albuterol as needed. She has been using her albuterol more frequently during the past 2 days without much effect. During this time, her peak expiratory flow rates have been 70% to 80% of her baseline. Vital signs today are temperature 37.2°C (99.0°F), pulse 70/min, respirations 20/min, and blood pressure 110/70 mm Hg. Physical examination discloses inflamed nasal mucosa with clear discharge. The posterior oral pharynx is erythematous. Auscultation of the lungs discloses rare expiratory wheezes. Which of the following is the most appropriate pharmacotherapy for this patient's cough?",Which of the following is the most appropriate pharmacotherapy for this patient's cough?,"
A. Codeine 
B. Diphenhydramine 
C. Guaifenesin 
D. Ipratropium bromide 
E. Prednisone
",E,D,False,"The patient presents with symptoms of an upper respiratory tract infection (URI) and a history of mild persistent asthma. Her current symptoms, including nasal congestion, runny nose, and a nonproductive cough, are typical of a viral URI. The increased use of her albuterol inhaler and the presence of expiratory wheezes suggest that her asthma may be exacerbated by the URI. Option A: Codeine - Incorrect: Codeine is a centrally acting antitussive that can suppress the cough reflex. However, it is not the best choice for this patient because it can cause drowsiness and other side effects, which might further impair her ability to sleep. Additionally, it does not address the underlying bronchial hyperresponsiveness or inflammation. Option B: Diphenhydramine - Incorrect: Diphenhydramine is an antihistamine that can help with allergic symptoms and reduce nasal congestion. However, it is not the most appropriate choice for a nonproductive cough associated with a viral URI. It can also cause drowsiness, which might not be ideal for this patient. Option C: Guaifenesin - Incorrect: Guaifenesin is an expectorant that helps to thin mucus and make it easier to cough up. However, the patient has a nonproductive cough, meaning there is no mucus to expectorate. Therefore, guaifenesin would not be effective in this case. Option D: Ipratropium bromide - Correct: Ipratropium bromide is an anticholinergic bronchodilator that can help reduce bronchial secretions and bronchospasm. It is particularly useful in patients with asthma who have increased mucus production and bronchial hyperresponsiveness, which can be exacerbated by a URI. Ipratropium bromide can help reduce the cough and improve breathing without causing significant drowsiness. Option E: Prednisone - Incorrect: Prednisone is a corticosteroid that can be used to reduce inflammation in severe asthma exacerbations. However, the patient's peak expiratory flow rates are 70% to 80% of her baseline, which indicates a moderate exacerbation rather than a severe one. Additionally, prednisone is not the first-line treatment for a nonproductive cough associated with a viral URI. It would be more appropriate to use a bronchodilator like ipratropium bromide to manage her symptoms. In summary, ipratropium bromide (Option D) is the most appropriate pharmacotherapy for this patient's cough, as it can help reduce bronchial secretions and bronchospasm, thereby improving her symptoms and breathing.",0.0142,0.0258,0.243,0.0679,0.0472,0.0679,0.0679,0.4371,0.5964,0.7047
"A 34-year-old woman, gravida 2, para 1, comes to the office at 26 weeks' gestation to establish prenatal care after obtaining health insurance coverage. She has gained 14 kg (31 lb) during this pregnancy. Her last pregnancy 4 years ago resulted in delivery of a 4564-g (10-lb 1-oz) male newborn. Today, the patient is 162 cm (5 ft 4 in) tall and weighs 99 kg (218 lb). Vital signs are normal. Physical examination discloses a fundal height of 30 cm. Fetal heart rate is 146/min. Prenatal laboratory studies and ultrasonography are ordered. This patient is most at risk for which of the following?",This patient is most at risk for which of the following?,"
A. Gestational diabetes 
B. Multiple gestation 
C. Placenta previa 
D. Polyhydramnios 
E. Preeclampsia
",A,A,True,"The patient's history and current status suggest a high risk for gestational diabetes. Here's a detailed explanation of why each option is correct or incorrect: A. Gestational diabetes - This is the correct answer. The patient has several risk factors for gestational diabetes, including: - Previous macrosomic infant: Her last pregnancy resulted in the delivery of a 4564-g (10-lb 1-oz) newborn, which is considered macrosomic (large for gestational age). Macrosomia is often associated with maternal diabetes. - Excessive weight gain: She has gained 14 kg (31 lb) during this pregnancy, which is a significant amount of weight gain, especially considering her pre-pregnancy weight. - Obesity: Her current BMI is 37.6 (99 kg / (1.62 m)^2), which is in the obese range. Obesity is a known risk factor for gestational diabetes. B. Multiple gestation - This is incorrect. There is no information in the patient's history or physical examination that suggests a multiple gestation. The fundal height of 30 cm at 26 weeks is consistent with a singleton pregnancy. C. Placenta previa - This is incorrect. Placenta previa is a condition where the placenta partially or completely covers the cervix. While it can be a risk in any pregnancy, there is no specific information in the patient's history or examination that suggests this condition. It is typically diagnosed through ultrasound, and the patient's fundal height and fetal heart rate are within normal limits. D. Polyhydramnios - This is incorrect. Polyhydramnios, or excessive amniotic fluid, can be associated with certain conditions like gestational diabetes, but there is no specific information in the patient's history or examination that suggests this condition. The fundal height of 30 cm at 26 weeks is within the normal range for a singleton pregnancy. E. Preeclampsia - This is incorrect. Preeclampsia is a condition characterized by high blood pressure and protein in the urine, typically occurring after 20 weeks of pregnancy. While the patient's BMI and previous macrosomic infant could be risk factors for preeclampsia, there is no evidence of hypertension or proteinuria in her current presentation. Her vital signs are normal, and there are no other signs or symptoms of preeclampsia. Given the patient's history and current status, the most significant risk is for gestational diabetes, and appropriate screening and management should be initiated.",0.0,0.0226,0.1005,0.0508,0.0051,0.0406,0.0406,0.4312,0.5474,0.6838
"A 39-year-old woman, gravida 6, para 5, is admitted to the hospital at 39 weeks' gestation for a scheduled induction of labor for delivery of twins. Her prior pregnancies were uncomplicated. Her current pregnancy has been complicated by well- controlled gestational diabetes. Vital signs are temperature 36.7°C (98.1°F), pulse 80/min, respirations 16/min, and blood pressure 134/84 mm Hg. Uterine size is consistent with a 36-week gestation. The fetuses are estimated to weigh 1814 g (4 lb) each. The patient delivers healthy twins. After the delivery of the placenta, examination discloses decreased uterine tone, increased bleeding, and increased hypotension. Which of the following is the most appropriate initial pharmacotherapy?",Which of the following is the most appropriate initial pharmacotherapy?,"
A. Ergonovine 
B. Intramuscular vitamin K 
C. 15-Methylprostaglandin F2α 
D. Misoprostol 
E. Oxytocin
",E,E,True,"In the scenario described, the patient is experiencing postpartum hemorrhage (PPH) due to uterine atony, which is the most common cause of PPH. The management of PPH involves several steps, including the use of uterotonic agents to improve uterine tone and reduce bleeding. Option E: Oxytocin - Correct: Oxytocin is the first-line uterotonic agent for the prevention and treatment of postpartum hemorrhage due to uterine atony. It is effective in stimulating uterine contractions and is widely used due to its rapid onset of action and relatively short half-life. Oxytocin is typically administered intravenously or intramuscularly in the immediate postpartum period to help control bleeding. Option A: Ergonovine - Incorrect: Ergonovine is a potent uterotonic agent that can be used to treat PPH, but it is generally reserved for cases where oxytocin is not effective. It has a longer duration of action and can cause more side effects, such as hypertension and peripheral vasoconstriction. Given that oxytocin is the first-line treatment, ergonovine would be a second-line option if oxytocin fails. Option B: Intramuscular vitamin K - Incorrect: Vitamin K is used to prevent or treat bleeding disorders by promoting the synthesis of clotting factors in the liver. It is not a uterotonic agent and does not address the issue of uterine atony. Therefore, it is not appropriate for the initial management of PPH in this scenario. Option C: 15-Methylprostaglandin F2α - Incorrect: 15-Methylprostaglandin F2α (e.g., Hemabate) is another uterotonic agent that can be used to treat PPH, particularly when other agents like oxytocin are not effective. However, it is generally used as a second-line agent due to its potential side effects, such as nausea, vomiting, and diarrhea. Oxytocin is the preferred first-line treatment. Option D: Misoprostol - Incorrect: Misoprostol is a prostaglandin E1 analog that can be used to treat PPH, especially in settings where other uterotonic agents are not available. It is effective but can cause side effects such as fever, shivering, and diarrhea. Like 15-Methylprostaglandin F2α, it is typically used as a second-line agent if oxytocin is not effective. In summary, the most appropriate initial pharmacotherapy for the management of postpartum hemorrhage due to uterine atony is oxytocin.",0.0048,0.0191,0.1631,0.048,0.0268,0.048,0.048,0.417,0.5722,0.7009
"A 32-year-old woman comes to the emergency department because of a 3-day history of worsening fever, dry cough, and shortness of breath. She also has had abdominal discomfort, diarrhea, and nausea, but she has not vomited. She returned home from a business trip to a midwestern city 2 days ago. She has had no known contact with any ill individuals. She had been generally healthy and medical history is unremarkable. She takes no medications. Her last menstrual period was 6 weeks ago and she thinks she might be pregnant. She does not smoke cigarettes, drink alcoholic beverages, or use illicit drugs. She is married and uses no contraception. She appears well developed and well nourished but is short of breath and lethargic. Vital signs are temperature 38.3°C (101.0°F), pulse 104/min, respirations 28/min, and blood pressure 100/60 mm Hg. Pulse oximetry on room air shows an oxygen saturation of 92%. Auscultation of the chest discloses crackles at the right lung base, tachycardia, a normal S1 and S2, and no other abnormalities. Abdominal examination discloses no abnormalities. Petechiae are present over both lower extremities. Results of laboratory studies are shown: Serum ALT - 80 U/L AST - 63 U/L Urea nitrogen - 14 mg/dL Creatinine - 1.7 mg/dL Na⁺ - 130 mEq/L K⁺ - 3.9 mEq/L Cl⁻ - 104 mEq/L HCO3⁻ - 16 mEq/L Iron, total - 18 μg/dL Iron binding capacity, total - 428 μg/dL (N=250–350) Iron saturation - 5% (N=20–50) β-hCG - Positive Blood Hematocrit - 30.3% Hemoglobin - 10.2 g/dL WBC - 11,300/mm³ MCV - 76 μm³ Platelet count - 104,000/mm³ Red cell distribution width - 16% (N=11.5–14.5) Which of the following is the most appropriate intravenous pharmacotherapy at this time?",5) Which of the following is the most appropriate intravenous pharmacotherapy at this time?,"
A. Cefuroxime alone 
B. Cefuroxime and azithromycin 
C. Levofloxacin alone 
D. Levofloxacin and ticarcillin 
E. Piperacillin-tazobactam
",B,E,False,"The patient presents with a constellation of symptoms including fever, dry cough, shortness of breath, abdominal discomfort, diarrhea, and nausea, along with signs of respiratory distress and petechiae. The laboratory findings show evidence of anemia, thrombocytopenia, and metabolic acidosis, which, in combination with the clinical presentation, suggest a severe systemic infection, possibly sepsis, with a potential focus in the lungs (as indicated by the crackles at the right lung base). Given the severity of the patient's condition, the broad-spectrum coverage provided by piperacillin-tazobactam is the most appropriate choice. Piperacillin-tazobactam is a combination of a broad-spectrum penicillin antibiotic (piperacillin) and a beta-lactamase inhibitor (tazobactam), which together provide coverage against a wide range of aerobic and anaerobic bacteria, including gram-positive, gram-negative, and some atypical pathogens. This broad coverage is crucial in a critically ill patient where the exact pathogen is not yet known, and there is a need to cover for potential multidrug-resistant organisms, especially in a patient who has recently traveled. Option A: Cefuroxime alone - Cefuroxime is a second-generation cephalosporin that provides good coverage against many gram-positive and some gram-negative bacteria. However, it does not cover for anaerobic bacteria or multidrug-resistant organisms, which are important considerations in a severely ill patient. Therefore, it is not the best choice in this scenario. Option B: Cefuroxime and azithromycin - This combination provides broader coverage, including atypical pathogens like Mycoplasma and Chlamydia. However, it still lacks coverage for anaerobes and multidrug-resistant gram-negative bacteria, which are important in a patient with severe sepsis and potential pneumonia. Option C: Levofloxacin alone - Levofloxacin is a broad-spectrum fluoroquinolone that covers many gram-positive and gram-negative bacteria, including some atypical pathogens. However, it does not cover anaerobic bacteria, and its use as a single agent in severe sepsis is not recommended due to the risk of missing resistant organisms. Option D: Levofloxacin and ticarcillin - This combination provides good coverage for gram-negative and some gram-positive bacteria, but ticarcillin alone does not have the broad-spectrum coverage of piperacillin, and the combination does not include a beta-lactamase inhibitor, which is important for covering resistant organisms. Option E: Piperacillin-tazobactam - This is the most appropriate choice due to its broad-spectrum coverage, including gram-positive, gram-negative, and anaerobic bacteria, as well as its effectiveness against multidrug-resistant organisms. It is a standard choice for empiric therapy in severe sepsis and septic shock, especially when the source of infection is not yet identified. In summary, piperacillin-tazobactam is the most appropriate intravenous pharmacotherapy for this patient given the severity of her condition and the need for broad-spectrum coverage.",0.0062,0.0226,0.1589,0.0478,0.0262,0.0435,0.0435,0.412,0.5659,0.6738
"A 72-year-old man is admitted to the intensive care unit for pain management and observation of ventricular ectopy 4 hours after undergoing uncomplicated left total knee replacement. He is receiving fentanyl via systemic patient-controlled analgesic pump for pain management. Medical history is remarkable for coronary artery disease, for which he takes atorvastatin, furosemide, carvedilol, lisinopril, and 81-mg aspirin. Baseline echocardiogram showed an ejection fraction of 0.20. Vital signs now are temperature 38.0°C (100.4°F), pulse 90/min, respirations 16/min, and blood pressure 130/90 mm Hg. Pulse oximetry on room air shows an oxygen saturation of 96%. Physical examination discloses no unexpected abnormalities. Which of the following regimens for prophylaxis of deep venous thrombosis will likely be most beneficial in this patient?",Which of the following regimens for prophylaxis of deep venous thrombosis will likely be most beneficial in this patient?,"
A. Continuous application of bilateral lower extremity pneumatic compression devices 
B. Continuous intravenous infusion of heparin titrated to a PTT of 1.5 to 2.0 times the control value 
C. Oral warfarin 
D. Subcutaneous enoxaparin 
E. Subcutaneous heparin
",D,D,True,"In the context of a 72-year-old man with a history of coronary artery disease and a low ejection fraction (0.20), who has just undergone a total knee replacement, the risk of deep venous thrombosis (DVT) is significant. The choice of DVT prophylaxis must balance the need to prevent thrombosis with the risk of bleeding, especially in a patient with multiple comorbidities and on multiple medications that could affect coagulation. Option A: Continuous application of bilateral lower extremity pneumatic compression devices - Correctness: This is a mechanical method of DVT prophylaxis and is generally considered safe. However, it is less effective than pharmacological methods, especially in high-risk patients like this one. Mechanical methods are often used in conjunction with pharmacological methods but are not sufficient as the sole method of prophylaxis in this case. Option B: Continuous intravenous infusion of heparin titrated to a PTT of 1.5 to 2.0 times the control value - Correctness: Intravenous heparin is effective for DVT prophylaxis, but it requires frequent monitoring of the partial thrombloboplastin time (PTT) and dose adjustments. This can be cumbersome in the ICU setting and may increase the risk of bleeding, especially in a patient with a low ejection fraction and on multiple medications that could affect coagulation. Option C: Oral warfarin - Correctness: Warfarin is effective for long-term DVT prophylaxis but requires several days to achieve therapeutic levels and regular monitoring of the international normalized ratio (INR). It is not suitable for immediate postoperative prophylaxis due to the delay in onset of action and the risk of bleeding complications, especially in the immediate postoperative period. Option D: Subcutaneous enoxaparin - Correctness: Enoxaparin is a low molecular weight heparin (LMWH) that is highly effective for DVT prophylaxis. It has a predictable dose-response relationship, does not require routine laboratory monitoring, and has a lower risk of bleeding compared to unfractionated heparin. It is particularly suitable for patients with a high risk of DVT, such as those undergoing major orthopedic surgery, and is generally well-tolerated in patients with multiple comorbidities. Option E: Subcutaneous heparin - Correctness: Unfractionated heparin (UFH) is effective for DVT prophylaxis but requires monitoring of the PTT and dose adjustments, similar to intravenous heparin. It has a higher risk of bleeding and is less predictable in its effects compared to LMWHs like enoxaparin. Therefore, it is not the preferred choice in this scenario. Given the patient's high risk of DVT and the need for a reliable and manageable prophylactic regimen, subcutaneous enoxaparin is the most appropriate choice.",0.0021,0.0275,0.1635,0.059,0.0228,0.0454,0.0454,0.4787,0.5893,0.6708
"A 45-year-old man comes to the emergency department because of a 1-month history of fatigue, generalized muscle weakness, and a 4-kg (8-lb) weight loss. He also reports a loss of appetite and nausea without vomiting during the past 2 weeks. Medical history is unremarkable and he takes no medications. He does not smoke cigarettes or drink alcoholic beverages. He is 180 cm (5 ft 11 in) tall and weighs 70 kg (155 lb); BMI is 22 kg/m². Vital signs are temperature 36.4°C (97.5°F), pulse 100/min, respirations 20/min, and blood pressure 88/50 mm Hg. Physical examination shows bronze darkening of the elbows, on the creases of his hands, and around the areolae of his nipples. Muscle strength is 4.5/5 in all extremities. The remainder of the physical examination shows no abnormalities. Results of laboratory studies are shown: Serum Na⁺ 128 mEq/L K⁺ 5.2 mEq/L Cl⁻ 95 mEq/L HCO3⁻ 20 mEq/L Blood Hemoglobin 12 g/dL WBC 3500/mm³ In addition to administering intravenous fluids, which of the following is the most appropriate pharmacotherapy?","2 mEq/L Cl⁻ 95 mEq/L HCO3⁻ 20 mEq/L Blood Hemoglobin 12 g/dL WBC 3500/mm³ In addition to administering intravenous fluids, which of the following is the most appropriate pharmacotherapy?","
A. Calcitonin 
B. Dehydroepiandrosterone 
C. Hydrocortisone 
D. Levothyroxine 
E. Mitotane
",C,C,True,"The patient's presentation and laboratory findings are highly suggestive of Addison's disease, also known as primary adrenal insufficiency. Key features include: 1. Symptoms: Fatigue, muscle weakness, weight loss, loss of appetite, and nausea. 2. Physical Examination: Bronze pigmentation, particularly in areas of friction or pressure (elbows, hand creases, and areolae), which is characteristic of Addison's disease due to increased melanocyte-stimulating hormone (MSH) levels. 3. Vital Signs: Hypotension (88/50 mm Hg) and tachycardia (100/min), which can be due to volume depletion and adrenal insufficiency. 4. Laboratory Findings: - Electrolytes: Hyponatremia (128 mEq/L) and normal to slightly elevated potassium (5.2 mEq/L), which are typical in Addison's disease due to aldosterone deficiency. - Hematology: Mild anemia (hemoglobin 12 g/dL) and leukopenia (WBC 3500/mm³), which can occur in chronic adrenal insufficiency. Given these findings, the most appropriate pharmacotherapy is hydrocortisone, which is a glucocorticoid that can replace the deficient cortisol in Addison's disease. Hydrocortisone helps to correct the metabolic and hemodynamic abnormalities associated with adrenal insufficiency. Why other options are incorrect: - A. Calcitonin: Calcitonin is used to treat hypercalcemia and certain bone disorders, not adrenal insufficiency. - B. Dehydroepiandrosterone (DHEA): DHEA is a precursor to sex hormones and is sometimes used as a supplement, but it is not a primary treatment for adrenal insufficiency. - D. Levothyroxine: Levothyroxine is used to treat hypothyroidism, not adrenal insufficiency. While hypothyroidism can cause similar symptoms, the electrolyte abnormalities and pigmentation are more consistent with Addison's disease. - E. Mitotane: Mitotane is used to treat adrenal cortical carcinoma, not primary adrenal insufficiency. Therefore, the most appropriate pharmacotherapy for this patient is hydrocortisone.",0.0087,0.0745,0.2681,0.1433,0.0721,0.1303,0.1303,0.5322,0.4894,0.6496
"A 45-year-old man comes to the office because of severe pain of the right foot that awoke him from sleep last night. He says the pain kept him awake for the rest of the night. Walking has been difficult due to the pain, which he rates as a 9 on a 10- point scale. He reports no recent trauma. Medical history is remarkable for hypertension, type 2 diabetes mellitus, and asthma. Medications include hydrochlorothiazide, metformin, atorvastatin, and an albuterol inhaler. He is allergic to penicillin. He does not smoke cigarettes, but he has drunk three to four glasses of red wine daily for the past 5 years. Family history is significant for arthritis in his father. He is 168 cm (5 ft 6 in) tall and weighs 111 kg (245 lb); BMI is 40 kg/m². Vital signs are temperature 37.9°C (100.2°F), pulse 100/min, respirations 16/min, and blood pressure 160/100 mm Hg. Examination of the right foot discloses erythema and increased warmth over the first toe extending over the dorsum of the foot. The involved area is very tender and the patient resists movement of his toes. There is moderate swelling of the first metatarsophalangeal joint. The remainder of the physical examination discloses no abnormalities. Results of laboratory studies are shown: Serum Urea nitrogen - 15 mg/dL Creatinine - 1.0 mg/dL Blood Hemoglobin - 16 mg/dL WBC - 12,500/mm³ Examination of joint aspirate shows a leukocyte count of 50,000/mm³; no organisms are seen on Gram stain. Which of the following is the most appropriate pharmacotherapy to treat this patient's acute condition?",Which of the following is the most appropriate pharmacotherapy to treat this patient's acute condition?,"
A. Acetaminophen 
B. Allopurinol 
C. Ceftriaxone 
D. Indomethacin 
E. Vancomycin
",D,D,True,"The patient's presentation is highly suggestive of acute gout, a form of inflammatory arthritis caused by the deposition of monosodium urate crystals in the joint. Key features supporting this diagnosis include: - Sudden onset of severe pain, especially at night. - Involvement of the first metatarsophalangeal joint (podagra), which is the most common site for gout. - Erythema, warmth, and tenderness over the affected joint. - Moderate swelling. - Elevated white blood cell count (WBC) in the joint aspirate, indicating inflammation. - No organisms seen on Gram stain, ruling out infectious arthritis. Let's evaluate each option: A. Acetaminophen: - Acetaminophen is primarily used for pain relief and has minimal anti-inflammatory effects. It is not effective in treating the acute inflammation and pain associated with gout. Therefore, it is not the best choice for this condition. B. Allopurinol: - Allopurinol is a xanthine oxidase inhibitor that reduces uric acid production and is used for the long-term management of gout to prevent future attacks. However, it is not appropriate for treating acute gout attacks, as it can actually exacerbate the inflammation if started during an acute episode. It is typically initiated after the acute attack has resolved. C. Ceftriaxone: - Ceftriaxone is an antibiotic used to treat bacterial infections. Since the Gram stain of the joint aspirate did not show any organisms, and the clinical presentation is consistent with gout rather than infectious arthritis, antibiotics are not indicated. D. Indomethacin: - Indomethacin is a nonsteroidal anti-inflammatory drug (NSAID) that is highly effective in treating the acute inflammation and pain associated with gout. It works by reducing the production of prostaglandins, which are mediators of inflammation and pain. Indomethacin is a first-line treatment for acute gout attacks and is the most appropriate choice in this scenario. E. Vancomycin: - Vancomycin is another antibiotic, specifically used for treating serious bacterial infections, particularly those caused by methicillin-resistant Staphylococcus aureus (MRSA). As with ceftriaxone, it is not indicated for gout, and the absence of organisms on Gram stain rules out infectious arthritis. In summary, the most appropriate pharmacotherapy for this patient's acute gout attack is Indomethacin.",0.0049,0.0318,0.2603,0.0826,0.0499,0.0661,0.0661,0.4794,0.596,0.7519
"A 2-year-old boy is brought to the emergency department by his babysitter because of a 30-minute history of respiratory distress. The babysitter reports that she has cared for the patient on numerous occasions during the past year. The child's parents are currently out of town for business but will return later tonight. The babysitter says, ""He has had a runny nose since I started babysitting yesterday, but this afternoon he awoke from a nap with a barking sound and he was breathing real heavy."" She does not know the child's prior health history, nor does she know if the boy takes any medications on a regular basis. The child looks tired and sits upright on the babysitter's lap. He is obviously comfortable with his caregiver. Vital signs are temperature 38.7°C (101.7°F), pulse 110/min, respirations 28/min and labored, and blood pressure 85/50 mm Hg. Pulse oximetry on room air shows an oxygen saturation of 89%. Physical examination discloses inspiratory stridor. Neck is supple, tympanic membranes are normal, and there is a profuse nasal discharge. Examination of the pharynx discloses no abnormalities. Auscultation of the chest discloses equal air entry on both sides and no crackles. The remainder of the examination shows no abnormalities. Treatment with 40% oxygen via venturi mask and intravenous fluids is initiated. Despite continued supplemental oxygen and hydration, the child remains tachypneic and stridorous at rest. Oxygen saturation is now 93%. In addition to administering racemic epinephrine by nebulizer, which of the following is the most appropriate next step?","In addition to administering racemic epinephrine by nebulizer, which of the following is the most appropriate next step?","
A. Intravenous aminophylline therapy 
B. Intravenous antibiotic therapy 
C. Intubation 
D. Oral dexamethasone therapy 
E. Rectal acetaminophen therapy
",D,D,True,"The clinical presentation of the 2-year-old boy, including the barking cough, inspiratory stridor, and respiratory distress, is highly suggestive of croup (laryngotracheobronchitis). Croup is typically caused by a viral infection, most commonly parainfluenza virus, and is characterized by inflammation of the larynx, trachea, and bronchi, leading to a characteristic ""barking"" cough and stridor. Option D: Oral dexamethasone therapy - Correct: Dexamethasone is a potent corticosteroid that reduces inflammation and swelling in the airways. It is the first-line treatment for croup and has been shown to reduce the severity of symptoms, the need for hospitalization, and the duration of illness. Oral dexamethasone is effective and can be administered even in a child who is not severely ill. A single dose of 0.6 mg/kg is typically sufficient. Option A: Intravenous aminophylline therapy - Incorrect: Aminophylline is a bronchodilator used in the treatment of asthma and chronic obstructive pulmonary disease (COPD). It is not effective in the treatment of croup and is not recommended for this condition. Option B: Intravenous antibiotic therapy - Incorrect: Croup is primarily a viral infection, and antibiotics are not indicated unless there is a secondary bacterial infection, which is rare. There is no evidence of a bacterial infection in this case, and antibiotics would not address the underlying inflammation causing the symptoms. Option C: Intubation - Incorrect: Intubation is a last-resort measure for severe croup where the child is in significant respiratory distress and is not responding to other treatments. The child in this case, while tachypneic and stridorous, is not in imminent danger of airway obstruction and is responding to supplemental oxygen and hydration. Intubation would be considered if the child's condition worsens despite appropriate treatment. Option E: Rectal acetaminophen therapy - Incorrect: Acetaminophen is used to reduce fever and pain. While the child has a fever, the primary issue is the respiratory distress and stridor. Acetaminophen would not address the airway inflammation and is not a primary treatment for croup. In summary, the most appropriate next step in the management of this child with croup is to administer oral dexamethasone to reduce airway inflammation and improve symptoms.",0.005,0.032,0.1918,0.0647,0.0325,0.0593,0.0593,0.4847,0.572,0.6789
A 30-year-old man comes to the office because of an itchy and painful facial rash that has worsened since he first noticed it 1 day ago. He has no other symptoms and says he otherwise has been generally healthy. Medical history is unremarkable and he takes no medications. He does not use any substances. He is unmarried and is not currently in a romantic relationship but has been sexually active with multiple female partners during the past year. Vital signs are within normal limits. Physical examination shows an erythematous macular rash with several 1- to 2-mm raised vesicles that do not cross the midline over the left forehead and periorbital area. There are no other abnormalities. Acyclovir therapy is initiated. Which of the following is the most appropriate next step?,Which of the following is the most appropriate next step?,"
A. Referral to a dermatologist 
B. Serum HIV antibody test 
C. Skin biopsy 
D. Tzanck test
",B,D,False,"The patient's presentation of an itchy and painful facial rash with erythematous macules and vesicles, particularly localized to one side of the face (left forehead and periorbital area), is highly suggestive of herpes zoster (shingles), which is caused by the reactivation of the varicella-zoster virus (VZV). The fact that the rash does not cross the midline is a key feature of herpes zoster, as it typically affects a dermatome on one side of the body. Given the clinical presentation and the initiation of acyclovir therapy, which is the standard treatment for herpes zoster, the next appropriate step is to confirm the diagnosis. The Tzanck test is a rapid and relatively simple diagnostic test that can be performed in the office to identify multinucleated giant cells and intranuclear inclusions, which are characteristic of herpes simplex virus (HSV) and VZV infections. This test can help confirm the diagnosis and guide further management. Let's evaluate the other options: A. Referral to a dermatologist: - While a dermatologist can provide a definitive diagnosis and further management, this step is not the most immediate or necessary given the strong clinical suspicion of herpes zoster and the initiation of appropriate antiviral therapy. A referral can be considered if the diagnosis is uncertain or if the patient does not respond to treatment. B. Serum HIV antibody test: - Although the patient's history of multiple sexual partners raises the possibility of HIV, the clinical presentation is more consistent with herpes zoster. HIV testing is important for overall health management, but it is not the most immediate next step in this case. It can be considered as part of a broader evaluation if the patient has other risk factors or if the rash does not respond to treatment. C. Skin biopsy: - A skin biopsy is a more invasive procedure and is generally not necessary for the diagnosis of herpes zoster, especially when the clinical presentation is typical. It is typically reserved for cases where the diagnosis is uncertain or when other conditions need to be ruled out. D. Tzanck test: - This is the most appropriate next step because it is a rapid, office-based test that can confirm the presence of herpes virus infection, which is crucial for confirming the diagnosis and guiding further management. In summary, the Tzanck test is the most appropriate next step to confirm the diagnosis of herpes zoster in this patient.",0.0068,0.0181,0.1529,0.044,0.0295,0.044,0.044,0.4208,0.5438,0.6494
"A 31-year-old man with a 5-year history of HIV infection comes to the office because of anal pain, particularly on defecation, for the past 4 months. He says he has seen spots of blood on the toilet tissue but has not had any other noticeable bleeding. He reports no change in bowel habits and has not had recent fever, chills, or rectal drainage. He says he and his partner engage in anal-receptive intercourse. His most recent CD4+ T-lymphocyte count 2 months ago was 350/mm³; HIV viral load at that time was undetectable. He currently is being treated with antiretroviral therapy. He has had no opportunistic infections. Medical history is also significant for syphilis and genital herpes treated with penicillin and acyclovir, respectively. He does not smoke cigarettes or drink alcoholic beverages. Vital signs are normal. Physical examination shows small bilateral inguinal lymph nodes, but respiratory, cardiac, and abdominal examinations disclose no abnormalities. There are several tender fleshy lesions around the perianal area. Rectal examination produces tenderness, but there is no rectal discharge. Test of the stool for occult blood is trace positive. Which of the following is the most appropriate pharmacotherapy at this time?",Which of the following is the most appropriate pharmacotherapy at this time?,"
A. Acyclovir 
B. Imiquimod 
C. Levofloxacin 
D. Metronidazole 
E. Penicillin
",B,B,True,"The patient's symptoms, including anal pain, blood on toilet tissue, and the presence of tender fleshy lesions around the perianal area, are highly suggestive of anal warts (condyloma acuminata), which are caused by human papillomavirus (HPV). HPV is a common sexually transmitted infection, especially in individuals who engage in anal-receptive intercourse, and it is more prevalent in individuals with HIV due to their compromised immune system, even when the CD4+ T-lymphocyte count is relatively preserved. Option B: Imiquimod is the most appropriate pharmacotherapy in this case. Imiquimod is a topical immune response modifier that is effective in treating external genital and perianal warts. It works by enhancing the local immune response to the HPV-infected cells, leading to the resolution of the warts. It is particularly useful for patients with HIV, as it can be applied directly to the affected area and has a relatively low risk of systemic side effects. Option A: Acyclovir is an antiviral medication used to treat herpes simplex virus (HSV) infections, including genital herpes. While the patient has a history of genital herpes, the current symptoms and physical findings are not consistent with an active herpes outbreak. Therefore, acyclovir is not the most appropriate choice for the current condition. Option C: Levofloxacin is a broad-spectrum antibiotic used to treat bacterial infections. There is no evidence of a bacterial infection in this patient, and the symptoms and physical findings are more consistent with a viral etiology (HPV). Therefore, levofloxacin is not indicated. Option D: Metronidazole is an antibiotic and antiprotozoal agent used to treat anaerobic bacterial infections and certain parasitic infections. It is not effective against HPV and is not indicated for the treatment of anal warts. Option E: Penicillin is an antibiotic used to treat bacterial infections, including syphilis. While the patient has a history of syphilis, the current symptoms and physical findings are not consistent with a syphilis infection. Additionally, syphilis is typically associated with painless ulcers (chancres) and not with the fleshy lesions seen in this patient. Therefore, penicillin is not the most appropriate choice. In summary, the most appropriate pharmacotherapy for the patient's symptoms and physical findings is Imiquimod (Option B), as it is effective in treating anal warts caused by HPV.",0.0047,0.0187,0.1365,0.0465,0.026,0.0413,0.0413,0.4441,0.5851,0.7335
