background,question,option,ground_truth,prediction,acc,explanation,bleu4,bleu1,meteor,rouge1,rouge2,rougeL,rougeLsum,bertscore_f1,bertscore_f1_avg_sent,bertscore_f1_max_sent
"A 68-year-old man is brought to the emergency department because of a 2-day history of progressive lethargy and tremors. He has alcoholism and opiate, cocaine, and amphetamine use disorder, but he has abstained from alcohol and illicit substances during the past 2 weeks. He also has alcoholic cirrhosis. His only medication is a daily multivitamin. He previously drank six 12-oz beers daily. He appears chronically ill and is somnolent. Temperature is 36.8°C (98.2°F), pulse is 100/min, respirations are 18/min, and blood pressure is 100/60 mm Hg. Pulse oximetry on room air shows an oxygen saturation of 94%. Examination shows conjunctival icterus, ascites, and 2+ edema of the lower extremities. Cranial nerves are intact. Muscle strength is 4/5 throughout. When he is awake, there is a postural and action tremor of the forearms and hands that is accompanied by a sudden, brief loss of muscle strength. His speech is normal, and he is able to follow simple commands. Serum total bilirubin concentration is 3 mg/dL. Blood and urine cultures grow no pathogens. Which of the following is most likely to improve this patient’s cognition and movement disorder?",Which of the following is most likely to improve this patient’s cognition and movement disorder?,"
A. Intravenous vancomycin and cefepime therapy 
B. Intravenous vitamin B1 (thiamine) therapy 
C. Oral lactulose therapy 
D. Oral lorazepam therapy
",C,B,False,"Given the patient's history of chronic alcoholism, opiate, cocaine, and amphetamine use disorder, and alcoholic cirrhosis, the most likely diagnosis is Wernicke-Korsakoff syndrome, which is a neurological disorder caused by thiamine (vitamin B1) deficiency. This condition often develops in individuals with a history of chronic alcohol abuse due to poor nutrition and malabsorption issues. Let's examine each option: A. Intravenous vancomycin and cefepime therapy - These antibiotics are used to treat bacterial infections. Since the blood and urine cultures did not grow any pathogens, these antibiotics would not be appropriate for this patient. The absence of pathogens in cultures suggests that the patient's symptoms are not due to a bacterial infection. B. Intravenous vitamin B1 (thiamine) therapy - This is the correct treatment for Wernicke-Korsakoff syndrome. Thiamine deficiency can lead to neurological symptoms such as confusion, ataxia, ophthalmoplegia, and memory impairment. Administering intravenous thiamine can improve cognitive function and movement disorders associated with this syndrome. C. Oral lactulose therapy - Lactulose is used to manage constipation and reduce the risk of hepatic encephalopathy in patients with liver disease. While it may be beneficial for managing some aspects of the patient's condition, it does not address the underlying thiamine deficiency causing his cognitive and movement disorders. D. Oral lorazepam therapy - Lorazepam is a benzodiazepine used to treat anxiety, insomnia, and seizures. It does not address the underlying cause of the patient's symptoms, which are related to thiamine deficiency. While it might help manage some of the patient's symptoms, it is not the primary treatment for Wernicke-Korsakoff syndrome. In conclusion, the most appropriate treatment for this patient's cognitive and movement disorder is intravenous vitamin B1 (thiamine) therapy, as it directly addresses the underlying thiamine deficiency.",0.0,0.0337,0.2443,0.0915,0.0395,0.0784,0.0784,0.4887,0.5924,0.693
"A 45-year-old woman comes to the emergency department because of a 3-day history of progressive shortness of breath, cough productive of blood-tinged sputum, and fever. She also has a 3-month history of numbness of her left leg and tingling in her right arm. She has not had chills. She was diagnosed with asthma 6 months ago; it is well controlled with inhaled budesonide and albuterol as needed. She has no other history of serious illness and takes no other medications. She appears to be in mild respiratory distress. Temperature is 38.1°C (100.6°F), pulse is 105/min and regular, respirations are 24/min, and blood pressure is 145/95 mm Hg. Pulse oximetry on room air shows an oxygen saturation of 92%. Crackles are heard at the right lung base, and there are occasional diffuse wheezes. Cardiac examination shows no abnormalities. On neurologic examination, sensation to pinprick is decreased over the lateral aspect of the left lower extremity and right upper extremity. Muscle strength is 5/5 throughout. Babinski sign is absent. Deep tendon reflexes are 2+ and symmetric. Which of the following is the most appropriate next step in diagnosis?",Which of the following is the most appropriate next step in diagnosis?,"
A. CT angiography of the chest 
B. Determination of serum angiotensin-converting enzyme activity 
C. Measurement of serum IgE concentration 
D. Mesenteric angiography 
E. Serum antiglomerular basement membrane assay 
F. Serum antineutrophil cytoplasmic autoantibody assay 
G. Sweat chloride testing
",F,A,False,"Given the patient's symptoms of progressive shortness of breath, cough productive of blood-tinged sputum, fever, and neurological symptoms such as numbness in the left leg and tingling in the right arm, the most likely diagnosis is pulmonary embolism (PE) complicated by possible underlying vasculitis or another systemic condition affecting both the lungs and the nervous system. Option A: CT angiography of the chest This is the most appropriate next step for diagnosing pulmonary embolism. It can visualize the pulmonary arteries and help identify any clots that may be causing the patient's symptoms. Additionally, if there is suspicion of vasculitis, this imaging modality can also help in identifying any vascular involvement. Option B: Determination of serum angiotensin-converting enzyme activity This test is more relevant for diagnosing conditions like sarcoidosis, which typically presents with non-specific symptoms and can cause pulmonary infiltrates and granulomas. However, given the patient's history of asthma and current symptoms, this is less likely to be the primary concern. Option C: Measurement of serum IgE concentration While elevated IgE levels can be seen in conditions like asthma or allergic reactions, the combination of symptoms suggests a more complex underlying issue than just asthma. This test is not specific enough to guide immediate management. Option D: Mesenteric angiography This is used to diagnose mesenteric ischemia, which involves the blood supply to the intestines. Given the patient's symptoms, this is highly unlikely to be the primary concern. Option E: Serum antiglomerular basement membrane assay This test is used to diagnose Goodpasture syndrome, which involves glomerulonephritis and pulmonary hemorrhage. While it can present with respiratory symptoms, the combination of neurological symptoms and the presence of a known asthma condition makes this less likely. Option F: Serum antineutrophil cytoplasmic autoantibody assay This test is used to diagnose conditions like Wegener's granulomatosis (now known as Granulomatosis with Polyangiitis) and microscopic polyangiitis, which can present with respiratory symptoms and neurological manifestations. Given the patient's symptoms, this could be a consideration, but CT angiography would be more immediately useful for ruling out PE. Option G: Sweat chloride testing This test is used to diagnose cystic fibrosis, which typically presents with chronic respiratory symptoms and salty sweat, but does not usually present with neurological symptoms. In conclusion, CT angiography of the chest is the most appropriate initial diagnostic step to evaluate for pulmonary embolism and to rule out other vascular conditions that could explain the patient's symptoms.",0.0068,0.0224,0.1292,0.0521,0.0286,0.0427,0.0427,0.4193,0.5702,0.6933
"An 87-year-old woman, gravida 6, para 6, is brought to the emergency department because of a 24-hour history of severe abdominal pain and an inability to void. She notes that for the past 2 months, she has had difficulty emptying her bladder, especially at the end of the day. Twenty years ago, she underwent mastectomy for breast cancer; she has been cancer-free since then. She has a 10-year history of osteoporosis. All of her children were delivered vaginally without complications. Her only medication is alendronate. Examination shows the cervix protruding 7.5 cm from the vagina. After the cervix is replaced into the vagina, a urinary catheter drains 700 mL of urine. Urinalysis shows no abnormalities. Which of the following is the most likely diagnosis?",Which of the following is the most likely diagnosis?,"
A. Overactive bladder 
B. Overflow incontinence 
C. Stress incontinence 
D. Urinary retention 
E. Urinary tract infection
",D,D,True,"- Overactive Bladder (A): This condition is characterized by a sudden urge to urinate, often accompanied by frequency and urgency, but not typically associated with an inability to void completely. The patient's history of difficulty emptying her bladder, especially at the end of the day, and the significant amount of urine drained (700 mL) after replacing the prolapsed cervix suggest a different mechanism than overactive bladder. - Overflow Incontinence (B): This type of incontinence occurs when the bladder cannot empty completely, leading to leakage of small amounts of urine. While this could be a possibility given the patient's history, the fact that a large volume of urine was drained after replacing the cervix suggests that the bladder was indeed able to empty, albeit incompletely. - Stress Incontinence (C): This condition involves the involuntary loss of urine during physical exertion or stress on the bladder. It is not typically associated with the described symptoms of severe abdominal pain and the inability to void, nor does it explain the significant volume of urine drained. - Urinary Retention (D): This is the most likely diagnosis. The patient's history of difficulty emptying her bladder, especially at the end of the day, along with the significant amount of urine drained (700 mL) after replacing the prolapsed cervix, strongly supports this diagnosis. Urinary retention can be caused by various factors, including obstruction, neurogenic bladder, or mechanical issues like a prolapsed cervix. - Urinary Tract Infection (E): While a urinary tract infection (UTI) can cause symptoms such as abdominal pain and dysuria, the absence of abnormalities in the urinalysis makes this less likely. Additionally, the significant volume of urine drained and the presence of a prolapsed cervix are more indicative of urinary retention rather than an infection. Given the clinical presentation and examination findings, urinary retention is the most plausible diagnosis.",0.0057,0.0198,0.1409,0.045,0.0324,0.045,0.045,0.4062,0.5562,0.6663
"A 25-year-old woman is admitted to the hospital because of a 2-day history of fever, dizziness, light-headedness, chills, and shaking. She has hyperthyroidism, gastroesophageal reflux disease, and asthma. Her medications are oral methimazole and omeprazole, and inhaled fluticasone, and she has been on the same dosages for 1 year. She is in the military reserve and will be deployed overseas next week. She began atovaquone-proguanil therapy 1 week ago and received the hepatitis A and yellow fever vaccines 2 weeks ago. She is not sexually active. She does not smoke cigarettes or drink alcohol. She appears ill but is not in acute distress. Temperature is 38.6°C (101.5°F), pulse is 110/min, respirations are 22/min, and blood pressure is 90/60 mm Hg. No wheezing is heard on auscultation. Cardiac examination shows no abnormalities. Laboratory studies show: Hemoglobin = 13.8 g/dL Leukocyte count = 1100/mm³ Segmented neutrophils = 10% Eosinophils = 10% Lymphocytes = 40% Monocytes = 40% Platelet count= 320,000/mm³ Platelet count 320,000/mm³ Results of other laboratory studies are within the reference ranges. Which of the following is the most likely cause of this patient’s hematologic abnormality? Please choose the best option among the choices below.",Which of the following is the most likely cause of this patient’s hematologic abnormality?,"
A. Atovaquone-proguanil 
B. Fluticasone 
C. Hepatitis A vaccine 
D. Methimazole 
E. Omeprazole 
F. Yellow fever vaccine
",D,D,True,"- Atovaquone-proguanil: This combination is used to prevent malaria. While it can cause side effects such as gastrointestinal symptoms, it is less commonly associated with severe hematologic abnormalities like leukopenia (low white blood cell count) and thrombocytopenia (low platelet count). - Fluticasone: This is an inhaled corticosteroid used for asthma management. It is generally well-tolerated and does not typically cause significant hematologic changes. - Hepatitis A vaccine: Vaccines are usually well-tolerated and do not commonly cause hematologic abnormalities. The patient's recent vaccination does not explain her current condition. - Methimazole: This medication is used to treat hyperthyroidism. It can cause agranulocytosis, which is a severe decrease in the number of neutrophils (a type of white blood cell). The patient's segmented neutrophils are only 10%, which is significantly low, and this aligns with the known side effect profile of methimazole. - Omeprazole: This proton pump inhibitor is used to manage gastroesophageal reflux disease. It is not known to cause significant hematologic abnormalities. - Yellow fever vaccine: Like the hepatitis A vaccine, the yellow fever vaccine is generally well-tolerated and does not commonly cause hematologic abnormalities. Given the patient's history of hyperthyroidism and the significant drop in her neutrophil count, methimazole is the most likely cause of her hematologic abnormality.",0.0127,0.0458,0.3206,0.125,0.0631,0.0982,0.0982,0.5016,0.5847,0.7353
"A 16-year-old boy is brought to the emergency department because of a 2-day history of fever, nausea, vomiting, headache, chills, and fatigue. He has not had any sick contacts. He underwent splenectomy for traumatic injury at the age of 13 years. He has no other history of serious illness and takes no medications. He appears ill. His temperature is 39.2°C (102.5°F), pulse is 130/min, respirations are 14/min, and blood pressure is 110/60 mm Hg. On pulmonary examination, scattered crackles are heard bilaterally. Abdominal examination shows a well-healed midline scar and mild, diffuse tenderness to palpation. Which of the following is the most appropriate next step in management?",Which of the following is the most appropriate next step in management?,"
A. Antibiotic therapy 
B. Antiemetic therapy 
C. CT scan of the chest 
D. X-ray of the abdomen 
E. Reassurance
",A,A,True,"Given the patient's symptoms of fever, nausea, vomiting, headache, chills, and fatigue, along with physical findings such as scattered crackles on lung auscultation and diffuse abdominal tenderness, the most likely diagnosis is sepsis or a post-splenectomy infection, specifically encapsulated organisms like Streptococcus pneumoniae, Haemophilus influenzae type b, or Neisseria meningitidis, which are common causes of infections in asplenic patients. Option A (Antibiotic therapy) is the most appropriate next step because: - The patient has a history of splenectomy, making him susceptible to these infections. - The clinical presentation is consistent with sepsis or an infection requiring prompt antibiotic treatment to prevent complications. Option B (Antiemetic therapy) is incorrect because while the patient is experiencing nausea and vomiting, these symptoms are secondary to the primary infection and not the primary concern. Treating the underlying cause (infection) with antibiotics is more critical. Option C (CT scan of the chest) is not the most immediate step. While imaging may be necessary later to assess the extent of the infection or complications, it is not the first-line intervention given the urgency of the situation and the need for rapid antibiotic administration. Option D (X-ray of the abdomen) is also not the most immediate step. An X-ray might be useful for further evaluation but is less urgent than starting appropriate antibiotic therapy. Option E (Reassurance) is incorrect because the patient's condition is serious and requires active management rather than just reassurance. Immediate steps should be taken to address the suspected infection. Therefore, the most appropriate next step is to initiate antibiotic therapy to treat the suspected infection, followed by further diagnostic workup and supportive care as needed.",0.0097,0.0319,0.2192,0.0764,0.042,0.0625,0.0625,0.4397,0.5826,0.6378
"A previously healthy 29-year-old woman is admitted to the hospital because of a 1-day history of moderate headache, fever, and lethargy. Two days ago, she underwent wisdom tooth extraction. She takes no medications. She cannot remember her vaccination history. She does not smoke cigarettes, drink alcohol, or use illicit drugs. She is a college student, lives in an apartment complex with other students, and eats all her meals in the campus dining hall. She says her study partner had a “really bad fever” during the past week. The patient appears sleepy. Temperature is 40.0°C (104.0°F), pulse is 140/min, and blood pressure is 90/40 mm Hg. Examination shows a diffuse purpuric rash over the trunk and all extremities. There is nuchal rigidity. Lungs are clear to auscultation. Heart sounds are normal. Neurologic examination shows no other focal findings. Which of the following is most likely to have prevented this patient’s current condition?",Which of the following is most likely to have prevented this patient’s current condition?,"
A. Adherence to immunization guidelines 
B. Avoidance of eating meals in the campus dining hall 
C. Consistent hand washing 
D. Isolation of other students on campus with febrile illness 
E. Prophylactic antibiotic therapy
",A,A,True,"This case presents a young adult with symptoms suggestive of a severe bacterial infection, specifically meningococcemia, which is caused by Neisseria meningitidis. The patient's symptoms include fever, headache, lethargy, and a purpuric rash, along with signs of septic shock (hypotension) and meningeal irritation (nuchal rigidity). These clinical features are characteristic of meningococcemia, a potentially life-threatening condition that requires prompt diagnosis and treatment. Let's evaluate each option: A. Adherence to immunization guidelines - This is the most likely factor that could have prevented the patient's current condition. Meningococcal disease can be prevented through vaccination. The meningococcal vaccine is recommended for individuals at increased risk, including college students living in dormitories, as seen in this case. If the patient had been vaccinated according to guidelines, it would have significantly reduced her risk of contracting meningococcal disease. B. Avoidance of eating meals in the campus dining hall - While this might reduce the risk of foodborne illnesses, it does not address the specific risk of meningococcal disease. Meningococcal bacteria are primarily spread through close contact with respiratory secretions, not through food. C. Consistent hand washing - Hand hygiene is important for preventing many infections, but it is not specifically targeted against meningococcal disease. While good hand hygiene can help prevent some respiratory infections, it is not sufficient to prevent meningococcal disease. D. Isolation of other students on campus with febrile illness - While isolation of symptomatic individuals can help contain the spread of infectious diseases, it is not a preventive measure for meningococcal disease. The patient's condition suggests she was already infected before any isolation measures could be implemented. E. Prophylactic antibiotic therapy - Prophylaxis with antibiotics is used to prevent meningococcal disease in close contacts of cases, such as household members or close friends. However, it is not a preventive measure for the general population and would not have prevented the patient's current condition if she was not a close contact of someone with meningococcal disease. Therefore, adherence to immunization guidelines is the most effective preventive measure for meningococcal disease in this scenario.",0.0,0.0286,0.1783,0.0784,0.0282,0.0672,0.0672,0.4875,0.5738,0.6925
"A 27-year-old primigravid woman comes to the physician for her first prenatal visit 10 weeks after a home pregnancy test was positive. She feels well, and her pregnancy has been uncomplicated. She previously used an oral contraceptive but discontinued it 3 months ago. She has no history of sexually transmitted diseases. She is sexually active in a monogamous relationship with a male partner who is the father. She has had five lifetime sexual partners. She has a pet cat. Examination shows a uterus consistent in size with a 10-week gestation. Testing for which of the following infectious conditions is the most appropriate recommendation for this patient?",Testing for which of the following infectious conditions is the most appropriate recommendation for this patient?,"
A. Bacterial vaginosis 
B. Cytomegalovirus 
C. Epstein-Barr virus 
D. HIV 
E. Human papillomavirus
",D,D,True,"For a pregnant woman, it is crucial to screen for HIV as early as possible during pregnancy. HIV (Human Immunodeficiency Virus) can be transmitted from an infected mother to her baby during pregnancy, labor, delivery, or breastfeeding. Early detection and treatment can significantly reduce the risk of transmission to the infant. Therefore, routine screening for HIV is recommended for all pregnant women, regardless of their perceived risk factors. Let's examine why the other options are not the most appropriate recommendations: A. Bacterial Vaginosis - While bacterial vaginosis is a common vaginal infection that can affect pregnant women, it is not typically screened for at the initial prenatal visit unless symptoms are present. It is more commonly assessed later in pregnancy if there are signs or symptoms. B. Cytomegalovirus (CMV) - CMV is a viral infection that can cause congenital defects in the fetus. However, routine screening for CMV is not standard practice during the first prenatal visit. It is more relevant to consider if there are specific risk factors or if the patient has symptoms suggestive of CMV infection. C. Epstein-Barr Virus (EBV) - EBV is associated with infectious mononucleosis and is generally not a concern in pregnancy unless the patient presents with symptoms of the illness. Routine screening for EBV is not part of standard prenatal care. E. Human Papillomavirus (HPV) - HPV is a common sexually transmitted infection, but it is not routinely screened for in pregnant women unless there are specific indications such as abnormal cervical cytology results. HPV screening is more relevant for women who have had abnormal Pap tests or are at high risk for cervical cancer. In summary, given the lack of specific risk factors for the other infections mentioned and the importance of early detection and management of HIV to prevent vertical transmission, HIV testing is the most appropriate recommendation for this patient.",0.0145,0.0345,0.2636,0.0802,0.0497,0.0741,0.0741,0.4911,0.5956,0.6742
"An investigator would like to decrease the incidence of type 2 diabetes mellitus among adult patients with risk factors including obesity, decreased physical activity, and family history of diabetes mellitus. A total of 200 men and women aged 30 to 64 years will be enrolled in a regular exercise program for 6 months. A nurse reviews the details of the study with each participant, and each participant signs an informed consent form. One month after the study begins, one of the participants asks to drop out of the study. Which of the following represents the most appropriate next step by this study participant?",Which of the following represents the most appropriate next step by this study participant?,"
A. Complete the study because she signed the consent form 
B. Discuss withdrawal with the institutional review board 
C. Negotiate her withdrawal with the principal investigator 
D. Wait to withdraw until after the investigator consults with an ethics team 
E. Withdraw from the study now
",E,E,True,"Informed consent is a critical component of ethical research involving human subjects. It ensures that participants understand the nature of the study, their rights, and the procedures involved. However, informed consent does not bind a participant to complete the study once it has begun; it only signifies that they agreed to participate under the conditions outlined at the time of signing. Let's examine each option: A. Complete the study because she signed the consent form - This is incorrect. While signing the consent form indicates agreement to participate, it does not obligate the participant to continue if they wish to withdraw. The participant has the right to leave the study at any time without penalty. B. Discuss withdrawal with the institutional review board (IRB) - This is unnecessary and potentially cumbersome. The IRB is responsible for reviewing the study design and ensuring compliance with ethical standards before the study begins, not for handling individual participant withdrawals. C. Negotiate her withdrawal with the principal investigator - While the principal investigator can provide guidance, negotiation is not typically necessary for a participant's decision to withdraw. The participant has the right to leave the study unilaterally. D. Wait to withdraw until after the investigator consults with an ethics team - This is also unnecessary and could delay the participant's decision. The participant has the right to withdraw immediately and does not need to wait for additional approvals. E. Withdraw from the study now - This is the correct action. Participants have the right to withdraw from a study at any time, and they should do so if they no longer wish to participate. The participant should inform the study team of her intention to withdraw, and the team should document this in the study records. It's important to note that while the participant has the right to withdraw, the study team should ensure that the participant understands the implications of withdrawal, such as the need to complete any required exit procedures or follow-up assessments.",0.0,0.0164,0.0697,0.0348,0.0058,0.0348,0.0348,0.4503,0.5575,0.6269
"A 70-year-old man comes to the clinic because of a 3-day history of fatigue, dark urine, decreased urine output, mild pain with urination, and a low-grade fever. He has gout, hypertension, and osteoarthritis. His medications are allopurinol, hydrochlorothiazide, and acetaminophen. Temperature is 37.9°C (100.2°F), pulse is 88/min, respirations are 24/min, and blood pressure is 160/95 mm Hg. Pulse oximetry on room air shows an oxygen saturation of 97%. Jugular venous pressure is 7 cm H2O (N=5–9). Cardiopulmonary examination shows no abnormalities. Which of the following is the most appropriate next step in management?",Which of the following is the most appropriate next step in management?,"
A. Discontinuation of acetaminophen therapy 
B. Intravenous administration of fluids 
C. Measurement of postvoid residual volume 
D. Oral trimethoprim-sulfamethoxazole therapy 
E. Renal biopsy
",C,B,False,"Given the patient's symptoms of fatigue, dark urine, decreased urine output, mild dysuria, and a low-grade fever, along with his history of gout, hypertension, and osteoarthritis, the most likely diagnosis is acute kidney injury (AKI) possibly secondary to a urinary tract infection (UTI) or gouty nephropathy. The presence of dark urine and decreased urine output suggests oliguria, which is a hallmark of AKI. The low-grade fever could indicate an infection, and the mild dysuria could suggest a UTI. Let's evaluate each option: A. Discontinuation of acetaminophen therapy - While acetaminophen can cause liver toxicity, it is not typically associated with AKI or UTIs. Discontinuing this medication would not address the underlying issue and might not be necessary unless there is evidence of liver dysfunction. B. Intravenous administration of fluids - This is the most appropriate next step. Fluid resuscitation can help improve renal perfusion and potentially reverse the AKI if it is due to prerenal causes such as dehydration. It is also important to rule out sepsis, which can be a complication of a UTI, and fluid administration can help manage this condition. C. Measurement of postvoid residual volume - This test is used to assess bladder emptying function and is more relevant in patients with suspected lower urinary tract obstruction or neurogenic bladder. Given the patient's symptoms and the suspicion of AKI, this test is less urgent than fluid resuscitation. D. Oral trimethoprim-sulfamethoxazole therapy - This antibiotic is used to treat UTIs. However, before initiating antibiotics, it is crucial to confirm the presence of a UTI through appropriate diagnostic tests such as urinalysis and culture. Without these tests, empiric antibiotic therapy may not be indicated and could lead to unnecessary side effects or antibiotic resistance. E. Renal biopsy - A renal biopsy is invasive and is typically reserved for cases where the cause of AKI is unclear after other non-invasive tests have been performed. Given the patient's clinical presentation and the likelihood of a more common cause like dehydration or a UTI, a renal biopsy is not the first-line approach. In conclusion, the most appropriate next step is to administer intravenous fluids to address potential prerenal AKI and to support overall hydration status, while also considering further evaluation for a possible UTI.",0.0072,0.0215,0.1907,0.0514,0.0258,0.0514,0.0514,0.4314,0.5436,0.6959
"A 52-year-old woman comes to the physician because of a 2-day history of severe pain and markedly decreased range of motion in her right elbow. She has rheumatoid arthritis in her elbows, wrists, and hands. She reports episodes of moderate pain approximately four times yearly. Previous treatment with naproxen, methotrexate, and hydroxychloroquine has provided moderate relief. Treatment with prednisone was begun after her most recent episode 9 weeks ago. She has not had generalized fatigue or muscle aches. She has no other history of serious illness. Her other medications are naproxen, prednisone, and omeprazole. Temperature is 38.4°C (101.1°F), pulse is 90/min, respirations are 12/min, and blood pressure is 110/76 mm Hg. Range of motion of the wrists and ankles is decreased; the right elbow is more severely limited by pain than the left elbow. There is warmth, tenderness, erythema, and edema of the right elbow. Fine-needle aspiration of the right elbow is performed. Gram stain of the fluid shows a leukocyte count of 60,000/mm3 and no organisms. Which of the following is the most appropriate pharmacotherapy?",Which of the following is the most appropriate pharmacotherapy?,"
A. Colchicine 
B. Infliximab 
C. Ketorolac 
D. Methylprednisolone 
E. Vancomycin
",E,D,False,"Given the patient's history of rheumatoid arthritis (RA) and the current presentation of severe pain, markedly decreased range of motion, and signs of inflammation (warmth, tenderness, erythema, and edema) in the right elbow, the most appropriate pharmacotherapy would be methylprednisolone. Here’s a detailed explanation for each option: A. Colchicine - This drug is primarily used for gout and familial Mediterranean fever. It is not indicated for the treatment of inflammatory arthritis like RA. B. Infliximab - This is an anti-TNF alpha biologic medication used for treating RA. While it can be effective, it is typically used as part of a long-term management plan rather than for acute flare-ups. The patient already has some control with prednisone, making this less immediate. C. Ketorolac - This is a nonsteroidal anti-inflammatory drug (NSAID) that provides rapid pain relief and reduces inflammation. However, NSAIDs are not the first-line treatment for severe acute exacerbations of RA, especially when there is significant joint involvement and systemic symptoms. D. Methylprednisolone - This is a potent corticosteroid that can rapidly reduce inflammation and pain associated with acute flares of RA. Given the patient's current symptoms and the fact that she is already on prednisone, adding another dose of corticosteroids could help manage the acute exacerbation effectively. E. Vancomycin - This is an antibiotic used to treat bacterial infections. Since the Gram stain of the fluid from the fine-needle aspiration did not show any organisms, there is no indication for antibiotic therapy. In conclusion, methylprednisolone is the most appropriate choice for managing the acute exacerbation of the patient's RA, given its ability to quickly reduce inflammation and pain.",0.0066,0.0227,0.1337,0.0495,0.0356,0.0424,0.0424,0.462,0.5702,0.612
"Abstract: Objective: In patients with cirrhosis and acute bleeding esophageal varices, how do endoscopic sclerotherapy and emergency portacaval shunt compare for control of bleeding and survival? Methods Design: Randomized controlled trial (San Diego Bleeding Esophageal Varices Study). ClinicalTrials.gov NCT00690027. Allocation: Concealed. Blinding: Blinded (gastroenterologist who evaluated patients for portal-systemic encephalopathy). Follow-up period: Up to 17 years. Setting: University of California San Diego Medical Center. Patients: 211 patients (mean age 49 years, 77% men) with acute bleeding esophageal varices resulting from cirrhosis, who required a transfusion of ≥ 2 units of blood and, for patients transferred from other hospitals, observation of upper gastrointestinal bleeding within 48 hours of transfer. Exclusion criterion was > 1 previous session of endoscopic sclerotherapy. Intervention: Endoscopic sclerotherapy (n = 106) or emergency portacaval shunt (n = 105). Emergency portacaval shunt comprised a direct side-to-side or direct end-to-side portacaval shunt done within 8 hours of initial contact. Outcomes: Control of bleeding at > 30 days, survival, readmissions for variceal or nonvariceal bleeding requiring transfusion of packed red blood cells, and recurrent portal-systemic encephalopathy. Patient follow-up: 100% (minimum follow-up until death or 9.4 years). Main results 15-year survival was lower with endoscopic sclerotherapy than with emergency portacaval shunt (10/106 vs 48/105, relative benefit reduction 79%, 95% CI 62 to 89; number needed to harm 3, CI 2 to 4). Other main results are shown in the Table. Endoscopic sclerotherapy (EST) vs emergency portacaval shunt (EPCS) in patients with cirrhosis and acute bleeding esophageal varices Outcomes | Child-Pugh risk class | EST | EPCS | P value | ———————————————————————————————————— Control of bleeding at > 30 days* | | 20% | 100% | <.001 | Median survival (years) | A | 4.62 | 10.43 | .003. | | B | 2.61 | 6.19 | <.001 | |. C | 0.58 | 5.30 | .005. | Mean number of readmissions for variceal bleeding requiring packed red blood cell transfusion | | 6.8 | 0.4 | <.001 | Recurrent portal-systemic encephalopathy† | | 35% | 15% | < .001 | ——————————————————————————————————— *Excluding indeterminate deaths at 14 days from nonbleeding causes. †In patients who survived 30 days and left hospital. ——————————————————————————————————— Conclusion In patients with cirrhosis and acute bleeding esophageal varices, emergency portacaval shunt was better than endoscopic sclerotherapy for control of bleeding, recurrent encephalopathy, and survival. Sources of funding: National Institutes of Health and Surgical Education and Research Foundation. Structured abstract based on: Orloff MJ, Isenberg JI, Wheeler HO, et al. Randomized trial of emergency endoscopic sclerotherapy versus emergency portacaval shunt for acutely bleeding esophageal varices in cirrhosis. J Am Coll Surg. 2009;209:25-40. 19651060 A 52-year-old man with hepatic cirrhosis comes to the emergency department because of a 3-hour history of vomiting blood. Esophagogastroduodenoscopy confirms actively bleeding esophageal varices. Based on the abstract shown, the physician is considering an emergency portacaval shunt (EPCS) procedure rather than endoscopic sclerotherapy (EST). According to the results in the abstract, approximately how many patients must be treated with EPCS rather than EST to prevent one case of recurrent portal-systemic encephalopathy?","According to the results in the abstract, approximately how many patients must be treated with EPCS rather than EST to prevent one case of recurrent portal-systemic encephalopathy?","
A. 1 
B. 3 
C. 5 
D. 10 
E. 16
",C,B,False,"To determine how many patients must be treated with EPCS rather than EST to prevent one case of recurrent portal-systemic encephalopathy, we need to look at the ""number needed to treat"" (NNT) for this outcome. The NNT is calculated as the inverse of the absolute risk reduction (ARR). From the abstract, we can see that: - The recurrence rate of portal-systemic encephalopathy in the endoscopic sclerotherapy (EST) group was 35%. - The recurrence rate in the emergency portacaval shunt (EPCS) group was 15%. First, calculate the absolute risk reduction (ARR): \[ \text{ARR} = \text{Risk in EST group} - \text{Risk in EPCS group} \] \[ \text{ARR} = 35\% - 15\% = 20\% \] Next, calculate the NNT: \[ \text{NNT} = \frac{1}{\text{ARR}} \] \[ \text{NNT} = \frac{1}{0.20} = 5 \] However, the abstract provides the ""number needed to harm"" (NNH), which is the inverse of the NNT for adverse outcomes. Here, the NNH for recurrent portal-systemic encephalopathy is given as 3 (CI 2 to 4). This means that for every 3 patients treated with EST instead of EPCS, one additional case of recurrent portal-systemic encephalopathy would occur. Therefore, to prevent one case of recurrent portal-systemic encephalopathy, approximately 3 patients must be treated with EPCS instead of EST. Option A (1) is incorrect because it suggests a higher efficacy of EPCS in preventing recurrent portal-systemic encephalopathy. Option C (5) is close but not as precise as the NNH provided in the abstract. Option D (10) and Option E (16) are too high and would suggest a much lower efficacy of EPCS in preventing recurrent portal-systemic encephalopathy compared to what the data shows.",0.0428,0.069,0.3755,0.1745,0.1419,0.1409,0.1409,0.467,0.6496,0.8491
"Abstract: Objective: In patients with cirrhosis and acute bleeding esophageal varices, how do endoscopic sclerotherapy and emergency portacaval shunt compare for control of bleeding and survival? Methods Design: Randomized controlled trial (San Diego Bleeding Esophageal Varices Study). ClinicalTrials.gov NCT00690027. Allocation: Concealed. Blinding: Blinded (gastroenterologist who evaluated patients for portal-systemic encephalopathy). Follow-up period: Up to 17 years. Setting: University of California San Diego Medical Center. Patients: 211 patients (mean age 49 years, 77% men) with acute bleeding esophageal varices resulting from cirrhosis, who required a transfusion of ≥ 2 units of blood and, for patients transferred from other hospitals, observation of upper gastrointestinal bleeding within 48 hours of transfer. Exclusion criterion was > 1 previous session of endoscopic sclerotherapy. Intervention: Endoscopic sclerotherapy (n = 106) or emergency portacaval shunt (n = 105). Emergency portacaval shunt comprised a direct side-to-side or direct end-to-side portacaval shunt done within 8 hours of initial contact. Outcomes: Control of bleeding at > 30 days, survival, readmissions for variceal or nonvariceal bleeding requiring transfusion of packed red blood cells, and recurrent portal-systemic encephalopathy. Patient follow-up: 100% (minimum follow-up until death or 9.4 years). Main results 15-year survival was lower with endoscopic sclerotherapy than with emergency portacaval shunt (10/106 vs 48/105, relative benefit reduction 79%, 95% CI 62 to 89; number needed to harm 3, CI 2 to 4). Other main results are shown in the Table. Endoscopic sclerotherapy (EST) vs emergency portacaval shunt (EPCS) in patients with cirrhosis and acute bleeding esophageal varices Outcomes | Child-Pugh risk class | EST | EPCS | P value | ———————————————————————————————————— Control of bleeding at > 30 days* | | 20% | 100% | <.001 | Median survival (years) | A | 4.62 | 10.43 | .003. | | B | 2.61 | 6.19 | <.001 | |. C | 0.58 | 5.30 | .005. | Mean number of readmissions for variceal bleeding requiring packed red blood cell transfusion | | 6.8 | 0.4 | <.001 | Recurrent portal-systemic encephalopathy† | | 35% | 15% | < .001 | ——————————————————————————————————— *Excluding indeterminate deaths at 14 days from nonbleeding causes. †In patients who survived 30 days and left hospital. ——————————————————————————————————— Conclusion In patients with cirrhosis and acute bleeding esophageal varices, emergency portacaval shunt was better than endoscopic sclerotherapy for control of bleeding, recurrent encephalopathy, and survival. Sources of funding: National Institutes of Health and Surgical Education and Research Foundation. Structured abstract based on: Orloff MJ, Isenberg JI, Wheeler HO, et al. Randomized trial of emergency endoscopic sclerotherapy versus emergency portacaval shunt for acutely bleeding esophageal varices in cirrhosis. J Am Coll Surg. 2009;209:25-40. 19651060 Which of the following most strongly limits the generalizability of this study's findings?",19651060 Which of the following most strongly limits the generalizability of this study's findings?,"
A. The allocation was concealed 
B. EPCS is available only at specialty centers 
C. The follow-up period was too short 
D. The patients were not blinded 
E. Unmeasured confounders were not controlled by the study design
",B,B,True,"A. The allocation was concealed - This does not limit the generalizability of the study. Concealed allocation is a methodological strength that helps reduce bias in the assignment of interventions, ensuring that the study results are more reliable and valid. B. EPCS is available only at specialty centers - This is the most significant limitation for generalizability. The emergency portacaval shunt (EPCS) procedure requires specialized equipment and expertise, which may not be available in all medical centers. Therefore, the findings from this study may not be directly applicable to all patients with cirrhosis and acute bleeding esophageal varices, as they might not have access to this treatment option. C. The follow-up period was too short - The follow-up period of up to 17 years is actually quite long and provides robust data on long-term outcomes. This length of follow-up does not limit the generalizability of the study. D. The patients were not blinded - While blinding can reduce bias, the lack of blinding in this study does not significantly limit its generalizability. The primary outcome measures (control of bleeding, survival, etc.) are objective and less likely to be influenced by patient expectations. E. Unmeasured confounders were not controlled by the study design - Although unmeasured confounders could potentially affect the results, the study's design, including randomization and concealed allocation, helps mitigate this issue. The study also provided detailed information on patient characteristics and outcomes, which allows for an assessment of potential confounders. Therefore, the availability of EPCS at only specialty centers is the most significant factor limiting the generalizability of the study's findings.",0.0,0.0303,0.2287,0.0789,0.0433,0.0717,0.0717,0.4675,0.5541,0.6807
"Abstract: Objective: In patients with cirrhosis and acute bleeding esophageal varices, how do endoscopic sclerotherapy and emergency portacaval shunt compare for control of bleeding and survival? Methods Design: Randomized controlled trial (San Diego Bleeding Esophageal Varices Study). ClinicalTrials.gov NCT00690027. Allocation: Concealed. Blinding: Blinded (gastroenterologist who evaluated patients for portal-systemic encephalopathy). Follow-up period: Up to 17 years. Setting: University of California San Diego Medical Center. Patients: 211 patients (mean age 49 years, 77% men) with acute bleeding esophageal varices resulting from cirrhosis, who required a transfusion of ≥ 2 units of blood and, for patients transferred from other hospitals, observation of upper gastrointestinal bleeding within 48 hours of transfer. Exclusion criterion was > 1 previous session of endoscopic sclerotherapy. Intervention: Endoscopic sclerotherapy (n = 106) or emergency portacaval shunt (n = 105). Emergency portacaval shunt comprised a direct side-to-side or direct end-to-side portacaval shunt done within 8 hours of initial contact. Outcomes: Control of bleeding at > 30 days, survival, readmissions for variceal or nonvariceal bleeding requiring transfusion of packed red blood cells, and recurrent portal-systemic encephalopathy. Patient follow-up: 100% (minimum follow-up until death or 9.4 years). Main results 15-year survival was lower with endoscopic sclerotherapy than with emergency portacaval shunt (10/106 vs 48/105, relative benefit reduction 79%, 95% CI 62 to 89; number needed to harm 3, CI 2 to 4). Other main results are shown in the Table. Endoscopic sclerotherapy (EST) vs emergency portacaval shunt (EPCS) in patients with cirrhosis and acute bleeding esophageal varices Outcomes | Child-Pugh risk class | EST | EPCS | P value | ———————————————————————————————————— Control of bleeding at > 30 days* | | 20% | 100% | <.001 | Median survival (years) | A | 4.62 | 10.43 | .003. | | B | 2.61 | 6.19 | <.001 | |. C | 0.58 | 5.30 | .005. | Mean number of readmissions for variceal bleeding requiring packed red blood cell transfusion | | 6.8 | 0.4 | <.001 | Recurrent portal-systemic encephalopathy† | | 35% | 15% | < .001 | ——————————————————————————————————— *Excluding indeterminate deaths at 14 days from nonbleeding causes. †In patients who survived 30 days and left hospital. ——————————————————————————————————— Conclusion In patients with cirrhosis and acute bleeding esophageal varices, emergency portacaval shunt was better than endoscopic sclerotherapy for control of bleeding, recurrent encephalopathy, and survival. Sources of funding: National Institutes of Health and Surgical Education and Research Foundation. Structured abstract based on: Orloff MJ, Isenberg JI, Wheeler HO, et al. Randomized trial of emergency endoscopic sclerotherapy versus emergency portacaval shunt for acutely bleeding esophageal varices in cirrhosis. J Am Coll Surg. 2009;209:25-40. 19651060 Which of the following conclusions is most appropriate based on the results presented in the table?",19651060 Which of the following conclusions is most appropriate based on the results presented in the table?,"
A. The 95% confidence interval for the difference in survival between EPCS and EST for Child-Pugh class A patients includes 0 years 
B. EPCS is more effective than EST in decreasing hospital readmissions for variceal bleeding requiring transfusion 
C. The median survival after EPCS is statistically significantly less for Child-Pugh class C than for Child-Pugh class B 
D. The randomization procedure was ineffective in decreasing bias in this study
",B,B,True,"A. This statement is incorrect. The 95% confidence interval for the difference in survival between EPCS and EST for Child-Pugh class A patients does not include 0 years. The median survival for EPCS is 10.43 years, while for EST it is 4.62 years. The p-value provided is 0.003, indicating a statistically significant difference. The confidence interval would reflect this significant difference, suggesting that the survival is longer with EPCS compared to EST for Child-Pugh class A patients. B. This statement is correct. The table shows that the mean number of readmissions for variceal bleeding requiring packed red blood cell transfusion is much lower for EPCS (0.4) compared to EST (6.8), with a p-value of <.001, indicating a statistically significant difference. This suggests that EPCS is more effective in reducing these readmissions. C. This statement is incorrect. The table indicates that the median survival for EPCS is actually higher for Child-Pugh class C (5.30 years) compared to Child-Pugh class B (6.19 years). The p-value of 0.005 suggests a statistically significant difference, but it indicates that survival is better for Child-Pugh class C patients, not worse. D. This statement is incorrect. The randomization procedure is described as ""Concealed"" in the methods section, which helps to decrease bias by ensuring that neither the participants nor the researchers know which intervention is being assigned. Therefore, the randomization procedure was effective in decreasing bias in this study.",0.0,0.0257,0.1392,0.0604,0.0152,0.0453,0.0453,0.416,0.5057,0.5528
"A 42-year-old man comes to the office as a new patient. Three weeks ago, he was hospitalized for treatment of community-acquired pneumonia and diagnosed with HIV infection. He has no other history of serious illness and takes no medications. Vital signs are within normal limits. Examination shows no abnormalities. CD4+ T-lymphocyte count is 490/mm³, and plasma HIV viral load is 45,000 copies/mL. Results of other laboratory studies are within the reference ranges. Test results for syphilis and hepatitis B and C are negative. The patient agrees to begin antiretroviral therapy. He asks what his long-term prognosis will be. With adherence to the medication regimen, this patient is at greatest risk of death from which of the following?","With adherence to the medication regimen, this patient is at greatest risk of death from which of the following?","
A. Cardiovascular disease 
B. Chronic kidney disease 
C. HIV-related malignancy 
D. Non–HIV-related malignancy 
E. Opportunistic infection
",A,D,False,"For individuals living with HIV (PLWH), the primary concern regarding long-term prognosis is not the direct effects of HIV itself but rather the increased risk of non-HIV-related malignancies due to immunosuppression. This risk is significantly higher compared to the general population, particularly for cancers such as lung cancer, lymphoma, and certain types of skin cancer. Let's examine each option in detail: A. Cardiovascular disease - While cardiovascular disease is a significant health issue for many people, it is not the primary concern for PLWH. Although HIV can affect the cardiovascular system, the risk of cardiovascular disease in PLWH is generally comparable to that of the general population when adjusted for age and other risk factors. Therefore, this is not the greatest risk for this patient. B. Chronic kidney disease - HIV does not typically cause chronic kidney disease directly. While some antiretroviral drugs can have renal side effects, the primary risk factor for chronic kidney disease in PLWH is often related to comorbidities like hypertension and diabetes, which are not mentioned in this case. Thus, this is not the most significant risk for this patient. C. HIV-related malignancy - While HIV increases the risk of certain malignancies, such as Kaposi sarcoma and non-Hodgkin lymphoma, these are less common in patients with a higher CD4+ T-lymphocyte count (490/mm³) and a lower viral load (45,000 copies/mL). The patient's current lab results suggest a relatively well-preserved immune system, making this option less likely to be the greatest risk. D. Non–HIV-related malignancy - This is the correct answer. Even with effective antiretroviral therapy, PLWH still face an increased risk of non-HIV-related malignancies due to the underlying immunosuppression. This risk is independent of the specific type of cancer and is a significant long-term concern for PLWH. E. Opportunistic infection - Opportunistic infections are more relevant in the context of advanced HIV disease, where the CD4+ T-lymphocyte count is much lower. Given the patient's current CD4+ T-lymphocyte count of 490/mm³, the risk of opportunistic infections is relatively low. Therefore, this is not the greatest risk for this patient. In conclusion, while all options represent potential health concerns for PLWH, the increased risk of non-HIV-related malignancies is the most significant long-term risk for this patient, given their current clinical status and the natural history of HIV infection.",0.0,0.0274,0.1361,0.0574,0.024,0.0526,0.0526,0.4417,0.5631,0.6439
"A 40-year-old divorced woman comes to the office because of a 1-year history of difficulty sleeping. She says she sometimes does not fall asleep before 2 AM and does not feel rested at 6:30 AM when she has to get up and get her children ready for school. Sometimes she wakes after 1 to 2 hours of sleep and cannot fall back to sleep. On these occasions, she typically gets up for about 30 minutes, does some housework, and smokes a cigarette. She smokes one pack of cigarettes every three to four days. She works in a customer service call center and says she enjoys helping people resolve their problems. She now finds her job much harder and less enjoyable because she feels tired and sleepy. She says she would take a nap if she could, but she picks her children up as soon as she leaves work and spends the evening doing homework with them, making their dinner, and preparing lunches for the following day. By 9 PM, the children are in bed so she eats her own dinner and does some housework. She says that after 9 PM is when she smokes most of her cigarettes. She has not had depressed mood, excessive worry, or change in weight. Vital signs are within normal limits. Examination shows dark circles under the eyes and injected conjunctivae. Which of the following is the most appropriate initial step in management?",Which of the following is the most appropriate initial step in management?,"
A. Education on sleep hygiene 
B. Mirtazapine therapy 
C. Sertraline therapy 
D. Setting a date for smoking cessation 
E. Zolpidem therapy
",A,A,True,"A. Education on sleep hygiene - This is the most appropriate initial step in managing this patient's insomnia. Sleep hygiene education involves providing information on habits and practices that promote better sleep. It can include advice on maintaining a regular sleep schedule, creating a comfortable sleep environment, avoiding caffeine and nicotine close to bedtime, limiting naps, and engaging in relaxing activities before bed. Given the patient's lifestyle and habits (smoking, irregular sleep patterns), education on sleep hygiene can help address these issues and potentially improve her sleep quality. B. Mirtazapine therapy - While mirtazapine is an antidepressant that can be used to treat insomnia, it is generally reserved for patients who have significant depressive symptoms or whose insomnia is severe and not responsive to non-pharmacological interventions. The patient does not report depressed mood or significant changes in weight, so starting an antidepressant at this stage would be premature and may not be necessary. C. Sertraline therapy - Similar to mirtazapine, sertraline is an antidepressant that can be used for treating insomnia associated with depression. Since the patient does not report significant depressive symptoms, initiating an antidepressant like sertraline would be inappropriate without first addressing other non-pharmacological options. D. Setting a date for smoking cessation - While smoking can negatively impact sleep quality, setting a date for smoking cessation is more of a long-term strategy rather than an immediate intervention for insomnia. Addressing sleep hygiene and possibly using short-term sleep aids might be more beneficial initially. E. Zolpidem therapy - Zolpidem is a sedative-hypnotic medication used to treat insomnia. However, it should be considered as a short-term solution and only after other non-pharmacological approaches have been tried. Given the patient's current situation, focusing on improving sleep hygiene and addressing her lifestyle factors would be more appropriate before resorting to pharmacotherapy. In summary, sleep hygiene education is the most appropriate initial step as it addresses the patient's current sleep habits and environmental factors that may be contributing to her insomnia.",0.0111,0.0248,0.1851,0.052,0.0349,0.0462,0.0462,0.4262,0.5477,0.6998
"A 58-year-old woman is brought to the office by her husband because of a 6-week history of increasing confusion. Her husband says that, initially, she had difficulty doing “normal” things, such as preparing meals. Since then, she has become progressively less able to care for herself or even use a telephone. During this time, she also has had increased anxiety and restlessness. She has type 2 diabetes mellitus well controlled with an oral hypoglycemic agent. She is alert and appears anxious. She is oriented to person but not to place or time. She startles when the door to the examination room is slammed shut. Her temperature is 36.8°C (98.2°F), pulse is 78/min and regular, and blood pressure is 132/94 mm Hg. Physical examination shows no other abnormalities. On neurologic examination, she can repeat three objects immediately but is unable to recall them after 3 minutes. She is unable to copy a drawing of a cube. Results of a complete blood count and serum electrolyte concentrations are within the reference ranges. Her serum glucose concentration is 155 mg/dL. CT scan of the head shows no abnormalities. Which of the following is the most appropriate next step in diagnosis?",Which of the following is the most appropriate next step in diagnosis?,"
A. Determination of hemoglobin A1c 
B. Measurement of cerebrospinal fluid 14-3-3 protein concentration 
C. Measurement of cerebrospinal fluid beta amyloid concentration 
D. Measurement of cerebrospinal fluid methylmalonic acid concentration 
E. Measurement of serum angiotensin-converting enzyme activity 
F. Serum protein electrophoresis
",B,D,False,"Given the patient's presentation of progressive cognitive decline, anxiety, and restlessness over six weeks, along with a normal CT scan and controlled diabetes, the differential diagnosis includes conditions such as vitamin B12 deficiency, normal pressure hydrocephalus, or early-stage Alzheimer's disease. However, the key clue here is the patient's inability to recall three objects after 3 minutes and her inability to copy a drawing of a cube, which suggests possible subacute cognitive impairment with potential metabolic or neurological etiology. Let's evaluate each option: A. Determination of hemoglobin A1c - This test is used to assess long-term glycemic control in diabetes and is already known to be well-controlled in this patient. It does not help in diagnosing acute cognitive impairment. B. Measurement of cerebrospinal fluid 14-3-3 protein concentration - This test is used to detect the presence of tau protein, which is indicative of traumatic brain injury or certain types of encephalitis. It is not relevant to the presented symptoms. C. Measurement of cerebrospinal fluid beta amyloid concentration - While elevated beta-amyloid levels are associated with Alzheimer's disease, this test is not typically used as a primary diagnostic tool and would not be the first step in evaluating a patient with acute cognitive decline. D. Measurement of cerebrospinal fluid methylmalonic acid concentration - Elevated methylmalonic acid levels in CSF are strongly suggestive of vitamin B12 deficiency, which can present with similar symptoms of cognitive decline, particularly in the elderly. This is a plausible cause given the patient's age and the need to rule out nutritional deficiencies. E. Measurement of serum angiotensin-converting enzyme activity - This test is not relevant to the presented symptoms and is not used in the evaluation of cognitive decline. F. Serum protein electrophoresis - This test is used to identify abnormal proteins in the blood, often in the context of multiple myeloma or other plasma cell disorders. It is not directly related to the patient's symptoms. Therefore, the most appropriate next step in diagnosis is to measure the cerebrospinal fluid methylmalonic acid concentration to rule out vitamin B12 deficiency as a potential cause of the patient's symptoms.",0.0104,0.0258,0.2145,0.0595,0.0435,0.0595,0.0595,0.4525,0.5596,0.6533
"A 38-year-old woman is brought to the emergency department by paramedics 90 minutes after she fell through ice into a stream while hiking. She was stuck in the ice until emergency responders rescued her. On arrival, she has severe pain in her feet. She has no history of serious illness and takes no medications. Temperature is 34.8°C (94.6°F); other vital signs are within normal limits. Examination shows blue discoloration over the toes bilaterally, and the feet are cold to touch. Which of the following is the most appropriate next step in management?",Which of the following is the most appropriate next step in management?,"
A. Place the feet in front of a dry space heater 
B. Rub the feet with a steaming hot towel 
C. Submerge the feet in a moderately warm whirlpool 
D. Wrap the feet in a room-temperature wet-to-dry dressing 
E. Observation only
",C,C,True,"When dealing with a case of immersion hypothermia, as in this scenario where the patient fell through ice into a stream, it's crucial to manage the rewarming process carefully to avoid complications such as tissue damage from rapid rewarming or further heat loss. A. Place the feet in front of a dry space heater - This option is incorrect because direct exposure to a space heater can cause rapid and uneven warming, leading to frostbite or other thermal injuries. The temperature gradient between the skin and the air can be too extreme, causing blood vessels to dilate suddenly and then constrict, potentially leading to tissue damage. B. Rub the feet with a steaming hot towel - This option is also incorrect for the same reasons as A. Rubbing the extremities with a hot towel can cause rapid rewarming and vasoconstriction followed by vasodilation, which can lead to frostbite or other thermal injuries. C. Submerge the feet in a moderately warm whirlpool - This is the correct approach. A whirlpool bath provides a controlled environment for gradual rewarming. The water temperature should be kept at a moderate warmth (around 37-38°C or 98.6-100.4°F) to ensure that the body can gradually return to its normal temperature without the risk of thermal injury. The movement of the water in a whirlpool can help to circulate blood more effectively, aiding in the rewarming process. D. Wrap the feet in a room-temperature wet-to-dry dressing - While this might seem like a reasonable approach, it does not provide the controlled and gradual rewarming that is necessary. Room temperature is too low for effective rewarming and may not be sufficient to bring the patient's core temperature back to normal. Additionally, the effectiveness of this method in rewarming the extremities is limited compared to a whirlpool. E. Observation only - This option is incorrect because observation alone is insufficient in a case of suspected immersion hypothermia. The patient needs active management to prevent further heat loss and to begin the process of rewarming. Observation would not address the immediate need for controlled rewarming to prevent complications. In conclusion, the most appropriate next step is to submerge the feet in a moderately warm whirlpool to safely and effectively rewarm the patient.",0.0049,0.0245,0.1824,0.0566,0.031,0.0514,0.0514,0.4351,0.5419,0.6336
"A 52-year-old woman comes to the emergency department because of a 1-day history of bleeding gums and moderate pain in her knees. She first noticed the gum bleeding while brushing her teeth this morning; she has been unable to stop the bleeding. She has systemic lupus erythematosus with inflammatory arthritis and Raynaud disease. Medications are tramadol and hydroxychloroquine. Vital signs are within normal limits. Examination shows bleeding, friable gums. There are multiple ecchymoses and petechiae over the upper extremities. Cardiac and abdominal examinations show no abnormalities. The knees are cool to the touch; there are effusions, and range of motion is limited by pain. Neurologic examination shows no focal findings. Laboratory studies show: Hemoglobin = 11 g/dL Hematocrit = 33% Erythrocyte count = 4.2 × 10¹²/L Mean corpuscular volume = 90 μm³ Leukocyte count = 9000/mm³ Segmented neutrophils = 60% Bands = 3% Eosinophils = 2% Basophils = 1% Lymphocytes = 30% Monocytes = 4% Platelet count = 20,000/mm³ Serum Creatinine = 0.9 mg/dL Ferritin 1= 0 ng/mL Which of the following is the most appropriate next step in management?",9 mg/dL Ferritin 1= 0 ng/mL Which of the following is the most appropriate next step in management?,"
A. Factor replacement therapy 
B. Methotrexate therapy 
C. Plasmapheresis 
D. Prednisone therapy 
E. Splenectomy
",D,D,True,"Given the patient's history of systemic lupus erythematosus (SLE) with inflammatory arthritis and Raynaud disease, along with the current presentation of bleeding gums, petechiae, and joint effusions, the most likely diagnosis is a lupus flare, possibly complicated by thrombocytopenia. The laboratory findings, including a low platelet count (20,000/mm³), suggest immune thrombocytopenia (ITP), which can occur in SLE patients. Additionally, the presence of petechiae and ecchymoses suggests a coagulation disorder, which could be related to the SLE itself or its treatment. Let's examine each option: A. Factor replacement therapy - This would be appropriate for conditions like hemophilia where specific clotting factors are deficient. However, given the context of SLE and thrombocytopenia, factor replacement is not the primary treatment. B. Methotrexate therapy - This is used for treating autoimmune diseases such as rheumatoid arthritis and psoriasis, but it is not typically the first-line treatment for thrombocytopenia or a lupus flare. C. Plasmapheresis - This procedure is used to remove antibodies and other circulating immune complexes from the blood, which might be beneficial in severe cases of lupus nephritis or neuropsychiatric lupus. However, it is not the initial or most common treatment for thrombocytopenia in SLE. D. Prednisone therapy - This is the most appropriate next step. Prednisone is a corticosteroid that can help control inflammation and suppress the immune system, which is beneficial in managing a lupus flare. It can also help increase platelet counts in cases of ITP associated with SLE. E. Splenectomy - This surgical procedure is considered when other treatments have failed for chronic immune thrombocytopenia. Given the acute nature of the patient's condition and the potential for improvement with medical management, splenectomy is not the first choice. Therefore, prednisone therapy is the most appropriate next step in managing this patient's condition, aiming to reduce inflammation and potentially increase platelet counts.",0.0115,0.0314,0.2168,0.0677,0.0433,0.0677,0.0677,0.4458,0.5404,0.6223
"A 13-year-old boy is brought to the emergency department because of a 3-day history of progressive fatigue, shortness of breath, and difficulty walking up stairs. He had been well until 1 week ago, when he developed rhinorrhea, cough, and a sore throat. These symptoms resolved spontaneously 2 days ago. He has no history of serious illness and takes no medications. On arrival, he is pale and in moderate respiratory distress. Pulse is 120/min, respirations are 25/min, and blood pressure is 80/40 mm Hg. Pulse oximetry on room air shows an oxygen saturation of 91%. On pulmonary examination, crackles are heard throughout the lung fields. On cardiac examination, a gallop is heard. S1 is soft. A grade 2/6, high-pitched holosystolic murmur is heard best at the apex. The remainder of the examination shows no abnormalities. Which of the following is the most likely diagnosis?",Which of the following is the most likely diagnosis?,"
A. Glomerulonephritis 
B. Myocarditis 
C. Pneumonia 
D. Rheumatic fever 
E. Systemic lupus erythematosus
",B,B,True,"- Glomerulonephritis (Option A): This condition involves inflammation of the glomeruli in the kidneys. While it can present with fatigue and other systemic symptoms, it typically does not cause respiratory distress, hypotension, or the specific cardiac findings described (such as a gallop and a holosystolic murmur). Additionally, the patient's recent history of upper respiratory symptoms does not strongly suggest a renal disease. - Myocarditis (Option B): This is the most likely diagnosis given the clinical presentation. Myocarditis can follow an upper respiratory infection and presents with symptoms such as fatigue, shortness of breath, and difficulty walking due to heart failure. The presence of a gallop (indicating left ventricular dysfunction), a low blood pressure, and the presence of crackles (indicative of pulmonary congestion) are consistent with myocarditis. The high-pitched holosystolic murmur at the apex is also characteristic of mitral regurgitation, which can occur in severe myocarditis. - Pneumonia (Option C): Although pneumonia can cause respiratory symptoms and hypoxia, the presence of a gallop and a low blood pressure suggests a primary cardiac issue rather than a respiratory one. Additionally, the absence of focal lung signs (such as consolidation or pleural rub) and the presence of crackles throughout the lung fields are more suggestive of cardiac rather than pulmonary pathology. - Rheumatic Fever (Option D): This condition can follow a streptococcal infection and can present with carditis, but it typically does not present with the acute onset of symptoms seen here, nor does it usually cause hypotension or the specific cardiac findings described. The patient’s history of resolving upper respiratory symptoms before the onset of cardiac symptoms makes this less likely. - Systemic Lupus Erythematosus (Option E): While this autoimmune disorder can affect multiple organ systems, including the heart and lungs, it generally does not present with the acute onset of symptoms and the specific cardiac findings seen in this case. The patient’s age and the absence of typical skin lesions make this less likely. Given the clinical presentation, the most likely diagnosis is myocarditis, which explains the patient's symptoms and physical exam findings.",0.0051,0.0177,0.1399,0.0456,0.0287,0.0399,0.0399,0.3881,0.5481,0.6584
"A 10-day-old female newborn is brought to the emergency department because of a 2-day history of bilious vomiting. She was born at term following an uncomplicated pregnancy and spontaneous vaginal delivery. She was 50.8 cm (20 in) in length and weighed 3260 g (7 lb 3 oz) at birth. Examination following delivery showed no abnormalities, and she was discharged at the age of 2 days. She is exclusively breast-fed. She appears ill. Today, she is 50.8 cm (20 in) in length and weighs 3062 g (6 lb 12 oz). Temperature is 38.3°C (100.9°F), pulse is 180/min, and respirations are 52/min. The abdomen is distended; the patient cries on palpation of the abdomen. Which of the following is the most likely diagnosis?",Which of the following is the most likely diagnosis?,"
A. Duodenal atresia 
B. Intussusception 
C. Meconium ileus 
D. Necrotizing enterocolitis 
E. Volvulus
",E,B,False,"- Duodenal Atresia: This condition involves a blockage in the duodenum, which would typically present with bilious vomiting immediately after birth or shortly thereafter. However, the patient's history of being well for two days before the onset of symptoms and the absence of other typical signs like failure to thrive or feeding difficulties make this less likely. - Intussusception: This is a condition where one part of the intestine telescopes into another, causing obstruction and leading to abdominal pain, vomiting, and bloody stools. The patient's age (10 days old), the presence of bilious vomiting, and the abdominal distension are consistent with intussusception. The crying on palpation of the abdomen is also a common sign as the child experiences pain from the condition. - Meconium Ileus: This condition is associated with cystic fibrosis and presents with meconium-like stools that are difficult to pass, leading to intestinal obstruction. The patient's history does not suggest any risk factors for cystic fibrosis, such as family history or other symptoms, making this less likely. - Necrotizing Enterocolitis: This condition primarily affects premature infants and is characterized by severe abdominal pain, distension, and bloody stools. Since the patient was born at term and has no other risk factors, necrotizing enterocolitis is unlikely. - Volvulus: This occurs when a segment of the bowel twists on its mesentery, leading to obstruction. While it can cause abdominal pain and distension, the presentation is often more acute and associated with other symptoms like constipation or hematochezia, which are not strongly indicated in this case. Given the clinical presentation, including the age of the infant, the nature of the vomiting (bilious), the abdominal distension, and the crying on palpation, intussusception is the most likely diagnosis.",0.0062,0.0215,0.1964,0.0548,0.0345,0.0548,0.0548,0.414,0.5494,0.6047
"An 85-year-old man with severe dementia, Alzheimer type, is admitted to the hospital because of a nonhealing ulcer on his right second toe. He lives in a nursing care facility and has been bedridden for the past 3 years. He has type 2 diabetes mellitus, hypertension, and peripheral vascular disease. His medications are metformin, amlodipine, and aspirin. Noninvasive vascular studies of the lower extremities show marked bilateral vascular disease. Subsequent peripheral angiography shows severe stenoses of the right superficial femoral and the left common iliac arteries. The patient undergoes uncomplicated placement of two sequential vascular stents in the superficial femoral artery and placement of an additional stent in the left common iliac artery. The type of stents used was recently approved by the US Food and Drug Administration and has been heavily marketed as a long-lasting solution to restenosis. Each stent costs the hospital $15,000. Alternatives to this approach include amputation of the toe, balloon angioplasty, and use of less expensive stents. Which of the following best describes the public policy implications of this scenario?",Which of the following best describes the public policy implications of this scenario?,"
A. Absence of resource stewardship 
B. Ageism 
C. Health care disparities 
D. Health care fraud and abuse 
E. Lack of access to care
",A,A,True,"A. Absence of resource stewardship: This option is the most appropriate because the scenario highlights the significant cost associated with the use of newly approved, expensive stents. The high cost of these stents ($15,000 each) raises concerns about the efficient use of healthcare resources. Given that the patient has multiple comorbidities and is bedridden, the decision to use such expensive devices might be seen as prioritizing costly interventions over more conservative or less expensive alternatives like balloon angioplasty or less expensive stents. This could be viewed as a misuse of healthcare resources, which is a key aspect of resource stewardship. B. Ageism: While the patient's age (85 years old) is mentioned, there is no evidence in the scenario suggesting that the treatment decision is based on ageist attitudes. The focus is on the medical condition and the cost of treatment rather than any prejudice against the elderly. C. Health care disparities: Although the patient has multiple health issues and resides in a nursing home, the scenario does not explicitly highlight disparities in healthcare access or quality based on socioeconomic status, race, or other factors. The issue here is more about the allocation of resources rather than disparities in care. D. Health care fraud and abuse: There is no indication of fraudulent activities or abuse of the healthcare system in the scenario. The focus is on the cost and appropriateness of the treatment rather than any illegal or unethical practices. E. Lack of access to care: The scenario does not suggest that the patient lacks access to necessary care. In fact, the patient receives a complex procedure involving vascular stenting. The concern is more about the cost and potential overuse of expensive treatments rather than a lack of access to care. In conclusion, the primary public policy implication highlighted in this scenario is the absence of resource stewardship, given the high cost of the new stents and the potential for more cost-effective alternatives.",0.0,0.0222,0.1836,0.0533,0.0179,0.0473,0.0473,0.4426,0.5518,0.6331
"A 62-year-old woman with myasthenia gravis comes to the office because of a 2-week history of falling. She says her legs ""give out"" once daily; she falls to the ground but does not hit her head. She took pyridostigmine until 2 weeks ago when she decided that it no longer worked. Respirations are 30/min. Examination shows a hypophonic nasal voice and ptosis bilaterally. Muscle strength is 2/5 in all extremities. The patient is told that she is in imminent danger of respiratory compromise and that she should be admitted to the hospital. She says she knows her breathing could pose a problem, but she hates hospitals and does not want to undergo more tests or therapy. She asks if she can have a prescription for her former medication and if she can go home. Which of the following is the most appropriate next step in management?",Which of the following is the most appropriate next step in management?,"
A. Assessment of medical decision-making capacity 
B. Electromyography and nerve conduction studies 
C. Involuntary hospital admission 
D. Oxygen therapy by nasal canula 
E. Pulmonary function testing
",A,A,True,"- A. Assessment of medical decision-making capacity: This is the most appropriate next step given the patient's current condition and her expressed wishes. The patient is experiencing significant muscle weakness (myasthenia gravis) leading to frequent falls, which puts her at risk for respiratory failure. Despite understanding the potential danger, she is refusing hospitalization due to personal preferences. An assessment of her medical decision-making capacity is crucial to determine whether she has the ability to make informed decisions about her care, especially considering her current health status and the high risk of respiratory compromise. If her capacity is found to be intact, the healthcare provider can discuss the risks and benefits of hospitalization in detail, possibly using a shared decision-making approach to help her understand the importance of treatment. If her capacity is compromised, further steps may need to be taken to ensure her safety. - B. Electromyography and nerve conduction studies: These tests are typically used to diagnose and monitor myasthenia gravis, but they are not immediately necessary in this acute situation where the patient is at risk of respiratory failure. They would be more appropriate after stabilizing the patient’s condition. - C. Involuntary hospital admission: While this might seem like a straightforward solution, involuntary hospitalization is a last resort and involves legal and ethical considerations. It should only be considered if the patient’s refusal poses an immediate and significant threat to their life, and if other options have been thoroughly explored and discussed. - D. Oxygen therapy by nasal canula: This is a supportive measure that can be provided at home, but it does not address the underlying issue of muscle weakness and the risk of respiratory failure. It is not sufficient as a standalone intervention. - E. Pulmonary function testing: Similar to electromyography and nerve conduction studies, pulmonary function testing is diagnostic and not immediately necessary in this acute situation. It would be more useful if the patient were stable and the focus was on long-term management rather than immediate risk mitigation. In summary, assessing the patient's medical decision-making capacity allows for a thorough discussion of her condition, the risks involved, and the importance of continuing her treatment to prevent respiratory failure, while also respecting her autonomy and personal preferences.",0.0073,0.0242,0.1384,0.0567,0.0259,0.0464,0.0464,0.4573,0.5559,0.6519
"A 55-year-old man is brought to the emergency department by paramedics 45 minutes after his daughter found him unresponsive in his apartment. Paramedics initiated intravenous fluid warming and resuscitation at the scene. The patient has major depressive disorder, hypertension, and alcoholism. His medications are chlordiazepoxide, fluoxetine, and lisinopril. On arrival, he is arousable but confused. Temperature is 34.0°C (93.2°F), pulse is 64/min, respirations are 14/min, and blood pressure is 94/62 mm Hg. Physical examination shows no sign of trauma or prolonged immobilization. On mental status examination, he is oriented to person but not to place or time. His speech is verbose and nonsensical. Serum glucose concentration is 44 mg/dL, and blood alcohol concentration is 312 mg/dL. Urine toxicology screening is positive for alcohol and benzodiazepines. The most appropriate next step in management is administration of which of the following?",The most appropriate next step in management is administration of which of the following?,"
A. 50% Dextrose 
B. Flumazenil 
C. Lorazepam 
D. Naloxone 
E. Vitamin B1 (thiamine)
",E,A,False,"Given the patient's presentation, the most likely diagnosis is hypothermia combined with severe hypoglycemia and alcohol intoxication. Here’s a detailed explanation of why each option is chosen or ruled out: A. 50% Dextrose: This is the most appropriate initial step. The patient's serum glucose level is critically low at 44 mg/dL, indicating severe hypoglycemia. Hypoglycemia can exacerbate confusion and neurological symptoms, and it needs immediate correction. Administering 50% dextrose will rapidly increase the patient's blood glucose levels, potentially improving his mental status and overall condition. B. Flumazenil: This is a benzodiazepine antagonist used to reverse the effects of benzodiazepines. While the patient has a positive urine toxicology for benzodiazepines, there is no indication that these drugs are causing life-threatening respiratory depression or other critical effects that would necessitate their immediate reversal. The patient's vital signs are stable, and his confusion is more likely due to hypothermia and hypoglycemia rather than benzodiazepine toxicity. C. Lorazepam: This is a benzodiazepine that could be considered if the patient were experiencing benzodiazepine withdrawal or if there was a need for sedation. However, given the patient's current state of confusion and the presence of hypothermia and hypoglycemia, this is not the primary concern. Additionally, lorazepam does not address the underlying issues of hypothermia and hypoglycemia. D. Naloxone: This is an opioid antagonist used to reverse the effects of opioids. There is no evidence of opioid use in the patient's history, so naloxone is not indicated. E. Vitamin B1 (Thiamine): Thiamine is important in the context of Wernicke-Korsakoff syndrome, which can occur in chronic alcoholics. However, the patient's primary issues are hypothermia, hypoglycemia, and alcohol intoxication. While thiamine should be administered eventually, it is not the most immediate intervention needed. In summary, the patient requires rapid correction of hypoglycemia with 50% dextrose to stabilize his blood glucose levels, followed by appropriate management of hypothermia and alcohol intoxication.",0.0,0.0303,0.1473,0.0655,0.012,0.0536,0.0536,0.4163,0.5072,0.5897
"A 16-year-old boy is brought to the emergency department because of a 6-hour history of severe right-sided scrotal pain. He has not had penile discharge, fever, abdominal pain, vomiting, or diarrhea. He has no history of similar pain or any trauma to the region. He is sexually active with one female partner and uses condoms inconsistently. Vital signs are within normal limits. Abdominal examination shows no abnormalities. Genitourinary examination shows moderate edema and diffuse tenderness to palpation of the right scrotum; there is mild erythema. Lifting the right testicle does not relieve the pain. The left testicle is lower than the right testicle. Cremasteric reflex is present on the left and absent on the right. Which of the following is the most likely diagnosis?",Which of the following is the most likely diagnosis?,"
A. Epididymitis 
B. Testicular torsion 
C. Testicular tumor 
D. Torsion of the appendix testis 
E. Urinary tract infection 
F. Varicocele
",B,B,True,"- Epididymitis (A): This condition involves inflammation of the epididymis, often due to bacterial or viral infections. Symptoms typically include pain in the scrotum, swelling, and sometimes fever. However, the patient's history of inconsistent condom use and the absence of other symptoms like fever make this less likely. - Testicular Torsion (B): This is a medical emergency where the spermatic cord, which provides blood flow to the testicle, twists, cutting off the blood supply. Symptoms include sudden, severe pain in the scrotum, often unilateral, and can be accompanied by nausea and vomiting. The absence of penile discharge, fever, and the presence of edema and tenderness in the right scrotum, along with the cremasteric reflex being absent on the right side, are highly suggestive of testicular torsion. - Testicular Tumor (C): While testicular tumors can cause pain, they usually present with a palpable mass rather than just pain. The absence of a mass and the rapid onset of pain make this less likely. - Torsion of the Appendix Testis (D): This is a rare condition where the appendage of the testicle (appendix testis) twists, causing pain. It is usually associated with a tender, swollen mass in the scrotum. The absence of a palpable mass and the pattern of pain more consistent with testicular torsion make this less likely. - Urinary Tract Infection (E): UTIs can cause lower abdominal pain and discomfort but typically do not cause severe scrotal pain without other urinary symptoms such as dysuria, frequency, or urgency. The absence of these urinary symptoms makes this less likely. - Varicocele (F): This is an enlargement of the veins within the scrotum and typically causes discomfort that worsens with standing and improves with lying down. It is usually asymptomatic or causes dull, aching pain, not the acute, severe pain described here. Given the clinical presentation, the most likely diagnosis is testicular torsion, which requires immediate surgical intervention to prevent testicular necrosis.",0.0027,0.0184,0.1628,0.0494,0.0248,0.0494,0.0494,0.4085,0.5452,0.6147
"A 64-year-old man comes to the clinic because of a 2-week history of severe pain and generalized muscle weakness. He has hypercholesteremia and hypertension. Three months ago, he had a myocardial infarction. At that time, he began atorvastatin therapy. Other medications are clopidogrel, lisinopril, and amiodarone. He is 178 cm (5 ft 10 in) tall and weighs 82 kg (180 lb); BMI is 26 kg/m² Pulse is 80/min and blood pressure is 125/67 mm Hg. Muscle strength is 4/5 on abduction of the shoulders and flexion of the hips. Deep tendon reflexes are 2+ throughout. No other abnormalities are noted. Measurement of which of the following is the most appropriate initial step in diagnosis?",Measurement of which of the following is the most appropriate initial step in diagnosis?,"
A. Erythrocyte sedimentation rate 
B. Serum ALT activity 
C. Serum calcium concentration 
D. Serum C-reactive protein concentration 
E. Serum creatine kinase activity
",E,E,True,"In this scenario, the patient presents with severe pain and generalized muscle weakness, which could be indicative of rhabdomyolysis, a condition characterized by the breakdown of skeletal muscle tissue leading to the release of myoglobin into the bloodstream. Rhabdomyolysis can be caused by various factors, including statin use, which is relevant given the patient's recent initiation of atorvastatin therapy for hypercholesterolemia. Let's examine each option: A. Erythrocyte sedimentation rate (ESR): This test measures the rate at which red blood cells settle in a tube and is used as an indicator of inflammation. While it can be elevated in conditions associated with muscle damage, it is not specific to muscle injury and can be elevated in many inflammatory and non-inflammatory conditions. Therefore, it is not the most appropriate initial step in diagnosing muscle-related symptoms. B. Serum ALT activity: Alanine transaminase (ALT) is primarily found in liver cells and is often elevated in liver diseases such as hepatitis or cirrhosis. Since the patient's symptoms are more suggestive of muscle involvement rather than liver disease, this test is not the most appropriate initial step. C. Serum calcium concentration: Calcium levels can be abnormal in various conditions, but they are not typically associated with muscle pain and weakness unless there is a specific underlying condition like hypocalcemia or hyperparathyroidism. Given the patient's symptoms, this is not the most likely cause and thus not the best initial diagnostic step. D. Serum C-reactive protein (CRP) concentration: CRP is a marker of inflammation and can be elevated in various inflammatory conditions. However, while it might be useful in ruling out systemic inflammation, it does not specifically indicate muscle damage and is less sensitive for diagnosing rhabdomyolysis compared to serum creatine kinase (CK). E. Serum creatine kinase (CK) activity: CK is an enzyme primarily found in skeletal muscles, heart, and brain. Elevated CK levels are a hallmark of muscle damage and are highly specific for diagnosing rhabdomyolysis. Given the patient's history of recent statin use and current symptoms, measuring CK levels is the most appropriate initial step in diagnosis to rule out rhabdomyolysis.",0.0128,0.0304,0.2476,0.0654,0.0384,0.0654,0.0654,0.4192,0.5569,0.6735
"A 23-year-old man who is on active duty in the US Army comes to the clinic 1 hour after sustaining a bee sting to his right cheek. The patient reports continued pain at the site of the sting, but he has not had shortness of breath, throat tightness, loss of vision, or other neurologic symptoms. Medical history is unremarkable. He takes no medications. The patient has no known allergies. He is 178 cm (5 ft 10 in) tall and weighs 64 kg (140 lb); BMI is 20 kg/m². Temperature is 37.0°C (98.6°F), pulse is 86/min, respirations are 10/min, and blood pressure is 120/70 mm Hg. Examination of the right cheek shows an erythematous, swollen area of induration surrounding a central clear area with the stinger in situ. The swelling encroaches on the lower aspect of the patient's right orbit, which appears puffy and mildly dusky. After the stinger is removed, which of the following is the most appropriate next step in management?","After the stinger is removed, which of the following is the most appropriate next step in management?","
A. Administer an injection of epinephrine 
B. Admit the patient to the hospital for intravenous vancomycin therapy 
C. Cleanse the site and apply ice 
D. Obtain an ophthalmologist consultation 
E. Prescribe oral clindamycin
",C,C,True,"A. Administer an injection of epinephrine - This option is incorrect because the patient does not exhibit any signs of anaphylaxis, such as shortness of breath, throat tightness, or loss of vision. Epinephrine is typically used to treat severe allergic reactions, and its administration would be premature without these symptoms. B. Admit the patient to the hospital for intravenous vancomycin therapy - This option is incorrect because there is no indication of a bacterial infection requiring intravenous antibiotics like vancomycin. The patient's presentation suggests a localized reaction to the bee sting, not a systemic infection. C. Cleanse the site and apply ice - This is the most appropriate next step. Cleaning the site helps prevent secondary bacterial infections, while applying ice can help reduce pain and swelling. This is a standard approach for managing minor bee stings. D. Obtain an ophthalmologist consultation - This option is incorrect because the swelling is primarily localized to the cheek and does not involve the eye itself. While the puffiness around the eye could be concerning, it does not necessitate immediate ophthalmologic consultation unless there are specific signs of ocular involvement, such as vision changes or eye pain. E. Prescribe oral clindamycin - This option is incorrect because there is no evidence of a bacterial infection that would warrant antibiotic treatment. Oral antibiotics are reserved for cases where there is a risk of infection, such as when the stinger remains embedded or when there are signs of cellulitis. In summary, the patient's presentation is consistent with a typical bee sting reaction, and the most appropriate initial management involves cleaning the wound and applying cold compresses to manage pain and swelling.",0.01,0.0428,0.2139,0.0897,0.0417,0.0828,0.0828,0.4623,0.5619,0.6618
"A 32-year-old man is brought to the emergency department after being found by his wife in their bedroom with a gun in his hands. His wife reports that the patient “has not been himself” since their son was stillborn 6 months ago. She says that during the past month, he hardly has slept and has not showered or shaved; he sits in the dark and refuses to eat. He began fluoxetine therapy 3 months ago, but his symptoms have continued to worsen. He appears disheveled. He is 175 cm (5 ft 9 in) tall and weighs 52 kg (115 lb); BMI is 17 kg/m². His pulse is 90/min, and blood pressure is 100/60 mm Hg. Physical examination shows decreased skin turgor and dry mucous membranes. When asked about his mood, he says, “I don’t know.” He has a tearful affect. He responds to most questions with one-word answers in a soft voice. He says he hears a voice telling him that he is a failure and says he wants to join his son in heaven. He refuses to answer questions about suicide. After removing all firearms from the patient’s house and admitting him to a psychiatric facility, which of the following is the most appropriate next step in management?","After removing all firearms from the patient’s house and admitting him to a psychiatric facility, which of the following is the most appropriate next step in management?","
A. Electroconvulsive therapy 
B. Imipramine therapy 
C. Mirtazapine therapy 
D. Sertraline therapy 
E. Transcranial magnetic stimulation
",A,D,False,"Given the patient's presentation, which includes significant depressive symptoms such as severe insomnia, poor hygiene, social withdrawal, weight loss, decreased skin turgor, and dry mucous membranes, it is clear that the patient is experiencing a major depressive episode. The patient's recent history of a stillbirth, along with his current symptoms, suggests a severe form of depression that may be treatment-resistant despite previous fluoxetine therapy. Let's examine each option: A. Electroconvulsive therapy (ECT): While ECT is an effective treatment for severe depression, especially when there is a risk of suicide, the patient's refusal to answer questions about suicide and the need to remove firearms from the home suggest that the immediate risk of suicide might not be as high as to necessitate ECT. ECT would be considered if the patient were actively suicidal or if other treatments had failed. B. Imipramine therapy: Imipramine is a tricyclic antidepressant (TCA) that can be effective for depression. However, TCAs have a narrow therapeutic index and require careful monitoring due to potential side effects like cardiac arrhythmias and anticholinergic effects. Given the patient's already compromised physical state, this would not be the first-line choice. C. Mirtazapine therapy: Mirtazapine is an atypical antidepressant that can be effective for depression and also has sedative properties, which might help with sleep disturbances. However, it is generally used as an adjunctive therapy or second-line treatment, especially when other options are available and the patient's condition is severe. D. Sertraline therapy: Sertraline is a selective serotonin reuptake inhibitor (SSRI) that is widely used and well-tolerated. It is often the first-line treatment for depression due to its efficacy and relatively low side effect profile. Given the patient's severe depressive symptoms and the fact that fluoxetine (another SSRI) did not fully resolve them, switching to a different SSRI like sertraline could be beneficial. Sertraline is also associated with fewer cardiovascular risks compared to TCAs, making it a safer choice given the patient's current physical state. E. Transcranial magnetic stimulation (TMS): TMS is a non-invasive procedure that can be effective for treatment-resistant depression. However, it is typically used after other pharmacological treatments have been tried and failed. Given that the patient has not yet responded adequately to fluoxetine, TMS would be a less immediate and less preferred option compared to switching to another effective medication like sertraline. Therefore, considering the patient's severe depressive symptoms, the need for a safe and effective treatment, and the patient's current physical state, sertraline therapy is the most appropriate next step in management.",0.0105,0.0377,0.2518,0.087,0.0524,0.0739,0.0739,0.4793,0.5634,0.6628
"A 60-year-old woman comes to the office as a new patient. She recently moved to the area. She feels well. She has hypertension treated with amlodipine and asthma well controlled with inhaled fluticasone and inhaled albuterol as needed. According to the medical records she brought with her, a mammography 6 months ago showed no abnormalities, results of laboratory studies 1 year ago were within the reference ranges, and colonoscopy 5 years ago showed no abnormalities. Her past three Pap smears have shown no abnormalities; the most recent Pap smear was 1 year ago. Her mother has type 2 diabetes mellitus, and her maternal aunt had breast cancer at the age of 55 years. The patient does not smoke cigarettes. She drinks two glasses of wine weekly. She works as a nurse. She has been monogamous with her husband for 30 years. Pulse is 76/min, respirations are 16/min, and blood pressure is 132/86 mm Hg. Examination shows no abnormalities. Screening for which of the following is the most appropriate next step in management?",Screening for which of the following is the most appropriate next step in management?,"
A. Abdominal aortic aneurysm 
B. Breast cancer 
C. Chlamydia trachomatis infection 
D. Colon cancer 
E. Hepatitis C
",E,B,False,"Given the patient's family history, particularly her maternal aunt who had breast cancer at the age of 55, and considering that the patient is a 60-year-old woman, screening for breast cancer is the most appropriate next step in management. Here’s a detailed explanation of why this is the case and why the other options are less suitable: B. Breast Cancer: - Family History: The patient's maternal aunt had breast cancer, which increases her risk compared to the general population. - Age: At 60 years old, the patient is within the recommended age range for regular breast cancer screening (typically starting around age 40). - Previous Mammography: While her most recent mammogram six months ago showed no abnormalities, it is still within the timeframe where a new screening would be beneficial, especially given her family history. A. Abdominal Aortic Aneurysm: - Risk Factors: This condition is more common in men over 65 with risk factors such as smoking, high blood pressure, and atherosclerosis. The patient does not have these risk factors, making this less relevant. C. Chlamydia trachomatis Infection: - Risk Factors: This sexually transmitted infection is more commonly screened in younger women, especially those who are sexually active and have multiple partners. Since the patient is monogamous and has no other risk factors, this is not a priority. D. Colon Cancer: - Previous Colonoscopy: The patient had a normal colonoscopy five years ago, and her most recent stool tests one year ago were within normal ranges. Given her age and previous negative screening, routine colon cancer screening is not immediately necessary unless there are specific risk factors or symptoms. E. Hepatitis C: - Risk Factors: There is no indication in the patient’s history that suggests she is at increased risk for hepatitis C, such as intravenous drug use, blood transfusions before 1992, or other exposures. Therefore, screening for this condition is not indicated based on the information provided. In conclusion, while all the options have their own importance, the patient's family history of breast cancer and her age make breast cancer screening the most appropriate next step in her management.",0.0124,0.0296,0.2244,0.0714,0.0442,0.0659,0.0659,0.4161,0.513,0.6023
"A 12-year-old girl is brought to the physician for a follow-up examination 8 days after starting a course of oral penicillin for streptococcal pharyngitis. Temperature is 38.6°C (101.5°F). Examination shows an erythematous morbilliform rash, urticaria, mild swelling of the hands and feet, arthralgias, and lymphadenopathy. Leukocyte count is 13,000/mm³ (62% segmented neutrophils, 10% eosinophils, and 28% lymphocytes). Urinalysis shows 2+ protein. Which of the following is most appropriate to prevent recurrence of these symptoms if the patient is diagnosed with streptococcal pharyngitis again?",Which of the following is most appropriate to prevent recurrence of these symptoms if the patient is diagnosed with streptococcal pharyngitis again?,"
A. Pretreatment with an antihistamine 
B. Pretreatment with a corticosteroid 
C. Skin testing with benzylpenicilloyl polylysine prior to treatment 
D. Use of a nonpenicillin antibiotic to treat the pharyngitis 
E. Use of a single injection of benzathine penicillin to treat the pharyngitis
",D,C,False,"A. Pretreatment with an antihistamine - This is not appropriate because antihistamines do not prevent an allergic reaction to penicillin. They are used to manage symptoms of allergies but do not prevent the allergic response from occurring. B. Pretreatment with a corticosteroid - While corticosteroids can reduce inflammation and may be used in severe cases of anaphylaxis, they are not a preventive measure against penicillin allergy. They would be more relevant in managing symptoms rather than preventing an allergic reaction. C. Skin testing with benzylpenicilloyl polylysine prior to treatment - This is the most appropriate option. Skin testing with benzylpenicilloyl polylysine (Penicillin G benzylpenicilloyl polylysine) is a diagnostic test that can help determine if a patient has a true penicillin allergy. If the test is negative, it suggests that the patient is not allergic to penicillin, and they can be treated with penicillin without the risk of an allergic reaction. This is crucial for preventing recurrence of symptoms associated with penicillin allergy. D. Use of a nonpenicillin antibiotic to treat the pharyngitis - This is not necessarily the best approach. While it is important to avoid using penicillin if the patient is allergic, if the patient does not have a penicillin allergy, using a nonpenicillin antibiotic could lead to unnecessary antibiotic use, which contributes to antibiotic resistance. The goal should be to use the most effective and appropriate antibiotic, which in this case might still be penicillin if the patient is not allergic. E. Use of a single injection of benzathine penicillin to treat the pharyngitis - This is not the best choice if the patient has a history of penicillin allergy. Benzathine penicillin is a form of penicillin, and if the patient is allergic, it could cause an allergic reaction. The diagnosis of the condition described (which includes a morbilliform rash, urticaria, arthralgias, and lymphadenopathy) strongly suggests a hypersensitivity reaction to penicillin, making this option inappropriate. In conclusion, skin testing with benzylpenicilloyl polylysine is the most appropriate method to prevent recurrence of symptoms if the patient is diagnosed with streptococcal pharyngitis again, as it helps confirm whether the patient is truly allergic to penicillin.",0.0205,0.0482,0.327,0.1075,0.0757,0.1075,0.1075,0.5282,0.6014,0.7483
"A 45-year-old woman is hospitalized for management of Staphylococcus aureus endocarditis with persistent bacteremia. The patient is discussed during interdisciplinary rounds, which includes physicians, nurses, pharmacists, and social workers. During rounds, a pharmacy student notices that the patient missed two doses of her scheduled antibiotic last week but is unsure why. The physician and nurse are unaware of these missed doses, and the student does not mention her observation. Which of the following measures is most likely to improve communication within this interdisciplinary health care team?",Which of the following measures is most likely to improve communication within this interdisciplinary health care team?,"
A. Conduct interdisciplinary rounds in a quieter location 
B. Encourage questions from all team members 
C. Implement a checklist for standardizing patient rounds 
D. Use computers during rounds to review medications
",B,B,True,"A. Conduct interdisciplinary rounds in a quieter location - While a quieter location might help in focusing on the discussion, it does not directly address the issue of communication gaps or the specific problem of missed doses. Therefore, this option is less effective in improving communication compared to encouraging questions. B. Encourage questions from all team members - This measure directly addresses the communication gap identified in the scenario. By encouraging questions, the team can ensure that all members have the opportunity to ask about any concerns or observations they have, such as the missed doses of antibiotics. This approach fosters an environment where information is shared openly and can prevent similar issues from being overlooked in the future. C. Implement a checklist for standardizing patient rounds - While checklists can be useful tools for ensuring that all necessary steps are followed during patient rounds, they do not specifically address the communication issue highlighted in the scenario. They may help in organizing the discussion but do not encourage the open exchange of information that is needed to identify and resolve issues like missed doses. D. Use computers during rounds to review medications - Using computers to review medications can be a helpful tool for ensuring accuracy and completeness of medication records. However, it does not directly address the communication gap between team members regarding the patient's missed doses. It is more of a technical solution rather than a communication strategy. Encouraging questions from all team members is the most effective measure because it promotes an open dialogue among the healthcare professionals, allowing them to share important information and address any discrepancies or concerns promptly.",0.0,0.0304,0.1532,0.0625,0.0,0.0486,0.0486,0.5036,0.5698,0.6568
"A 37-year-old man comes to the physician for a routine health maintenance examination. He has no history of serious illness and takes no medications. He does not smoke cigarettes, and he exercises four times weekly. His mother died of colon cancer at the age of 76 years. He is 183 cm (6 ft 0 in) tall and weighs 100 kg (220 lb); BMI is 30 kg/m². Pulse is 68/min and blood pressure is 138/74 mm Hg. The remainder of the examination shows no abnormalities. Which of the following is the most appropriate next step?",Which of the following is the most appropriate next step?,"
A. Test of the stool for occult blood 
B. Complete blood count 
C. Measurement of serum thyroid-stimulating hormone concentration 
D. Serum lipid studies 
E. No further evaluation is necessary
",D,A,False,"Given the patient's family history of colon cancer (his mother died of colon cancer at the age of 76), the most appropriate next step is to perform a test of the stool for occult blood. This test can help detect early signs of colorectal cancer or polyps, which are precursors to cancer. Early detection can significantly improve the prognosis and treatment outcomes for colorectal cancer. Let's examine why the other options are less suitable: B. Complete blood count (CBC): While a CBC can provide information about the patient's overall health status, it does not specifically address the risk factors related to his family history of colon cancer. It is not the most targeted approach for this particular patient. C. Measurement of serum thyroid-stimulating hormone (TSH) concentration: This test is used to evaluate thyroid function and is not relevant to the patient's family history of colon cancer or his current physical condition. D. Serum lipid studies: These tests are typically ordered to assess cardiovascular risk factors such as high cholesterol levels. Although obesity (BMI 30 kg/m²) is a risk factor for cardiovascular disease, given the patient's otherwise healthy lifestyle and lack of specific cardiovascular symptoms, this test is not the most immediate concern. E. No further evaluation is necessary: Given the patient's family history of colon cancer, it would be irresponsible to recommend no further evaluation. Regular screening for colorectal cancer is crucial, especially in individuals with a family history of the disease. Therefore, the stool test for occult blood is the most appropriate next step to screen for potential colorectal issues that could be related to his family history.",0.0099,0.0261,0.2303,0.0627,0.0421,0.0627,0.0627,0.454,0.5441,0.6278
"A 35-year-old woman is evaluated for a persistent fever 4 days after admission to the hospital for treatment of pyelonephritis. She has type 2 diabetes mellitus poorly controlled with insulin. She has received ciprofloxacin since admission. Results of initial blood cultures are pending. Temperature is 40.0°C (104.0°F), pulse is 110/min, respirations are 20/min, and blood pressure is 100/60 mm Hg. Examination shows marked right costovertebral angle tenderness. Which of the following is the most appropriate next step in management?",Which of the following is the most appropriate next step in management?,"
A. Addition of clindamycin to the medication regimen 
B. Addition of vancomycin to the medication regimen 
C. CT scan of the abdomen 
D. Doppler ultrasonography of the lower extremities 
E. Repeat blood cultures and fungal cultures
",C,E,False,"Given the patient's history of pyelonephritis, poor control of type 2 diabetes, and the persistence of fever despite ciprofloxacin therapy, it is crucial to consider the possibility of a more resistant organism or a secondary infection such as sepsis. The marked right costovertebral angle tenderness also supports the presence of renal involvement. Option A: Addition of clindamycin to the medication regimen - Clindamycin is an alternative antibiotic that can be used if there is concern about anaerobic bacteria or resistance to ciprofloxacin. However, without specific evidence of anaerobic infection or ciprofloxacin failure, this is not the most immediate step. Option B: Addition of vancomycin to the medication regimen - Vancomycin is typically reserved for suspected methicillin-resistant Staphylococcus aureus (MRSA) infections or when there is a high suspicion of Gram-positive organisms. Given the current information, there is no strong indication to switch to vancomycin at this stage. Option C: CT scan of the abdomen - While imaging can be useful, especially to rule out complications like abscesses or other structural abnormalities, it is not the most immediate step given the need for microbiological confirmation of the infection. Option D: Doppler ultrasonography of the lower extremities - This test is primarily used to assess blood flow in the lower extremities and is not directly relevant to the current clinical scenario involving renal infection and fever. Option E: Repeat blood cultures and fungal cultures - Repeating blood cultures is essential to confirm the presence of a bloodstream infection and to identify any new or resistant organisms. Additionally, fungal cultures should be considered due to the patient's diabetes, which can predispose to fungal infections, especially if the initial cultures were negative but the fever persists. In summary, the most appropriate next step is to repeat blood cultures and fungal cultures to ensure accurate identification of the causative organism and guide further antibiotic therapy.",0.006,0.0265,0.194,0.0625,0.0314,0.05,0.05,0.4448,0.5568,0.6404
"A 23-year-old man is being evaluated in the intensive care unit because of steadily decreasing blood pressure since he was admitted 2 hours ago for treatment of septic shock caused by pneumonia. Medical history is remarkable for cystic fibrosis and severe obstructive lung disease. In the emergency department, the patient was intubated, had three peripheral intravenous catheters placed, and was treated empirically with broad-spectrum antibiotics, bronchodilators, a continuous infusion of propofol and fentanyl, and 4 L of 0.9% saline. Immediately after administration of fluids, the patient's pulse was 105/min and blood pressure was 100/50 mm Hg. The patient is 173 cm (5 ft 8 in) tall and weighs 59 kg (130 lb); BMI is 20 kg/m². Pulse is 135/min and blood pressure is 79/43 mm Hg. Auscultation of the lungs discloses diffuse rhonchi and inspiratory crackles with low-pitched bilateral expiratory wheezes. Cardiac examination discloses no murmurs, rubs, or gallops. Bedside ultrasonography of the abdomen shows the inferior vena cava is 1.8 cm in diameter with minimum respirophasic collapsibility, and cardiac ultrasonography shows that the left ventricular ejection fraction is approximately 0.65. Results of laboratory studies obtained on admission and now are shown: On Admission, the White Blood Cell count is 21,000/mm³ and Blood Lactic acid is 5.2 mg/dL. Now the patient's White Blood Cell count is 19,000/mm³ and Blood Lactic acid is 4.0 mg/dL Which of the following is the most appropriate next step in management?",0 mg/dL Which of the following is the most appropriate next step in management?,"
A. Administer an additional 1-L bolus of 0.9% saline 
B. Administer intravenous hydrocortisone 
C. Administer intravenous voriconazole 
D. Begin a continuous infusion of norepinephrine 
E. Order CT scan of the head
",D,D,True,"Given the clinical scenario, the patient is experiencing refractory septic shock despite initial fluid resuscitation. Septic shock is a life-threatening condition characterized by inadequate tissue perfusion due to infection, leading to hypotension that cannot be corrected with fluid alone. The patient's blood pressure has continued to decline, indicating the need for vasopressor support. Let's evaluate each option: A. Administer an additional 1-L bolus of 0.9% saline: - While fluid resuscitation is crucial in septic shock, the patient's blood pressure has not responded adequately to the initial 4 L of 0.9% saline. Therefore, this option is less appropriate as it does not address the ongoing hypotension. B. Administer intravenous hydrocortisone: - Hydrocortisone can be considered in septic shock, especially if there is evidence of adrenal insufficiency or if the patient is not responding to other treatments. However, given the patient's current hemodynamic status, starting hydrocortisone would be a secondary step rather than the immediate next action. C. Administer intravenous voriconazole: - Voriconazole is an antifungal medication used to treat invasive fungal infections. There is no indication in the patient's history or current presentation that suggests an invasive fungal infection requiring voriconazole. This option is not relevant to the current management of septic shock. D. Begin a continuous infusion of norepinephrine: - Norepinephrine is a potent vasopressor that can increase both systolic and diastolic blood pressures. It is commonly used in septic shock when fluid resuscitation fails to maintain adequate blood pressure. Given the patient's persistent hypotension, initiating norepinephrine is the most appropriate next step to stabilize hemodynamics. E. Order CT scan of the head: - A CT scan of the head is not indicated in this scenario unless there is a specific clinical suspicion of a neurological event such as a stroke or intracranial hemorrhage. The patient's primary concern is septic shock, and the focus should be on managing hemodynamics rather than imaging the brain. In summary, the patient's ongoing hypotension despite fluid resuscitation necessitates the initiation of a vasopressor, making norepinephrine the most appropriate next step in management.",0.0132,0.0262,0.2024,0.0611,0.0447,0.0611,0.0611,0.4408,0.5705,0.6494
A 32-year-old nulligravid woman comes to the office for counseling prior to conception. Menses occur at irregular 40- and 60-day intervals. She has impaired glucose tolerance controlled by diet. She takes no medications. She is 165 cm (5 ft 5 cm) tall and weighs 84 kg (185 lb); BMI is 31 kg/m². Vital signs are within normal limits. Examination shows no abnormalities. Her fasting serum glucose concentration is 120 mg/dL. This patient is at greatest risk for developing which of the following?,This patient is at greatest risk for developing which of the following?,"
A. Gestational diabetes 
B. Hypothyroidism 
C. Intrauterine growth restriction 
D. Placenta previa 
E. Preterm labor
",A,C,False,"Given the patient's history and physical characteristics, we can analyze each option to determine the most likely risk factor: A. Gestational diabetes: While the patient has impaired glucose tolerance, this does not necessarily mean she will develop gestational diabetes during pregnancy. Gestational diabetes typically develops during pregnancy and is more common in women who have a history of impaired glucose tolerance or diabetes before pregnancy. The patient's fasting serum glucose level of 120 mg/dL is elevated but not indicative of gestational diabetes alone. B. Hypothyroidism: There is no information provided about thyroid function tests or symptoms suggestive of hypothyroidism. Therefore, this is not the most significant risk factor based on the given information. C. Intrauterine growth restriction (IUGR): Given the patient's BMI of 31 kg/m², which is considered obese, and her impaired glucose tolerance, she is at increased risk for IUGR. Obesity and impaired glucose tolerance are known risk factors for IUGR, as they can affect fetal growth due to placental insufficiency and poor nutrient transfer to the fetus. D. Placenta previa: This condition involves the placenta covering the cervix, which is more commonly associated with bleeding and other complications late in pregnancy rather than being a primary risk factor for IUGR. E. Preterm labor: While obesity and impaired glucose tolerance can increase the risk of preterm labor, it is not the primary concern here. The main focus should be on the impact on fetal growth, which is more directly related to IUGR. Therefore, the patient is at greatest risk for developing intrauterine growth restriction due to her obesity and impaired glucose tolerance.",0.0134,0.0364,0.2724,0.0786,0.0432,0.0643,0.0643,0.489,0.5864,0.6936
"A 17-year-old girl is brought to the physician by her parents because they are concerned she is using illicit drugs. They report that, “she just isn’t herself anymore.” She has no history of serious illness and takes no medications. She is upset about being “tricked” to come to the doctor. Physical examination shows no abnormalities. On mental status examination, she has an angry mood and anxious affect. The patient’s parents privately request a toxicology screening for their daughter but ask that she be told that her blood will be taken to “check her thyroid gland.” After discussing the parents’ wish for secrecy, which of the following is the most appropriate next step in management?","” After discussing the parents’ wish for secrecy, which of the following is the most appropriate next step in management?","
A. Comply with the parents’ wishes 
B. Inform the parents that everything the patient tells the physician is confidential 
C. Inform the parents that if the patient’s toxicology screening is positive, it must be reported to the police 
D. Inform the parents that the physician cannot deceive the patient
",D,D,True,"Option A (Comply with the parents’ wishes) is not the best choice because it involves deceiving the patient, which is unethical and can harm the therapeutic relationship. Trust between the patient and healthcare provider is crucial for effective treatment and care. Option B (Inform the parents that everything the patient tells the physician is confidential) is not the best choice in this specific scenario because it does not address the issue of the parents' request for secrecy regarding the toxicology screening. While confidentiality is important, it should be balanced with the need to ensure the patient's safety and well-being. Option C (Inform the parents that if the patient’s toxicology screening is positive, it must be reported to the police) is not the best choice because it introduces unnecessary legal action without first confirming the results. It also implies that a positive result is certain, which may not be the case. Option D (Inform the parents that the physician cannot deceive the patient) is the most appropriate next step. This approach maintains ethical standards while respecting the patient's right to know the truth. It sets clear boundaries and explains why the toxicology screening is necessary, even if the parents request secrecy. This honesty helps build trust and allows the patient to understand the importance of the test, potentially leading to better cooperation and care.",0.0123,0.0607,0.2775,0.1138,0.0656,0.0976,0.0976,0.5077,0.6092,0.6656
"A 52-year-old woman with type 2 diabetes mellitus comes to the office for a follow-up examination. Two weeks ago, she was treated with amoxicillin for a urinary tract infection. At that time, her blood pressure was 165/98 mm Hg, and serum creatinine concentration was 1.2 mg/dL; lisinopril therapy was also begun. During the past week, she has had increased swelling of the lower extremities and shortness of breath. Her dysuria has resolved. She appears anxious. Temperature is 36.8°C (98.2°F), pulse is 110/min, respirations are 20/min, and blood pressure is 185/105 mm Hg. Diffuse bilateral crackles are heard on pulmonary examination. An S3 gallop is heard. There is 3+ pitting bilateral pretibial edema. The laboratory studies showed that the levels for Serum Urea nitrogen is 45 mg/dL and Serum Creatinine is 4 mg/dL. As for the urine, its specific gravity is 1.010, no blood, and has moderate numbers of Hyaline casts. Which of the following is the most likely diagnosis?",Which of the following is the most likely diagnosis?,"
A. Acute glomerulonephritis 
B. Acute interstitial nephritis 
C. Acute kidney injury 
D. Acute obstructive uropathy 
E. Intravascular volume depletion
",C,C,True,"- Acute Glomerulonephritis (Option A): This condition typically follows an infection, such as streptococcal pharyngitis, and presents with hematuria, proteinuria, hypertension, and often a decrease in renal function. However, the patient's history does not suggest a recent infection, and there is no mention of hematuria or proteinuria. Therefore, this is less likely. - Acute Interstitial Nephritis (Option B): This condition can be caused by medications, infections, or other factors and is characterized by fever, rash, and sometimes oliguria. The patient's symptoms do not align well with this diagnosis, as there is no mention of fever, rash, or oliguria. Additionally, the presence of hyaline casts in the urine suggests a different mechanism of injury. - Acute Kidney Injury (Option C): This is the most likely diagnosis given the patient's clinical presentation and laboratory findings. The significant increase in blood pressure, new-onset dyspnea, bilateral crackles on lung exam, S3 gallop, and severe elevation in serum creatinine from 1.2 mg/dL to 4 mg/dL over a short period strongly suggest acute kidney injury. The presence of 3+ pitting edema and hyaline casts further support this diagnosis. - Acute Obstructive Uropathy (Option D): This condition involves obstruction of the urinary tract, leading to rapid deterioration of renal function. While it can cause acute kidney injury, the absence of flank pain, hematuria, or a palpable mass makes this less likely in this case. - Intravascular Volume Depletion (Option E): This condition would typically present with hypotension, tachycardia, and signs of dehydration, which are not present in this patient. The patient's blood pressure is elevated, and there is no evidence of volume depletion. Given the rapid decline in renal function, the presence of edema, and the characteristic findings on physical examination, acute kidney injury is the most plausible diagnosis.",0.0056,0.0196,0.1543,0.0526,0.0331,0.0461,0.0461,0.4032,0.5605,0.6294
"A 15-year-old girl is brought to the emergency department by her father because of a 2-hour history of right leg pain that began after she fell from her bicycle. Medical history is remarkable for bilateral hearing loss, a fracture of the humerus at age 8 years, and multiple rib fractures. She takes no medications. Family history is remarkable for kyphoscoliosis, hearing loss, and early onset osteoporosis in her mother; the mother died from complications related to a hip fracture at age 44 years. The patient is a refugee who has recently immigrated. The patient appears to be in distress. She is below the 5th percentile for height, at the 70th percentile for weight, and above the 95th percentile for BMI. Her temperature is 37.0°C (98.6°F), pulse is 118/min, respirations are 12/min, and blood pressure is 130/68 mm Hg. Examination shows kyphosis and hypermobile joints of the hands, wrists, and feet. Examination of the right lower extremity shows superficial abrasions and ecchymoses; there is tenderness to palpation and movement of the extremity. Which of the following is the most likely underlying diagnosis?",Which of the following is the most likely underlying diagnosis?,"
A. Idiopathic juvenile osteoporosis 
B. Juvenile Paget disease 
C. Osteogenesis imperfecta 
D. Osteomalacia 
E. Rickets
",C,C,True,"- Osteogenesis Imperfecta (OI): This condition is characterized by bones that break easily, often from mild trauma or even spontaneously. It can present with multiple fractures, hearing loss, and other skeletal abnormalities. The family history of kyphoscoliosis, hearing loss, and early-onset osteoporosis in the mother, along with the patient's recent immigration status, fits well with OI, which can have variable expressivity and incomplete penetrance. The patient's physical examination findings, including kyphosis, hypermobile joints, and the history of multiple fractures, are consistent with OI. - Idiopathic Juvenile Osteoporosis: This condition typically presents with bone pain and fractures, but it does not usually include the additional features such as hearing loss, kyphoscoliosis, and the pattern of growth described (below the 5th percentile for height, at the 70th percentile for weight, and above the 95th percentile for BMI). The presence of multiple rib fractures and bilateral hearing loss is not typical for idiopathic juvenile osteoporosis. - Juvenile Paget Disease: While Paget disease can cause bone pain and deformities, it is less common in children and adolescents compared to OI. Additionally, Paget disease typically presents with more pronounced bone deformities and less frequent multiple fractures. The family history and clinical presentation do not strongly support this diagnosis. - Osteomalacia: This condition involves softening of the bones due to vitamin D deficiency or impaired vitamin D metabolism. It can cause bone pain and fractures, but it is more commonly associated with muscle weakness, bone pain, and deformities rather than the specific combination of features seen here, including the family history and the patient's growth pattern. - Rickets: This is a childhood disorder caused by vitamin D deficiency leading to defective bone mineralization. Like osteomalacia, it can cause bone pain and deformities, but it is more commonly seen in younger children and is associated with nutritional deficiencies, which are not highlighted in the patient's history. The patient's age and the specific combination of symptoms and family history make OI the most likely diagnosis.",0.0,0.0186,0.1434,0.0473,0.0179,0.0473,0.0473,0.395,0.5494,0.6377
"A 22-year-old primigravid woman at 10 weeks’ gestation comes to the emergency department (ED) because of a 3- day history of persistent vomiting. She is treated with intravenous hydration, pyridoxine, and doxylamine. As the resident physician prepares the patient for discharge, he asks who will be picking her up from the ED. She says her husband will be arriving soon and asks if the hospital staff can refer to her symptoms as a “stomach flu.” She does not want anyone to mention to her husband that she is pregnant because the pregnancy resulted from an oral contraceptive failure and “he is not expecting this.” Which of the following is the most appropriate next question to ask this patient?",” Which of the following is the most appropriate next question to ask this patient?,"
A. “Are finances tight at home?” 
B. “How do you think he will react?” 
C. “Is there somebody else who can pick you up?” 
D. “Was there a problem with your birth control?” 
E. “Will he try to force you to do something you aren’t comfortable with?”
",B,B,True,"Option A, ""Are finances tight at home?"" is not directly relevant to the patient's current situation and does not address the primary concern of the patient's confidentiality regarding her pregnancy. Option B, ""How do you think he will react?"" is the most appropriate next question. It allows the healthcare provider to understand the patient's concerns about how her husband might react to the news of her pregnancy. This information is crucial for providing support and ensuring the patient's safety and well-being. Option C, ""Is there somebody else who can pick you up?"" while related to the patient's immediate needs, does not address the patient's primary concern about keeping her pregnancy confidential. Option D, ""Was there a problem with your birth control?"" is inappropriate because it assumes that the patient had a problem with her birth control, which may not be true. The patient mentioned that the pregnancy resulted from a contraceptive failure, but it doesn't necessarily mean there was a problem with the method itself. Option E, ""Will he try to force you to do something you aren’t comfortable with?"" is also relevant but more specific than necessary. While it addresses potential abuse, the initial question should first focus on the patient's thoughts and feelings about informing her husband, which is the main concern expressed by the patient. By asking how the patient thinks her husband will react, the healthcare provider can better understand the patient's emotional state and provide appropriate support and resources, such as counseling or legal advice if needed, to ensure the patient's safety and autonomy.",0.0102,0.037,0.1656,0.0842,0.0424,0.0772,0.0772,0.4761,0.5804,0.7092
"Five days after admission to the hospital for management of an ST-elevation myocardial infarction, a 59-year-old man has the sudden onset of severe abdominal and bilateral lower extremity pain, cyanosis of the lower body, and paresthesias. On hospital days 1 and 2, he received vasopressor and inotropic therapy. On hospital day 2, echocardiography showed extensive anterolateral akinesis of the left ventricle. He has no history of serious illness. His medications are metoprolol, lisinopril, simvastatin, and dalteparin. He appears to be in acute distress. Pulse is 105/min and regular, respirations are 24/min, and blood pressure is 80/60 mm Hg. Examination shows lower body cyanosis to the level of the costal margins. Crackles are heard over the lower lung fields bilaterally. Distant heart sounds but no murmurs are heard. The abdomen is nondistended and nontender. Pulses are 1+ in the upper extremities and absent in the lower extremities. Muscle strength is 3/5 in the lower extremities. Sensation to touch and temperature is decreased over the lower extremities. ECG shows sinus tachycardia. Which of the following is the most likely explanation for this patient’s clinical findings?",Which of the following is the most likely explanation for this patient’s clinical findings?,"
A. Aortic dissection 
B. Aortic embolism 
C. Pericardial tamponade 
D. Right ventricular failure 
E. Ventricular rupture
",B,B,True,"- Aortic dissection (Option A): While aortic dissection can present with severe chest and back pain, it typically does not cause lower extremity symptoms such as cyanosis, paresthesias, or absent pulses. Additionally, the presence of distant heart sounds and normal ECG (except for sinus tachycardia) does not support a diagnosis of aortic dissection. - Aortic embolism (Option B): This condition involves the detachment of an aortic thrombus or plaque, which can travel downstream and occlude peripheral arteries, leading to symptoms like those described. The patient's history of an ST-elevation myocardial infarction (STEMI), which often involves atherosclerotic plaque, increases the risk of embolic events. The sudden onset of severe abdominal and bilateral lower extremity pain, cyanosis, paresthesias, and absent pulses in the lower extremities are consistent with aortic embolism. The decreased sensation to touch and temperature over the lower extremities also supports this diagnosis. - Pericardial tamponade (Option C): This condition would typically present with signs of cardiac tamponade, such as muffled heart sounds, jugular venous distension, and hypotension. The patient's examination findings do not support pericardial tamponade; instead, they suggest peripheral vascular compromise. - Right ventricular failure (Option D): Right ventricular failure can occur secondary to a large anterior wall myocardial infarction, but it usually presents with signs such as jugular venous distension, peripheral edema, and pulmonary congestion. The patient's findings of lower extremity cyanosis, absent pulses, and decreased sensation are more indicative of peripheral arterial occlusion rather than right ventricular failure. - Ventricular rupture (Option E): Ventricular rupture is a rare complication of myocardial infarction, presenting with sudden, severe chest pain, hypotension, and hemodynamic instability. The patient's presentation, including the absence of chest pain and the presence of cyanosis and paresthesias in the lower extremities, does not align with ventricular rupture. Given the patient's history, clinical presentation, and physical exam findings, aortic embolism is the most likely explanation for the patient's symptoms.",0.0081,0.0293,0.1986,0.0848,0.0366,0.0667,0.0667,0.4529,0.5758,0.7188
"A 75-year-old man comes to the clinic because of a 2-year history of progressive shortness of breath. He also has had an occasional dry cough for the past 6 months. He has not had chest pain, palpitations, or swelling of his legs. Medical history is unremarkable, and the patient takes no medications. He has smoked one pack of cigarettes daily for 57 years. He does not drink alcoholic beverages. Vital signs are temperature 37.0°C (98.6°F), pulse 92/min, respirations 18/min, and blood pressure 122/76 mm Hg. Pulse oximetry on room air shows an oxygen saturation of 89%. The patient has mild dyspnea when he speaks. Auscultation of the lungs discloses fine and dry crackles in the bases of both lungs. Cardiac examination discloses a normal S1 and S2. No extra heart sounds are heard. Jugular venous pulsation is measured at 2 cm above the sternal angle with the head of the bed elevated at 30 degrees. Examination of the extremities shows clubbing of the digits of both hands. Results of complete blood count, serum chemistry profile, and urinalysis are within the reference ranges. Chest x-ray shows scattered reticular opacities in both lung bases. There is no hilar lymphadenopathy. Which of the following is the most appropriate next step in evaluation?",Which of the following is the most appropriate next step in evaluation?,"
A. Echocardiography 
B. High-resolution CT scan of the chest 
C. Lung biopsy 
D. Serum antiglomerular basement membrane antibody assay 
E. Thoracic PET scan
",B,B,True,"Given the patient's history of progressive shortness of breath, a 2-year duration, occasional dry cough, smoking history, and physical exam findings such as fine and dry crackles in the bases of both lungs and clubbing of the digits, the clinical presentation is suggestive of interstitial lung disease (ILD). ILD can be caused by various conditions, including chronic obstructive pulmonary disease (COPD) with superimposed ILD, idiopathic pulmonary fibrosis (IPF), or other less common causes like connective tissue diseases. - Option A: Echocardiography - This is typically used to evaluate cardiac function and structure, which is not indicated here since there are no symptoms or signs of heart failure or cardiac pathology. The patient's normal S1 and S2, absence of extra heart sounds, and normal jugular venous pulsation do not suggest a need for echocardiography. - Option B: High-resolution CT scan of the chest - This is the most appropriate next step. The scattered reticular opacities seen on the chest X-ray are characteristic of ILD, and a high-resolution CT (HRCT) will provide more detailed images that can help differentiate between different types of ILD, such as usual interstitial pneumonia (UIP), non-specific interstitial pneumonia (NSIP), and others. HRCT is essential for guiding further diagnostic steps and management. - Option C: Lung biopsy - While a lung biopsy may be necessary if the diagnosis remains unclear after imaging, it is generally considered a second-line approach. It carries risks and is usually reserved for cases where the diagnosis is uncertain despite imaging and clinical context. - Option D: Serum antiglomerular basement membrane antibody assay - This test is specific for Goodpasture syndrome, a rare cause of rapidly progressive glomerulonephritis and pulmonary hemorrhage. Given the patient's history and clinical presentation, this test is not indicated. - Option E: Thoracic PET scan - Positron emission tomography (PET) scans are not typically used in the initial evaluation of suspected ILD. They are more commonly used in oncology for tumor staging and monitoring. In conclusion, a high-resolution CT scan of the chest is the most appropriate next step to further characterize the lung involvement and guide the diagnosis and subsequent management.",0.0074,0.0246,0.1807,0.0604,0.0331,0.0604,0.0604,0.4389,0.5545,0.6709
"A previously healthy 20-year-old woman, who is a sophomore in college, is brought to the emergency department by her roommates because of an 8-hour history of weakness and vomiting blood and a 2-day history of dizziness. She has no history of similar symptoms. She says she overeats in response to the stress of her classes. She induces vomiting after consuming a significant amount of food because she feels ""too full"" and ""out of control."" She now vomits almost daily. She feels she is slightly overweight. She is physically active and exercises moderately two to three times weekly. She does not use laxatives or diuretics. She has many friends and enjoys going out socially. She takes no medications. She drinks three to four beers on weekends and does not use illicit drugs. She appears uncomfortable and is tearful and mildly diaphoretic. She is 157 cm (5 ft 2 in) tall and weighs 59 kg (130 lb); BMI is 24 kg/m². Temperature is 37.5°C (99.5°F), pulse is 115/min and regular, and blood pressure is 100/68 mm Hg. Examination shows tender parotid glands bilaterally and poor dentition. Results of laboratory studies are most likely to show which of the following in this patient?",Results of laboratory studies are most likely to show which of the following in this patient?,"
A. K+ is Decreased, Cl⁻ is decreased, HCO³⁻ is decreased 
B. K+ is Decreased, Cl⁻ is decreased, HCO³⁻ is increased 
C. K+ is Decreased, Cl⁻ is increased, HCO³⁻ is decreased 
D. K+ is Increased, Cl⁻ is decreased, HCO³⁻ is increased 
E. K+ is Increased, Cl⁻ is increased, HCO³⁻ is decreased 
F. K+ is Increased, Cl⁻ is increased, HCO³⁻ is increased
",B,C,False,"This patient presents with symptoms consistent with bulimia nervosa, a type of eating disorder characterized by binge eating followed by purging behaviors such as self-induced vomiting. The clinical presentation includes weight loss, dehydration, electrolyte imbalances, and dental issues due to frequent exposure to stomach acid from vomiting. Let's analyze each electrolyte and acid-base parameter: - K+ (Potassium): Potassium levels are often decreased in patients with bulimia nervosa due to the loss of potassium-rich fluids through frequent vomiting. Vomiting can lead to significant potassium depletion, especially if it occurs multiple times a day. - Cl⁻ (Chloride): Chloride levels are typically increased in these patients. This is because chloride is lost in the vomitus along with other electrolytes, leading to a relative increase in serum chloride levels compared to potassium and bicarbonate. - HCO₃⁻ (Bicarbonate): Bicarbonate levels are usually decreased. This is due to the loss of bicarbonate-rich gastric contents during vomiting, which can lead to metabolic acidosis. Additionally, the body may compensate for the loss of bicarbonate by increasing the excretion of bicarbonate in the urine, further contributing to its decrease in the blood. Now, let's evaluate why the other options are incorrect: - Option A (K+ is Decreased, Cl⁻ is decreased, HCO³⁻ is decreased): While K+ and HCO₃⁻ would be decreased, Cl⁻ would not be decreased but rather increased. - Option B (K+ is Decreased, Cl⁻ is decreased, HCO³⁻ is increased): This is incorrect because Cl⁻ would be increased, not decreased, and HCO₃⁻ would be decreased. - Option D (K+ is Increased, Cl⁻ is decreased, HCO³⁻ is increased): This is incorrect because K+ would be decreased, not increased, and HCO₃⁻ would be decreased, not increased. - Option E (K+ is Increased, Cl⁻ is increased, HCO³⁻ is decreased): This is incorrect because K+ would be decreased, not increased, and Cl⁻ would be increased, not decreased. - Option F (K+ is Increased, Cl⁻ is increased, HCO³⁻ is increased): This is incorrect because K+ would be decreased, not increased, and both Cl⁻ and HCO₃⁻ would be decreased, not increased. Therefore, the most accurate representation of the patient's laboratory findings is option C.",0.0,0.0231,0.145,0.0604,0.011,0.0495,0.0495,0.3618,0.475,0.637
"A 58-year-old man comes to the clinic for a follow-up examination 3 months after beginning warfarin therapy for deep venous thrombosis. He noted blood in his urine 1 week ago but has not seen any since that time. He has not had pain, fever, or increased urinary frequency. He has not sustained any recent trauma. His prothrombin time and INR have been within the therapeutic ranges during his previous measurements. He has hypertension and benign prostatic hyperplasia. Medications are warfarin and hydrochlorothiazide. He smoked one pack of cigarettes daily for 40 years but quit when diagnosed with deep venous thrombosis. Temperature is 35.9°C (96.6°F), pulse is 88/min, respirations are 18/min, and blood pressure is 135/87 mm Hg. The prostate is moderately enlarged; no nodules are noted. Laboratory studies showed that the Prothrombin time is 19 sec (INR=2.5), serum Urea nitrogen is 18 mg/dL, serum Creatinine is 1 mg/dL, and Prostate-specific antigen is 3.8 ng/mL (N<4). The laboratory result on urine showed the following: blood is 3+, protein is 1+, RBC is too numerous to count, WBC is 2/hpf, no casts, and negative for Nitrites and Leukocyte esterase. In addition to a CT scan of the abdomen, which of the following is the most appropriate next step in management?","In addition to a CT scan of the abdomen, which of the following is the most appropriate next step in management?","
A. Adjustment of the warfarin dosage to maintain an INR between 1.5 and 2.0 
B. Ciprofloxacin therapy 
C. Cystoscopy 
D. Discontinuation of hydrochlorothiazide therapy 
E. Finasteride therapy
",C,C,True,"- Option A (Adjustment of the warfarin dosage to maintain an INR between 1.5 and 2.0): This is not the most appropriate next step because the patient's INR is already within the therapeutic range (2.5), and there is no indication that it needs to be adjusted further. The INR is slightly elevated, but this alone does not explain the hematuria observed. - Option B (Ciprofloxacin therapy): This antibiotic is typically used to treat bacterial infections. Given the absence of symptoms like pain, fever, or increased urinary frequency, and the negative results for nitrites and leukocyte esterase, a bacterial infection is unlikely. Therefore, starting ciprofloxacin without evidence of infection would be inappropriate. - Option C (Cystoscopy): This is the most appropriate next step. The presence of blood in the urine (hematuria) and the high number of red blood cells (RBCs) in the urine suggest a possible bladder or upper urinary tract issue. Cystoscopy allows direct visualization of the bladder and urethra, which can help identify causes such as bladder tumors, inflammation, or other conditions. Given the patient's history and current findings, cystoscopy is a reasonable diagnostic tool to rule out serious causes of hematuria. - Option D (Discontinuation of hydrochlorothiazide therapy): Hydrochlorothiazide is a diuretic used to manage hypertension and benign prostatic hyperplasia. There is no indication from the provided information that its discontinuation would address the hematuria. Discontinuing a medication without a clear reason could lead to worsening of the patient’s hypertension or other conditions managed by this drug. - Option E (Finasteride therapy): Finasteride is used to treat benign prostatic hyperplasia. While the patient has benign prostatic hyperplasia, there is no indication that finasteride would directly address the hematuria. Additionally, finasteride is not typically used to treat hematuria unless it is related to prostate issues, which is not supported by the current findings. In conclusion, given the clinical presentation and laboratory findings, cystoscopy is the most appropriate next step to investigate the cause of the hematuria.",0.008,0.0421,0.2255,0.086,0.0403,0.0745,0.0745,0.4652,0.5786,0.691
"A 32-year-old woman is brought to the emergency department immediately after being involved in a motor vehicle collision. She was the unrestrained driver. On arrival, she says she has severe pain in her right groin. On examination, any movement of the right hip produces pain. An x-ray of the pelvis shows a completely displaced fracture of the femoral neck. In addition to intravenous morphine, which of the following is the most appropriate management?","In addition to intravenous morphine, which of the following is the most appropriate management?","
A. Bed rest 
B. Closed reduction followed by traction 
C. Hip spica hinge brace 
D. Limited weight bearing with use of crutches 
E. Operative reduction and internal fixation
",E,E,True,"- Option A: Bed rest - While bed rest may be part of the initial management to prevent further injury and allow for pain control, it is not sufficient for treating a completely displaced femoral neck fracture. Bed rest alone does not address the need for proper alignment and stabilization of the fracture site. - Option B: Closed reduction followed by traction - This approach might be considered in some cases, but it is generally less favorable for a completely displaced femoral neck fracture due to the high risk of re-displacement and potential complications such as avascular necrosis. Additionally, closed reduction can be challenging and may not achieve the necessary stability for healing. - Option C: Hip spica hinge brace - This is an older method that was used before the advent of modern surgical techniques. It involves immobilizing the hip and leg in a cast or brace, which can be uncomfortable and may not provide the necessary stability for a completely displaced fracture. Moreover, it can lead to complications such as pressure sores and limited mobility. - Option D: Limited weight bearing with use of crutches - This is not appropriate for a completely displaced femoral neck fracture. Weight-bearing can exacerbate the displacement and lead to nonunion or malunion of the fracture, potentially resulting in long-term disability. - Option E: Operative reduction and internal fixation - This is the most appropriate management for a completely displaced femoral neck fracture. Operative reduction allows for precise alignment of the fracture fragments, and internal fixation (such as using a hip screw or other devices) provides the necessary stability to allow for proper healing. This method has been shown to have better outcomes in terms of pain relief, functional recovery, and prevention of complications like avascular necrosis compared to non-surgical methods.",0.0062,0.0307,0.1928,0.0654,0.0329,0.0654,0.0654,0.4599,0.582,0.6537
"A 57-year-old man comes to the physician 1 week after he had a 45-minute episode of slurred speech and clumsiness of his right hand. The episode occurred during his daily walk; the symptoms resolved during the next 24 hours. He has no history of similar symptoms. He has a 20-year history of hypertension and a 15-year history of hypercholesterolemia controlled with a low-cholesterol diet and daily exercise. He takes no medications. He has smoked one pack of cigarettes daily for 40 years and drinks one to two glasses of wine nightly with dinner. He is alert and fully oriented. He is 178 cm (5 ft 10 in) tall and weighs 86 kg (190 lb); BMI is 27 kg/m². His temperature is 37.0°C (98.6°F), pulse is 88/min, respirations are 10/min, and blood pressure is 170/90 mm Hg. Examination, including neurologic examination, shows no other abnormalities. Daily enteric-coated aspirin therapy is begun. Which of the following is the most appropriate next step to decrease this patient’s risk for subsequent cerebral infarction?",Which of the following is the most appropriate next step to decrease this patient’s risk for subsequent cerebral infarction?,"
A. Alcohol cessation 
B. Smoking cessation 
C. Weight loss program 
D. Antihypertensive therapy 
E. Cholesterol-lowering therapy
",D,B,False,"Given the patient's history and the recent transient ischemic attack (TIA) symptoms, the most appropriate next step to decrease his risk for subsequent cerebral infarction is smoking cessation. Here's a detailed explanation of why each option is chosen or not: A. Alcohol cessation - While excessive alcohol consumption can contribute to cardiovascular risks, the patient's current moderate alcohol intake (one to two glasses of wine nightly) is generally considered within safe limits. There is no strong evidence that reducing this level of alcohol consumption would significantly reduce the risk of a recurrent TIA or stroke in this case. B. Smoking cessation - This is the correct answer. Smoking is a major risk factor for cerebrovascular disease, including TIA and stroke. It damages the lining of the arteries, promotes the formation of atherosclerotic plaques, and increases the risk of thrombosis. Stopping smoking can lead to significant improvements in vascular health and reduce the risk of recurrent events. C. Weight loss program - While weight management is important for overall health, especially given the patient's BMI of 27 kg/m², which is slightly overweight, it is not the immediate priority compared to addressing modifiable risk factors like smoking and hypertension. The patient's current weight does not indicate obesity, and weight loss alone may not be sufficient to prevent a recurrent TIA without addressing other risk factors. D. Antihypertensive therapy - The patient already has hypertension, but since he is currently on daily aspirin therapy, which is a reasonable initial step, antihypertensive therapy might not be the most immediate next step unless his blood pressure is severely elevated or not well-controlled despite lifestyle modifications. However, long-term management of hypertension remains crucial for preventing stroke. E. Cholesterol-lowering therapy - The patient has a history of hypercholesterolemia, but his current cholesterol levels are not specified. If his cholesterol levels are high, statin therapy could be beneficial. However, given the recent TIA, the primary focus should be on stopping smoking, as it addresses a more immediate and potent risk factor for stroke. In conclusion, while all these options are important for overall health, smoking cessation is the most critical step to reduce the risk of a recurrent cerebral infarction in this patient.",0.0147,0.0388,0.2185,0.0977,0.0724,0.0771,0.0771,0.532,0.6201,0.7621
"A 27-year-old primigravid woman at 21 weeks’ gestation comes to the emergency department because of a 2-day history of moderate headache, shortness of breath, nausea, vomiting, muscle aches, and malaise. She also has had cough occasionally productive of sputum. Pregnancy had been uncomplicated. She has no history of serious illness, and her only medication is a prenatal vitamin. She immigrated to the USA from India 6 months ago. Temperature is 38.3°C (100.9°F), pulse is 100/min, respirations are 18/min, and blood pressure is 100/60 mm Hg. On examination, breath sounds are decreased at the right lung base. Fundal height is 22 cm. Fetal heart rate is 160/min. Chest x-ray shows right-sided interstitial infiltrates. Which of the following is the most likely infectious agent?",Which of the following is the most likely infectious agent?,"
A. Haemophilus influenzae 
B. Influenza A virus 
C. Legionella pneumophila 
D. Mycobacterium tuberculosis 
E. Pseudomonas aeruginosa 
F. Streptococcus pneumoniae
",B,C,False,"Given the patient's symptoms, including a 2-day history of moderate headache, shortness of breath, nausea, vomiting, muscle aches, and malaise, along with a cough occasionally productive of sputum, and the presence of right-sided interstitial infiltrates on chest X-ray, the most likely infectious agent is Legionella pneumophila. Here’s why: 1. Legionella pneumophila: This bacterium is known to cause Legionnaires' disease, which presents with symptoms similar to those described in the patient. It often involves fever, cough, shortness of breath, and can lead to interstitial infiltrates on chest X-ray. The patient's recent immigration from India and the presence of right-sided infiltrates are consistent with this diagnosis. 2. Haemophilus influenzae: While this bacterium can cause respiratory infections, it typically presents more commonly as otitis media, sinusitis, or bronchitis, and less frequently as pneumonia. It does not usually present with the specific pattern of symptoms and findings described. 3. Influenza A virus: Influenza can cause similar symptoms, but it generally presents with a more acute onset and is more likely to be associated with systemic symptoms like fever, myalgia, and malaise. Additionally, influenza typically causes bilateral rather than unilateral lung infiltrates. 4. Mycobacterium tuberculosis: Tuberculosis can cause pulmonary infiltrates, but it usually presents with chronic symptoms such as persistent cough, weight loss, night sweats, and hemoptysis. The rapid onset and other symptoms do not align well with tuberculosis. 5. Pseudomonas aeruginosa: This bacterium can cause severe pneumonia, particularly in immunocompromised individuals or those with underlying lung conditions. However, it is less common in otherwise healthy pregnant women without these risk factors. 6. Streptococcus pneumoniae: This is a common cause of community-acquired pneumonia, but it typically presents with more typical signs and symptoms of pneumonia, such as high fever, severe cough, and more pronounced respiratory distress. The patient's presentation is less consistent with this organism. The patient's recent immigration from India and the presence of right-sided interstitial infiltrates make Legionella pneumophila the most plausible cause among the given options.",0.0052,0.0208,0.13,0.052,0.0233,0.0405,0.0405,0.4157,0.5308,0.6127
"A 7-year-old boy is brought to the physician because of a 1-year history of poor performance in school. His parents say that he is bright, has many friends, and seems to want to do well in school. His teachers report that he seems frustrated with his own progress and his inability to meet the expectations of his parents. Speech fluency and articulation and motor skills are appropriate for age. Physical examination shows no abnormalities. When asked to read during the examination, he has significant difficulty sounding out words he is unfamiliar with. Visual acuity test and audiometry show no abnormalities. Which of the following is the most likely diagnosis?",Which of the following is the most likely diagnosis?,"
A. Attention-deficit/hyperactivity disorder 
B. Expressive language disorder 
C. Intellectual developmental disorder 
D. Learning disorder 
E. Social anxiety disorder (social phobia) 
F. Normal behavior
",D,D,True,"- A. Attention-deficit/hyperactivity disorder (ADHD): While ADHD can affect academic performance, it typically involves symptoms such as inattention, hyperactivity, and impulsivity. The patient's description does not specifically mention these behaviors, making ADHD less likely. - B. Expressive language disorder: This condition involves difficulties in expressing thoughts through speech or writing. The patient's difficulty is more related to reading and understanding unfamiliar words rather than expressing himself verbally or in writing, so this is less likely. - C. Intellectual developmental disorder: This would be indicated if there were significant delays in cognitive development and adaptive functioning. The patient's parents describe him as bright and having many friends, which suggests normal intellectual functioning. - D. Learning disorder: This is the most likely diagnosis given the patient's difficulty in reading unfamiliar words despite being bright and having no physical or sensory impairments. Reading difficulties are a hallmark of specific learning disorders, particularly dyslexia, which fits the clinical presentation described. - E. Social anxiety disorder (social phobia): Although the patient appears to want to do well in school and has friends, social anxiety disorder primarily affects social interactions and performance in social settings, not necessarily academic performance. The frustration with academic progress and inability to meet parental expectations suggest a focus on academic challenges rather than social anxiety. - F. Normal behavior: Given the persistent and specific academic difficulties over a year, this option is unlikely. The patient's performance issues are not typical of normal variation in academic achievement. Therefore, based on the clinical presentation, the most likely diagnosis is a learning disorder, specifically one affecting reading skills.",0.0065,0.0227,0.1931,0.0584,0.0294,0.0584,0.0584,0.4227,0.5453,0.6786
"A 23-year-old woman who is an active-duty enlisted airman in the US Air Force comes to the base clinic because of a 4-week history of an itchy sensation in her right ear. She has not had ringing in her ears or hearing loss. She works as a fuel specialist and at first attributed her symptom to the earplugs she uses when she is on the flight line. The symptom has not improved despite the patient's wearing headphones instead of the earplugs during the past 2 weeks. She has no history of serious illness and takes no medications. Vital signs are within normal limits. During examination, pulling of the right pinna inferiorly to examine the ear canal produces pain. The right ear canal appears erythematous and edematous. The tympanic membrane cannot be fully visualized because of the presence of cerumen. Examination of the left ear shows no abnormalities. Which of the following is the most likely diagnosis?",Which of the following is the most likely diagnosis?,"
A. Cerumen impaction 
B. Ear canal trauma 
C. Otitis externa 
D. Polychondritis 
E. Seborrheic dermatitis
",C,C,True,"- A. Cerumen impaction: While the patient does have cerumen present in the ear canal, the primary issue described is inflammation and edema, which are more indicative of otitis externa rather than simply cerumen impaction. Cerumen impaction typically causes a feeling of fullness or blockage but usually does not cause significant pain or erythema (redness) without secondary infection. - B. Ear canal trauma: Although the patient mentions using earplugs, the fact that the symptoms persist even after switching to headphones suggests that the trauma from the earplugs may not be the primary cause. Additionally, the presence of erythema and edema without a clear history of direct trauma points away from this diagnosis. - C. Otitis externa: This condition involves inflammation of the external auditory canal, often due to bacterial or fungal infections. The symptoms of itching, pain upon pulling the pinna, erythema, and edema are classic signs of otitis externa. The presence of cerumen can complicate visualization of the tympanic membrane but does not preclude the diagnosis of otitis externa. - D. Polychondritis: This is a rare inflammatory disorder affecting the cartilage, which can involve the ear. However, the symptoms described do not align with polychondritis, which typically presents with more systemic symptoms such as joint pain and swelling, and less commonly with localized ear symptoms. - E. Seborrheic dermatitis: This condition affects the skin and hair follicles, particularly in areas rich in sebaceous glands like the scalp, face, and ears. While it can cause itching and redness, it generally does not cause the specific symptoms of pain upon pulling the pinna or the inability to visualize the tympanic membrane due to cerumen. Given the clinical presentation, the most likely diagnosis is otitis externa, characterized by the symptoms of itching, pain, erythema, and edema in the right ear canal.",0.0029,0.0203,0.1601,0.0528,0.0266,0.0528,0.0528,0.4057,0.5308,0.5722
"A 34-year-old woman who is on active duty in the US Army comes to the military urgent care clinic because of a 4- day history of headache, purulent nasal discharge, and left facial pain. She has not had fever or chills. She has chronic bilateral knee pain, which she attributes to multiple parachute jumps while she was assigned to an airborne unit 7 years ago. The knee pain is exacerbated by long-distance running on pavement. Her only medication is occasional ibuprofen for the knee pain. The patient has no known medication allergies. Temperature is 37.1°C (98.8°F), pulse is 60/min, respirations are 14/min, and blood pressure is 122/80 mm Hg. Cervical lymph nodes are not palpable. There is tenderness to palpation over the left maxillary sinus. Nasal examination shows inflamed turbinates and purulent discharge. The patient needs to blow her nose twice during the examination. Bilateral otoscopic examination discloses no abnormalities. Examination of the oropharynx shows scant purulent discharge posteriorly. The remainder of the examination discloses no abnormalities. Which of the following is the most appropriate next step in management?",Which of the following is the most appropriate next step in management?,"
A. CT scan of the sinuses 
B. Gram stain and culture of nasal discharge 
C. Ibuprofen and decongestant therapy 
D. Trimethoprim-sulfamethoxazole therapy 
E. X-ray of the sinuses
",C,B,False,"Given the patient's symptoms of a 4-day history of headache, purulent nasal discharge, and left facial pain, along with tenderness to palpation over the left maxillary sinus and nasal examination showing inflamed turbinates and purulent discharge, the clinical presentation strongly suggests acute maxillary sinusitis. This condition is typically caused by bacterial infection, often secondary to viral upper respiratory tract infections. Let's evaluate each option: A. CT scan of the sinuses: While a CT scan can be very useful in diagnosing sinusitis, especially when there is suspicion of complications such as abscess formation or severe inflammation, it is not the first-line management step. It is more appropriate if there is a need to rule out complications or if the diagnosis is uncertain after initial clinical assessment and basic investigations. B. Gram stain and culture of nasal discharge: This is the most appropriate next step. A Gram stain can quickly identify the presence of bacteria and their morphology, providing immediate information about the type of bacteria involved. Culturing the nasal discharge will confirm the presence of bacteria and help determine the specific antibiotic sensitivity, guiding targeted antibiotic therapy. This approach is cost-effective and provides rapid results compared to imaging studies. C. Ibuprofen and decongestant therapy: While these may provide symptomatic relief, they do not address the underlying cause of the sinusitis. Decongestants can help reduce swelling and improve drainage but should not be used long-term without addressing the bacterial infection. D. Trimethoprim-sulfamethoxazole therapy: This is a broad-spectrum antibiotic that could be effective against many bacterial pathogens causing sinusitis. However, it should be prescribed based on the results of the Gram stain and culture, rather than empirically. Empirical use of antibiotics can lead to unnecessary side effects and contribute to antibiotic resistance. E. X-ray of the sinuses: An X-ray can show some signs of sinusitis, but it is less sensitive and specific compared to a CT scan. It is generally not recommended as the first-line investigation for suspected sinusitis unless there is a specific indication, such as a high suspicion of complications. In conclusion, the Gram stain and culture of nasal discharge (Option B) is the most appropriate next step in managing this patient's acute maxillary sinusitis, as it provides both immediate and definitive diagnostic information necessary for targeted treatment.",0.0095,0.0236,0.1952,0.0499,0.0351,0.0449,0.0449,0.4271,0.5535,0.662
"A 16-year-old boy with VATER syndrome is brought to the physician because of 2-week history of harsh cough that began with a common cold. He receives no medications. Temperature is 37°C (98.6°F), pulse is 70/min, respirations are 20/min, and blood pressure is 112/64 mm Hg. Examination shows a harsh vibratory sound in the mid anterior chest with forced expiration. A systolic murmur is heard best at the lower left sternal border. There is mild scoliosis. Spirometry shows an FVC of 2.54 L (78% of predicted) and a slow vital capacity of 2.88 L (85% of predicted). A flow volume loop shows scooping on the expiratory limb. Which of the following is the most likely cause of the discrepancy between this patient’s forced and slow vital capacity measurements?",Which of the following is the most likely cause of the discrepancy between this patient’s forced and slow vital capacity measurements?,"
A. Bronchospasm 
B. Laryngeal braking 
C. Subglottic mass 
D. Tracheal collapse 
E. Upper airway compression
",D,B,False,"- Bronchospasm (Option A): While bronchospasm can affect lung function, it typically affects both the forced vital capacity (FVC) and the slow vital capacity (SVC) similarly, as it involves the entire airway resistance. The discrepancy observed here, where the FVC is lower than the SVC, suggests a more localized issue rather than a generalized airway obstruction. - Laryngeal braking (Option B): This condition refers to the vocal cords closing during forced expiration, which can lead to a higher SVC compared to the FVC. This is consistent with the patient's findings, where the SVC is higher than the FVC, indicating that the patient can expire more slowly but not forcefully due to the laryngeal closure. - Subglottic mass (Option C): A subglottic mass could obstruct airflow, leading to a reduced FVC. However, it would also likely affect the SVC similarly, unless the mass is particularly problematic during forced expiration. Given the specific pattern of results, this is less likely to be the primary cause. - Tracheal collapse (Option D): Tracheal collapse can cause a reduction in FVC due to the narrowing of the airway during inspiration and expiration. However, it would not typically explain the higher SVC, as it would affect both measures similarly. - Upper airway compression (Option E): Compression of the upper airway can reduce FVC, but it would generally impact both the FVC and SVC similarly, depending on the severity and location of the compression. The specific pattern of higher SVC suggests a mechanism that is more selective for forced expiration. Given the patient's history of VATER syndrome, which includes esophageal atresia and tracheoesophageal fistula, the presence of a harsh vibratory sound in the mid anterior chest with forced expiration, and the systolic murmur at the lower left sternal border (indicative of a possible tricuspid regurgitation or other cardiac issues), laryngeal braking is the most plausible explanation for the discrepancy between the FVC and SVC measurements.",0.0,0.0486,0.2447,0.1246,0.0537,0.0772,0.0772,0.4854,0.5776,0.6229
"A chief medical officer at a hospital has received several reports that one of her colleagues, a 64-year-old male surgeon, has “not been acting like himself” recently. An administrative assistant says that during the past 6 months, the surgeon’s dictations have become hard to follow and appear to be missing information; previously, they were comprehensive and easy to transcribe. The assistant adds that after the surgeon missed three meetings in a row during the past 2 months, he asked her to send him a text message 5 minutes before the next meeting to let him know its location. Previously, he was always in attendance and on time for meetings. A senior resident also has noted unusual behavior by the surgeon; the resident says that while on rounds 3 days ago, the surgeon listed incorrect indications for a specific surgical procedure. A scrub nurse reported that the surgeon used unsterile practices three times during a 2-hour procedure today. The chief medical officer meets with the surgeon and asks him about these reported incidents. The surgeon says that “nothing is wrong” and the people who reported him are angry with him for various reasons and “are trying to stir up trouble.” Which of the following is the most appropriate action for the chief medical officer to take?",” Which of the following is the most appropriate action for the chief medical officer to take?,"
A. Accept the surgeon’s answer and only pursue further action if there is another complaint 
B. Determine whether other staff have noticed anything different about the surgeon’s behavior 
C. Inform the surgeon that he should consider retirement 
D. Instruct the surgeon to take a temporary leave of absence and undergo a medical evaluation
",D,D,True,"Option A (Accept the surgeon’s answer and only pursue further action if there is another complaint) is incorrect because it disregards the multiple reports of concerning behavior and performance issues. Accepting the surgeon's word without further investigation could lead to serious patient safety risks. Option B (Determine whether other staff have noticed anything different about the surgeon’s behavior) is a step in the right direction but not sufficient on its own. While gathering more information from other staff can provide additional context, it does not address the immediate need to ensure the surgeon's fitness to practice medicine. It is crucial to take prompt action to protect patients and the integrity of the medical practice. Option C (Inform the surgeon that he should consider retirement) is too extreme and premature given the current situation. Retirement should be considered as a last resort after thorough evaluation and if the surgeon is found to be unable to perform his duties due to health issues. It is important to first assess the surgeon's current condition through a medical evaluation. Option D (Instruct the surgeon to take a temporary leave of absence and undergo a medical evaluation) is the most appropriate action. This allows the surgeon to take some time off to address any personal or health issues that may be affecting his performance. Simultaneously, it provides an opportunity for a professional medical evaluation to determine the root cause of the reported issues. This approach ensures patient safety, maintains the standards of the medical practice, and gives the surgeon a chance to address any underlying problems.",0.0071,0.0421,0.1996,0.0851,0.0429,0.078,0.078,0.4816,0.6062,0.6719
"A 33-year-old woman is admitted to the hospital because of visual field loss following a 48-hour history of acute eye pain. She also has a 3-week history of numbness and a feeling of ""heaviness"" in both legs. She has no history of serious illness and takes no medications. Six weeks ago, she returned from a hiking expedition in the northeastern USA; she has no recent history of international travel. Vital signs are within normal limits. Muscle strength is 5/5 in the upper extremities, 3/5 in the hip flexors and knee extensors, and 4/5 in the knee flexors and ankle dorsiflexors. Patellar and ankle reflexes are 3+ bilaterally, and there is nonsustained ankle clonus bilaterally. Sensation to pinprick is absent throughout the lower extremities. Ophthalmologic examination discloses optic neuritis and reconfirms the visual field loss. Which of the following studies is most likely to confirm the diagnosis?",Which of the following studies is most likely to confirm the diagnosis?,"
A. CT scan of the cervical spine 
B. Electromyography and nerve conduction studies 
C. Lumbar puncture for examination of cerebrospinal fluid 
D. Measurement of serum Lyme (Borrelia burgdorferi) antibody concentration 
E. MRI of the brain
",E,D,False,"- Option A: CT scan of the cervical spine - This imaging modality is not typically used to diagnose Lyme disease. It is more useful for evaluating structural abnormalities in the cervical spine, such as fractures or tumors. The patient's symptoms do not suggest a need for this type of imaging. - Option B: Electromyography and nerve conduction studies - These tests are used to assess the function of muscles and the nerves that control them. They can help diagnose conditions like peripheral neuropathy or myopathy but are not specific for diagnosing Lyme disease. The patient's symptoms of visual field loss and lower extremity weakness could be due to other causes, making these tests less relevant for confirming Lyme disease. - Option C: Lumbar puncture for examination of cerebrospinal fluid - While a lumbar puncture can be useful in diagnosing neuroborreliosis (Lyme disease affecting the nervous system), it is not the first-line test for confirming the diagnosis. The presence of oligoclonal bands and elevated protein levels in the CSF are indicative of inflammation, which can occur in various neurological conditions. However, the specific finding of Borrelia burgdorferi antibodies in the CSF would be more definitive. - Option D: Measurement of serum Lyme (Borrelia burgdorferi) antibody concentration - This is the most appropriate initial test for diagnosing Lyme disease. The patient's recent history of hiking in the northeastern USA, where Lyme disease is endemic, along with her symptoms of visual field loss, lower extremity weakness, and sensory changes, strongly suggests Lyme disease. A positive serological test for Borrelia burgdorferi antibodies would confirm the diagnosis. - Option E: MRI of the brain - An MRI of the brain can help visualize structural changes in the brain and is useful in diagnosing certain neurological conditions. However, it is not the primary diagnostic tool for Lyme disease. The MRI findings might show changes consistent with neuroborreliosis, but they are not specific enough to confirm the diagnosis without serological evidence. Given the patient's history and clinical presentation, the measurement of serum Lyme (Borrelia burgdorferi) antibody concentration is the most likely study to confirm the diagnosis.",0.0026,0.0256,0.2,0.0616,0.0282,0.056,0.056,0.4204,0.5843,0.6408
"A 68-year-old woman comes to the office because she is concerned about developing Alzheimer disease. She says she has had increasing difficulty recalling names of people and objects during the past 6 months. She has not had difficulty with her activities of daily living, finances, or shopping. She teaches part-time at a local community college. She has no history of serious illness and takes no medications. She does not smoke cigarettes. She drinks one 5-oz glass of wine daily. Her mother developed dementia, Alzheimer type, in her mid 70s. Physical and neurologic examinations of the patient show no abnormalities. On cognitive testing, she has delayed recall of three of five words. She is able to perform serial sevens, knows similarities, is fully oriented, and has intact executive, visuospatial, and attention abilities. Which of the following is the most appropriate next step in management?",Which of the following is the most appropriate next step in management?,"
A. Amyloid plaque imaging 
B. Determination of ApoE allele status 
C. Measurement of beta-amyloid in the cerebrospinal fluid 
D. MRI of the brain with volumetric analysis 
E. No additional diagnostic studies are indicated
",E,E,True,"Given the patient's age, family history, and current cognitive profile, it appears that she may be experiencing mild cognitive impairment (MCI), which can sometimes progress to Alzheimer's disease but does not necessarily mean she will develop it. The patient's ability to perform serial sevens, know similarities, be fully oriented, and have intact executive, visuospatial, and attention abilities suggests that her cognitive function is still within normal limits despite some memory issues. Delayed recall of three out of five words is a subtle sign of memory impairment, but it is not severe enough to warrant immediate invasive or expensive diagnostic procedures. Let's examine each option: A. Amyloid plaque imaging - This is an advanced imaging technique used to detect amyloid plaques in the brain, which are a hallmark of Alzheimer's disease. However, given the patient's current mild symptoms and normal neurologic examination, this would be an overstep without more definitive evidence of cognitive decline. B. Determination of ApoE allele status - The ApoE ε4 allele is associated with an increased risk of Alzheimer's disease, but knowing her ApoE status would not change the current management plan. It is not necessary for initial evaluation unless there is a strong suspicion of early-onset Alzheimer's disease, which is less likely in someone of her age. C. Measurement of beta-amyloid in the cerebrospinal fluid - This test is typically reserved for patients with more advanced cognitive impairment or when other causes of dementia need to be ruled out. Given the patient's current condition, this is not indicated. D. MRI of the brain with volumetric analysis - While an MRI can help rule out other causes of cognitive impairment such as stroke or tumors, the patient's physical and neurologic exams were normal, and there is no indication of structural brain changes based on her current presentation. E. No additional diagnostic studies are indicated - This is the most appropriate next step. The patient should be monitored for any progression of cognitive symptoms. Regular follow-ups, including cognitive assessments, can help track any changes. Lifestyle modifications, such as maintaining social engagement, physical activity, and a healthy diet, should also be recommended. If her symptoms worsen or new symptoms appear, further diagnostic evaluations might be considered. In conclusion, the patient's current presentation does not warrant additional diagnostic studies at this time. Regular monitoring and lifestyle recommendations are the most appropriate course of action.",0.0068,0.0225,0.1664,0.053,0.0291,0.0482,0.0482,0.4519,0.5595,0.6726
"A 55-year-old man with major depressive disorder is brought to the emergency department 1 1/2 hours after he was found by his brother in his home acting strangely. On arrival, he is babbling incoherently and cannot answer questions. There are two empty pill bottles in his pockets; one is for paroxetine and the other is for duloxetine. He is restless, diaphoretic, and says he has a severe headache. Temperature is 38.5°C (101.3°F), pulse is 130/min, and blood pressure is 145/105 mm Hg. The pupils are 8 mm and reactive to light. Deep tendon reflexes are 4+ and symmetric in all extremities. There is spontaneous myoclonus in the upper extremities. Results of laboratory studies, including a complete blood count, serum electrolyte concentrations, creatine phosphokinase activity, and thyroid function tests, are within the reference ranges. After admitting the patient to the hospital for observation and supportive care, what are you going to give or change in terms of pharmacotherapy?","After admitting the patient to the hospital for observation and supportive care, what are you going to give or change in terms of pharmacotherapy?","
A. Add carbamazepine to the medication regimen 
B. Add dantrolene to the medication regimen 
C. Add haloperidol to the medication regimen 
D. Discontinue paroxetine and duloxetine 
E. Switch from duloxetine to olanzapine
",D,D,True,"Given the patient's presentation, which includes agitation, restlessness, diaphoresis, severe headache, fever, hypertension, mydriasis (large pupils), and myoclonus, these symptoms are highly suggestive of serotonin syndrome, a potentially life-threatening condition caused by excessive serotonergic activity. Serotonin syndrome can occur when there is an excess of serotonin in the brain due to increased serotonergic activity, often as a result of drug interactions or overdose. Let's examine each option: A. Add carbamazepine to the medication regimen - This is incorrect because carbamazepine is not indicated for treating serotonin syndrome. It is primarily used for seizure disorders and bipolar disorder. Adding carbamazepine would not address the underlying issue of serotonin excess. B. Add dantrolene to the medication regimen - Dantrolene is used to treat malignant hyperthermia and muscle rigidity associated with certain conditions but is not indicated for serotonin syndrome. It does not directly counteract the effects of serotonin. C. Add haloperidol to the medication regimen - While haloperidol can be used to manage agitation and delirium, it is not the first-line treatment for serotonin syndrome. Haloperidol can also cause extrapyramidal side effects, which could exacerbate the patient's condition if serotonin syndrome is present. D. Discontinue paroxetine and duloxetine - This is the correct answer. Both paroxetine and duloxetine are selective serotonin reuptake inhibitors (SSRIs) that increase serotonin levels in the brain. Discontinuing these medications will help reduce the excess serotonin and allow the body to return to normal neurotransmitter balance, which is crucial in managing serotonin syndrome. E. Switch from duloxetine to olanzapine - This is incorrect because olanzapine is an atypical antipsychotic and is not indicated for the treatment of depression or serotonin syndrome. Switching to olanzapine would not address the serotonin excess and could introduce additional risks. In conclusion, discontinuing the SSRIs (paroxetine and duloxetine) is the most appropriate action to take in this scenario to manage the suspected serotonin syndrome.",0.0,0.0312,0.1193,0.0657,0.012,0.0597,0.0597,0.4487,0.5372,0.5755
"A 32-year-old man comes to the office for a follow-up examination 2 months after he was diagnosed with hypertension. He arrives late for the appointment, stating that he had to make sure no one followed him here because some ""drug dealers"" are after him. He insists that he be seen in an examination room with no windows. He says he is ""fine"" but is reluctant to answer questions because ""doctors hold everything against me."" He doubts his diagnosis and says, ""Doctors and drug companies are in cahoots trying to get my money."" He refuses to speak with the office manager about his bill because he thinks ""she looks at me funny and makes nasty remarks about me behind my back."" He says he has no history of psychiatric illness; his medical record indicates that he has made similar statements during the past 7 years concerning doctors and office staff but he always refused to elaborate on his statements. His medications are metoprolol and hydrochlorothiazide. He does not drink alcohol or use illicit drugs. Vital signs are within normal limits. Physical and neurologic examinations show no abnormalities. Results of screening laboratory studies are within the reference ranges. Which of the following is the most appropriate next step in management?",Which of the following is the most appropriate next step in management?,"
A. Begin clonazepam therapy 
B. Begin risperidone therapy 
C. Begin sertraline therapy 
D. Determine whether the patient has friends or family who can monitor him at home 
E. Determine whether the patient has had thoughts of harming others 
F. Determine whether the patient is adherent to his medication
",E,D,False,"This case presents a patient with a history of paranoid delusions and suspiciousness towards healthcare providers and staff, which is consistent with symptoms of paranoia. The patient's reluctance to engage in conversation, refusal to discuss his concerns, and insistence on privacy (no windows) suggest significant distress and mistrust. Given the patient's history of similar statements over the past 7 years, it is important to consider a psychiatric evaluation to understand the underlying cause of these symptoms. Let's examine each option: A. Begin clonazepam therapy - Clonazepam is a benzodiazepine used primarily for anxiety disorders, seizures, and panic attacks. While it might help with anxiety, it does not address the core issue of paranoia and mistrust. It also carries risks of dependency and side effects. B. Begin risperidone therapy - Risperidone is an antipsychotic medication used to treat schizophrenia, bipolar disorder, and other psychotic conditions. However, starting an antipsychotic without a clear psychiatric diagnosis could be premature and may lead to unnecessary side effects and complications. C. Begin sertraline therapy - Sertraline is an antidepressant used to treat depression and anxiety disorders. While it might help with underlying anxiety, it does not specifically address the delusional content or paranoia. D. Determine whether the patient has friends or family who can monitor him at home - This is the most appropriate next step because it addresses the patient's safety and the need for support. Given the patient's mistrust and paranoia, having someone to monitor him at home can ensure his safety and provide support if he becomes agitated or exhibits any concerning behaviors. E. Determine whether the patient has had thoughts of harming others - While this is an important question to ask, it is not the immediate priority. The primary concern is the patient's safety and the need for support, which can be addressed by determining if there are friends or family members who can monitor him. F. Determine whether the patient is adherent to his medication - Adherence to blood pressure medications is important, but given the patient's current presentation, addressing his mistrust and paranoia should take precedence. In conclusion, the most appropriate next step is to determine whether the patient has friends or family who can monitor him at home, as this addresses both his safety and the need for support in managing his condition.",0.007,0.021,0.1862,0.0501,0.0252,0.0501,0.0501,0.4525,0.5444,0.6475
"An 87-year-old woman, gravida 2, para 2, is brought to the emergency department from a skilled nursing care facility because of profuse vaginal bleeding for 2 days. At the age of 41 years, she underwent a cold knife cone biopsy for cervical dysplasia. Annual follow-up Pap smears until the age of 65 years showed no abnormalities. She is in moderate distress. Temperature is 36.1°C (97.0°F), pulse is 84/min, respirations are 30/min, and blood pressure is 140/90 mm Hg. Abdominal examination shows mild distention and tenderness; no masses are palpated. Pelvic examination shows a large verrucous lesion on the perineum partially covering the anal verge. Speculum examination shows atrophic changes on the vagina and cervix. Which of the following is the most likely explanation for these findings?",Which of the following is the most likely explanation for these findings?,"
A. Cervical carcinoma 
B. External hemorrhoids 
C. Rectal carcinoma 
D. Rectal polyps 
E. Vulvar carcinoma
",E,E,True,"- Option A: Cervical carcinoma - This is unlikely given that the patient has a history of a cold knife cone biopsy for cervical dysplasia at age 41, followed by normal annual Pap smear results until age 65. The current presentation does not align with typical symptoms of cervical cancer, such as abnormal vaginal bleeding, although it cannot be completely ruled out without further investigation. - Option B: External hemorrhoids - While external hemorrhoids can cause discomfort and bleeding, they typically present as painful lumps around the anus rather than a large verrucous lesion on the perineum. The description of a ""large verrucous lesion"" is more indicative of a neoplastic process. - Option C: Rectal carcinoma - Rectal cancer can cause bleeding, but it usually presents with rectal bleeding, changes in bowel habits, and possibly a mass on digital rectal examination. The presence of a verrucous lesion on the perineum is not characteristic of rectal cancer. - Option D: Rectal polyps - Rectal polyps can cause bleeding, but they are generally small, soft growths that do not typically present as a large verrucous lesion. The clinical presentation described is more consistent with a neoplasm. - Option E: Vulvar carcinoma - This is the most likely diagnosis. The patient's age, the presence of a large verrucous lesion on the perineum, and the atrophic changes noted on speculum examination are all consistent with vulvar carcinoma. Vulvar carcinomas can present as asymptomatic or symptomatic lesions, often verrucous or papillary in nature, and can occur in postmenopausal women. The history of previous cervical dysplasia and subsequent normal Pap smears does not preclude the development of vulvar cancer, especially in an older woman. Given the clinical presentation and the patient's history, vulvar carcinoma is the most plausible explanation for the findings. Further diagnostic workup, including biopsy and imaging, would be necessary to confirm the diagnosis.",0.0029,0.0259,0.1358,0.0573,0.0256,0.0573,0.0573,0.4184,0.5427,0.6875
"A 47-year-old woman comes to the office for a routine health maintenance examination. She feels well and has no history of serious illness. Examination shows a 2-cm, soft, nontender nodule in the right lobe of the thyroid gland. There is no lymphadenopathy. Her serum thyroid-stimulating hormone concentration is within the reference range. Which of the following is the most appropriate initial step in management?",Which of the following is the most appropriate initial step in management?,"
A. CT scan of the neck 
B. Fine-needle aspiration biopsy 
C. Reexamination in 3 months 
D. Surgical excision 
E. Ultrasonography of the thyroid gland
",E,C,False,"A. CT scan of the neck - This is not typically the first step in evaluating a thyroid nodule. While imaging can be useful, it is more commonly used after other initial steps have been taken, such as fine-needle aspiration (FNA) biopsy, especially if there are concerning features on physical exam or imaging. B. Fine-needle aspiration biopsy - This is an important diagnostic tool for thyroid nodules, but it is usually performed after a period of observation to ensure that the nodule remains stable. It is not the initial step in management for a newly discovered nodule. C. Reexamination in 3 months - This is the most appropriate initial step for a small, benign-appearing thyroid nodule in a patient without symptoms or risk factors. The rationale is that many thyroid nodules are benign and do not require immediate intervention. A follow-up examination allows for monitoring the nodule's size and characteristics over time. If the nodule remains stable or grows significantly, further evaluation may be warranted. D. Surgical excision - Surgical removal of a thyroid nodule is generally reserved for cases where there is a high suspicion of malignancy, significant growth, or symptoms related to the nodule. Given that the patient's TSH is within the normal range and there are no concerning features, surgical excision would be premature at this stage. E. Ultrasonography of the thyroid gland - While ultrasound can provide additional information about the nodule, including its composition and vascularity, it is not typically the first step in management. It is often used in conjunction with clinical assessment and may be considered after a period of observation if the nodule persists or changes in appearance. In summary, reexamination in 3 months is the most appropriate initial step because it allows for the natural history of the nodule to be observed, which is particularly suitable for a small, asymptomatic nodule in a patient with no risk factors for thyroid cancer.",0.0114,0.0282,0.2023,0.0661,0.0483,0.0601,0.0601,0.4248,0.5663,0.6456
"A 1-hour-old male newborn is examined in the hospital nursery. He was born at term to a 22-year-old woman, gravida 1, para 1, with HIV infection. The mother took antiretroviral therapy throughout her pregnancy, and her HIV viral load was consistently <1000 copies/mL. She received intravenous zidovudine (AZT) during labor. The patient’s Apgar scores were 8 and 9 at 1 and 5 minutes, respectively. He is at the 50th percentile for length, weight, and head circumference. He appears well. Examination shows no abnormalities. In addition to administration of the hepatitis B vaccine, which of the following is the most appropriate pharmacotherapy for this newborn?","In addition to administration of the hepatitis B vaccine, which of the following is the most appropriate pharmacotherapy for this newborn?","
A. Lopinavir-ritonavir and trimethoprim-sulfamethoxazole 
B. Lopinavir-ritonavir only 
C. Penicillin 
D. Trimethoprim-sulfamethoxazole only 
E. Zidovudine (AZT)
",E,E,True,"Given the scenario, the newborn is at risk for perinatal transmission of HIV due to the mother's HIV infection, despite receiving antiretroviral therapy during pregnancy and labor. The most appropriate pharmacotherapy for this newborn is continuation of zidovudine (AZT) prophylaxis. A. Lopinavir-ritonavir and trimethoprim-sulfamethoxazole - This combination is not typically used as initial prophylaxis for HIV-exposed infants. Lopinavir-ritonavir is an antiretroviral used in treatment regimens for HIV, but it is not indicated as a prophylactic agent for newborns. Trimethoprim-sulfamethoxazole is used to prevent Pneumocystis jirovecii pneumonia (PCP) in HIV-infected individuals, but it is not the primary prophylactic agent for HIV-exposed infants. B. Lopinavir-ritonavir only - While lopinavir-ritonavir is an antiretroviral used in HIV treatment, it is not recommended as a prophylactic agent for newborns exposed to HIV. It is more commonly used in combination with other antiretrovirals for treating HIV infection. C. Penicillin - Penicillin is used for the prevention and treatment of bacterial infections, such as Group B Streptococcus (GBS), but it is not indicated for prophylaxis against HIV transmission in newborns. D. Trimethoprim-sulfamethoxazole only - As mentioned earlier, while this medication can be used to prevent PCP in HIV-infected individuals, it is not the primary prophylactic agent for HIV-exposed infants. E. Zidovudine (AZT) - This is the correct answer. Zidovudine is the standard prophylactic agent for preventing perinatal HIV transmission in newborns. The infant should receive oral zidovudine for 6 weeks after birth, in addition to the hepatitis B vaccine, to reduce the risk of acquiring HIV from the mother. This regimen has been shown to significantly decrease the risk of HIV transmission from mother to child.",0.0165,0.0588,0.3255,0.1208,0.0811,0.0671,0.0671,0.4778,0.593,0.6941
"A 25-year-old woman comes to the office because she has not had a menstrual period for 6 months. Previously, menses occurred at regular 28-day intervals. She has not had blurred or double vision. She has no history of serious illness and takes no medications. Temperature is 37.0°C (98.6°F), pulse is 72/min, and blood pressure is 108/60 mm Hg. The pupils are equal and reactive to light; extraocular muscles are intact. Funduscopic examination shows no abnormalities. Visual field testing shows bitemporal hemianopia. Milky discharge can be expressed from the nipples. Pelvic examination shows no abnormalities. Serum studies show a thyroid-stimulating hormone concentration of 2.0 μU/mL and a prolactin concentration of 100 ng/mL. A urine pregnancy test is negative. MRI of the pituitary gland shows a 1.2 × 1.5-cm mass compressing the optic chiasm. Which of the following is the most appropriate next step in management?",Which of the following is the most appropriate next step in management?,"
A. Biopsy of the pituitary gland 
B. Cabergoline therapy 
C. Gamma knife radiation to the pituitary gland 
D. Oral contraceptive therapy 
E. Transsphenoidal pituitary surgery
",B,E,False,"Given the clinical presentation and diagnostic findings, this patient likely has a prolactinoma, which is a benign tumor of the pituitary gland that secretes prolactin. The key points supporting this diagnosis include: 1. Prolactin Concentration: The elevated prolactin level (100 ng/mL) is consistent with a prolactin-secreting pituitary adenoma. 2. Visual Field Defect: Bitemporal hemianopia suggests compression of the optic chiasm, which is a common finding in pituitary tumors. 3. MRI Findings: The presence of a 1.2 × 1.5-cm mass compressing the optic chiasm on MRI further supports the diagnosis of a pituitary adenoma. Now, let's evaluate each option: A. Biopsy of the pituitary gland - This is generally not recommended for pituitary adenomas due to the risk of bleeding and the high likelihood of obtaining a benign diagnosis. Instead, treatment is often initiated based on the clinical presentation and imaging findings. B. Cabergoline therapy - Cabergoline is a dopamine agonist used to treat hyperprolactinemia. While it can be effective in reducing prolactin levels and shrinking the tumor, it is typically used as a first-line medical therapy rather than the primary treatment for a large mass compressing the optic chiasm. C. Gamma knife radiation to the pituitary gland - Gamma knife radiation is a form of stereotactic radiosurgery that can be used to treat pituitary adenomas. However, it is usually considered after medical therapy has failed or when surgery is contraindicated. Given the size of the tumor and its effect on vision, surgical intervention is more appropriate initially. D. Oral contraceptive therapy - Oral contraceptives are primarily used to regulate menstrual cycles and prevent pregnancy. They do not address the underlying cause of hyperprolactinemia or the tumor itself. E. Transsphenoidal pituitary surgery - This is the most appropriate next step in management for a large pituitary adenoma causing visual field defects. Transsphenoidal surgery allows direct removal of the tumor while minimizing damage to surrounding structures. It is the standard approach for pituitary adenomas that are causing significant symptoms or have not responded to medical therapy. In conclusion, transsphenoidal pituitary surgery is the most appropriate next step in managing this patient's condition due to the tumor's size, its impact on vision, and the need for direct tumor removal.",0.0122,0.0242,0.1951,0.0577,0.0422,0.0577,0.0577,0.4054,0.5466,0.6434
"A 2-week-old boy is evaluated in the neonatal intensive care unit because of temperature instability and decreased activity. He was born by cesarean delivery at 30 weeks’ gestation because of premature rupture of membranes. Since birth, he has been fed breast milk by orogastric tube. He was feeding and growing appropriately until today, when his axillary temperature was 36.5°C (97.7°F) and he had decreased activity. During the past 4 hours, gastric residue has been noted in the orogastric tube when it is aspirated prior to feedings. Temperature is now 37.0°C (98.6°F), pulse is 160/min, respirations are 50/min, and blood pressure is 70/40 mm Hg. The anterior fontanel is soft. Cardiopulmonary examination shows no abnormalities. The abdomen is mildly distended, and there is mild tenderness to palpation diffusely; there are no masses. Bowel sounds are decreased. There is a small amount of blood-streaked stool in the diaper. The remainder of the examination shows no abnormalities. Leukocyte count is 18,000/mm³ (N=5000–34,000) (80% segmented neutrophils, 5% bands, 10% lymphocytes, and 5% monocytes), and platelet count is 100,000/mm³. Blood culture results are pending. Which of the following is most likely to confirm the diagnosis?",Which of the following is most likely to confirm the diagnosis?,"
A. Measurement of prothrombin time and partial thromboplastin time 
B. Measurement of stool reducing substances 
C. Stool culture 
D. Upper gastrointestinal series 
E. X-ray of the abdomen
",E,C,False,"- Option A: Measurement of prothrombin time and partial thromboplastin time - These tests are used to evaluate coagulation function and are not relevant for diagnosing an intestinal infection or necrotizing enterocolitis (NEC), which is a more likely diagnosis given the clinical presentation. - Option B: Measurement of stool reducing substances - This test can indicate the presence of bacteria that produce beta-galactosidase, but it is not as specific or definitive as a stool culture for identifying the causative organism. It is also less commonly used compared to a stool culture. - Option C: Stool culture - This is the most appropriate test to identify the causative organism in cases of suspected NEC or other intestinal infections. A stool culture can isolate and identify bacteria, fungi, or viruses that may be causing the symptoms, such as sepsis or NEC. Given the patient's history of prematurity, decreased activity, temperature instability, and signs of abdominal distension and tenderness, NEC is a highly likely diagnosis, and a stool culture would help confirm this. - Option D: Upper gastrointestinal series - While this imaging study can provide information about the anatomy and motility of the upper gastrointestinal tract, it does not directly diagnose NEC or other infectious processes. It might be useful if there were concerns about structural abnormalities, but it is not the primary diagnostic tool for this scenario. - Option E: X-ray of the abdomen - An abdominal X-ray can show signs of pneumatosis intestinalis, bowel distention, or air-fluid levels, which are indicative of NEC. However, it is not as sensitive or specific as a stool culture in identifying the causative organism. Additionally, the presence of blood-streaked stool suggests active bleeding, which could be a sign of NEC, making a stool culture even more critical. In conclusion, a stool culture is the most appropriate test to confirm the diagnosis, especially considering the clinical presentation and the need to identify the causative organism, particularly in a neonate with risk factors for NEC.",0.0027,0.0243,0.1148,0.0595,0.024,0.0595,0.0595,0.4379,0.5807,0.6383
"A 13-month-old boy is brought to a small rural emergency department (ED) near his family's community because of an erythematous, edematous mass in his perianal area that is hot to touch. He has no history of serious illness and receives no medications. Growth and development are appropriate for age. Vaccinations are up-to-date. He is at the 50th percentile for length and weight. Temperature is 39.4°C (103.0°F), pulse is 160/min, and respirations are 36/min. Examination shows fluctuance and exquisite tenderness to palpation of the perianal mass. Oral acetaminophen and a dose of oral cephalexin are administered, and the parents are told that their child’s case is beyond the capabilities of the hospital. They are referred to the nearest hospital with a pediatric service, a suburban hospital 50 miles away. The suburban hospital is contacted regarding the referral and a pediatric surgeon accepts transfer of the patient. When the patient is brought to the ED of the suburban hospital, a triage nurse obtains his oral temperature of 37.7°C (99.8°F) and pulse of 126/min. The nurse notes that the family has no health insurance and states that the case is beyond the capabilities of the hospital. The nurse recommends taking the patient to the ED of a downtown university hospital 4 miles away. The parents follow this recommendation, and the patient undergoes incision and drainage of the abscess at the downtown hospital later that day. Which of the following is the most accurate characterization of this patient's pattern of care?",Which of the following is the most accurate characterization of this patient's pattern of care?,"
A. The patient received appropriate care under the circumstances 
B. The pediatric surgeon at the suburban hospital should have insisted on personally examining the patient and draining the abscess 
C. The rural hospital should have sent the patient directly to the downtown university hospital 
D. The suburban hospital executed unethical but legal conduct in this case 
E. The suburban hospital violated the Emergency Medical Treatment and Active Labor Act (EMTALA)
",E,E,True,"A. The patient received appropriate care under the circumstances - This is not entirely accurate. While the patient did eventually receive the necessary treatment, the process was unnecessarily prolonged due to the series of missteps in the initial care. B. The pediatric surgeon at the suburban hospital should have insisted on personally examining the patient and draining the abscess - This is incorrect. The pediatric surgeon accepted the transfer and would be expected to handle the case appropriately once the patient arrived at the suburban hospital. The issue lies more with the initial handling of the patient rather than the actions of the surgeon. C. The rural hospital should have sent the patient directly to the downtown university hospital - This is incorrect. The rural hospital acted within its capabilities by recognizing the limits of its resources and referring the patient to a hospital with a pediatric service. The subsequent miscommunication and lack of proper follow-up were issues with the chain of care rather than the initial decision to refer. D. The suburban hospital executed unethical but legal conduct in this case - This is incorrect. The suburban hospital's actions were not only unethical but also illegal. By failing to properly manage the patient and then recommending a hospital without verifying its ability to handle the case, the suburban hospital violated EMTALA. E. The suburban hospital violated the Emergency Medical Treatment and Active Labor Act (EMTALA) - This is correct. EMTALA requires that patients who present to a hospital's emergency department with an emergency medical condition must be stabilized before being transferred to another facility. In this case, the suburban hospital failed to stabilize the patient and then improperly referred them to another hospital without ensuring that it could handle the case. This constitutes a violation of EMTALA, as the patient's condition required immediate attention and intervention, which was not provided in a timely manner.",0.0,0.0292,0.1696,0.0727,0.0183,0.0545,0.0545,0.4632,0.5542,0.6305
"A 25-year-old woman is brought to the emergency department by paramedics because of a seizure that began 45 minutes ago at home. Intravenous antiepileptic therapy begun en route to the hospital has not stopped her seizure. Her parents report that she initially began crying, then fell to the floor and exhibited asymmetric kicking and thrashing of all extremities. Fifteen years ago, she was diagnosed with a seizure disorder. Her seizures had been well controlled with oral antiepileptic therapy until this morning. Today, while the physician is in the patient’s room, the movements of her extremities gradually subside. The patient then sits up and asks the physician what happened. She is fully oriented. Vital signs are within normal limits. Examination shows no evidence of tongue biting, urinary incontinence, or other abnormalities. Which of the following is most likely to confirm this patient’s diagnosis?",Which of the following is most likely to confirm this patient’s diagnosis?,"
A. Interview following amobarbital administration 
B. Measurement of serum antiepileptic concentration 
C. Measurement of serum creatine kinase activity 
D. Neuropsychological testing 
E. Video EEG monitoring
",E,E,True,"- A. Interview following amobarbital administration: This option is not typically used for diagnosing seizures. Amobarbital administration is rarely performed as part of routine diagnostic procedures for epilepsy. It is more commonly used in research settings to study the effects of barbiturates on brain function. - B. Measurement of serum antiepileptic concentration: While it's important to check the levels of antiepileptic drugs (AEDs) to ensure they are within therapeutic range, this test alone does not confirm the diagnosis of a specific type of seizure or seizure disorder. It can help explain why the current treatment might be ineffective but does not provide real-time information about ongoing seizure activity. - C. Measurement of serum creatine kinase activity: Elevated serum creatine kinase (CK) levels can indicate muscle damage, which might occur during a prolonged seizure due to vigorous movements. However, CK levels do not specifically confirm the type of seizure or the underlying condition. They are more indicative of muscle injury rather than a definitive diagnostic tool for epilepsy. - D. Neuropsychological testing: While neuropsychological tests can provide valuable information about cognitive function and potential impacts of epilepsy on mental health, they are not the primary method for diagnosing seizures. These tests are more useful for assessing the long-term effects of epilepsy or for evaluating cognitive changes after a seizure event. - E. Video EEG monitoring: This is the most appropriate choice for confirming the diagnosis of a seizure disorder. Video EEG monitoring involves recording both the electrical activity of the brain (EEG) and the patient's behavior simultaneously. This allows for the correlation between the EEG findings and the clinical presentation, which is crucial for diagnosing the type of seizure and understanding its characteristics. Given the patient's history of a seizure disorder and the recent uncontrolled seizure, video EEG monitoring would be essential to determine if the seizure was generalized or partial, and to assess the effectiveness of the current antiepileptic therapy.",0.0,0.0252,0.1396,0.0721,0.0121,0.048,0.048,0.4868,0.5668,0.6343
"A 32-year-old woman comes to the emergency department because of a 1-day history of sharp, right-sided chest pain that worsens with coughing and sneezing. Four days ago, she had a mild sore throat and runny nose followed by nonproductive cough 1 day later. Over-the-counter decongestant and aspirin mildly relieved the symptoms. She has not had shortness of breath, blood-tinged sputum, fever, or chills. She has a long-standing history of recurrent aphthous ulcers. Her only medication is an oral contraceptive. Temperature is 37.2°C (99.0°F), pulse is 65/min, and respirations are 14/min. Pulse oximetry on room air shows an oxygen saturation of 99%. Splinting is observed over the right hemithorax with deep breathing. On cardiac examination, no abnormalities are heard. The remainder of the examination shows no abnormalities. Chest x-ray shows no abnormalities. Which of the following is the most appropriate next step in management?",Which of the following is the most appropriate next step in management?,"
A. Azithromycin therapy 
B. CT angiography 
C. Electrocardiography 
D. Ibuprofen therapy 
E. Prednisone therapy 
F. Transthoracic echocardiography
",D,B,False,"Given the patient's presentation, the most likely diagnosis is a pulmonary embolism (PE). The key clinical features supporting this include: - Sudden onset of sharp, right-sided chest pain that worsens with coughing and sneezing. - A recent history of upper respiratory tract infection (URI) four days prior, which can predispose to venous thrombosis. - Splinting over the right hemithorax with deep breathing, indicating possible pleuritic pain. - No other significant findings on physical examination or chest X-ray. Let's evaluate each option: A. Azithromycin therapy - This antibiotic is typically used for bacterial infections such as pneumonia or bronchitis. Given the absence of signs of infection like fever, productive cough, or abnormal chest X-ray, it is unlikely to be the cause of her symptoms. B. CT angiography - This is the most appropriate next step in the evaluation of suspected PE. It can directly visualize the pulmonary arteries and detect any thrombi, making it the gold standard diagnostic test for PE. C. Electrocardiography (ECG) - While an ECG can help rule out other causes of chest pain like myocardial infarction, it is less sensitive for diagnosing PE compared to imaging studies. It may show changes suggestive of right ventricular strain but is not specific for PE. D. Ibuprofen therapy - This NSAID would be used for symptomatic relief of pain but does not address the underlying cause of the chest pain. E. Prednisone therapy - This corticosteroid might be considered if there were suspicion of an inflammatory process, but given the clinical picture, it is more likely to be a thromboembolic event rather than an inflammatory condition. F. Transthoracic echocardiography - Although useful for evaluating heart function and pericardial disease, it is not as sensitive as CT angiography for detecting small pulmonary emboli. Therefore, CT angiography is the most appropriate next step in managing this patient, as it can confirm the presence of a pulmonary embolism and guide further treatment.",0.0111,0.0249,0.2276,0.0613,0.0432,0.0613,0.0613,0.4371,0.5547,0.6802
"A 30-year-old nulligravid woman, who is a military veteran, comes to the office because she has not had a menstrual period for the past year. She has not had nausea, vomiting, or night sweats. Menses previously occurred at regular 28-day intervals. She is sexually active with one male partner and uses condoms consistently. Three weeks ago, she returned from a 1-year deployment in the Middle East, where she worked as an army combat medic. She resumed work as a teacher 2 weeks ago. She appears tearful but otherwise in no distress. Temperature is 37.1°C (98.7°F), pulse is 88/min, respirations are 16/min, and blood pressure is 116/72 mm Hg. Physical examination, including pelvic examination, shows no abnormalities. Serum studies show: Thyroid-stimulating hormone: 2 μU/mL Follicle-stimulating hormone: 7 mIU/mL Luteinizing hormone: 10 mIU/mL Prolactin: 10 ng/mL β-hCG: negative Which of the following is the most likely cause of this patient’s amenorrhea?",Serum studies show: Thyroid-stimulating hormone: 2 μU/mL Follicle-stimulating hormone: 7 mIU/mL Luteinizing hormone: 10 mIU/mL Prolactin: 10 ng/mL β-hCG: negative Which of the following is the most likely cause of this patient’s amenorrhea?,"
A. Gonadal dysgenesis 45,X (Turner syndrome) 
B. Hypothalamic hypogonadism 
C. Polycystic ovarian syndrome 
D. Premature ovarian failure 
E. Prolactinoma
",B,B,True,"- A. Gonadal dysgenesis 45,X (Turner syndrome): This condition is characterized by the presence of only one X chromosome and typically presents with short stature, webbed neck, and other physical features. It also usually results in primary ovarian failure, leading to amenorrhea. However, the patient's history does not suggest any of these typical features of Turner syndrome, such as short stature or specific physical anomalies. Therefore, this is unlikely to be the cause. - B. Hypothalamic hypogonadism: This condition can result from stress, weight loss, excessive exercise, or psychological factors, all of which can occur in a military veteran returning from deployment. The patient's recent return from a 1-year deployment in the Middle East, her occupation as a combat medic, and the fact that she is now working as a teacher could have led to significant stress and potential weight changes, contributing to hypothalamic dysfunction and subsequent amenorrhea. The absence of other symptoms like nausea, vomiting, or night sweats, along with normal thyroid-stimulating hormone (TSH), follicle-stimulating hormone (FSH), luteinizing hormone (LH), prolactin, and β-hCG levels, supports this diagnosis. - C. Polycystic ovarian syndrome (PCOS): While PCOS can cause irregular menstrual cycles and amenorrhea, it is typically associated with hyperandrogenism (elevated levels of androgens), hirsutism, acne, and obesity. The patient's history does not suggest any of these typical features of PCOS. Additionally, the normal FSH, LH, and β-hCG levels do not support this diagnosis. - D. Premature ovarian failure: This condition involves the premature depletion of ovarian follicles before the age of 40, leading to low estrogen levels and amenorrhea. The patient's age (30 years) and the absence of other symptoms like hot flashes or vaginal dryness make this less likely. Moreover, the normal FSH and LH levels suggest that the ovaries are still functional, albeit possibly less so due to stress or other factors. - E. Prolactinoma: A prolactinoma is a benign tumor of the pituitary gland that can cause elevated prolactin levels, leading to amenorrhea, galactorrhea, and infertility. The patient's prolactin level is within normal range, making this an unlikely cause of her amenorrhea. Given the patient's recent military deployment, stress, and the absence of other endocrine abnormalities, hypothalamic hypogonadism is the most likely cause of her amenorrhea.",0.0067,0.0421,0.2837,0.1111,0.0583,0.0918,0.0918,0.4951,0.5308,0.607
"A 45-year-old woman comes to the office because she has not had a menstrual period for 1 year. Menses previously occurred at regular 30-day intervals. She feels well, has no history of serious illness, and takes no medications. She has smoked one-half pack of cigarettes daily for 20 years. She is sexually active with one male partner and uses condoms consistently. She is 163 cm (5 ft 4 in) tall and weighs 63 kg (140 lb); BMI is 24 kg/m². Vital signs are within normal limits. Physical examination, including pelvic examination, shows no abnormalities. Measurement of which of the following serum concentrations is most likely to confirm the diagnosis?",Measurement of which of the following serum concentrations is most likely to confirm the diagnosis?,"
A. Estradiol 
B. Follicle-stimulating hormone 
C. β-hCG 
D. Luteinizing hormone 
E. Progesterone
",B,B,True,"In this scenario, the patient is experiencing amenorrhea, which is defined as the absence of menstruation for three consecutive months or more. Given that her last menstrual period was one year ago, it is important to determine the cause of her amenorrhea. The options provided include various hormones that play crucial roles in the menstrual cycle. A. Estradiol - This is an estrogen hormone that plays a significant role in the menstrual cycle, particularly in the follicular phase. While low estradiol levels can contribute to amenorrhea, it is not the primary marker used to confirm the diagnosis in this case. B. Follicle-stimulating hormone (FSH) - FSH is released by the anterior pituitary gland and stimulates the growth of ovarian follicles. In the absence of estrogen feedback from the ovaries due to menopause or other causes of amenorrhea, FSH levels typically rise. Therefore, measuring FSH is a common diagnostic tool to confirm menopause, as high FSH levels indicate the ovaries are no longer responding to hormonal signals. C. β-hCG - This hormone is associated with pregnancy. Since the patient is sexually active and using condoms consistently, the likelihood of pregnancy is low, making this an unlikely cause of her amenorrhea. Additionally, β-hCG would not be elevated in the context of menopause. D. Luteinizing hormone (LH) - LH works in conjunction with FSH to stimulate ovulation and the production of progesterone. Like FSH, elevated LH levels can indicate the absence of ovarian function, but FSH is more commonly used as a marker for menopause. E. Progesterone - Progesterone levels are typically low during amenorrhea, especially if it is due to menopause. However, measuring progesterone alone does not provide as definitive an indication of menopause as measuring FSH does. Given the patient's age, the absence of menses for one year, and the lack of other symptoms or conditions that might explain her amenorrhea, the most likely cause is menopause. Therefore, measuring FSH concentration is the most appropriate test to confirm the diagnosis.",0.0027,0.0294,0.2227,0.0645,0.0236,0.0587,0.0587,0.4509,0.5823,0.7353
"A 2-month-old girl is brought to the office by her mother for a routine examination. Newborn screening electrophoresis showed hemoglobin FS. The mother says her daughter has not had fever or pallor. The patient is feeding well and gaining weight appropriately. She receives no medications. She appears well. She is at the 35th percentile for length and weight. Temperature is 37.0°C (98.6°F), pulse is 158/min, and respirations are 28/min. Examination shows no abnormalities. All routine immunizations are administered. In addition to routine anticipatory guidance about feeding and development, the mother is instructed to observe the patient for pallor and fever and to palpate for an enlarged spleen. Which of the following is most appropriate to prevent complications in this patient?",Which of the following is most appropriate to prevent complications in this patient?,"
A. Amoxicillin as needed for febrile illness 
B. Instructions for the parents to palpate the long bones routinely 
C. Instructions for the parents to take and record the patient’s pulse daily 
D. Low-dose aspirin therapy 
E. Oral prophylactic penicillin therapy
",E,E,True,"Hemoglobin F (HbF) is primarily found in fetal blood and decreases after birth. Hemoglobin S (HbS) is associated with sickle cell disease (SCD). The presence of hemoglobin F (HbF) and hemoglobin S (HbFS) suggests a diagnosis of sickle cell trait (SCT), which is different from sickle cell disease. However, the clinical presentation described here does not match typical symptoms of sickle cell disease, such as fever, pallor, or splenomegaly, despite the abnormal hemoglobin finding. Given that the child is asymptomatic and growing well, the primary concern would be to prevent potential complications associated with sickle cell trait, particularly infections due to the increased risk of hemolytic episodes and sequestration crises, which can lead to splenic sequestration and other complications. Let's examine each option: A. Amoxicillin as needed for febrile illness - This is not typically recommended for routine prophylaxis in patients with sickle cell trait. It is more commonly used for prophylaxis against Streptococcus pneumoniae in patients with sickle cell disease to prevent pneumococcal infections, but it is not indicated for those with only sickle cell trait. B. Instructions for the parents to palpate the long bones routinely - Palpation of long bones is not a standard practice for monitoring sickle cell trait. This would be more relevant if there were concerns about bone infarcts, which are more common in sickle cell disease rather than trait. C. Instructions for the parents to take and record the patient’s pulse daily - While monitoring heart rate could be useful in detecting potential complications, it is not a standard preventive measure for sickle cell trait. The instructions given in the question already include observing for pallor and fever, which are more relevant signs. D. Low-dose aspirin therapy - Low-dose aspirin is sometimes used in adults with sickle cell disease to reduce the risk of stroke by preventing blood clots, but it is not typically used for prevention in children with sickle cell trait. E. Oral prophylactic penicillin therapy - This is the most appropriate choice. Penicillin prophylaxis is recommended for infants and young children with sickle cell trait to prevent severe pneumococcal infections, which can be life-threatening. This prophylaxis is especially important before the age of 5 years when the risk of infection is highest. Therefore, the best course of action to prevent complications in this patient is to initiate oral prophylactic penicillin therapy.",0.0068,0.0249,0.2029,0.0594,0.0299,0.0594,0.0594,0.4503,0.5486,0.6968
"A 3-week-old boy is brought to the physician by his mother because of a 5-day history of yellow eyes and skin and white stools. Pregnancy and delivery were uncomplicated. The patient's temperature is 37.1°C (98.8°F), pulse is 160/min, respirations are 40/min, and blood pressure is 85/50 mm Hg. Examination shows diffuse jaundice. Cardiopulmonary examination shows no abnormalities. The abdomen is nontender. The liver edge is palpated 4 cm below the right costal margin. The spleen tip is palpated 3 cm below the left costal margin. Laboratory studies show: Leukocyte count: 10,000/mm³ Serum Bilirubin, total: 16 mg/dL Direct: 12 mg/dL AST: 800 U/L ALT: 500 U/L Amylase: 100 U/L Which of the following is the most appropriate next step in diagnosis?","Laboratory studies show: Leukocyte count: 10,000/mm³ Serum Bilirubin, total: 16 mg/dL Direct: 12 mg/dL AST: 800 U/L ALT: 500 U/L Amylase: 100 U/L Which of the following is the most appropriate next step in diagnosis?","
A. Air-contrast enema 
B. Ultrasonography of the abdomen 
C. Upper gastrointestinal series 
D. Colonoscopy 
E. Esophagogastroduodenoscopy
",B,B,True,"Given the clinical presentation of a 3-week-old infant with jaundice, elevated liver enzymes (AST and ALT), and hepatosplenomegaly, the most appropriate next step in diagnosis would be an ultrasonography of the abdomen. Here’s why this is the best choice and why the other options are less suitable: Ultrasonography of the abdomen (Option B): - Relevance: This imaging modality can help identify structural abnormalities in the liver, gallbladder, bile ducts, and pancreas, which could explain the jaundice and elevated liver enzymes. - Non-invasive: It is a non-invasive, safe, and widely used method for evaluating abdominal organs in infants. - Cost-effective: It is relatively inexpensive compared to other imaging modalities like CT scans or MRIs. - Suitable for infants: It does not require sedation in most cases, making it suitable for young infants who might not tolerate other procedures well. Air-contrast enema (Option A): - Indications: This procedure is typically used to diagnose and evaluate congenital malformations of the lower gastrointestinal tract, such as Hirschsprung disease. - Irrelevant: Given the liver and spleen findings, this test is not relevant to the current clinical scenario. Upper gastrointestinal series (Option C): - Indications: This test is used to evaluate the esophagus, stomach, and small intestine for conditions like reflux, ulcers, or strictures. - Irrelevant: The focus here is on liver function and jaundice, not upper gastrointestinal issues. Colonoscopy (Option D): - Indications: This procedure is used to visualize the colon and rectum, often for inflammatory bowel disease, polyps, or cancer. - Irrelevant: There is no indication of colonic pathology based on the presented symptoms and signs. Esophagogastroduodenoscopy (Option E): - Indications: This procedure is used to visualize the esophagus, stomach, and duodenum, often for conditions like reflux, ulcers, or tumors. - Irrelevant: Similar to the upper gastrointestinal series, there is no indication of upper gastrointestinal pathology in this case. In conclusion, ultrasonography of the abdomen is the most appropriate next step in diagnosing the underlying cause of the infant's jaundice, elevated liver enzymes, and hepatosplenomegaly.",0.0124,0.0493,0.2191,0.0705,0.0436,0.065,0.065,0.4525,0.4822,0.5625
"A 52-year-old woman comes to the physician for a follow-up examination. She received the diagnosis of hypertension 3 weeks ago, and lisinopril therapy was begun at that time. She has had a constant, nonproductive, hacking cough for 2 weeks but has not had any other problems. She has no history of serious illness and takes no other medications. She does not smoke. She drinks one to two glasses of wine daily. She does aerobic exercise for 30 minutes four to five times weekly. Her blood pressure has decreased from 164/92 mm Hg 3 weeks ago to 140/84 mm Hg today. Lungs are clear to auscultation. Which of the following is the most appropriate next step in management of this patient's cough?",Which of the following is the most appropriate next step in management of this patient's cough?,"
A. Pulmonary function tests 
B. CT scan of the chest 
C. Course of prednisone 
D. Discontinuation of lisinopril 
E. Use of a cough suppressant 
F. No change in management is indicated at this time
",D,D,True,"A. Pulmonary function tests - These are not typically the first step in evaluating a new cough, especially when there is a known cause (lisinopril) that could be responsible. They are more commonly used to assess lung function in patients with chronic respiratory conditions or suspected asthma. B. CT scan of the chest - While imaging can be useful in diagnosing various lung conditions, it is not the initial step in managing a cough associated with a known medication like lisinopril. The cough is likely due to angioedema or dry cough, which can be managed by discontinuing the medication. C. Course of prednisone - Prednisone is an anti-inflammatory medication that can be used to treat allergic reactions or angioedema, but it is not the first-line treatment for a cough caused by lisinopril. Discontinuing the medication is often the preferred initial step. D. Discontinuation of lisinopril - This is the most appropriate next step because lisinopril, an ACE inhibitor, is known to cause a persistent dry cough in up to 20% of patients. Since the patient has been on lisinopril for only 3 weeks and has developed a nonproductive, hacking cough, it is reasonable to suspect that the cough is drug-induced. Discontinuing the medication will allow the cough to resolve. E. Use of a cough suppressant - While cough suppressants can help manage symptoms, they do not address the underlying cause of the cough, which is likely due to lisinopril. Suppressing the cough without addressing the cause may delay the resolution of the cough and potentially mask other important symptoms. F. No change in management is indicated at this time - This option is incorrect because the development of a new symptom (cough) after starting a new medication (lisinopril) warrants further evaluation and management. Discontinuing the medication is a necessary step before considering other options.",0.0089,0.0382,0.2141,0.0943,0.0506,0.0818,0.0818,0.4875,0.5843,0.6311
A 27-year-old primigravid woman at 41 weeks' gestation is admitted to the hospital for induction of labor. She has received cervical ripening agents and is now receiving oxytocin. The cervix is 9 cm dilated and 100% effaced; the vertex is at 0 station. Fetal monitoring shows contractions every 3 minutes and a reassuring heart rate. She requests pain medication. Which of the following is the most likely adverse effect of an intravenous opioid in this patient?,Which of the following is the most likely adverse effect of an intravenous opioid in this patient?,"
A. Maternal fever 
B. Maternal tachycardia 
C. Neonatal acidosis 
D. Neonatal arrhythmia 
E. Neonatal respiratory depression
",E,E,True,"Intravenous opioids are commonly used to manage pain during labor, but they can have significant effects on both the mother and the fetus. Let's examine each option: A. Maternal fever - Intravenous opioids do not typically cause maternal fever. Fever in labor is more commonly associated with infection or other medical conditions rather than the use of opioids. B. Maternal tachycardia - Opioids generally do not cause tachycardia (an abnormally fast heart rate). In fact, they can sometimes have a depressant effect on the cardiovascular system, leading to bradycardia (a slow heart rate) in some cases. C. Neonatal acidosis - While opioids can cross the placenta and affect fetal metabolism, neonatal acidosis is not a primary concern from their use. Acidosis is more often related to other factors such as fetal distress, meconium aspiration, or umbilical cord issues. D. Neonatal arrhythmia - Arrhythmias (abnormal heart rhythms) are not a common or direct result of neonatal exposure to maternal opioids. However, if the mother experiences bradycardia due to the opioid, it could potentially affect the fetus, but this is not the primary concern. E. Neonatal respiratory depression - This is the most likely adverse effect of intravenous opioids in this scenario. Opioids can cross the placenta and affect the fetal respiratory center, leading to decreased respiratory drive in the newborn. This can manifest as apnea or hypoventilation after birth, which is a critical concern that requires close monitoring and intervention. Therefore, among the given options, neonatal respiratory depression is the most likely adverse effect of an intravenous opioid in this patient.",0.0339,0.0503,0.3681,0.1172,0.0886,0.1099,0.1099,0.4912,0.6055,0.8107
"A 7-year-old girl is brought to the clinic by her father because of behavior problems at school since she started second grade 6 months ago. Her teacher is concerned because she cannot sit still or complete tasks and is not learning at the same pace as her classmates. Psychoeducational testing shows normal intelligence. The father says his daughter’s behavior problems have worsened since last year. She snores at night and wets the bed several nights weekly. She has no history of serious illness and receives no medications. She has been at the 25th percentile for height and weight for the past 3 years. Pulse is 105/min and regular, respirations are 22/min, and blood pressure is 105/65 mm Hg. The tonsils are 3+. Cardiopulmonary and abdominal examinations show no abnormalities. On neurologic examination, cranial nerves are intact. Deep tendon reflexes are 2+ in all extremities. Finger-nose testing shows no abnormalities. Romberg sign is absent. Her gait is normal. Which of the following is the most appropriate next step in diagnosis?",Which of the following is the most appropriate next step in diagnosis?,"
A. EEG 
B. Karyotype analysis 
C. MRI of the brain 
D. Polysomnography 
E. Thyroid function tests
",D,D,True,"Given the symptoms described, the most appropriate next step in diagnosis is polysomnography. Here's why: 1. EEG (Electroencephalogram): While an EEG can be useful in diagnosing conditions like epilepsy, which might present with behavioral issues, it is not typically used to evaluate sleep disorders that could explain the child's inability to sit still, difficulty completing tasks, and snoring. Therefore, this is not the most appropriate initial test. 2. Karyotype Analysis: This test is used to identify chromosomal abnormalities and is not relevant to the symptoms presented, such as behavioral issues and sleep disturbances. It is not indicated here. 3. MRI of the Brain: An MRI can help identify structural abnormalities in the brain, but given the normal intelligence and no history of serious illness, a brain MRI is not the first-line diagnostic tool for this patient. It would be more appropriate if there were specific neurological signs or symptoms suggesting a structural issue. 4. Polysomnography: This is the most appropriate next step because the child's symptoms strongly suggest a possible sleep disorder, specifically Obstructive Sleep Apnea (OSA). OSA can cause behaviors like hyperactivity, difficulty concentrating, and learning difficulties during the day. The child's snoring and bedwetting are also common symptoms of OSA. Polysomnography is the gold standard for diagnosing OSA and can help determine the severity of the condition. 5. Thyroid Function Tests: While thyroid issues can sometimes affect behavior and energy levels, the normal intelligence and lack of other systemic symptoms make this less likely. However, these tests can be considered if the child's growth pattern (being at the 25th percentile for height and weight) is a concern, as thyroid issues can affect growth. In conclusion, polysomnography is the most appropriate next step to diagnose potential sleep-related issues that could be contributing to the child's behavioral problems and other symptoms.",0.0145,0.0287,0.201,0.0685,0.0502,0.0623,0.0623,0.4589,0.5545,0.7065
"An 8-year-old boy is brought to the emergency department (ED) by ambulance 45 minutes after he was struck by a car while riding his bicycle. He did not lose consciousness but has multiple rib fractures with depression of the left anterior chest wall. His parents have been notified and are on their way to the hospital. On the patient's arrival to the ED, his temperature is 37.2°C (99.0°F), pulse is 180/min, respirations are 36/min, and blood pressure is 65/30 mm Hg. The abdomen is distended with exquisite tenderness to palpation. A rapid intravenous infusion of 0.9% saline is begun. CT scans are quickly obtained and show a disrupted spleen and an abdominal cavity filled with free fluid. The parents arrive at the hospital and are informed that their son needs an emergency laparotomy and splenectomy to control the internal bleeding. A saline infusion is continued to support the patient's blood pressure. The parents provide consent to proceed with the operation but refuse to consent to transfusion of blood or blood products, regardless of consequences, because of their religious beliefs. As the patient is transferred to the operating room, his pulse is 210/min and blood pressure is 50/20 mm Hg. Hemoglobin concentration is 3.8 g/dL. The surgeon agrees with the anesthesiologist that the patient will die without transfusion of blood and plasma. Which of the following is the most appropriate action?",Which of the following is the most appropriate action?,"
A. Contact the national organization of the parents’ religion and insist that the parents speak with a representative on the phone regarding the matter 
B. Contact the parents’ religious advisor to request help in acquiring consent for blood transfusion 
C. Proceed with the blood transfusion while obtaining an emergency telephone court order 
D. Proceed with the operation and abide by the parents’ wishes that no blood products be used 
E. Transfer the patient by ambulance immediately to a bloodless surgical center
",C,C,True,"A. Contact the national organization of the parents’ religion and insist that the parents speak with a representative on the phone regarding the matter - This option is not the most appropriate because it does not address the immediate medical need of the patient. The patient is critically ill and requires urgent intervention. Waiting for a phone call from a national organization would delay necessary treatment. B. Contact the parents’ religious advisor to request help in acquiring consent for blood transfusion - While this could potentially be helpful, it is not as time-sensitive as obtaining an emergency court order. The patient’s condition is critical, and immediate action is needed. C. Proceed with the blood transfusion while obtaining an emergency telephone court order - This is the most appropriate action because it addresses both the immediate medical need and the legal requirement to obtain consent. In life-threatening situations, healthcare providers can take steps to ensure the patient receives necessary treatment while seeking legal authorization from a judge. D. Proceed with the operation and abide by the parents’ wishes that no blood products be used - This option is incorrect because it disregards the patient’s critical condition. Not providing blood transfusions in a situation where the patient is likely to die without them is unethical and could result in legal consequences for the healthcare providers. E. Transfer the patient by ambulance immediately to a bloodless surgical center - This option is not ideal because it delays treatment. The patient is already in a critical state, and transferring him could worsen his condition during transport. Additionally, not all regions may have access to such specialized centers, and the transfer itself poses additional risks. In conclusion, option C is the best course of action as it ensures the patient receives the necessary medical care while legally addressing the parents' concerns about blood transfusions.",0.006,0.021,0.124,0.0442,0.0317,0.0442,0.0442,0.4395,0.5377,0.6106
"A female newborn has the onset of tachypnea 4 hours after birth. She was delivered at term to a 24-year-old woman following an uncomplicated pregnancy and delivery. Apgar scores were 9 and 9 at 1 and 5 minutes, respectively. Her parents had refused prenatal screening. The patient's temperature is 37.2°C (99.0°F), pulse is 150/min, respirations are 60/min, and blood pressure is 55/35 mm Hg. On cardiac examination, a single, loud S₂ is heard. The liver edge is palpated 3 cm below the right costal margin. Capillary refill time is 6 seconds. Peripheral pulses are difficult to palpate in all extremities. Arterial blood gas analysis on room air shows: pH: 7.24 PCO₂: 35 mm Hg (N=27–40) PO₂: 68 mm Hg HCO₃⁻: 15 mEq/L Chest x-ray shows increased pulmonary haziness and vascular markings suggestive of bilateral pulmonary edema. The most appropriate next step in management is administration of which of the following?",The most appropriate next step in management is administration of which of the following?,"
A. Bolus of 0.9% saline 
B. Bolus of sodium bicarbonate 
C. Intravenous alprostadil (prostaglandin E₁) 
D. Intravenous digoxin 
E. Intravenous dopamine
",C,C,True,"Given the clinical presentation of a term newborn with tachypnea, hypotension, and signs of pulmonary edema, the most likely diagnosis is persistent pulmonary hypertension of the newborn (PPHN). PPHN occurs when there is inadequate transition from fetal to neonatal circulation, leading to high pulmonary vascular resistance and cyanosis. Let's evaluate each option: A. Bolus of 0.9% saline - This would not address the underlying issue of high pulmonary vascular resistance and would only provide volume expansion, which might worsen the condition if the patient is already volume overloaded. B. Bolus of sodium bicarbonate - While metabolic acidosis can be present in PPHN due to poor perfusion and ventilation, a bolus of sodium bicarbonate is not the primary treatment. It does not address the high pulmonary vascular resistance that is the core issue. C. Intravenous alprostadil (prostaglandin E₁) - This is the correct choice. Alprostadil relaxes the pulmonary vasculature, reducing pulmonary vascular resistance and improving oxygenation. It is the first-line treatment for PPHN. D. Intravenous digoxin - Digoxin is used to treat heart failure and certain arrhythmias but is not indicated for PPHN. It would not address the high pulmonary vascular resistance. E. Intravenous dopamine - Dopamine can increase both systemic and pulmonary vascular resistance, making it contraindicated in PPHN where the goal is to reduce pulmonary vascular resistance. Therefore, the most appropriate next step in management is the administration of intravenous alprostadil (prostaglandin E₁) to reduce pulmonary vascular resistance and improve oxygenation.",0.0147,0.0435,0.3225,0.1024,0.0714,0.0787,0.0787,0.4502,0.5123,0.6044
"A 43-year-old woman comes to the office for a follow-up examination 1 week after she was discharged from the hospital following an overnight admission for an episode of crushing, aching chest pain. The pain was located behind her sternum and radiated to her left jaw and shoulder. She also had shortness of breath, palpitations, and nausea. Initial ECG obtained on admission showed ST-segment depressions in leads V₃ through V₆. Nitroglycerin was administered, and the chest pain resolved. Follow-up serial ECGs disclosed no abnormalities and serum troponin concentrations were within the reference ranges. Cardiac catheterization obtained the next morning showed no substantial narrowing of the coronary arteries. At discharge, the patient declined medication to prevent recurrence of pain. The patient reports that since discharge, she has had two episodes of chest discomfort lasting 2 to 4 minutes, similar in location and quality to the pain precipitating her hospitalization. Medical history otherwise is unremarkable and she takes no routine medications. Vital signs are within normal limits. Physical examination discloses no abnormalities. Which of the following is the most appropriate pharmacotherapy to prescribe at this time?",Which of the following is the most appropriate pharmacotherapy to prescribe at this time?,"
A. Diltiazem 
B. Lisinopril 
C. Propranolol 
D. Warfarin 
E. No pharmacotherapy is indicated at this time
",A,C,False,"This case describes a patient who experienced an episode of angina pectoris, which is chest pain typically due to reduced blood flow to the heart muscle. The patient's initial presentation included typical anginal symptoms such as chest pain radiating to the jaw and shoulder, shortness of breath, palpitations, and nausea. The ECG showed ST-segment depressions, and cardiac catheterization did not reveal any significant coronary artery disease. However, the patient has had recurrent episodes of chest discomfort since discharge, indicating possible ongoing ischemic episodes. Given the patient's history and the nature of her symptoms, the most appropriate pharmacotherapy to prescribe at this time is propranolol (Option C). Propranolol is a non-selective beta-blocker that can reduce myocardial oxygen demand by decreasing heart rate and contractility, thereby potentially preventing further anginal episodes. It is commonly used in the management of stable angina. Let's examine why the other options are not the best choice: A. Diltiazem - This is a calcium channel blocker that can also be used to manage angina by reducing myocardial oxygen demand. However, it is less commonly used as a first-line agent compared to beta-blockers like propranolol, especially in patients without hypertension or other indications for calcium channel blockade. B. Lisinopril - This is an ACE inhibitor primarily used to treat hypertension and heart failure. While it can have some secondary benefits in terms of reducing the risk of future cardiovascular events, it does not directly address the underlying mechanism of angina (reduced coronary blood flow). D. Warfarin - This anticoagulant is used to prevent thromboembolic events in conditions like atrial fibrillation or deep vein thrombosis. There is no indication for warfarin in the management of angina unless there is a specific underlying condition requiring anticoagulation. E. No pharmacotherapy is indicated at this time - Given the patient's history of angina and recent recurrence, it would be inappropriate to withhold pharmacotherapy. Prophylactic treatment is necessary to prevent further episodes of angina. Therefore, propranolol is the most appropriate pharmacotherapy to prescribe in this scenario.",0.019,0.0323,0.2504,0.0739,0.0514,0.0682,0.0682,0.4818,0.5804,0.7492
"A 35-year-old woman is brought to the emergency department by police after they found her wandering the streets and appearing intoxicated. On arrival, she is tremulous and appears distressed. She says she moved out of her abusive boyfriend’s apartment 1 week ago because she was afraid he would kill her. She has no financial or emotional family support. She worked at a grocery store until 1 month ago when she was fired for missing four shifts during the course of 1 week. During the past week, she has slept less than 4 hours nightly because she has slept on the streets or in shelters. She has panic disorder treated with fluoxetine. She takes no other medications. Ten years ago, she underwent 6 months of psychotherapy for dependent personality disorder. During the past year, she has drunk four or more glasses of wine and other alcoholic beverages nightly. She tried to quit drinking alcohol twice during the past year but was unsuccessful. Her last alcoholic drink was 24 hours ago. Pulse is 90/min and blood pressure is 140/90 mm Hg. Physical examination shows resting hand tremors and delayed reflexes. Mental status examination shows slurred speech. She has an irritable mood and anxious affect. Blood alcohol concentration is 140 mg/dL. Which of the following is the strongest predisposing risk factor for suicide in this patient?",Which of the following is the strongest predisposing risk factor for suicide in this patient?,"
A. Adjustment disorder with depressed mood 
B. Alcohol use disorder 
C. Dependent personality disorder 
D. History of physical abuse 
E. Panic disorder
",B,B,True,"- A. Adjustment disorder with depressed mood: While this could be a potential risk factor, it is not explicitly mentioned in the case. The patient's current state is more indicative of acute intoxication and withdrawal symptoms rather than an adjustment disorder. - B. Alcohol use disorder: This is the strongest predisposing risk factor for suicide in this patient. Chronic alcohol use, especially with a history of trying to quit and failing, increases the risk of suicidal ideation and behavior. The blood alcohol concentration (140 mg/dL) indicates significant intoxication, which can exacerbate mental health conditions like anxiety and depression, potentially leading to suicidal thoughts or actions. - C. Dependent personality disorder: Although this disorder can contribute to vulnerability in stressful situations, it is not as directly linked to increased suicide risk as alcohol use disorder. The patient's history of this disorder does not provide enough information to conclude that it is the strongest risk factor. - D. History of physical abuse: A history of physical abuse can increase the risk of developing mental health issues such as PTSD, anxiety, and depression, which can contribute to suicidal thoughts. However, the primary focus here is on the current state of the patient, and the most immediate risk factor is her alcohol use disorder. - E. Panic disorder: While panic disorder can lead to significant distress and may contribute to suicidal ideation, it is not as strongly associated with the current acute intoxication and withdrawal state as alcohol use disorder. The patient is currently experiencing severe withdrawal symptoms from alcohol, which are more immediately concerning. In conclusion, the combination of chronic alcohol use, acute intoxication, and the potential for withdrawal-induced psychiatric symptoms makes alcohol use disorder the strongest predisposing risk factor for suicide in this patient.",0.0242,0.0389,0.3057,0.0915,0.0724,0.0915,0.0915,0.4751,0.6009,0.7995
"A 76-year-old woman, who is receiving home hospice care because of end-stage metastatic lung cancer diagnosed 1 month ago, is examined at home at the request of her family because of a 3-hour history of labored breathing despite receiving 100% oxygen at 5 L/min via face mask. Pulse is 92/min, respirations are 18/min, and blood pressure is 105/62 mm Hg. Pulse oximetry on 100% oxygen via face mask shows an oxygen saturation of 85%. The patient appears cachectic and is in mild distress, showing increased work of breathing with prominent sternocleidomastoid muscles and intermittent agonal respirations. Which of the following is the most appropriate next step in management?",Which of the following is the most appropriate next step in management?,"
A. Administer intravenous morphine 
B. Admit the patient to the hospital for further evaluation 
C. Initiate a propofol infusion 
D. Transition the patient to noninvasive positive pressure ventilation 
E. No further action is indicated
",A,B,False,"A. Administer intravenous morphine - While morphine can be used to manage dyspnea in patients with advanced cancer, it is not typically the first step when there is significant respiratory distress that may indicate an underlying condition requiring urgent attention. Morphine should be considered after ruling out other causes of dyspnea. B. Admit the patient to the hospital for further evaluation - This is the most appropriate next step given the patient's clinical presentation. The patient is experiencing labored breathing despite supplemental oxygen, which suggests a potential exacerbation of her condition or the development of another issue such as fluid overload, pulmonary embolism, or heart failure. Hospital admission allows for more comprehensive evaluation, including imaging studies, laboratory tests, and close monitoring of vital signs. C. Initiate a propofol infusion - Propofol is generally used for sedation and is not typically the initial treatment for respiratory distress due to end-stage cancer. It would be considered if the patient were to develop refractory hypoxemia despite other interventions. D. Transition the patient to noninvasive positive pressure ventilation - This option is less appropriate without first ruling out other causes of the patient's symptoms. Noninvasive ventilation might be considered later if the patient develops severe respiratory failure, but it is not the immediate next step. E. No further action is indicated - This is incorrect because the patient's symptoms suggest a need for further investigation and intervention. Ignoring the patient's labored breathing could lead to worsening of her condition and potentially life-threatening complications. In summary, the patient's clinical presentation warrants a thorough evaluation in a hospital setting to determine the cause of her respiratory distress and to provide appropriate supportive care.",0.01,0.0297,0.1753,0.0687,0.0415,0.0619,0.0619,0.451,0.561,0.6618
"A 42-year-old woman comes to the physician because of a 1-month history of moderate constant abdominal pain. She was evaluated in the emergency department 6 weeks ago for renal calculi and was told that her serum calcium concentration was increased. She has labile hypertension treated with hydrochlorothiazide and enalapril. Two brothers have hyperparathyroidism, and one sister has an adrenal tumor. The patient's temperature is 37.0°C (98.6°F), pulse is 80/min, respirations are 12/min, and blood pressure is 182/98 mm Hg. Funduscopic examination shows arteriovenous nicking. There is mild, diffuse tenderness to palpation of the abdomen. The remainder of the examination shows no abnormalities. Serum calcium concentration is 13.2 mg/dL. Urine metanephrine concentration is 4000 μg/24 h (N=140–785). This patient is most likely at risk for which of the following conditions?",This patient is most likely at risk for which of the following conditions?,"
A. Carcinoid syndrome 
B. Chronic autoimmune (Hashimoto) thyroiditis 
C. Familial hypocalciuric hypercalcemia 
D. Medullary thyroid carcinoma 
E. Parathyroid carcinoma
",D,E,False,"Given the patient's history and clinical presentation, parathyroid carcinoma is the most likely diagnosis among the options provided. Here’s a detailed explanation for each option: A. Carcinoid syndrome: This condition is associated with tumors of the gastrointestinal tract or lungs that secrete serotonin and other vasoactive substances. Symptoms include flushing, diarrhea, and wheezing. The patient does not present with these typical symptoms, making carcinoid syndrome unlikely. B. Chronic autoimmune (Hashimoto) thyroiditis: This condition involves inflammation of the thyroid gland due to an autoimmune response. It typically presents with hypothyroidism, goiter, and sometimes bradycardia. The patient's symptoms do not align with Hashimoto's thyroiditis, and there is no mention of thyroid-related symptoms. C. Familial hypocalciuric hypercalcemia (FHH): This is a genetic disorder characterized by elevated serum calcium levels but normal or low urinary calcium excretion. It is usually asymptomatic or causes mild symptoms such as nephrolithiasis. The patient's symptoms and family history do not suggest FHH, especially given the presence of labile hypertension and the high urine metanephrine concentration. D. Medullary thyroid carcinoma (MTC): This type of thyroid cancer arises from C cells and can cause hyperparathyroidism through secretion of calcitonin. However, MTC is less commonly associated with hypercalcemia and hypertension compared to parathyroid carcinoma. Additionally, the patient's family history includes hyperparathyroidism, which is more consistent with parathyroid carcinoma. E. Parathyroid carcinoma: This is a rare form of cancer arising from the parathyroid glands. It can cause hypercalcemia due to excessive production of parathyroid hormone (PTH), leading to increased bone resorption and renal calcium reabsorption. The patient's history of increased serum calcium, family history of hyperparathyroidism, and the presence of labile hypertension are all consistent with parathyroid carcinoma. The funduscopic examination showing arteriovenous nicking could be a sign of hypercalcemia, further supporting this diagnosis. The high urine metanephrine concentration suggests the presence of pheochromocytoma, which is often found in association with parathyroid carcinoma. Therefore, based on the clinical presentation, family history, and laboratory findings, the patient is most likely at risk for parathyroid carcinoma.",0.0103,0.0282,0.2305,0.0623,0.0399,0.0453,0.0453,0.4486,0.5459,0.6735
A 26-year-old woman with common variable immunodeficiency comes to the office because of a 2-month history of night sweats. She also has had a 10-kg (22-lb) weight loss during the past 3 months despite no change in appetite. She has a 15-year history of recurrent sinusitis and otitis media. Her only medication is intravenous immune globulin. She is 163 cm (5 ft 4 in) tall and weighs 54 kg (120 lb); BMI is 21 kg/m². Vital signs are within normal limits. Examination shows cervical and epitrochlear lymphadenopathy. Which of the following is the most appropriate next step in management?,Which of the following is the most appropriate next step in management?,"
A. Lymph node biopsy 
B. Methylprednisolone therapy 
C. Penicillin therapy 
D. Plasmapheresis 
E. Trimethoprim-sulfamethoxazole therapy
",A,A,True,"Given the patient's history of common variable immunodeficiency (CVID), a 10-kg weight loss over three months, night sweats, and lymphadenopathy, these symptoms suggest the possibility of an underlying malignancy, particularly non-Hodgkin lymphoma, which is more common in patients with CVID. The presence of lymphadenopathy, especially cervical and epitrochlear lymphadenopathy, is a significant finding that warrants further investigation. Let's examine each option: A. Lymph node biopsy - This is the most appropriate next step. A biopsy can help determine the nature of the lymphadenopathy, whether it is due to infection, inflammation, or malignancy. Given the patient's immunodeficiency and the other clinical findings, a biopsy is crucial to rule out lymphoma or other malignancies. B. Methylprednisolone therapy - This is not indicated without a specific indication such as severe allergic reactions or autoimmune conditions. The patient's symptoms do not suggest an immediate need for corticosteroids. C. Penicillin therapy - While the patient has a history of recurrent sinusitis and otitis media, penicillin therapy would be more appropriate if there was evidence of a bacterial infection. The current presentation does not strongly suggest a bacterial infection, and the focus should be on evaluating for malignancy first. D. Plasmapheresis - This procedure is used to remove antibodies from the blood and is typically used in cases of autoimmune diseases or certain types of Guillain-Barré syndrome. It is not indicated for the patient's current symptoms. E. Trimethoprim-sulfamethoxazole therapy - This antibiotic is commonly used to prevent Pneumocystis pneumonia in immunocompromised individuals but is not indicated based on the current presentation. The patient's symptoms do not suggest a primary focus on preventing this specific infection. In conclusion, a lymph node biopsy is the most appropriate next step to evaluate the cause of the lymphadenopathy and to rule out malignancy, given the patient's history and current symptoms.",0.0089,0.0265,0.2092,0.0629,0.038,0.0566,0.0566,0.4312,0.5592,0.6781
"A 9-month-old boy is brought to the office by his mother because of a 6-hour history of persistent fussiness and decreased appetite. Two weeks ago, he was diagnosed with an upper respiratory tract infection. The symptoms have since resolved. He lives with his parents and a pet lizard. His diet consists of cow milk-based formula, baby food, and some solid foods. He has no history of serious illness and receives no medications. Immunizations are up-to-date. Today, he is inconsolable. He is at the 50th percentile for length and weight. Examination shows multiple flaccid bullae on an erythematous base over the buttocks. The mother says she had no knowledge of these findings. Which of the following is the most appropriate next step in management?",Which of the following is the most appropriate next step in management?,"
A. Abdominal ultrasonography 
B. Anti–Saccharomyces cerevisiae antibody testing 
C. Nitroblue tetrazolium testing 
D. Rectal swab for group B streptococcus 
E. Skeletal survey 
F. Stool culture for Salmonella enteritidis
",E,B,False,"Given the clinical presentation of a 9-month-old boy with multiple flaccid bullae on an erythematous base over the buttocks, the most likely diagnosis is Pemphigus foliaceus, which is an autoimmune blistering disease. This condition can be associated with anti-Saccharomyces cerevisiae antibodies (ASCA), which are autoantibodies directed against yeast-like structures found in the gut microbiota. These antibodies are often present in patients with inflammatory bowel diseases (IBD) such as Crohn's disease, which can sometimes present with skin manifestations similar to pemphigus foliaceus. Let's examine each option: A. Abdominal ultrasonography - This test is not indicated for diagnosing pemphigus foliaceus. It is more relevant for evaluating abdominal conditions like appendicitis or other gastrointestinal issues. B. Anti–Saccharomyces cerevisiae antibody testing - This is the most appropriate next step. The presence of ASCA antibodies can help confirm the diagnosis of pemphigus foliaceus, especially if there is a suspicion of underlying IBD. C. Nitroblue tetrazolium testing - This test is used to diagnose chronic granulomatous disease, a primary immunodeficiency disorder characterized by recurrent infections. It is not relevant to the current case. D. Rectal swab for group B streptococcus - This test is used to screen for group B streptococcus colonization, which is not related to the skin lesions described. E. Skeletal survey - A skeletal survey is typically performed to evaluate for bone diseases or fractures, which do not correlate with the skin findings described. F. Stool culture for Salmonella enteritidis - This test is used to diagnose Salmonella infection, which would present with gastrointestinal symptoms rather than skin bullae. Therefore, the most appropriate next step in managing this patient is to perform anti-Saccharomyces cerevisiae antibody testing to investigate for possible pemphigus foliaceus and any underlying inflammatory bowel disease.",0.0126,0.028,0.2604,0.0669,0.0404,0.0669,0.0669,0.4211,0.5411,0.6389
"A 62-year-old woman is admitted to the hospital because of an 8-hour history of severe right upper abdominal pain, nausea, and fever that began after she ate fried fish and potatoes. During the past 3 years, she has had 12 episodes of similar pain after meals, but it has not lasted as long or been as severe as this episode. She has hypertension, hyperlipidemia, and alcohol use disorder. Her medications are amlodipine, benazepril, and simvastatin. She drinks one 12-oz beer daily. She is 163 cm (5 ft 4 in) tall and weighs 86 kg (190 lb); BMI is 33 kg/m². Temperature is 38.5°C (101.3°F), pulse is 120/min, respirations are 28/min, and blood pressure is 100/68 mm Hg. Pulse oximetry on room air shows an oxygen saturation of 98%. On abdominal examination, there is diffuse tenderness to palpation, rebound, and guarding. Bowel sounds are decreased. Laboratory studies show: Hematocrit: 35% Leukocyte count: 16,000/mm³ Serum Ca²⁺: 7.9 mg/dL Urea nitrogen: 26 mg/dL Glucose: 200 mg/dL Creatinine: 2 mg/dL Triglycerides: 180 mg/dL AST: 162 U/L ALT: 98 U/L Amylase: 682 U/L Lipase: 515 U/L (N=14–280) Serum electrolyte concentrations and lactate dehydrogenase activities are within the reference ranges. Which of the Following is the most appropriate next step in diagnosis?",Which of the Following is the most appropriate next step in diagnosis?,"
A. CT scan of the abdomen 
B. Endoscopic retrograde cholangiopancreatography 
C. MR cholangiopancreatography 
D. MRI of the pancreas 
E. Ultrasonography of the right upper abdominal quadrant
",E,A,False,"Given the patient's symptoms of severe right upper abdominal pain, nausea, fever, and the history of similar episodes after meals, along with laboratory findings such as elevated amylase and lipase levels, the most likely diagnosis is acute pancreatitis. The CT scan of the abdomen is the most appropriate next step in diagnosis for several reasons: 1. CT Scan of the Abdomen: This imaging modality is highly sensitive and specific for diagnosing acute pancreatitis. It can detect pancreatic edema, necrosis, and complications such as pseudocysts or abscesses. Additionally, it can help rule out other causes of abdominal pain, such as gallstones or diverticulitis. 2. Endoscopic Retrograde Cholangiopancreatography (ERCP): While ERCP is useful for diagnosing and treating biliary or pancreaticobiliary disorders, it is invasive and typically reserved for patients who have not responded to conservative management or those with suspected complications like strictures or stones. Given the patient's current condition, which suggests acute pancreatitis, ERCP would be less urgent. 3. MR Cholangiopancreatography (MRCP): This non-invasive imaging technique is excellent for visualizing the biliary and pancreatic ducts. However, it is not as effective as a CT scan in evaluating the pancreas itself, especially in cases of acute inflammation where soft tissue changes are more critical. 4. MRI of the Pancreas: MRI can provide detailed images of the pancreas and surrounding structures, but it is generally less accessible and more time-consuming than a CT scan. It is also less commonly used as a first-line diagnostic tool for acute pancreatitis compared to CT. 5. Ultrasonography of the Right Upper Abdominal Quadrant: Ultrasound is useful for detecting gallstones and other biliary issues but is less effective in diagnosing acute pancreatitis due to the location and nature of the pancreas. It may miss early or mild cases of pancreatitis and is not as comprehensive as a CT scan in assessing the extent of pancreatic involvement. In summary, while all these options have their uses, the CT scan of the abdomen is the most appropriate initial diagnostic tool for evaluating a patient with suspected acute pancreatitis, given its ability to provide a comprehensive assessment of both the pancreas and surrounding structures.",0.0126,0.0251,0.1649,0.0595,0.0435,0.0541,0.0541,0.4263,0.5353,0.6915
"A 63-year-old man with chronic obstructive pulmonary disease comes to the urgent treatment center because of a 4- day history of worsening shortness of breath. Use of his albuterol rescue inhaler has provided no improvement in his symptoms. Medical history otherwise is unremarkable. Additional medications are formoterol, budesonide, and tiotropium. The patient smoked two packs of cigarettes daily for 45 years but currently smokes only three to four cigarettes daily and says he is trying hard to quit. He appears anxious. He is 175 cm (5 ft 9 in) tall and weighs 100 kg (220 lb); BMI is 33 kg/m². Temperature is 37.2°C (99.0°F), pulse is 96/min, respirations are 26/min, and blood pressure is 128/76 mm Hg. Pulse oximetry on room air discloses an oxygen saturation of 85%. Mild cyanosis is noted, but there is no clubbing or edema of the extremities. Auscultation of the lungs discloses diffuse expiratory wheezes. Cardiac examination discloses distant but regular heart sounds. Results of arterial blood gas analysis on room air are shown: PO2: 48 mm Hg PCO2: 55 mm Hg pH: 7.36 After an albuterol nebulizer treatment is administered, the patient reports feeling somewhat better but says he is feeling ""jittery"" and is starting to have a mild tremor. In addition to providing smoking cessation counseling and prescribing antibiotic and corticosteroid therapy, which of the following is the most appropriate next step in management?","In addition to providing smoking cessation counseling and prescribing antibiotic and corticosteroid therapy, which of the following is the most appropriate next step in management?","
A. Continuous nebulized albuterol therapy 
B. CT scan of the chest without contrast 
C. Intravenous aminophylline therapy 
D. Pulmonary function testing 
E. Pulmonary rehabilitation 
F. Titrated oxygen therapy
",F,C,False,"Given the patient's presentation, the most appropriate next step in management is intravenous aminophylline therapy. Here’s a detailed explanation of why this is the best choice and why the other options are less suitable: A. Continuous nebulized albuterol therapy - Incorrect: While nebulized albuterol can be beneficial, it is not typically the first-line treatment for severe exacerbations of COPD. The patient has already used his albuterol rescue inhaler without improvement, suggesting that the bronchodilator effect may be suboptimal or that there might be other factors contributing to his symptoms. B. CT scan of the chest without contrast - Incorrect: A CT scan is not immediately necessary in this scenario. It would be more useful if there were suspicion of complications such as pneumonia, pulmonary embolism, or other structural lung diseases, but these are not indicated based on the current clinical picture. C. Intravenous aminophylline therapy - Correct: Aminophylline is a methylxanthine bronchodilator that can provide additional bronchodilation beyond what is achieved with beta-agonists like albuterol. It is particularly useful in severe exacerbations of COPD where there is significant airway obstruction and hypoxemia. The patient's symptoms of worsening shortness of breath, low oxygen saturation, and the presence of expiratory wheezes suggest a severe exacerbation. Aminophylline can help improve oxygenation and relieve bronchospasm. D. Pulmonary function testing - Incorrect: Pulmonary function testing is not indicated in the acute setting of a severe COPD exacerbation. It is more useful for monitoring long-term lung function and assessing the effectiveness of treatments over time. E. Pulmonary rehabilitation - Incorrect: Pulmonary rehabilitation is a long-term intervention aimed at improving exercise capacity and quality of life. It is not appropriate in the acute phase of a severe exacerbation when immediate relief of symptoms is needed. F. Titrated oxygen therapy - Incorrect: While supplemental oxygen is important to maintain adequate oxygenation, especially given the patient's low oxygen saturation, it alone is not sufficient to address the underlying cause of the exacerbation. The patient's symptoms and signs indicate a need for additional bronchodilation and possibly systemic therapy. In summary, intravenous aminophylline therapy is the most appropriate next step in managing this patient's severe COPD exacerbation, as it can provide additional bronchodilation and improve oxygenation, addressing both the immediate and underlying issues.",0.0122,0.0386,0.2174,0.0748,0.0401,0.0698,0.0698,0.4966,0.5952,0.701
"A 49-year-old man returns to the office for follow-up 2 weeks after he was evaluated for a 4-month history of intermittent diarrhea associated with cramping abdominal pain, urgency, and fecal incontinence. Since the onset of these symptoms, he has had four to five bowel movements daily that contain blood and mucus. Endoscopy done 1 week ago showed erythematous, inflamed mucosa of the rectum and sigmoid colon; there were no abnormalities of the ileum. He also had an episode of uveitis treated with intraocular corticosteroids 3 months ago. He takes no routine medications. He is 185 cm (6 ft 1 in) tall and weighs 77 kg (170 lb); BMI is 22 kg/m². Vital signs are temperature 37.3°C (99.2°F), pulse 88/min, respirations 18/min, and blood pressure 128/80 mm Hg. Skin examination shows raised, tender nodules that are 2 to 3 cm in diameter on the anterior surfaces of both lower extremities. Palpation of the abdomen discloses mild tenderness. Rectal examination discloses no fissures or ulcers. Test of the stool for occult blood is trace positive. This patient should be counseled that he is at greatest risk for which of the following?",This patient should be counseled that he is at greatest risk for which of the following?,"
A. Adenocarcinoma of the colon 
B. Cholelithiasis 
C. Nephrolithiasis 
D. Primary biliary cirrhosis 
E. Spontaneous bacterial peritonitis
",A,A,True,"Given the patient's clinical presentation, the most likely diagnosis is ulcerative colitis, a type of inflammatory bowel disease (IBD). The key features supporting this diagnosis include: - A 4-month history of intermittent diarrhea with blood and mucus. - Erythematous, inflamed mucosa of the rectum and sigmoid colon on endoscopy. - Presence of tender nodules on the anterior surfaces of both lower extremities, which could indicate subcutaneous vasculitis, a common complication of ulcerative colitis. - Mild tenderness on palpation of the abdomen, which can occur due to inflammation in the colon. - Trace positive test for occult blood in the stool, indicating gastrointestinal bleeding. The patient's history of uveitis treated with intraocular corticosteroids further supports the diagnosis of IBD, as corticosteroid use can exacerbate or trigger IBD symptoms. Now, let's examine why the other options are less likely: B. Cholelithiasis - This condition involves gallstones and typically presents with right upper quadrant pain, nausea, and vomiting. There is no evidence in the patient's history or physical exam to suggest cholelithiasis. C. Nephrolithiasis - Also known as kidney stones, this condition causes flank pain, hematuria, and sometimes nausea and vomiting. The patient's symptoms do not align with nephrolithiasis. D. Primary biliary cirrhosis - This liver disorder primarily affects bile ducts and leads to liver damage over time. Symptoms often include pruritus, fatigue, and jaundice. The patient's symptoms do not suggest liver disease. E. Spontaneous bacterial peritonitis - This condition occurs in patients with cirrhosis and ascites, leading to peritoneal infection. The patient does not have a history of liver disease or ascites, making this diagnosis unlikely. Therefore, based on the clinical presentation and the findings from the endoscopy, the patient is at the greatest risk for adenocarcinoma of the colon, although it's important to note that the risk of colorectal cancer in ulcerative colitis increases over time, especially if the disease affects more than 80% of the colon and persists for more than 8 years. Regular surveillance with colonoscopies is recommended for patients with ulcerative colitis.",0.0,0.0286,0.1463,0.063,0.0231,0.0516,0.0516,0.4747,0.5451,0.5783
"A 27-year-old man is examined in the intensive care unit 1 day after he sustained a closed head injury, liver laceration, and pelvic fracture in a motor vehicle collision. He is intubated and mechanically ventilated. He is receiving intravenous midazolam and 5% dextrose in lactated Ringer solution. Temperature is 37.8°C (100.0°F), pulse is 95/min, and blood pressure is 100/70 mm Hg. Cardiopulmonary examination shows no abnormalities. The abdomen is soft. He withdraws appropriately to painful stimuli. Laboratory studies show: Hematocrit: 28% Leukocyte count: 13,000/mm³ Serum Na⁺: 138 mEq/L K⁺: 3.5 mEq/L Cl⁻: 102 mEq/L HCO₃⁻: 24 mEq/L Urea nitrogen: 20 mg/dL Glucose: 220 mg/dL Creatinine: 1 mg/dL Which of the following is the most likely mechanism of these laboratory findings?",5 mEq/L Cl⁻: 102 mEq/L HCO₃⁻: 24 mEq/L Urea nitrogen: 20 mg/dL Glucose: 220 mg/dL Creatinine: 1 mg/dL Which of the following is the most likely mechanism of these laboratory findings?,"
A. Decreased uptake of glucose by insulin-sensitive tissues 
B. Exogenous production of glucose by bacteria 
C. Impaired excretion of glucose by the kidneys 
D. Increased infusion of intravenous glucose 
E. Insulin deficiency
",A,D,False,"- Option A: Decreased uptake of glucose by insulin-sensitive tissues - This could potentially lead to hyperglycemia, but it would not explain the high hematocrit, which suggests dehydration. Additionally, the patient's leukocyte count is within normal limits, which does not support an inflammatory response that might cause decreased glucose uptake. - Option B: Exogenous production of glucose by bacteria - While bacterial infections can cause hyperglycemia, this is not a common or primary mechanism in the context of trauma and the given clinical scenario. The patient's other lab results do not suggest an infection. - Option C: Impaired excretion of glucose by the kidneys - This could also lead to hyperglycemia, but again, the patient's creatinine level is normal, indicating normal kidney function. Furthermore, the high hematocrit suggests dehydration, which would not typically impair renal glucose excretion. - Option D: Increased infusion of intravenous glucose - This is the most likely explanation for the hyperglycemia observed. The patient is receiving intravenous midazolam and 5% dextrose in lactated Ringer solution. The 5% dextrose solution contains a significant amount of glucose, which, if infused in large volumes, can lead to hyperglycemia. The high glucose level (220 mg/dL) supports this hypothesis. - Option E: Insulin deficiency - While insulin deficiency can cause hyperglycemia, it is less likely in this scenario. The patient is receiving midazolam, which has minimal effects on glucose metabolism, and there is no evidence of an underlying condition that would cause insulin deficiency. The normal serum sodium and potassium levels also do not suggest a diabetic ketoacidosis or other conditions associated with insulin deficiency. Given the patient's recent trauma and the presence of intravenous glucose administration, the most plausible explanation for the hyperglycemia is increased infusion of intravenous glucose.",0.0061,0.0544,0.1502,0.0932,0.0312,0.0683,0.0683,0.465,0.4834,0.5729
"A 72-year-old woman is evaluated in the acute rehabilitation facility where she has been receiving physical therapy since sustaining a stroke 2 weeks ago that resulted in moderate left hemiparesis. A swallowing study obtained on admission to the facility showed no abnormalities and she has been progressing well with her rehabilitation. She is able to walk with the aid of a walker and assistant, has no speech impairment, and tolerates a regular diet. Medical history also is notable for well-controlled hypertension and hyperlipidemia. Medications are lisinopril, simvastatin, and daily aspirin. Temperature is 37.0°C (98.6°F), pulse is 72/min and regular, respirations are 12/min, and blood pressure is 130/80 mm Hg. Cardiopulmonary examination shows no abnormalities. Cranial nerves are intact. Muscle strength in the extremities is 4/5 on the left and 5/5 on the right. Sensation is intact bilaterally. Standardized assessment of cognitive function shows no abnormalities. For the past 2 days, the patient has insisted that she is well enough to go home despite not being fully cleared to do so by her physical therapist and physiatrist, who want her to stay for 1 more week to try to advance from the walker to a cane. The patient lives with her daughter, son-in-law, and grandson, and has a bedroom on the main floor of the house with no need to use stairs. The daughter works as a stay-at-home mother. Which of the following is the most appropriate next step in management?",Which of the following is the most appropriate next step in management?,"
A. Discharge the patient with a plan for home health care and physical therapy 
B. Inform the patient that she would need to sign out against medical advice 
C. Inform the patient that transfer to a long-term care facility is most suitable for her 
D. Request psychiatric evaluation of the patient's decision-making capacity
",A,A,True,"Option A is the most appropriate next step because the patient is showing significant improvement and is able to walk with the aid of a walker and assistant, which indicates she can manage at home with additional support. Her living situation is suitable, as she has a bedroom on the main floor without the need to use stairs, and her daughter is available to assist her. Given her progress and the supportive environment at home, discharge with home health care and continued physical therapy is a reasonable approach. Option B is incorrect because it does not address the patient's progress and willingness to return home. It also does not consider the supportive home environment and the patient's ability to manage with assistance. Option C is incorrect because there is no indication that the patient requires long-term care facilities. Her current living situation and the support available make this unnecessary. Option D is incorrect because while the patient's insistence on discharge might raise concerns about her decision-making capacity, the information provided does not suggest any cognitive impairments or signs of delirium that would necessitate a psychiatric evaluation. The patient's standardized cognitive function assessment was normal, and her overall condition suggests she is making a rational decision based on her perceived readiness to return home.",0.0133,0.0351,0.2546,0.0779,0.0437,0.0519,0.0519,0.4844,0.5753,0.6183
"A 46-year-old woman comes to the office for an annual health maintenance examination. She reports a 6-week history of fatigue, which she attributes to working full time and caring for her three children. Her blood pressure has been consistently high as measured at home with her husband's automated cuff, with many readings greater than 150/90 mm Hg. Medical history is unremarkable and routine preventive screenings, including mammography and Pap smear, have shown no abnormalities. Her only medications are a daily multivitamin and ibuprofen as needed. She is 165 cm (5 ft 5 in) tall and weighs 72 kg (158 lb); BMI is 26 kg/m². Pulse is 84/min, and blood pressure is 152/98 mm Hg. Physical examination shows trace edema of the ankles but no other abnormalities. Results of serum studies are shown: Urea nitrogen: 12 mg/dL Creatinine: 0.9 mg/dL Na⁺: 141 mEq/L K⁺: 3.1 mEq/L Cl⁻: 100 mEq/L HCO₃⁻: 23 mEq/L Which of the following is the most likely explanation for this patient's increased blood pressure?",1 mEq/L Cl⁻: 100 mEq/L HCO₃⁻: 23 mEq/L Which of the following is the most likely explanation for this patient's increased blood pressure?,"
A. Cushing syndrome 
B. Fibromuscular dysplasia 
C. Hyperaldosteronism 
D. Hypothyroidism 
E. Obstructive sleep apnea
",C,C,True,"- Cushing syndrome (Option A): This condition is characterized by excessive cortisol production, leading to weight gain, hypertension, muscle weakness, and other symptoms. While it can cause hypertension, it typically presents with more specific signs such as central obesity, thinning skin, and purple striae on the skin. The patient's presentation does not strongly suggest Cushing syndrome. - Fibromuscular dysplasia (Option B): This is a non-inflammatory condition that affects the medium-sized arteries, often causing hypertension. However, it usually presents with episodic hypertension, headaches, and sometimes bruits heard over the abdomen or neck. There is no strong evidence in the patient's history to suggest this condition. - Hyperaldosteronism (Option C): This condition involves excessive production of aldosterone, a hormone that regulates sodium and potassium levels and blood pressure. It can lead to hypertension, hypokalemia (low potassium), and metabolic alkalosis. The patient's low potassium level (3.1 mEq/L) and normal bicarbonate level (23 mEq/L) are consistent with hyperaldosteronism. Additionally, the presence of trace edema could be due to fluid retention from the hypertension. - Hypothyroidism (Option D): This condition is characterized by low thyroid hormone levels, leading to symptoms such as fatigue, weight gain, cold intolerance, and constipation. While it can cause hypertension, it is less common and would typically present with other symptoms like cold intolerance and weight gain, which are not mentioned in the patient's history. - Obstructive sleep apnea (Option E): This condition involves repeated episodes of partial or complete upper airway obstruction during sleep, leading to intermittent hypoxemia and hypertension. While it is a common cause of hypertension, the patient's history does not mention any symptoms of sleep disturbances or daytime sleepiness, which are typical in obstructive sleep apnea. Given the patient's history of persistent hypertension, low potassium, and trace edema, hyperaldosteronism is the most likely explanation for her increased blood pressure.",0.0109,0.0596,0.3213,0.1254,0.0721,0.1075,0.1075,0.4837,0.5036,0.6302
"A 50-year-old woman is brought to the emergency department because of a 3-day history of severely painful lesions over her right leg and temperatures to 38.7°C (101.7°F). She has a 12-year history of type 2 diabetes mellitus. Her only medication is insulin. On arrival, temperature is 39.3°C (102.8°F). Examination of the right lower extremity shows exquisite tenderness to palpation, edema, and warmth. The extremity appears shiny and diffusely erythematous without sharp margins. The subcutaneous tissue is firm, and there are areas of notable skin breakdown with bullae containing thick purple fluid. Examination of the left lower extremity shows no abnormalities. Which of the following is the most likely diagnosis?",Which of the following is the most likely diagnosis?,"
A. Cellulitis 
B. Dermatophytosis 
C. Erysipelas 
D. Erythema nodosum 
E. Herpes zoster 
F. Necrotizing fasciitis
",F,F,True,"- Cellulitis (A): This is a common bacterial infection of the skin and underlying soft tissues. It typically presents with redness, warmth, swelling, and pain, but it usually does not cause bullae or necrosis of the skin. The absence of sharp margins and the presence of bullae containing thick purple fluid are not typical for cellulitis. - Dermatophytosis (B): This is a fungal infection of the skin, commonly known as ringworm. It does not typically present with the systemic symptoms like fever, nor does it cause the severe pain, edema, and necrotic changes seen in this patient. - Erysipelas (C): This is a superficial skin infection caused by beta-hemolytic streptococci. It presents with a well-demarcated, bright red, swollen area on the skin, often on the legs, with a clear border. While erysipelas can cause fever and pain, it does not usually present with the diffuse erythema, edema, and necrotic changes described here. - Erythema nodosum (D): This is an inflammatory condition that causes painful, red nodules on the shins. It is associated with various conditions such as infections, medications, and inflammatory bowel disease. It does not typically cause systemic symptoms like fever, nor does it present with the necrotic changes seen in this patient. - Herpes zoster (E): This is caused by reactivation of the varicella-zoster virus and presents as a painful rash with blisters in a dermatomal distribution. While it can cause fever and pain, it does not typically present with the necrotic changes or the diffuse erythema seen in this patient. - Necrotizing fasciitis (F): This is a rare but serious bacterial infection that affects the deep layers of skin and fascia. It can be caused by a variety of bacteria, including group A Streptococcus, Staphylococcus aureus, and other gram-negative bacilli. The clinical presentation includes severe pain, erythema, edema, and necrosis of the skin, which matches the description of the patient's right lower extremity. The presence of bullae containing thick purple fluid is highly suggestive of necrotizing fasciitis, as these bullae represent areas of necrotic skin and underlying tissue. Given the severity of the symptoms, the presence of necrotic changes, and the systemic signs of infection, necrotizing fasciitis is the most likely diagnosis. Immediate surgical intervention and broad-spectrum antibiotics are critical in managing this condition.",0.0045,0.0157,0.1535,0.0415,0.026,0.0415,0.0415,0.3877,0.535,0.6013
"A 37-year-old woman comes to the office for a routine health maintenance examination. For the past 6 years, she has worked in a paper mill factory that uses liquid chlorine to bleach the paper. The patient is concerned about her exposure to toxic substances. Vital signs are within normal limits. Examination shows no abnormalities. Which of the following is the most appropriate recommendation to address this patient's concerns?",Which of the following is the most appropriate recommendation to address this patient's concerns?,"
A. Corticosteroid therapy 
B. Taking frequent breaks from the paper-bleaching area 
C. Undergoing monthly pulmonary function testing 
D. Using a respirator at work 
E. Washing daily after work with a chlorhexidine-based solution
",D,D,True,"A. Corticosteroid therapy - This is not an appropriate recommendation for a routine health maintenance examination without specific indications such as asthma or other inflammatory conditions. Corticosteroids are used to reduce inflammation but are not a preventive measure against occupational exposures. B. Taking frequent breaks from the paper-bleaching area - While taking breaks can help reduce exposure, it is not a comprehensive solution. It does not address the continuous nature of the exposure and does not protect the worker during the time they are working. C. Undergoing monthly pulmonary function testing - Regular monitoring of lung function is important for workers exposed to respiratory irritants, but it is more of a follow-up measure rather than a primary prevention strategy. It would be more appropriate if there were already signs of respiratory issues or if the patient had symptoms. D. Using a respirator at work - This is the most appropriate recommendation because it directly addresses the patient's concern about exposure to toxic substances. Liquid chlorine can be harmful if inhaled, and using a respirator can significantly reduce the risk of inhalation exposure. Respirators are designed to filter out harmful particles and gases, providing a barrier between the worker and the hazardous environment. E. Washing daily after work with a chlorhexidine-based solution - While personal hygiene is important, washing with a chlorhexidine-based solution is not specifically indicated for reducing exposure to liquid chlorine. Chlorhexidine is primarily used for antiseptic purposes and does not effectively remove chlorine from the skin. Additionally, the primary route of exposure for liquid chlorine is inhalation, not dermal contact. Therefore, the most effective and direct approach to addressing the patient's concerns about her occupational exposure is to recommend the use of a respirator at work.",0.0064,0.035,0.2326,0.0855,0.0464,0.0724,0.0724,0.4837,0.5707,0.6831
"A 57-year-old man with alcohol use disorder comes to the emergency department because of a 3-day history of worsening abdominal pain and distention. Medical history is remarkable for alcoholic cirrhosis, hypertension, hyperlipidemia, and a laparoscopic cholecystectomy 10 years ago. The patient also has had several previous hospital admissions for similar episodes of abdominal pain and distention. The patient takes no medications but has been prescribed medications for hypertension in the past. He recently participated in an alcohol rehabilitation program but began drinking alcohol again 1 week ago. During the past 5 days, he has drunk 1 L of vodka daily. Pulse is 100/min, respirations are 16/min, and blood pressure is 165/85 mm Hg. Pulse oximetry on room air shows an oxygen saturation of 100%. The patient appears jaundiced. Cardiopulmonary examination discloses no abnormalities. The abdomen is large, distended, and tense; a fluid wave is present. Palpation of the abdomen discloses a 2-cm–wide reducible umbilical hernia and diffuse tenderness without guarding. There is no tenderness to percussion. In addition to large-volume paracentesis and furosemide therapy, initiation of which of the following pharmacotherapies is most appropriate?","In addition to large-volume paracentesis and furosemide therapy, initiation of which of the following pharmacotherapies is most appropriate?","
A. Enalapril 
B. Metoprolol 
C. Propranolol 
D. Spironolactone 
E. Valsartan
",D,D,True,"Given the patient's history of alcoholic cirrhosis, the presence of ascites (indicated by the fluid wave and distended abdomen), and the recent heavy alcohol consumption, the most appropriate pharmacotherapy to initiate is spironolactone. Here’s a detailed explanation of why this is the best choice and why the other options are less suitable: Spironolactone (Option D): - Indication: Spironolactone is a potassium-sparing diuretic that is commonly used in the management of ascites due to liver cirrhosis. It works by blocking aldosterone receptors, which reduces sodium reabsorption and increases potassium excretion, leading to diuresis. - Benefits: It helps in reducing the volume of ascites, which can alleviate symptoms such as abdominal distension and discomfort. Additionally, it can help prevent the complications associated with ascites, such as spontaneous bacterial peritonitis. Enalapril (Option A): - Indication: Enalapril is an ACE inhibitor used primarily for hypertension and heart failure. While it can be beneficial in managing hypertension, it does not address the primary issue of ascites in this patient. Metoprolol (Option B): - Indication: Metoprolol is a beta-blocker used to treat hypertension and heart failure. Like enalapril, it is not specifically indicated for the management of ascites in patients with cirrhosis. Propranolol (Option C): - Indication: Propranolol is another beta-blocker, often used to reduce the risk of variceal bleeding in patients with portal hypertension. However, it is not typically used for the management of ascites. Valsartan (Option E): - Indication: Valsartan is an angiotensin II receptor blocker (ARB) used to treat hypertension. Similar to enalapril and metoprolol, it does not address the specific issue of ascites in this patient. In summary, spironolactone is the most appropriate pharmacotherapy to manage the patient's ascites, given his history of alcoholic cirrhosis and the current exacerbation of symptoms.",0.0,0.032,0.1686,0.0714,0.0065,0.0649,0.0649,0.4687,0.5625,0.6326
"A 48-year-old man is admitted to the hospital 2 hours after the onset of severe abdominal pain, nausea, and vomiting. The pain radiates to the back but improves when he bends forward. He has no history of serious illness and takes no medications. He does not smoke cigarettes. He drinks two 12-oz beers weekly. He appears restless. He is 173 cm (5 ft 8 in) tall and weighs 90 kg (198 lb); BMI is 30 kg/m² . Temperature is 38.0°C (100.4°F), pulse is 110/min, respirations are 20/min, and blood pressure is 110/60 mm Hg. On pulmonary examination, decreased breath sounds are heard at the lung bases; there is dullness to percussion. Abdominal examination shows distention and severe tenderness to palpation of the epigastrium and left upper quadrant. Laboratory studies show: Hemoglobin: 13.5 g/dL Serum Urea nitrogen: 30 mg/dL Glucose: 120 mg/dL Creatinine: 1.2 mg/dL Cholesterol: 300 mg/dL Triglycerides: 1500 mg/dL Total bilirubin: 1.1 mg/dL Amylase: 300 U/L Administration of intravenous fluids and analgesics is begun. The patient’s abdominal pain, nausea, and vomiting decrease. Which of the following is the most appropriate next step in management? Choose one among the choices below.",Which of the following is the most appropriate next step in management?,"
A. Apheresis 
B. Ezetimibe therapy 
C. Gemfibrozil therapy 
D. Metformin therapy 
E. Recommendation for weight loss
",C,E,False,"Given the clinical presentation and laboratory findings, the patient's symptoms and signs are consistent with acute pancreatitis. Acute pancreatitis is characterized by severe abdominal pain that may radiate to the back, nausea, vomiting, and can be associated with other systemic signs such as fever and tachycardia. The presence of decreased breath sounds at the lung bases and dullness to percussion suggests possible fluid accumulation, which could be due to pleural effusion secondary to inflammation or shock. The laboratory findings support the diagnosis: - Elevated amylase (300 U/L) is a common finding in acute pancreatitis. - The patient's BMI of 30 kg/m² indicates obesity, which is a significant risk factor for developing acute pancreatitis. - Elevated triglycerides (1500 mg/dL) suggest hypertriglyceridemia, another risk factor for pancreatitis. - The patient's weight (90 kg) and BMI (30 kg/m²) indicate obesity, which is a major risk factor for acute pancreatitis. Now, let's evaluate each option: A. Apheresis - This procedure involves removing blood from the body, separating it into components, and returning the blood cells to the body while removing the plasma. It is not typically used for managing acute pancreatitis unless there is a specific indication such as severe hypertriglyceridemia. However, the patient's triglyceride level is extremely high, and apheresis might be considered if this is the primary cause of his condition. B. Ezetimibe therapy - Ezetimibe is a cholesterol-lowering medication that inhibits the absorption of dietary cholesterol. It is not indicated for the immediate management of acute pancreatitis. C. Gemfibrozil therapy - Gemfibrozil is a fibrate medication used to lower triglycerides and raise HDL cholesterol. While it can help manage hypertriglyceridemia, it is not the first-line treatment for acute pancreatitis. D. Metformin therapy - Metformin is an antidiabetic medication used to control blood glucose levels in type 2 diabetes. It is not indicated for the management of acute pancreatitis. E. Recommendation for weight loss - Given the patient's obesity and the risk factors for acute pancreatitis, recommending weight loss is the most appropriate next step. Weight loss can help reduce the risk of recurrent pancreatitis and improve overall health. Lifestyle modifications, including diet and exercise, should be recommended to achieve sustainable weight loss. In conclusion, while apheresis might be considered if hypertriglyceridemia is the primary issue, the most appropriate initial step in managing this patient's acute pancreatitis is to recommend weight loss to address the underlying risk factors.",0.0066,0.0218,0.1499,0.0534,0.0293,0.0485,0.0485,0.4258,0.5531,0.6194
"A 57-year-old man is admitted to the hospital 30 minutes after he was found wandering in the streets. Fingerstick blood glucose concentration obtained by paramedics prior to transport was 68 mg/dL. The patient's medical history is unknown. Temperature is 35.8°C (96.5°F), pulse is 80/min, respirations are 16/min, and blood pressure is 106/70 mm Hg. The patient appears disheveled and is not oriented to person, place, or time. Physical examination shows mild conjunctival icterus. Cardiopulmonary examination discloses no abnormalities. Abdominal examination discloses a small fluid wave. There is palmar erythema and 1+ pitting edema of the lower extremities. Gait is broad based and ataxic. The patient is unable to cooperate with ocular or neurologic examinations. ECG shows a regular sinus rhythm and no acute abnormalities. Results of toxicology screening are pending. The most appropriate initial step in management is to administer which of the following?",The most appropriate initial step in management is to administer which of the following?,"
A. Glucose 
B. Vitamin B₁ (thiamine) 
C. Vitamin B₂ (riboflavin) 
D. Vitamin B₆ (pyridoxine) 
E. Vitamin B₁₂ (cyanocobalamin)
",B,B,True,"Given the patient's presentation, the most likely diagnosis is Wernicke-Korsakoff syndrome, a neurological disorder caused by thiamine (vitamin B₁) deficiency, often seen in chronic alcoholics. Key features that support this diagnosis include: - Disheveled appearance and altered mental status (not oriented to person, place, or time). - Mild conjunctival icterus, which can be a sign of liver dysfunction. - Palmar erythema, which is commonly associated with chronic alcoholism. - Ataxia (unsteady gait) and broad-based gait, indicating cerebellar dysfunction. - Pitting edema of the lower extremities, which could be due to liver disease or malnutrition. The patient's hypothermia (35.8°C or 96.5°F) and bradycardia (80/min) are also consistent with hypothyroidism or other metabolic derangements, but they do not directly point to a specific treatment. Why other options are incorrect: - A. Glucose: While hypoglycemia (low blood sugar) is a concern given the low blood glucose level (68 mg/dL), it is not the primary issue here. The patient's altered mental status and neurological signs suggest a more serious underlying condition. - C. Vitamin B₂ (riboflavin): Riboflavin deficiency is rare and does not typically present with the clinical picture described. - D. Vitamin B₆ (pyridoxine): Pyridoxine deficiency is uncommon and does not explain the patient's symptoms. - E. Vitamin B₁₂ (cyanocobalamin): While vitamin B₁₂ deficiency can cause neurological symptoms, it is less likely than thiamine deficiency in this context, especially without evidence of anemia or megaloblastic changes on blood smear. Thiamine is crucial for energy metabolism and nerve function. Administering thiamine intravenously is the most appropriate initial step to address the suspected thiamine deficiency and potentially reverse the neurological symptoms.",0.0031,0.0336,0.2192,0.0777,0.0356,0.0495,0.0495,0.4371,0.5045,0.6082
"Three days after an operation for uterine cancer, a hospitalized 67-year-old woman develops edema of the right lower extremity. Doppler ultrasonography shows a deep venous thrombosis (DVT). Review of the patient's record indicates that no DVT prophylaxis was initiated perioperatively. Which of the following is the best approach to prevent a similar adverse event in the future?",Which of the following is the best approach to prevent a similar adverse event in the future?,"
A. Conduct a nursing in-service regarding DVT prophylaxis 
B. Develop an institutional policy with standardized orders for DVT prophylaxis 
C. Encourage early ambulation during the postoperative period 
D. Prescribe low-molecular-weight heparin for all postoperative patients 
E. No intervention indicated because this is an isolated case and does not occur frequently
",B,B,True,"A. Conduct a nursing in-service regarding DVT prophylaxis - While educating staff about DVT prevention is important, it may not be sufficient on its own to ensure consistent implementation of prophylactic measures. It addresses awareness but lacks the structured approach needed to ensure compliance across all patients. B. Develop an institutional policy with standardized orders for DVT prophylaxis - This is the most comprehensive approach as it establishes clear guidelines and protocols that healthcare providers must follow. Standardized orders ensure that DVT prophylaxis is consistently administered to appropriate patients, reducing the risk of missed opportunities for prevention. C. Encourage early ambulation during the postoperative period - Early mobilization is beneficial for preventing DVT, but it should be part of a broader strategy rather than the sole preventive measure. It is less effective without other interventions like pharmacological prophylaxis. D. Prescribe low-molecular-weight heparin for all postoperative patients - While this is a specific and effective method of DVT prophylaxis, it is too broad and may not be suitable for all patients due to potential contraindications or other health considerations. A more tailored approach based on clinical guidelines and patient-specific factors would be preferable. E. No intervention indicated because this is an isolated case and does not occur frequently - This option is incorrect because even if DVTs do not occur frequently, they can still have serious consequences. Addressing the issue through systemic changes can help prevent future occurrences and improve overall patient safety. In conclusion, developing an institutional policy with standardized orders for DVT prophylaxis is the best approach as it ensures consistent application of evidence-based practices across all relevant cases, thereby minimizing the risk of similar adverse events.",0.0034,0.0432,0.2913,0.0949,0.0273,0.061,0.061,0.5036,0.5584,0.661
"A clinical trial is performed to assess the efficacy of aspirin in decreasing the risk for myocardial infarction. Twenty-two thousand male physicians with no history of coronary artery disease are randomly assigned to receive aspirin (325 mg/d) or a placebo. After following the subjects for 5 years, results show that the incidence of myocardial infarction is 1.2% in the aspirin group and 2.2% in the placebo group. The reduction in incidence is statistically significant. Which of the following is the most accurate interpretation of these results?",Which of the following is the most accurate interpretation of these results?,"
A. Absolute risk reduction is 1% 
B. Absolute risk reduction is 10% 
C. Number needed to treat is 4 
D. Number needed to treat is 25 
E. Relative risk reduction is 25% 
F. Relative risk reduction is 75%
",A,D,False,"- Option A: Absolute risk reduction is 1% - This is incorrect because the absolute risk reduction (ARR) is calculated as the difference between the incidence rates in the two groups. Here, it is \(2.2\% - 1.2\% = 1\%\). So, the absolute risk reduction is 1%, not 1%. - Option B: Absolute risk reduction is 10% - This is incorrect for the same reason as Option A. The absolute risk reduction is 1%, not 10%. - Option C: Number needed to treat is 4 - This is incorrect. The number needed to treat (NNT) is the inverse of the absolute risk reduction. Since the ARR is 1%, the NNT is \( \frac{1}{0.01} = 100 \), not 4. - Option D: Number needed to treat is 25 - This is correct. As explained above, the NNT is the inverse of the absolute risk reduction. With an ARR of 1%, the NNT is 100. However, since we are looking at the reduction from 2.2% to 1.2%, the effective NNT is \( \frac{100}{4} = 25 \). - Option E: Relative risk reduction is 25% - This is incorrect. The relative risk reduction (RRR) is calculated as the ratio of the risk in the control group to the risk in the treatment group. Here, it is \( \frac{2.2\%}{1.2\%} - 1 = \frac{2.2}{1.2} - 1 = 0.8333 \) or approximately 83.33%. So, the RRR is about 83.33%, not 25%. - Option F: Relative risk reduction is 75% - This is incorrect for the same reason as Option E. The RRR is approximately 83.33%, not 75%. Therefore, the most accurate interpretation of the results is that the number needed to treat is 25, meaning you would need to treat 25 people with aspirin to prevent one myocardial infarction compared to those receiving a placebo.",0.0049,0.022,0.1603,0.059,0.0396,0.059,0.059,0.366,0.4948,0.5857
"An 18-year-old man is being prepared to undergo left temporal craniotomy for meningioma. General anesthesia has been administered. The surgeon reviews the patient's most recent MRI findings, which are hanging on a view box in the operating room, and prepares to clip the hair from the patient's right scalp. The circulating nurse is concerned because the signed operative consent form indicates a left temporal craniotomy. Which of the following is the most appropriate course of action for the circulating nurse?",Which of the following is the most appropriate course of action for the circulating nurse?,"
A. No action is required 
B. Review the MRI to determine the correct operative site 
C. Ask the surgeon to continue the operation only after the discrepancy is resolved 
D. Change the operative consent to match the surgeon's actions 
E. Call the waiting room to confirm the correct operative site with the patient's parents 
F. Write a postoperative incident report only
",C,C,True,"A. No action is required - This is incorrect because there is a significant discrepancy between the signed consent form and the planned procedure. Ignoring this could lead to serious medical errors and potential harm to the patient. B. Review the MRI to determine the correct operative site - While reviewing the MRI might help clarify the situation, it is not the immediate action that should be taken. The primary concern is ensuring that the correct site is identified before proceeding with the surgery. C. Ask the surgeon to continue the operation only after the discrepancy is resolved - This is the most appropriate course of action. The circulating nurse should verify the correct site with the surgeon and ensure that everyone involved (including the patient if possible) agrees on the correct surgical site before any further steps are taken. This helps prevent errors and ensures patient safety. D. Change the operative consent to match the surgeon's actions - This is incorrect because changing the consent form without proper authorization and documentation would be unethical and potentially illegal. It also does not address the underlying issue of the discrepancy. E. Call the waiting room to confirm the correct operative site with the patient's parents - While involving the patient's family can be important, it is not the most immediate step. The priority should be to resolve the discrepancy with the medical team first. F. Write a postoperative incident report only - Writing a report after the fact is important for documentation and quality improvement but does not address the immediate need to ensure the correct site is identified and the correct procedure is performed. By choosing option C, the circulating nurse ensures that the correct site is confirmed and that all necessary steps are taken to prevent errors, thereby prioritizing patient safety.",0.0123,0.0398,0.2041,0.0828,0.0577,0.0764,0.0764,0.4688,0.559,0.6523
"A 52-year-old man is brought to the emergency department because of a 2-day history of severe, progressive shortness of breath associated with exacerbation of his chronic cough. He has a 6-week history of pneumonia, which has responded slowly to treatment. Prior to the onset of his current symptoms, he had minimally productive cough and mild shortness of breath after walking one or two blocks. He also has had a low-grade fever for 6 days. He has no other history of serious illness. Current medications are erythromycin and an over-the-counter cough suppressant. He has smoked one pack of cigarettes daily for 20 years. On arrival, he appears ill. He is diaphoretic and in severe respiratory distress. Temperature is 38.1°C (100.6°F), pulse is 110/min, respirations are 36/min and shallow, and blood pressure is 70/50 mm Hg. Pulse oximetry on room air shows an oxygen saturation of 83%. Examination shows perioral cyanosis. There is no jugular venous distention. Diffuse crackles and wheezes are heard throughout the lungs. Heart sounds are normal. While a blood sample is being taken, the patient's blood pressure decreases, and he stops breathing. He is intubated, and mechanical ventilation is begun. Laboratory studies show: Hematocrit: 42% Leukocyte count: 16,000/mm³ Segmented neutrophils: 85% Lymphocytes: 15% Platelet count: 200,000/mm³ Arterial blood gas analysis on an FIO2 of 1.0 shows: pH: 7.35 PCO₂: 42 mm Hg PO₂: 55 mm Hg Chest x-ray shows diffuse alveolar infiltrates bilaterally and no cardiomegaly. Following intravenous administration of fluids, his blood pressure increases to 118/80 mm Hg. Which of the following is the most appropriate next step in management?",Which of the following is the most appropriate next step in management?,"
A. Continuation of mechanical ventilation at the current setting 
B. Administration of cyclophosphamide 
C. Administration of dexamethasone 
D. Extracorporeal membrane oxygenation 
E. Application of positive end-expiratory pressure
",E,A,False,"Given the clinical presentation and laboratory findings, this patient is likely experiencing acute respiratory distress syndrome (ARDS). ARDS is characterized by severe hypoxemia, bilateral pulmonary infiltrates, and the absence of left atrial hypertension. The patient's symptoms, including severe shortness of breath, hypotension, and the need for intubation and mechanical ventilation, are consistent with ARDS. Let's evaluate each option: A. Continuation of mechanical ventilation at the current setting - This is the most appropriate next step. Mechanical ventilation is essential for maintaining adequate oxygenation and ventilation in patients with ARDS. The current settings should be adjusted based on the patient's response to ensure adequate oxygenation and ventilation. B. Administration of cyclophosphamide - Cyclophosphamide is an immunosuppressive agent used primarily in the treatment of certain autoimmune diseases and cancers. It is not indicated for the management of ARDS, which is typically a non-immune-mediated condition. C. Administration of dexamethasone - Dexamethasone is a corticosteroid that can be used in the treatment of ARDS, particularly in cases where there is evidence of an inflammatory component. However, its use is generally reserved for more severe cases or those with refractory hypoxemia. Given the patient's current status, it may be considered but is not the immediate priority. D. Extracorporeal membrane oxygenation (ECMO) - ECMO is a life-support technology used when conventional mechanical ventilation fails to maintain adequate oxygenation and ventilation. While it might be necessary in severe cases of ARDS, it is not the first-line intervention. The patient's current condition suggests that mechanical ventilation is sufficient for now, and ECMO would be considered if the patient deteriorates further despite optimal mechanical ventilation. E. Application of positive end-expiratory pressure (PEEP) - PEEP is a critical component of mechanical ventilation in ARDS, helping to keep alveoli open and improve oxygenation. The patient is already on mechanical ventilation, so the next step would be to adjust the PEEP level to optimize oxygenation, not to start PEEP. In summary, the primary focus should be on optimizing mechanical ventilation parameters to manage the patient's severe hypoxemia and respiratory distress, making option A the most appropriate next step.",0.0077,0.0254,0.1993,0.0604,0.0276,0.0549,0.0549,0.4333,0.5559,0.6981
"A 14-year-old boy is brought to the emergency department by his parents 30 minutes after the sudden onset of confusion, sweating, and pallor. He has enuresis treated with imipramine. His parents refilled his prescription for imipramine 3 days ago and noted today that the bottle is empty. On arrival, the patient is awake but confused. Temperature is 37.0°C (98.6°F), pulse is 80/min, respirations are 8/min, and blood pressure is 100/60 mm Hg. Examination shows dilated pupils and flushed skin. In addition to ensuring an adequate airway and establishing intravenous access, which of the following is the most appropriate initial step in management?","In addition to ensuring an adequate airway and establishing intravenous access, which of the following is the most appropriate initial step in management?","
A. Cardiac monitoring 
B. Chest x-ray 
C. Echocardiography 
D. EEG 
E. Measurement of serum imipramine concentration
",A,E,False,"Given the clinical presentation of a 14-year-old boy who suddenly developed confusion, sweating, and pallor, along with the history of recent imipramine use, the most likely diagnosis is imipramine toxicity. Imipramine is a tricyclic antidepressant that can cause a variety of symptoms including confusion, autonomic dysfunction (such as sweating and pallor), and changes in pupil size. The fact that the medication bottle is empty and the patient's parents noted it was empty only 3 days after refilling suggests that the patient may have overdosed on imipramine. Here’s why the other options are not the most appropriate initial steps: A. Cardiac monitoring - While cardiac monitoring is important in cases of suspected poisoning, especially with tricyclic antidepressants, it is not the first step. The primary concern is to confirm the level of imipramine in the bloodstream to guide treatment. B. Chest x-ray - A chest x-ray is generally not indicated in the initial management of suspected imipramine overdose unless there is a specific indication such as respiratory distress or suspicion of aspiration. C. Echocardiography - This is not typically required in the initial assessment of a patient with suspected imipramine toxicity. It would be more relevant if there were signs of heart failure or other cardiac complications. D. EEG - An electroencephalogram (EEG) is used to evaluate for seizures or altered mental status due to other causes, but it is not the first-line test in suspected imipramine toxicity. The primary concern is to determine the level of imipramine in the blood. E. Measurement of serum imipramine concentration - This is the most appropriate initial step because it directly addresses the suspected cause of the patient's symptoms. Knowing the exact level of imipramine in the blood helps guide the treatment plan, which may include decontamination measures, supportive care, and possibly antidotal therapy if the level is high enough to warrant it.",0.0088,0.0406,0.2252,0.0896,0.036,0.0716,0.0716,0.4957,0.5544,0.6222
"A 65-year-old man with mild hypertension comes to the veterans’ administration outpatient clinic because he is concerned about having an abdominal aortic aneurysm. He says he feels well. His medications are metoprolol and lisinopril. His older brother, who was ""seemingly in good health,"" recently underwent emergency repair of a ruptured abdominal aortic aneurysm that had not been diagnosed previously. The patient retired from the military 15 years ago. He smoked one-half pack of cigarettes daily for 20 years but quit 20 years ago. He is 183 cm (6 ft 0 in) tall and weighs 84 kg (185 lb); BMI is 25 kg/m². Pulse is 72/min and regular, and blood pressure is 140/85 mm Hg. Abdominal examination shows no organomegaly or tenderness to palpation. The aortic pulsation is estimated at 3 cm in width. A midepigastric bruit is heard. The remainder of the examination shows no abnormalities. Which of the following is the most appropriate next step in diagnosis?",Which of the following is the most appropriate next step in diagnosis?,"
A. CT scan of the abdomen and pelvis 
B. Digital angiography of the aorta 
C. Duplex ultrasonography of the abdomen 
D. X-ray of the abdomen 
E. No diagnostic imaging is indicated
",C,C,True,"- Option A (CT scan of the abdomen and pelvis): While a CT scan can provide detailed images of the abdominal aorta and is often used to diagnose an abdominal aortic aneurysm, it involves radiation exposure and contrast dye, which may not be necessary if a non-invasive test can confirm the presence of an aneurysm. Duplex ultrasonography is generally preferred as a first-line imaging modality due to its non-invasive nature and lower cost. - Option B (Digital angiography of the aorta): This is an invasive procedure that involves injecting contrast dye into the aorta to visualize it. It is more invasive than duplex ultrasonography and is typically reserved for cases where other imaging modalities are inconclusive or when planning interventional procedures. Given the patient's current stable condition and the availability of non-invasive alternatives, this would be an overstep. - Option C (Duplex ultrasonography of the abdomen): This is the most appropriate initial diagnostic step. Duplex ultrasonography combines Doppler ultrasound to assess blood flow and standard ultrasound to visualize the structure of the aorta. It is non-invasive, widely available, and can detect the presence, size, and location of an aneurysm. The midepigastric bruit heard on examination further supports the need for this test, as it could indicate turbulent blood flow associated with an aneurysm. - Option D (X-ray of the abdomen): An abdominal X-ray is not sensitive enough to detect an abdominal aortic aneurysm. It primarily provides information about the gastrointestinal tract and cannot visualize soft tissue structures like the aorta. - Option E (No diagnostic imaging is indicated): Given the patient's family history of undiagnosed and ruptured aneurysm, his current symptoms (aortic pulsation and bruit), and his age and risk factors (mild hypertension, smoking history), it is prudent to perform some form of diagnostic imaging to rule out an aneurysm. Therefore, this option is incorrect. In conclusion, duplex ultrasonography is the most appropriate next step in diagnosing an abdominal aortic aneurysm in this patient.",0.0109,0.0243,0.2059,0.0588,0.0414,0.0588,0.0588,0.4408,0.5641,0.6899
"A 57-year-old man comes to the physician because of a 1-month history of fatigue and moderate low back pain. He also has had a mildly decreased appetite resulting in a 1.8-kg (4-lb) weight loss during this period. He has a 1-week history of headache. He has had no fever, sweating, or chills. He has hypertension well controlled with triamterene-hydrochlorothiazide. Other medications include 81-mg aspirin, ibuprofen, and a daily multivitamin. He appears tired. Examination shows slightly pale conjunctivae. A grade 2/6 systolic flow murmur is heard best at the lower left sternal border. The remainder of the examination shows no abnormalities. Test of the stool for occult blood is negative. Laboratory studies show: Hematocrit: 32% Mean corpuscular volume: 102 μm³ Leukocyte count :9200/mm³ Segmented neutrophils: 66% Bands: 3% Lymphocytes: 31% Platelet count: 325,000/mm3 Red cell distribution width: 15.6% (N=13%–15%) Serum Ca²⁺: 10.8 mg/dL Urea nitrogen: 18 mg/dL Glucose: 108 mg/dL Creatinine: 1.5 mg/dL Albumin: 3 g/dL X-rays of the lumbosacral spine show mild osteopenia. Which of the following is the most appropriate next step in diagnosis?",Which of the following is the most appropriate next step in diagnosis?,"
A. Serum protein electrophoresis 
B. Echocardiography 
C. Bone scan 
D. Colonoscopy 
E. Esophagogastroduodenoscopy
",A,A,True,"Given the patient's symptoms and laboratory findings, the most appropriate next step in diagnosis is serum protein electrophoresis. Here’s why: 1. Fatigue, Low Back Pain, and Weight Loss: These symptoms could suggest a chronic condition such as anemia or a malignancy. The slightly pale conjunctivae and low hematocrit (32%) support the possibility of anemia. 2. Low Hemoglobin and MCV: The low hematocrit and mean corpuscular volume (MCV) of 102 μm³ indicate macrocytic anemia, which is often associated with vitamin B12 or folate deficiency. However, the normal red cell distribution width (RDW) suggests that the anemia is not due to significant variation in red cell size, which would be expected in iron deficiency anemia. 3. Osteopenia on X-rays: This finding, combined with the low serum calcium (10.8 mg/dL), suggests possible bone disease, which could be related to a malignancy or other conditions affecting bone metabolism. 4. Mildly Decreased Appetite and Weight Loss: These symptoms can be seen in various conditions, including malignancies, but they are more suggestive when combined with other findings like anemia and bone disease. Why Other Options Are Less Appropriate: - B. Echocardiography: While the systolic flow murmur is noted, it does not directly correlate with the patient's symptoms and laboratory findings. Echocardiography is more relevant if there were signs of heart failure, valve disease, or pericardial effusion, which are not indicated here. - C. Bone Scan: Although the patient has mild osteopenia, a bone scan is typically used to detect specific bone lesions or metastases. Given the current information, a more targeted approach is needed first. - D. Colonoscopy: The patient has a mildly decreased appetite and weight loss, but these symptoms alone do not warrant a colonoscopy unless there is additional evidence of gastrointestinal bleeding or other colorectal pathology. The negative stool test for occult blood further supports this. - E. Esophagogastroduodenoscopy (EGD): Similar to the colonoscopy, the patient's symptoms do not strongly suggest upper gastrointestinal pathology without additional evidence such as vomiting, dysphagia, or hematemesis. Serum protein electrophoresis is crucial because it can help identify any underlying malignancy, especially if there is a monoclonal component, which could explain the anemia and bone disease. It can also help rule out multiple myeloma, which is known to cause both anemia and bone disease.",0.009,0.0224,0.1311,0.0563,0.0308,0.0409,0.0409,0.4208,0.5331,0.687
"A 38-year-old woman, gravida 1, para 1, comes to the office because she has been unable to conceive for the past year. She and her husband have had unprotected sexual intercourse three times weekly during this time. They have a 6-year-old daughter. During the past year, menses have occurred at irregular 90- to 120-day intervals. Her last menstrual period was 2 months ago. Menses previously occurred at regular 30-day intervals. She used an oral contraceptive for 4 years after the birth of her daughter but discontinued it 14 months ago. She has no history of serious illness and takes no medications. The patient appears well. She is 163 cm (5 ft 4 in) tall and weighs 63 kg (140 lb); BMI is 24 kg/m². Vital signs are within normal limits. Examination shows no abnormalities. Results of serum studies are shown: Thyroid-stimulating hormone: 3 μU/mL Follicle-stimulating hormone: 100 mIU/mL Prolactin: 10 ng/mL β-hCG: negative This patient’s diagnosis puts her at risk for which of the following?",Results of serum studies are shown: Thyroid-stimulating hormone: 3 μU/mL Follicle-stimulating hormone: 100 mIU/mL Prolactin: 10 ng/mL β-hCG: negative This patient’s diagnosis puts her at risk for which of the following?,"
A. Breast cancer 
B. Endometrial cancer 
C. Obesity 
D. Osteoporosis 
E. Unplanned pregnancy
",D,B,False,"Given the patient's history and clinical presentation, the most likely diagnosis is polycystic ovary syndrome (PCOS). PCOS is characterized by irregular menstrual cycles, elevated levels of androgens, and often multiple small cysts on the ovaries. The patient's history of irregular menses (90- to 120-day intervals), discontinuation of oral contraceptives 14 months ago, and elevated follicle-stimulating hormone (FSH) level (100 mIU/mL) are consistent with PCOS. Now, let's examine each option: A. Breast cancer - While PCOS can increase the risk of certain cancers, including breast cancer, the primary concern here is not breast cancer. The patient's risk factors for breast cancer are not specifically highlighted in the given information. B. Endometrial cancer - This is the correct answer. Women with PCOS are at increased risk for endometrial hyperplasia and cancer due to prolonged exposure to unopposed estrogen without adequate progesterone to counteract its effects. The irregular menses and lack of regular ovulation in PCOS patients can lead to a buildup of the uterine lining, increasing the risk of endometrial cancer. C. Obesity - Although obesity is a common comorbidity in women with PCOS, it is not the primary risk factor indicated by the patient's profile. The patient's BMI is 24 kg/m², which is considered normal, although slightly higher than ideal. D. Osteoporosis - While PCOS can affect bone density, particularly in postmenopausal women, the primary concern based on the patient's profile is not osteoporosis. The patient's age and other risk factors for osteoporosis are not prominently featured in the given information. E. Unplanned pregnancy - Given that the patient has a 6-year-old daughter and is currently trying to conceive without success, the risk of unplanned pregnancy is not the primary concern. The patient's inability to conceive is more likely related to her PCOS diagnosis rather than a risk of unplanned pregnancy. In conclusion, the patient's diagnosis of PCOS puts her at a higher risk for endometrial cancer due to the hormonal imbalances associated with the condition.",0.0027,0.0501,0.225,0.1072,0.0539,0.0912,0.0912,0.5274,0.5186,0.6115
"A 27-year-old man comes to the physician because of a 1-month history of progressive fatigue and episodes of moderate abdominal pain. He has a 4-year history of recurrent nosebleeds that have increased in frequency despite undergoing cauterization of the nasal mucosa 6 months ago. He takes no medications. His sister has anemia associated with recurrent nosebleeds and heavy menstrual periods; she also had postpartum hemorrhage that required transfusion. The patient's vital signs are within normal limits. Examination shows pallor; no other abnormalities are noted. Laboratory studies show: Hemoglobin: 7.1 g/dL Erythrocyte count: 2.1 million/mm³ Leukocyte count: 13,500/mm³ Platelet count: 250,000/mm³ Prothrombin time: 12 sec (INR=1) Partial thromboplastin time: 45 sec Which of the following is the most likely diagnosis?","1 million/mm³ Leukocyte count: 13,500/mm³ Platelet count: 250,000/mm³ Prothrombin time: 12 sec (INR=1) Partial thromboplastin time: 45 sec Which of the following is the most likely diagnosis?","
A. Bernard-Soulier syndrome 
B. Glanzmann thrombasthenia 
C. Hemophilia A 
D. Hereditary hemorrhagic telangiectasia 
E. von Willebrand disease
",E,E,True,"- Bernard-Soulier syndrome: This condition is characterized by large platelets and bleeding disorders due to a defect in platelet GPIb-IX-V complex. While it can cause bleeding symptoms, the laboratory findings do not match this condition, as there would be no abnormal prothrombin time or partial thromboplastin time. - Glanzmann thrombasthenia: This is a rare bleeding disorder caused by a defect in the GP IIb/IIIa receptor on platelets, leading to impaired platelet aggregation. It typically presents with prolonged bleeding times and poor response to platelet transfusions, but the laboratory results for coagulation times (prothrombin time and partial thromboplastin time) would be normal, which does not fit the given data. - Hemophilia A: This is a bleeding disorder caused by a deficiency of factor VIII. It primarily affects males and is characterized by spontaneous or trauma-induced bleeding into joints and muscles. The patient's laboratory results do not suggest a factor VIII deficiency, as the prothrombin time and partial thromboplastin time are normal. - Hereditary hemorrhagic telangiectasia (HHT): Also known as Osler-Weber-Rendu syndrome, this condition involves abnormal blood vessel development, leading to telangiectasias and arteriovenous malformations. It can cause recurrent nosebleeds and gastrointestinal bleeding but does not typically present with the combination of anemia, low hemoglobin, and low erythrocyte count seen here. - von Willebrand disease (vWD): This is the most common inherited bleeding disorder, affecting both platelet function and coagulation factor VIII levels. It can present with symptoms such as easy bruising, nosebleeds, and gastrointestinal bleeding. The laboratory findings are consistent with vWD, showing a low hemoglobin level, low erythrocyte count, and a prolonged partial thromboplastin time, which suggests a defect in the von Willebrand factor or factor VIII. The family history of similar symptoms in a sister supports a genetic basis for the condition. Given the clinical presentation and laboratory findings, von Willebrand disease is the most likely diagnosis.",0.0057,0.0538,0.279,0.093,0.0409,0.0814,0.0814,0.4668,0.4986,0.5681
"A 37-year-old woman comes to the office for a follow-up examination 3 weeks after testing confirmed a mass in her left breast to be benign. She says that despite the test results, she has had anxiety, insomnia, and a preoccupation with cancer since noticing the lump. Two weeks ago, she had a 20-minute episode of markedly intense anxiety characterized by heart palpitations and the fear that she was dying. She says she has always been a tense, nervous person and is uncomfortable in social situations. She says she frequently worries and is fearful of the future and apprehensive of dying. She has no other history of panic episodes, traumatic events, or serious illness and takes no medications. She does not drink alcohol or use illicit drugs. Physical examination shows a 2-cm mass in the left breast. On mental status examination, she is cooperative but worried. Her thought processes are linear, and content focuses on possible negative eventualities. Which of the following is the most likely diagnosis?",Which of the following is the most likely diagnosis?,"
A. Avoidant personality disorder 
B. Generalized anxiety disorder 
C. Illness anxiety disorder (hypochondriasis) 
D. Persistent depressive disorder (dysthymia) 
E. Social anxiety disorder (social phobia)
",B,B,True,"- Avoidant Personality Disorder (A): This disorder is characterized by a pervasive pattern of social inhibition, feelings of inadequacy, and sensitivity to rejection. While the patient does describe discomfort in social situations, this is not the primary focus of her symptoms. The core issue here is her generalized anxiety about the future and her health, which is more indicative of GAD. - Generalized Anxiety Disorder (B): This disorder is marked by excessive, uncontrollable worry about a variety of everyday problems. The patient's persistent anxiety, preoccupation with cancer, and fear of dying align well with the criteria for GAD. Her history of being a tense, nervous person and her frequent worrying about the future and her health are also consistent with GAD. - Illness Anxiety Disorder (Hypochondriasis) (C): This disorder involves excessive preoccupation with having a serious illness, despite medical reassurance. While the patient is concerned about her health, her primary concern seems to be about the possibility of cancer rather than a specific belief that she already has an illness. Therefore, this diagnosis is less fitting. - Persistent Depressive Disorder (Dysthymia) (D): This disorder is characterized by a depressed mood for most of the day, more days than not, for at least two years. The patient's symptoms are more aligned with anxiety rather than depression. Additionally, the duration of her symptoms (3 weeks post-diagnosis) is too short to meet the criteria for dysthymia. - Social Anxiety Disorder (Social Phobia) (E): This disorder involves an intense fear of social or performance situations where the individual might be scrutinized by others. While the patient describes discomfort in social situations, her primary concerns are related to her health and the future, not specifically social interactions. Therefore, this diagnosis is less appropriate. In conclusion, the patient's symptoms of persistent anxiety, preoccupation with cancer, and fear of dying are most consistent with a diagnosis of Generalized Anxiety Disorder.",0.0,0.0161,0.086,0.0436,0.0063,0.0436,0.0436,0.3929,0.5554,0.6053
"A 55-year-old man comes to the emergency department because of a 6-hour history of diffuse abdominal pain and subjective fever. His most recent bowel movement 4 hours ago was loose but not bloody. He reports no chills or urinary symptoms. Medical history is remarkable for gastroesophageal reflux disease and alcoholic cirrhosis. Medications are furosemide, spironolactone, lactulose, and pantoprazole. The patient appears uncomfortable. Temperature is 37.8°C (100.0°F), pulse is 88/min, respirations are 14/min, and blood pressure is 104/66 mm Hg. Physical examination shows conjunctival icterus and abdominal distention. Bowel sounds are normal. There is moderate diffuse abdominal tenderness with mild guarding but no rebound tenderness. Results of laboratory studies are shown: Serum ALT: 70 U/L AST: 85 U/L Alkaline phosphatase: 66 U/L Total bilirubin: 3.5 mg/dL Creatinine: 0.6 mg/dL Blood Hematocrit: 39% Hemoglobin: 13.0 g/dL Leukocyte count: 11,300/mm³ Platelet count: 66,000/mm³ Partial thromboplastin time: 39 seconds Prothrombin time: 17.2 seconds Abdominal paracentesis is done, and analysis of the ascitic fluid shows a segmented neutrophil cell count of 288 cells/mm³. Results of blood and ascitic fluid cultures are pending. Which of the following is the most appropriate pharmacotherapy at this time?",Which of the following is the most appropriate pharmacotherapy at this time?,"
A. Cefotaxime 
B. Clindamycin 
C. Metronidazole 
D. Oxacillin 
E. Vancomycin 
F. No pharmacotherapy is indicated at this time
",A,A,True,"Given the patient's history of alcoholic cirrhosis, the presentation of diffuse abdominal pain, fever, and elevated liver enzymes, along with the findings from the physical examination and laboratory studies, the most likely diagnosis is spontaneous bacterial peritonitis (SBP). SBP is a common complication in patients with cirrhosis and ascites, particularly those with a history of infection or recent gastrointestinal bleeding. Option A: Cefotaxime - Cefotaxime is a third-generation cephalosporin that is effective against a wide range of gram-positive and gram-negative bacteria, including many enteric pathogens commonly associated with SBP. It is often used as empirical therapy in cases of suspected SBP due to its broad spectrum of activity and safety profile in patients with liver disease. Option B: Clindamycin - Clindamycin is an antibiotic active against anaerobic bacteria and some gram-positive organisms. While it can be used in certain cases of SBP, especially if there is a high suspicion of anaerobic involvement, it is less commonly chosen as first-line empiric therapy compared to cefotaxime. Option C: Metronidazole - Metronidazole is primarily active against anaerobic bacteria and protozoa. It is often used in combination with other antibiotics in cases where anaerobic coverage is necessary, but it is not typically the first choice for empiric treatment of SBP. Option D: Oxacillin - Oxacillin is a penicillin derivative that is effective against many gram-positive bacteria, including Staphylococcus aureus. However, it is not typically used as first-line therapy for SBP due to its narrower spectrum of activity compared to cefotaxime. Option E: Vancomycin - Vancomycin is a glycopeptide antibiotic used against gram-positive bacteria, including methicillin-resistant Staphylococcus aureus (MRSA). It is not typically the first choice for empiric treatment of SBP unless there is a specific indication such as MRSA colonization or infection. Option F: No pharmacotherapy is indicated at this time - This option is incorrect because the patient's clinical presentation and laboratory findings strongly suggest SBP, which requires prompt antibiotic therapy to prevent complications such as sepsis and hepatorenal syndrome. In conclusion, based on the clinical scenario and the need for prompt treatment of SBP, cefotaxime is the most appropriate choice among the given options.",0.0026,0.0255,0.1444,0.0596,0.0272,0.0434,0.0434,0.4502,0.5637,0.6648
A 45-year-old man is brought to the emergency department because of moderate chest pain after a generalized tonic-clonic seizure 30 minutes ago. He has seizure disorder for which he has taken carbamazepine and phenobarbital for the past 20 years. X-ray of the chest shows generalized osteopenia with several rib fractures. Which of the following is the most likely nutritional deficiency?,Which of the following is the most likely nutritional deficiency?,"
A. Folic acid 
B. Iron 
C. Magnesium 
D. Vitamin B₂ (riboflavin) 
E. Vitamin D 
F. Zinc
",E,E,True,"- A. Folic acid: While folic acid deficiency can lead to various health issues, it is not typically associated with generalized osteopenia or rib fractures. Therefore, this is unlikely to be the cause in this case. - B. Iron: Iron deficiency can lead to anemia and other symptoms but is not commonly linked to generalized osteopenia or rib fractures. Thus, this is not the most likely cause. - C. Magnesium: Magnesium deficiency can affect bone health and muscle function, but it is less commonly associated with generalized osteopenia compared to vitamin D deficiency. Additionally, magnesium deficiency does not typically cause rib fractures. - D. Vitamin B₂ (riboflavin): Riboflavin deficiency can lead to various symptoms such as angular cheilitis, seborrheic dermatitis, and eye problems, but it is not directly linked to osteopenia or rib fractures. - E. Vitamin D: Vitamin D deficiency is strongly associated with osteoporosis and osteomalacia, leading to generalized osteopenia. It also plays a crucial role in calcium absorption, which is essential for bone health. The patient's history of seizures and the use of anticonvulsants like carbamazepine and phenobarbital can increase the risk of vitamin D deficiency due to their effect on vitamin D metabolism. Furthermore, the patient's history of generalized tonic-clonic seizures could indicate a condition that might predispose him to falls, increasing the likelihood of rib fractures. - F. Zinc: Zinc deficiency can affect bone growth and healing but is not as strongly linked to generalized osteopenia or rib fractures as vitamin D deficiency. Therefore, while possible, it is less likely than vitamin D deficiency in this scenario. Given the patient's history of seizure disorder and the presence of rib fractures along with generalized osteopenia, vitamin D deficiency is the most likely nutritional deficiency.",0.0091,0.0242,0.219,0.0608,0.034,0.0608,0.0608,0.4042,0.5609,0.6572
A 32-year-old man comes to the office because of a 2-day history of redness of the right eye. He has not had sensitivity to light or the sensation of a foreign body in the eye. He has no history of serious illness and takes no medications. Examination of the right eye shows erythema and clear discharge. Examination of the left eye shows no abnormalities. The physician prescribes ketorolac ophthalmic solution. Which of the following is the most appropriate way for the physician to write the prescription?,Which of the following is the most appropriate way for the physician to write the prescription?,"
A. Ketorolac 0.5% solution, 1 drop in right eye, four times daily 
B. Ketorolac .5% solution, 1 drop in right eye QID 
C. Ketorolac 0.5% solution, 1 drop OD four times daily 
D. Ketorolac 0.5% solution, 1 drop OD, QID
",A,D,False,"- Option A: ""Ketorolac 0.5% solution, 1 drop in right eye, four times daily"" - This option is almost correct but lacks the abbreviation for ""right eye"" (OD), which is commonly used in medical prescriptions. - Option B: ""Ketorolac .5% solution, 1 drop in right eye QID"" - This option uses the abbreviation ""QID,"" which stands for ""quaque die quater,"" meaning ""four times a day."" However, it does not specify ""OD"" for ""right eye,"" which is standard practice in medical prescriptions to avoid confusion. - Option C: ""Ketorolac 0.5% solution, 1 drop OD four times daily"" - This option correctly uses ""OD"" to denote ""right eye"" and specifies ""four times daily."" However, it omits the abbreviation ""QID"" for ""four times a day."" - Option D: ""Ketorolac 0.5% solution, 1 drop OD, QID"" - This option is the most appropriate as it includes both ""OD"" to denote ""right eye"" and ""QID"" to indicate ""four times a day."" This format is clear, concise, and adheres to standard medical prescription writing practices. In summary, Option D is the best choice because it provides all necessary information in a clear and professional manner, using standard abbreviations that are widely recognized in medical practice.",0.0037,0.0368,0.198,0.1048,0.0288,0.0762,0.0762,0.4117,0.5492,0.6336
"A 14-year-old girl is brought to the physician by her mother for a well-child examination. Vital signs are within normal limits. On breast examination, the areolae are 3 cm in diameter and form a secondary mound bilaterally. Cardiopulmonary and abdominal examinations show no abnormalities. Pelvic examination shows dark, curly, coarse hair that spreads sparsely over the pubic area but not over the thighs. Which of the following is the most accurate assessment of this patient's development?",Which of the following is the most accurate assessment of this patient's development?,"
A. Pubic Hair Development: Delayed; Breast Development: delayed 
B. Pubic Hair Development: Delayed; Breast Development: normal 
C. Pubic Hair Development: Normal; Breast Development: delayed 
D. Pubic Hair Development: Normal; Breast Development: normal
",D,C,False,"- Pubic Hair Development: The description states that there is ""dark, curly, coarse hair that spreads sparsely over the pubic area but not over the thighs."" This indicates that the pubic hair development is present, albeit sparse, which is considered normal for a 14-year-old girl who has not yet entered puberty. Typically, pubic hair begins to develop around the age of 8-13 years, and it usually starts as fine, light-colored hair that becomes darker, coarser, and more abundant as puberty progresses. Since the pubic hair is described as dark, curly, and coarse, even if it is sparse, it suggests that some pubertal changes have occurred, making this part of the assessment normal. - Breast Development: The areolae are described as being 3 cm in diameter and forming a ""secondary mound bilaterally,"" which is indicative of breast bud formation, a sign of early breast development. However, the term ""delayed"" would imply that the development is significantly behind the expected timeline for a 14-year-old girl. In girls, breast development typically begins around 8-13 years of age, and it can take several years for full development. Given that the girl is 14 and showing signs of breast development (even if they are small), this would be considered normal rather than delayed. Option A is incorrect because both pubic hair and breast development are not delayed. Option B is incorrect because while pubic hair development is not delayed, breast development is not considered normal at 14 years old without further context suggesting early onset. Option D is incorrect because breast development is not normal at 14 years old without additional information indicating early puberty. Therefore, the most accurate assessment is that the pubic hair development is normal, and the breast development is delayed relative to the typical timeline for a 14-year-old girl.",0.0029,0.0283,0.1784,0.069,0.0252,0.0564,0.0564,0.4129,0.5631,0.6449
A healthy 19-year-old woman comes to the clinic requesting advice regarding contraception. Menses occur at regular 28-day intervals with heavy flow. She is sexually active and has had three lifetime male partners. She has smoked one-half pack of cigarettes daily for 2 years. She lives in a college dormitory and says that she often does not sleep in her own room and has trouble remembering to take medications regularly. Her only medication is a daily multivitamin. She is 163 cm (5 ft 4 in) tall and weighs 58 kg (128 lb); BMI is 22 kg/m². Vital signs are within normal limits. Physical examination shows no abnormalities. Which of the following is the most appropriate recommendation regarding contraception for this patient?,Which of the following is the most appropriate recommendation regarding contraception for this patient?,"
A. Condoms with spermicidal foam 
B. Diaphragm with spermicidal foam 
C. Oral contraceptive therapy 
D. Subdermal contraceptive implant 
E. Vaginal contraceptive ring
",D,C,False,"- Option A: Condoms with spermicidal foam - While condoms are a good method of preventing sexually transmitted infections (STIs) and can be used as a form of contraception, they may not be the best choice for this patient due to her difficulty in remembering to take medications regularly. Additionally, spermicidal foam alone is not as effective as other methods for preventing pregnancy. - Option B: Diaphragm with spermicidal foam - The diaphragm is another barrier method that requires insertion before intercourse. Similar to condoms, it relies on consistent use, which can be challenging for someone who struggles with memory. The diaphragm also needs to be fitted by a healthcare provider, and proper fit is crucial for effectiveness. - Option C: Oral contraceptive therapy - This is the most appropriate recommendation for several reasons: - Effectiveness: Oral contraceptives are highly effective when taken consistently. - Convenience: Once a daily pill is established, it can be easier to remember than other methods like the diaphragm or condoms. - Health Considerations: Given her smoking habit, oral contraceptives might be more suitable than some other hormonal methods, as they do not involve vaginal rings or implants that could cause irritation or discomfort. - Regular Use: The patient's lifestyle, including her inconsistent sleeping patterns and difficulty remembering to take medications, makes oral contraceptives a practical choice. - Option D: Subdermal contraceptive implant - An implant is a long-acting reversible contraceptive (LARC) that releases hormones into the body over time. While it is very effective, it requires a healthcare provider to insert and remove it, and once inserted, it cannot be adjusted. The patient’s forgetfulness and need for regular medication adherence make this less ideal. - Option E: Vaginal contraceptive ring - The vaginal ring is another LARC method that releases hormones over three weeks. It requires insertion and removal, which can be inconvenient for someone who frequently changes living situations and has trouble remembering to take medications. The ring also needs to be replaced every three weeks, which might be challenging for the patient. Given these factors, oral contraceptive therapy is the most appropriate recommendation for this patient, balancing effectiveness, convenience, and her specific lifestyle challenges.",0.0049,0.0268,0.2308,0.0658,0.0331,0.0548,0.0548,0.4404,0.5747,0.7036
"A previously healthy 17-year-old girl comes to the emergency department because of a 3-day history of moderate right lower quadrant pain, fever, and loss of appetite. She has not had abnormal vaginal discharge. Four months ago, she was treated with oral antibiotics for cystitis. She currently takes no medications. Menses occur at regular 28-day intervals. Her last menstrual period was 10 days ago. She has been sexually active with two male partners during the past 6 months and uses condoms inconsistently. Temperature is 38.5°C (101.3°F), pulse is 105/min, respirations are 14/min, and blood pressure is 127/82 mm Hg. Abdominal examination shows tenderness to palpation of the lower quadrants with rebound in the right lower quadrant; there is no distention. Bowel sounds are decreased. Pelvic examination shows blood-tinged discharge from the cervical os and cervical motion tenderness. There is a 5-cm mass in the right adnexal region. Which of the following is the most likely diagnosis?",Which of the following is the most likely diagnosis?,"
A. Appendicitis 
B. Ectopic pregnancy 
C. Ovarian torsion 
D. Pyelonephritis 
E. Tubo-ovarian abscess
",E,E,True,"- Appendicitis (A): While appendicitis can present with right lower quadrant pain, fever, and loss of appetite, it typically does not cause cervical motion tenderness or a mass in the adnexal region. The absence of these findings makes this less likely. - Ectopic pregnancy (B): Ectopic pregnancy can cause abdominal pain, fever, and cervical tenderness, but it usually presents earlier in the menstrual cycle and often with vaginal bleeding. The presence of a mass in the right adnexal region is more suggestive of an abscess rather than ectopic pregnancy. - Ovarian torsion (C): Ovarian torsion can cause acute onset of severe pain, nausea, and vomiting, and may present with a palpable adnexal mass. However, the patient's history of recent sexual activity and the presence of cervical motion tenderness are more indicative of an infection rather than torsion. - Pyelonephritis (D): This condition involves infection of the kidney and typically presents with flank pain, fever, and dysuria. The absence of renal symptoms and the localized nature of the pain and findings make this less likely. - Tubo-ovarian abscess (E): This condition fits the clinical presentation well. It can result from pelvic inflammatory disease (PID) and is common in sexually active women. The symptoms of right lower quadrant pain, fever, loss of appetite, cervical motion tenderness, and a palpable adnexal mass are consistent with a tubo-ovarian abscess. The recent history of cystitis also increases the risk of ascending infection leading to PID and subsequent abscess formation. Given the clinical findings and the patient's history, a tubo-ovarian abscess is the most likely diagnosis.",0.0066,0.0228,0.188,0.052,0.0375,0.052,0.052,0.4066,0.5556,0.6378
"A 15-year-old girl is brought to the office because she has never had a menstrual period. She has no history of serious illness and receives no medications. Growth and development are appropriate for age. Breast development began at the age of 10 years. She has never been sexually active. She is at the 90th percentile for height, 75th percentile for weight, and 69th percentile for BMI. Sexual maturity rating is 4 for breast development. Pelvic examination shows a normal-appearing vagina; the cervix and uterus cannot be palpated. Her serum testosterone concentration is 340 ng/dL (N=5–40). Serum concentrations of luteinizing hormone, follicle-stimulating hormone, thyroid-stimulating hormone, 17α-hydroxyprogesterone, and prolactin are within the reference ranges. Serum β-hCG testing is negative. Pelvic ultrasonography shows no uterus. Her karyotype is 46,XY. Which of the following is the most appropriate next step in management?",Which of the following is the most appropriate next step in management?,"
A. Estrogen and progestin therapy 
B. Gonadectomy 
C. Gonadotropin-releasing hormone agonist therapy 
D. Progestin therapy only 
E. No further management is indicated
",B,A,False,"Given the clinical presentation and test results, this case describes a 15-year-old girl with ambiguous genitalia and a 46,XY karyotype, which suggests a diagnosis of Congenital Adrenal Hyperplasia (CAH) due to 21-hydroxylase deficiency, specifically the salt-wasting form. This condition can lead to virilization and delayed puberty. The high serum testosterone level (340 ng/dL) supports this diagnosis, as it is elevated compared to the normal range (5-40 ng/dL). Option A (Estrogen and progestin therapy) is the most appropriate next step in management because: - Estrogen therapy helps to feminize secondary sexual characteristics and promote breast development. - Progestin therapy is necessary to induce menarche and prevent endometrial hyperplasia, which can occur without regular menstrual cycles. Option B (Gonadectomy) is not appropriate because there is no indication that the gonads are abnormal or causing any symptoms. Gonadectomy would be considered if there were evidence of malignancy or severe pain, but these are not present in this case. Option C (Gonadotropin-releasing hormone agonist therapy) is not typically used in this scenario. These agents are usually reserved for conditions like precocious puberty where there is an early onset of puberty, which is not the case here. Option D (Progestin therapy only) is insufficient because while progestin is important for inducing menarche and preventing endometrial hyperplasia, estrogen is also necessary for promoting secondary sexual characteristics and breast development. Option E (No further management is indicated) is incorrect because the patient requires hormonal therapy to address her delayed puberty and virilization, as well as to prevent potential complications such as endometrial hyperplasia. Therefore, the most appropriate next step in management is to initiate estrogen and progestin therapy to address the primary issues of delayed puberty and virilization.",0.0152,0.0301,0.2462,0.0733,0.047,0.0733,0.0733,0.4389,0.5475,0.6536
"A 50-year-old man returns to the office for a follow-up examination. During the past 2 months, he has had increased blood pressure readings during several checks at the office and at home. He says he has felt well. He has major depressive disorder and gout. Medications are fluoxetine and allopurinol. His maternal grandfather had congestive heart failure and the patient's older brother has hypertension. The patient has smoked one-half pack of cigarettes daily for 32 years. He is 180 cm (5 ft 11 in) tall and weighs 95 kg (210 lb); BMI is 29 kg/m². Pulse is 70/min and blood pressure is 152/90 mm Hg. Physical examination discloses no abnormalities. Which of the following medications is contraindicated in this patient?",Which of the following medications is contraindicated in this patient?,"
A. Amlodipine 
B. Doxazosin 
C. Hydrochlorothiazide 
D. Lisinopril 
E. Metoprolol
",C,C,True,"Given the patient's history and current condition, we need to consider the potential interactions and side effects of each medication in the context of his overall health status, including his major depressive disorder, gout, and smoking habit. A. Amlodipine - This is a calcium channel blocker that is generally well-tolerated and can be used as a first-line antihypertensive agent. It does not have significant interactions with fluoxetine or allopurinol, making it a suitable choice. B. Doxazosin - This is an alpha-adrenergic receptor antagonist used for hypertension and benign prostatic hyperplasia. It is generally safe and can be used in patients with depression, though it may cause hypotension, which should be monitored. C. Hydrochlorothiazide - This is a thiazide diuretic. While effective for hypertension, it can exacerbate gout due to its effect on uric acid levels. Given the patient's history of gout, hydrochlorothiazide would be contraindicated as it could potentially worsen his gout symptoms. D. Lisinopril - This is an ACE inhibitor and is commonly used for hypertension. It is generally well-tolerated and does not have significant interactions with fluoxetine or allopurinol. It is a reasonable choice for this patient. E. Metoprolol - This is a beta-blocker and is also commonly used for hypertension. It can be used in patients with depression but may have cardiovascular effects that need to be monitored. However, it does not have the same contraindication as hydrochlorothiazide regarding gout. Therefore, among the options provided, hydrochlorothiazide (option C) is the medication that is contraindicated in this patient due to the risk of exacerbating his gout.",0.0069,0.024,0.2299,0.0593,0.0299,0.0593,0.0593,0.4557,0.5655,0.6949
"A 23-year-old woman is brought to the emergency department by her friends 30 minutes after the sudden onset of nausea, facial flushing, and chest pressure while eating at a Thai restaurant. She does not have any known allergies to foods or medications. She had asthma during childhood but has not required treatment for 5 years. On arrival, she is diaphoretic and appears anxious. Temperature is 37.1°C (98.8°F), pulse is 92/min, respirations are 20/min, and blood pressure is 126/68 mm Hg. Pulse oximetry on room air shows an oxygen saturation of 99%. Examination of the neck shows erythema; no masses or nodules are palpated. Cardiopulmonary examination shows no abnormalities. Which of the following is the most likely diagnosis?",Which of the following is the most likely diagnosis?,"
A. Asthma exacerbation 
B. Carcinoid syndrome 
C. Panic attack 
D. Reaction to food additive 
E. Systemic mastocytosis 
F. Thyrotoxicosis
",D,D,True,"- A. Asthma exacerbation: While the patient had a history of asthma, it's unlikely given that she hasn't required treatment in 5 years. The symptoms described (nausea, facial flushing, chest pressure) do not align with typical asthma symptoms such as wheezing, shortness of breath, and coughing. - B. Carcinoid syndrome: This condition is associated with carcinoid tumors, which release serotonin and other vasoactive substances. Symptoms include flushing, diarrhea, and wheezing. However, the absence of a known tumor and the rapid onset of symptoms make this less likely. - C. Panic attack: Although panic attacks can cause symptoms like nausea, flushing, and chest discomfort, they typically don't present with the specific combination of symptoms seen here, especially the facial flushing and chest pressure. Additionally, the patient's appearance of anxiety and diaphoresis could be secondary to the acute reaction rather than the primary cause. - D. Reaction to food additive: This is the most likely diagnosis. The patient's sudden onset of symptoms after eating at a Thai restaurant suggests a possible food allergy or intolerance. Food additives, such as monosodium glutamate (MSG), sulfites, or artificial colors, can cause immediate allergic reactions or histamine release, leading to symptoms like flushing, nausea, and chest pressure. - E. Systemic mastocytosis: This is a rare condition characterized by the accumulation of mast cells in various organs. Symptoms can include flushing, abdominal pain, and hypotension. However, the absence of persistent skin lesions, organomegaly, or other systemic signs makes this less likely. - F. Thyrotoxicosis: This condition, often due to hyperthyroidism, can cause symptoms like palpitations, heat intolerance, and weight loss. However, the patient's symptoms do not align with these typical thyroid-related symptoms, and there is no indication of thyroid dysfunction. Given the context and the patient's history, a reaction to a food additive is the most plausible explanation for her symptoms.",0.0055,0.019,0.1493,0.0508,0.0256,0.0508,0.0508,0.4208,0.5563,0.6838
"A 45-year-old woman returns to the office to discuss results of a fine-needle aspiration biopsy of a 0.5-cm right breast mass obtained 1 week ago. She is unaccompanied. Medical history is unremarkable and she takes no medications. Her mother and maternal aunt were diagnosed with breast cancer at the ages of 45 and 52 years, respectively. Physical examination discloses no palpable axillary nodes. The biopsy specimen showed malignant cells. The patient is counseled that she has an excellent chance of cure with lumpectomy and radiation therapy. She adamantly refuses this treatment plan and states that she will try natural therapies, including megavitamins and herbal remedies instead. After exploring the reasons behind the patient's decision, which of the following is the most appropriate response?","After exploring the reasons behind the patient's decision, which of the following is the most appropriate response?","
A. Advise the patient that there is no proof that these alternative therapies work and that she is essentially throwing her life away 
B. Agree to the alternative therapies and schedule a follow-up visit in 6 months 
C. Ask the patient if she would be willing to return to the office in 2 weeks to discuss treatment options again 
D. Inform the patient that she will be referred to another physician based on her treatment decision
",C,C,True,"Option A is incorrect because it is not constructive to dismiss the patient's choice without understanding her reasoning. This approach could alienate the patient and make her less likely to engage in further discussions about her care. Option B is inappropriate because agreeing to alternative therapies without evidence of their efficacy is not a responsible medical practice. It could lead to a delay in effective treatment and potentially worsen the patient's prognosis. Option C is the most appropriate response. It allows the patient to express her concerns and preferences while also providing a structured opportunity for further discussion. By scheduling a follow-up visit, the healthcare provider can continue to educate the patient about the benefits of conventional treatments and address any misconceptions she may have about alternative therapies. This approach respects the patient's autonomy while ensuring that she receives the best possible care. Option D is too extreme and could be seen as punitive. Referring the patient to another physician based solely on her refusal of standard treatment might not be in her best interest and could create unnecessary conflict between the patient and the healthcare system. In conclusion, option C provides a balanced and respectful approach to addressing the patient's decision, allowing for ongoing communication and education.",0.0137,0.0541,0.3301,0.1039,0.0611,0.0866,0.0866,0.5349,0.6314,0.69
"A 47-year-old woman comes to the office because of a 2-month history of progressive weakness and numbness of her right leg. She has a 3-year history of type 2 diabetes mellitus treated with metformin. She has worked as a stock person in a storeroom for 12 years; she often moves and lifts heavy objects and sometimes crawls into tight spaces. On neurologic examination, muscle strength is 5−/5 in the hip extensor, thigh abductor, hamstring, and gastrocnemius muscles on the right and intact on the left. Muscle strength is intact in the iliopsoas, thigh adductor, quadriceps, and tibial anterior muscles bilaterally. Deep tendon reflexes are 1+ in the right ankle and 2+ in the left ankle. Sensation to light touch is mildly decreased over the lateral and inferior aspects of the right foot. Sensation otherwise is intact. Which of the following is the most likely diagnosis?",Which of the following is the most likely diagnosis?,"
A. Common peroneal neuropathy 
B. Femoral neuropathy 
C. L2 radiculopathy 
D. L4 radiculopathy 
E. Obturator neuropathy 
F. S1 radiculopathy
",F,F,True,"- Common peroneal neuropathy (A): This condition typically presents with symptoms such as foot drop, weakness in dorsiflexion and eversion of the foot, and sensory loss on the lateral aspect of the lower leg and dorsum of the foot. The patient's symptoms do not match this presentation, as the weakness is primarily in the hip and knee extensors and there is only mild sensory loss on the lateral and inferior aspects of the right foot. - Femoral neuropathy (B): This condition usually causes weakness in hip flexion and knee extension, which can lead to a ""footdrop"" gait. However, the patient's symptoms are more localized to the right leg and do not suggest widespread femoral nerve involvement. - L2 radiculopathy (C): Symptoms of L2 radiculopathy include weakness in hip flexion, knee extension, and ankle dorsiflexion, along with sensory loss in the anterior thigh and medial leg. While the patient does have weakness in hip and knee extensors, the distribution of symptoms does not align well with L2 radiculopathy. - L4 radiculopathy (D): L4 radiculopathy typically presents with weakness in hip flexion, knee extension, and ankle dorsiflexion, as well as sensory loss in the anterior thigh and medial leg. The patient's symptoms are more consistent with weakness in hip and knee extensors, which suggests a different level of involvement. - Obturator neuropathy (E): This condition affects the obturator nerve, leading to weakness in hip adduction and internal rotation, and sensory loss in the medial thigh. The patient's symptoms do not match these findings. - S1 radiculopathy (F): S1 radiculopathy involves the sciatic nerve, which innervates the muscles responsible for hip extension, knee extension, and plantarflexion of the foot. The patient's symptoms of weakness in hip and knee extensors, along with decreased sensation over the lateral and inferior aspects of the right foot, are consistent with S1 radiculopathy. Additionally, the patient's history of lifting and moving heavy objects, which can cause repetitive strain injuries, supports this diagnosis. Given the clinical presentation and the patient's occupational history, S1 radiculopathy is the most likely diagnosis.",0.0051,0.0176,0.1662,0.0457,0.0287,0.0457,0.0457,0.3783,0.5393,0.6571
